model,scope,draw,district_id,predicted_share,actual_share,error
kernel_anchored,national_draw,0,"",63.25208271687942,62.969101950749284,0.28298076613013734
kernel_anchored,national_draw,1,"",69.56285803233474,62.969101950749284,6.593756081585461
kernel_anchored,national_draw,2,"",63.0411732467416,62.969101950749284,0.07207129599231621
kernel_anchored,national_draw,3,"",71.14268124564443,62.969101950749284,8.173579294895141
kernel_anchored,national_draw,4,"",59.8162326219435,62.969101950749284,-3.152869328805785
kernel_anchored,national_draw,5,"",69.81715847137573,62.969101950749284,6.84805652062645
kernel_anchored,national_draw,6,"",69.25244340805938,62.969101950749284,6.283341457310094
kernel_anchored,national_draw,7,"",70.35478130136852,62.969101950749284,7.385679350619235
kernel_anchored,national_draw,8,"",68.5033802044897,62.969101950749284,5.534278253740418
kernel_anchored,national_draw,9,"",63.62676666486852,62.969101950749284,0.6576647141192353
kernel_anchored,national_draw,10,"",63.48586950868972,62.969101950749284,0.5167675579404332
kernel_anchored,national_draw,11,"",64.11502470813065,62.969101950749284,1.1459227573813635
kernel_anchored,national_draw,12,"",60.16151375251114,62.969101950749284,-2.807588198238143
kernel_anchored,national_draw,13,"",59.03927852161581,62.969101950749284,-3.929823429133471
kernel_anchored,national_draw,14,"",72.50428237101198,62.969101950749284,9.535180420262698
kernel_anchored,national_draw,15,"",69.03220157877294,62.969101950749284,6.063099628023657
kernel_anchored,national_draw,16,"",57.94832966121274,62.969101950749284,-5.020772289536545
kernel_anchored,national_draw,17,"",73.97327372072526,62.969101950749284,11.004171769975976
kernel_anchored,national_draw,18,"",66.0765605693076,62.969101950749284,3.1074586185583186
kernel_anchored,national_draw,19,"",62.02591736709565,62.969101950749284,-0.9431845836536326
kernel_anchored,national_draw,20,"",72.8790817327922,62.969101950749284,9.909979782042917
kernel_anchored,national_draw,21,"",56.25240248232905,62.969101950749284,-6.716699468420231
kernel_anchored,national_draw,22,"",66.94892263418866,62.969101950749284,3.979820683439378
kernel_anchored,national_draw,23,"",60.177540111543735,62.969101950749284,-2.7915618392055492
kernel_anchored,national_draw,24,"",77.06703272227963,62.969101950749284,14.09793077153035
kernel_anchored,national_draw,25,"",67.44496649179862,62.969101950749284,4.47586454104934
kernel_anchored,national_draw,26,"",59.854201450940636,62.969101950749284,-3.1149004998086482
kernel_anchored,national_draw,27,"",55.07495791032159,62.969101950749284,-7.8941440404276975
kernel_anchored,national_draw,28,"",67.80127194769244,62.969101950749284,4.832169996943158
kernel_anchored,national_draw,29,"",62.616628232720096,62.969101950749284,-0.3524737180291879
kernel_anchored,national_draw,30,"",67.96901896823348,62.969101950749284,4.999917017484201
kernel_anchored,national_draw,31,"",68.99396037322882,62.969101950749284,6.024858422479532
kernel_anchored,national_draw,32,"",58.9415230405514,62.969101950749284,-4.027578910197882
kernel_anchored,national_draw,33,"",67.4069053317686,62.969101950749284,4.4378033810193145
kernel_anchored,national_draw,34,"",61.55002244913651,62.969101950749284,-1.4190795016127709
kernel_anchored,national_draw,35,"",70.28644248738048,62.969101950749284,7.3173405366312
kernel_anchored,national_draw,36,"",53.45326719015131,62.969101950749284,-9.515834760597976
kernel_anchored,national_draw,37,"",70.86739627110505,62.969101950749284,7.898294320355767
kernel_anchored,national_draw,38,"",77.28567953297302,62.969101950749284,14.316577582223736
kernel_anchored,national_draw,39,"",58.75413028448876,62.969101950749284,-4.214971666260524
kernel_anchored,national_draw,40,"",61.69999343757184,62.969101950749284,-1.2691085131774429
kernel_anchored,national_draw,41,"",59.7272878296919,62.969101950749284,-3.2418141210573808
kernel_anchored,national_draw,42,"",65.39235299151046,62.969101950749284,2.42325104076118
kernel_anchored,national_draw,43,"",66.36085936093214,62.969101950749284,3.391757410182855
kernel_anchored,national_draw,44,"",63.90106831390769,62.969101950749284,0.9319663631584092
kernel_anchored,national_draw,45,"",69.8181902706682,62.969101950749284,6.849088319918913
kernel_anchored,national_draw,46,"",66.46033450748399,62.969101950749284,3.4912325567347082
kernel_anchored,national_draw,47,"",46.827562262912664,62.969101950749284,-16.14153968783662
kernel_anchored,national_draw,48,"",66.77867113438069,62.969101950749284,3.809569183631403
kernel_anchored,national_draw,49,"",64.02091168631344,62.969101950749284,1.0518097355641558
kernel_anchored,national_draw,50,"",68.10408541968575,62.969101950749284,5.134983468936461
kernel_anchored,national_draw,51,"",68.66431319480401,62.969101950749284,5.695211244054725
kernel_anchored,national_draw,52,"",61.1530220904997,62.969101950749284,-1.8160798602495873
kernel_anchored,national_draw,53,"",65.29080732154623,62.969101950749284,2.3217053707969413
kernel_anchored,national_draw,54,"",61.46646286437778,62.969101950749284,-1.5026390863715022
kernel_anchored,national_draw,55,"",68.47095354574134,62.969101950749284,5.501851594992054
kernel_anchored,national_draw,56,"",77.75181506075648,62.969101950749284,14.782713110007201
kernel_anchored,national_draw,57,"",66.17348045452444,62.969101950749284,3.2043785037751533
kernel_anchored,national_draw,58,"",59.96713615381094,62.969101950749284,-3.001965796938343
kernel_anchored,national_draw,59,"",67.42382730182015,62.969101950749284,4.45472535107087
kernel_anchored,national_draw,60,"",76.31425550291225,62.969101950749284,13.345153552162962
kernel_anchored,national_draw,61,"",64.40061613421553,62.969101950749284,1.4315141834662413
kernel_anchored,national_draw,62,"",60.017465799835236,62.969101950749284,-2.951636150914048
kernel_anchored,national_draw,63,"",57.42692939369742,62.969101950749284,-5.542172557051863
kernel_anchored,national_draw,64,"",67.03856221746271,62.969101950749284,4.069460266713428
kernel_anchored,national_draw,65,"",54.89626735410814,62.969101950749284,-8.072834596641144
kernel_anchored,national_draw,66,"",61.99583591658251,62.969101950749284,-0.9732660341667767
kernel_anchored,national_draw,67,"",63.45619200644544,62.969101950749284,0.48709005569615726
kernel_anchored,national_draw,68,"",57.60889308502656,62.969101950749284,-5.360208865722726
kernel_anchored,national_draw,69,"",66.28916662217466,62.969101950749284,3.320064671425378
kernel_anchored,national_draw,70,"",60.907633904407696,62.969101950749284,-2.061468046341588
kernel_anchored,national_draw,71,"",68.6207283307318,62.969101950749284,5.65162637998251
kernel_anchored,national_draw,72,"",68.44180233038448,62.969101950749284,5.472700379635192
kernel_anchored,national_draw,73,"",74.98012055155144,62.969101950749284,12.011018600802153
kernel_anchored,national_draw,74,"",69.30751425262218,62.969101950749284,6.3384123018729
kernel_anchored,national_draw,75,"",69.27525840628465,62.969101950749284,6.3061564555353655
kernel_anchored,national_draw,76,"",65.22297632823904,62.969101950749284,2.2538743774897583
kernel_anchored,national_draw,77,"",72.1053499855121,62.969101950749284,9.136248034762822
kernel_anchored,national_draw,78,"",74.79141438654604,62.969101950749284,11.822312435796754
kernel_anchored,national_draw,79,"",61.25988371968215,62.969101950749284,-1.7092182310671333
kernel_anchored,national_draw,80,"",72.55272384741383,62.969101950749284,9.583621896664546
kernel_anchored,national_draw,81,"",59.04473066910752,62.969101950749284,-3.9243712816417613
kernel_anchored,national_draw,82,"",61.57870970105313,62.969101950749284,-1.3903922496961556
kernel_anchored,national_draw,83,"",60.91435560360154,62.969101950749284,-2.0547463471477414
kernel_anchored,national_draw,84,"",63.56017752395361,62.969101950749284,0.5910755732043285
kernel_anchored,national_draw,85,"",69.65987255686028,62.969101950749284,6.690770606110995
kernel_anchored,national_draw,86,"",71.85851220220385,62.969101950749284,8.88941025145457
kernel_anchored,national_draw,87,"",60.46624078516094,62.969101950749284,-2.5028611655883424
kernel_anchored,national_draw,88,"",60.12321714834727,62.969101950749284,-2.8458848024020114
kernel_anchored,national_draw,89,"",60.95501357393138,62.969101950749284,-2.0140883768179023
kernel_anchored,national_draw,90,"",71.29473891542291,62.969101950749284,8.325636964673627
kernel_anchored,national_draw,91,"",65.54828163984254,62.969101950749284,2.579179689093259
kernel_anchored,national_draw,92,"",73.98018469853652,62.969101950749284,11.011082747787235
kernel_anchored,national_draw,93,"",61.20356409789961,62.969101950749284,-1.7655378528496755
kernel_anchored,national_draw,94,"",68.03504950639945,62.969101950749284,5.065947555650162
kernel_anchored,national_draw,95,"",63.14361914427645,62.969101950749284,0.17451719352716566
kernel_anchored,national_draw,96,"",70.05802012858065,62.969101950749284,7.088918177831367
kernel_anchored,national_draw,97,"",59.3715709841327,62.969101950749284,-3.5975309666165813
kernel_anchored,national_draw,98,"",65.40764301055582,62.969101950749284,2.438541059806532
kernel_anchored,national_draw,99,"",76.26964807265085,62.969101950749284,13.300546121901569
kernel_anchored,national_draw,100,"",69.53226183631328,62.969101950749284,6.563159885563998
kernel_anchored,national_draw,101,"",57.52741325678352,62.969101950749284,-5.441688693965766
kernel_anchored,national_draw,102,"",64.36950519268575,62.969101950749284,1.4004032419364663
kernel_anchored,national_draw,103,"",62.593566248981844,62.969101950749284,-0.3755357017674399
kernel_anchored,national_draw,104,"",72.37049239608933,62.969101950749284,9.401390445340049
kernel_anchored,national_draw,105,"",66.82535601288193,62.969101950749284,3.856254062132642
kernel_anchored,national_draw,106,"",63.401513568772394,62.969101950749284,0.4324116180231101
kernel_anchored,national_draw,107,"",71.33925401465142,62.969101950749284,8.370152063902133
kernel_anchored,national_draw,108,"",63.20724907558747,62.969101950749284,0.23814712483818568
kernel_anchored,national_draw,109,"",72.73466445598474,62.969101950749284,9.765562505235458
kernel_anchored,national_draw,110,"",68.01077567785462,62.969101950749284,5.041673727105341
kernel_anchored,national_draw,111,"",71.21089310446224,62.969101950749284,8.24179115371296
kernel_anchored,national_draw,112,"",58.574428703465244,62.969101950749284,-4.3946732472840395
kernel_anchored,national_draw,113,"",66.43841973682932,62.969101950749284,3.4693177860800333
kernel_anchored,national_draw,114,"",68.75989889659569,62.969101950749284,5.790796945846402
kernel_anchored,national_draw,115,"",67.22659667420388,62.969101950749284,4.257494723454592
kernel_anchored,national_draw,116,"",73.31355233284857,62.969101950749284,10.34445038209929
kernel_anchored,national_draw,117,"",58.694525986211424,62.969101950749284,-4.27457596453786
kernel_anchored,national_draw,118,"",68.60222057519047,62.969101950749284,5.633118624441188
kernel_anchored,national_draw,119,"",59.33967522882342,62.969101950749284,-3.629426721925867
kernel_anchored,national_draw,120,"",61.573749216311505,62.969101950749284,-1.395352734437779
kernel_anchored,national_draw,121,"",65.12317571479626,62.969101950749284,2.154073764046977
kernel_anchored,national_draw,122,"",66.31092904662506,62.969101950749284,3.3418270958757788
kernel_anchored,national_draw,123,"",70.61640589959292,62.969101950749284,7.647303948843636
kernel_anchored,national_draw,124,"",55.290788624512054,62.969101950749284,-7.67831332623723
kernel_anchored,national_draw,125,"",68.68480145100064,62.969101950749284,5.715699500251354
kernel_anchored,national_draw,126,"",65.70379249025082,62.969101950749284,2.7346905395015355
kernel_anchored,national_draw,127,"",73.80381395952425,62.969101950749284,10.834712008774964
kernel_anchored,national_draw,128,"",53.10261701002153,62.969101950749284,-9.866484940727752
kernel_anchored,national_draw,129,"",59.551471076876915,62.969101950749284,-3.417630873872369
kernel_anchored,national_draw,130,"",66.85789577714557,62.969101950749284,3.888793826396288
kernel_anchored,national_draw,131,"",61.10943260987584,62.969101950749284,-1.8596693408734453
kernel_anchored,national_draw,132,"",69.08635834611022,62.969101950749284,6.117256395360933
kernel_anchored,national_draw,133,"",59.44163638843564,62.969101950749284,-3.527465562313644
kernel_anchored,national_draw,134,"",57.69081841050326,62.969101950749284,-5.278283540246022
kernel_anchored,national_draw,135,"",60.05277780336117,62.969101950749284,-2.916324147388117
kernel_anchored,national_draw,136,"",71.79219082128431,62.969101950749284,8.823088870535024
kernel_anchored,national_draw,137,"",62.808048930092234,62.969101950749284,-0.16105302065705018
kernel_anchored,national_draw,138,"",75.5651969158942,62.969101950749284,12.596094965144921
kernel_anchored,national_draw,139,"",60.9831883886155,62.969101950749284,-1.9859135621337813
kernel_anchored,national_draw,140,"",62.23118079457271,62.969101950749284,-0.7379211561765757
kernel_anchored,national_draw,141,"",65.85203458009543,62.969101950749284,2.8829326293461506
kernel_anchored,national_draw,142,"",77.38916415462779,62.969101950749284,14.420062203878508
kernel_anchored,national_draw,143,"",67.85902500876048,62.969101950749284,4.889923058011199
kernel_anchored,national_draw,144,"",63.82493676074438,62.969101950749284,0.8558348099950948
kernel_anchored,national_draw,145,"",65.3193029865696,62.969101950749284,2.3502010358203123
kernel_anchored,national_draw,146,"",66.83164144794542,62.969101950749284,3.8625394971961313
kernel_anchored,national_draw,147,"",62.88057264814566,62.969101950749284,-0.08852930260362513
kernel_anchored,national_draw,148,"",73.83784948652058,62.969101950749284,10.868747535771298
kernel_anchored,national_draw,149,"",59.67428981681731,62.969101950749284,-3.294812133931977
kernel_anchored,national_draw,150,"",63.515953267478686,62.969101950749284,0.546851316729402
kernel_anchored,national_draw,151,"",68.9172240518001,62.969101950749284,5.948122101050821
kernel_anchored,national_draw,152,"",65.42528747093968,62.969101950749284,2.4561855201903953
kernel_anchored,national_draw,153,"",58.24964044564589,62.969101950749284,-4.719461505103396
kernel_anchored,national_draw,154,"",65.39399186734413,62.969101950749284,2.424889916594843
kernel_anchored,national_draw,155,"",65.98019005373644,62.969101950749284,3.011088102987152
kernel_anchored,national_draw,156,"",74.17733453649902,62.969101950749284,11.208232585749734
kernel_anchored,national_draw,157,"",67.17876227434324,62.969101950749284,4.209660323593958
kernel_anchored,national_draw,158,"",60.72057354006344,62.969101950749284,-2.248528410685843
kernel_anchored,national_draw,159,"",69.19731716487684,62.969101950749284,6.228215214127552
kernel_anchored,national_draw,160,"",70.65489409065002,62.969101950749284,7.685792139900734
kernel_anchored,national_draw,161,"",68.52186256899697,62.969101950749284,5.552760618247682
kernel_anchored,national_draw,162,"",60.40660647929792,62.969101950749284,-2.5624954714513635
kernel_anchored,national_draw,163,"",65.63912845137152,62.969101950749284,2.6700265006222352
kernel_anchored,national_draw,164,"",63.85667324502193,62.969101950749284,0.8875712942726466
kernel_anchored,national_draw,165,"",58.01859357723637,62.969101950749284,-4.9505083735129105
kernel_anchored,national_draw,166,"",57.58023122414399,62.969101950749284,-5.38887072660529
kernel_anchored,national_draw,167,"",67.26282967978283,62.969101950749284,4.293727729033542
kernel_anchored,national_draw,168,"",54.65206562178868,62.969101950749284,-8.317036328960604
kernel_anchored,national_draw,169,"",66.0624246881733,62.969101950749284,3.0933227374240104
kernel_anchored,national_draw,170,"",74.29992937368468,62.969101950749284,11.330827422935393
kernel_anchored,national_draw,171,"",71.19576697300026,62.969101950749284,8.226665022250977
kernel_anchored,national_draw,172,"",72.8225266668758,62.969101950749284,9.853424716126518
kernel_anchored,national_draw,173,"",67.69412178403222,62.969101950749284,4.725019833282936
kernel_anchored,national_draw,174,"",69.07717833316586,62.969101950749284,6.108076382416577
kernel_anchored,national_draw,175,"",65.1616154320611,62.969101950749284,2.1925134813118135
kernel_anchored,national_draw,176,"",62.755078616527506,62.969101950749284,-0.21402333422177833
kernel_anchored,national_draw,177,"",65.32351558994488,62.969101950749284,2.3544136391955917
kernel_anchored,national_draw,178,"",71.81651543189722,62.969101950749284,8.847413481147932
kernel_anchored,national_draw,179,"",64.1356099119118,62.969101950749284,1.166507961162516
kernel_anchored,national_draw,180,"",57.6202474937953,62.969101950749284,-5.348854456953987
kernel_anchored,national_draw,181,"",59.66182974392981,62.969101950749284,-3.3072722068194764
kernel_anchored,national_draw,182,"",57.03952453765293,62.969101950749284,-5.929577413096354
kernel_anchored,national_draw,183,"",57.623726065459145,62.969101950749284,-5.345375885290139
kernel_anchored,national_draw,184,"",63.8076154589756,62.969101950749284,0.8385135082263133
kernel_anchored,national_draw,185,"",63.276889757139145,62.969101950749284,0.3077878063898609
kernel_anchored,national_draw,186,"",69.38978120292056,62.969101950749284,6.420679252171276
kernel_anchored,national_draw,187,"",71.22769966072269,62.969101950749284,8.258597709973408
kernel_anchored,national_draw,188,"",72.56534780788469,62.969101950749284,9.596245857135408
kernel_anchored,national_draw,189,"",57.84302380993436,62.969101950749284,-5.126078140814926
kernel_anchored,national_draw,190,"",64.19424473434388,62.969101950749284,1.225142783594599
kernel_anchored,national_draw,191,"",76.14649001616462,62.969101950749284,13.177388065415336
kernel_anchored,national_draw,192,"",66.84042212917255,62.969101950749284,3.871320178423268
kernel_anchored,national_draw,193,"",66.28787629599012,62.969101950749284,3.3187743452408327
kernel_anchored,national_draw,194,"",62.06355149609859,62.969101950749284,-0.9055504546506938
kernel_anchored,national_draw,195,"",71.15424109096132,62.969101950749284,8.185139140212037
kernel_anchored,national_draw,196,"",70.82943667521121,62.969101950749284,7.860334724461929
kernel_anchored,national_draw,197,"",71.50173816631815,62.969101950749284,8.532636215568864
kernel_anchored,national_draw,198,"",56.677829257714585,62.969101950749284,-6.291272693034699
kernel_anchored,national_draw,199,"",69.47349313388354,62.969101950749284,6.504391183134253
kernel_anchored,national_draw,200,"",60.70593676307573,62.969101950749284,-2.2631651876735575
kernel_anchored,national_draw,201,"",67.46868864242197,62.969101950749284,4.4995866916726825
kernel_anchored,national_draw,202,"",64.36709996927917,62.969101950749284,1.3979980185298828
kernel_anchored,national_draw,203,"",63.1984960936702,62.969101950749284,0.22939414292091698
kernel_anchored,national_draw,204,"",66.7486473907631,62.969101950749284,3.7795454400138127
kernel_anchored,national_draw,205,"",58.80067666644069,62.969101950749284,-4.168425284308597
kernel_anchored,national_draw,206,"",71.28157481840968,62.969101950749284,8.312472867660397
kernel_anchored,national_draw,207,"",65.70984248118046,62.969101950749284,2.740740530431175
kernel_anchored,national_draw,208,"",71.8507540871659,62.969101950749284,8.881652136416612
kernel_anchored,national_draw,209,"",64.17201372990158,62.969101950749284,1.202911779152295
kernel_anchored,national_draw,210,"",61.02339855343586,62.969101950749284,-1.945703397313423
kernel_anchored,national_draw,211,"",64.1308479388909,62.969101950749284,1.161745988141611
kernel_anchored,national_draw,212,"",66.05156194215466,62.969101950749284,3.082459991405379
kernel_anchored,national_draw,213,"",48.66573924760688,62.969101950749284,-14.303362703142405
kernel_anchored,national_draw,214,"",57.222972450335654,62.969101950749284,-5.74612950041363
kernel_anchored,national_draw,215,"",67.59747658363821,62.969101950749284,4.628374632888928
kernel_anchored,national_draw,216,"",62.36465915225939,62.969101950749284,-0.6044427984898917
kernel_anchored,national_draw,217,"",66.33859834890416,62.969101950749284,3.3694963981548725
kernel_anchored,national_draw,218,"",70.48317221914337,62.969101950749284,7.514070268394086
kernel_anchored,national_draw,219,"",65.92369500299141,62.969101950749284,2.9545930522421244
kernel_anchored,national_draw,220,"",59.915301511950666,62.969101950749284,-3.0538004387986177
kernel_anchored,national_draw,221,"",66.43547437688036,62.969101950749284,3.4663724261310804
kernel_anchored,national_draw,222,"",72.26523040205156,62.969101950749284,9.296128451302273
kernel_anchored,national_draw,223,"",72.97775590763379,62.969101950749284,10.008653956884508
kernel_anchored,national_draw,224,"",68.08387184831193,62.969101950749284,5.114769897562645
kernel_anchored,national_draw,225,"",68.7404424396915,62.969101950749284,5.771340488942222
kernel_anchored,national_draw,226,"",70.9592333329617,62.969101950749284,7.990131382212418
kernel_anchored,national_draw,227,"",59.93067924547726,62.969101950749284,-3.0384227052720263
kernel_anchored,national_draw,228,"",71.25582830989036,62.969101950749284,8.286726359141078
kernel_anchored,national_draw,229,"",63.57055091549797,62.969101950749284,0.601448964748684
kernel_anchored,national_draw,230,"",65.96266793197114,62.969101950749284,2.993565981221856
kernel_anchored,national_draw,231,"",62.866568338733195,62.969101950749284,-0.10253361201608868
kernel_anchored,national_draw,232,"",54.13505338661111,62.969101950749284,-8.834048564138172
kernel_anchored,national_draw,233,"",66.95472794788117,62.969101950749284,3.9856259971318835
kernel_anchored,national_draw,234,"",70.33024663765579,62.969101950749284,7.361144686906506
kernel_anchored,national_draw,235,"",68.63483651255625,62.969101950749284,5.665734561806964
kernel_anchored,national_draw,236,"",66.93397885651663,62.969101950749284,3.9648769057673476
kernel_anchored,national_draw,237,"",64.04738760999251,62.969101950749284,1.0782856592432282
kernel_anchored,national_draw,238,"",64.83266996948622,62.969101950749284,1.8635680187369346
kernel_anchored,national_draw,239,"",59.733476317170854,62.969101950749284,-3.2356256335784295
kernel_anchored,national_draw,240,"",60.32486119933533,62.969101950749284,-2.644240751413953
kernel_anchored,national_draw,241,"",61.348588451248254,62.969101950749284,-1.6205134995010297
kernel_anchored,national_draw,242,"",74.61508750477438,62.969101950749284,11.645985554025096
kernel_anchored,national_draw,243,"",64.89198342500997,62.969101950749284,1.9228814742606843
kernel_anchored,national_draw,244,"",63.2977150216058,62.969101950749284,0.3286130708565196
kernel_anchored,national_draw,245,"",67.27113947274225,62.969101950749284,4.302037521992965
kernel_anchored,national_draw,246,"",58.054487266269476,62.969101950749284,-4.914614684479808
kernel_anchored,national_draw,247,"",70.85154303275912,62.969101950749284,7.882441082009841
kernel_anchored,national_draw,248,"",59.68841415657252,62.969101950749284,-3.280687794176764
kernel_anchored,national_draw,249,"",61.284208330295066,62.969101950749284,-1.6848936204542184
kernel_anchored,national_draw,250,"",73.27741396657834,62.969101950749284,10.308312015829053
kernel_anchored,national_draw,251,"",61.50209571824299,62.969101950749284,-1.467006232506293
kernel_anchored,national_draw,252,"",64.32285263004601,62.969101950749284,1.3537506792967307
kernel_anchored,national_draw,253,"",64.57327054915429,62.969101950749284,1.6041685984050034
kernel_anchored,national_draw,254,"",58.9122517948518,62.969101950749284,-4.056850155897486
kernel_anchored,national_draw,255,"",66.63268192173841,62.969101950749284,3.663579970989126
kernel_anchored,national_draw,256,"",62.127206818443646,62.969101950749284,-0.8418951323056376
kernel_anchored,national_draw,257,"",65.98332238402698,62.969101950749284,3.0142204332776927
kernel_anchored,national_draw,258,"",59.28630327526565,62.969101950749284,-3.6827986754836317
kernel_anchored,national_draw,259,"",57.03868663352952,62.969101950749284,-5.930415317219762
kernel_anchored,national_draw,260,"",67.49438898542483,62.969101950749284,4.52528703467555
kernel_anchored,national_draw,261,"",64.84445371755785,62.969101950749284,1.8753517668085706
kernel_anchored,national_draw,262,"",59.10141269019413,62.969101950749284,-3.867689260555153
kernel_anchored,national_draw,263,"",66.66527477634597,62.969101950749284,3.6961728255966833
kernel_anchored,national_draw,264,"",61.79637087797049,62.969101950749284,-1.1727310727787952
kernel_anchored,national_draw,265,"",71.33170364443744,62.969101950749284,8.362601693688156
kernel_anchored,national_draw,266,"",63.19953250951431,62.969101950749284,0.23043055876502905
kernel_anchored,national_draw,267,"",56.06084790495923,62.969101950749284,-6.908254045790052
kernel_anchored,national_draw,268,"",65.33155069808146,62.969101950749284,2.3624487473321736
kernel_anchored,national_draw,269,"",67.53350041095388,62.969101950749284,4.564398460204593
kernel_anchored,national_draw,270,"",67.01183469171903,62.969101950749284,4.042732740969747
kernel_anchored,national_draw,271,"",67.55600610021901,62.969101950749284,4.586904149469724
kernel_anchored,national_draw,272,"",70.86457324977468,62.969101950749284,7.895471299025395
kernel_anchored,national_draw,273,"",62.06454867125372,62.969101950749284,-0.9045532794955662
kernel_anchored,national_draw,274,"",70.72583663976533,62.969101950749284,7.756734689016049
kernel_anchored,national_draw,275,"",59.311565045862324,62.969101950749284,-3.6575369048869604
kernel_anchored,national_draw,276,"",64.28662193274289,62.969101950749284,1.3175199819936054
kernel_anchored,national_draw,277,"",66.34875245424541,62.969101950749284,3.37965050349613
kernel_anchored,national_draw,278,"",59.44749248419622,62.969101950749284,-3.521609466553066
kernel_anchored,national_draw,279,"",64.30163726696541,62.969101950749284,1.3325353162161306
kernel_anchored,national_draw,280,"",63.902206293887964,62.969101950749284,0.9331043431386803
kernel_anchored,national_draw,281,"",60.60323695520046,62.969101950749284,-2.365864995548826
kernel_anchored,national_draw,282,"",64.84897101334163,62.969101950749284,1.8798690625923413
kernel_anchored,national_draw,283,"",67.77397889437236,62.969101950749284,4.8048769436230785
kernel_anchored,national_draw,284,"",55.55223086894651,62.969101950749284,-7.416871081802775
kernel_anchored,national_draw,285,"",64.33215267333311,62.969101950749284,1.3630507225838286
kernel_anchored,national_draw,286,"",64.6830059817352,62.969101950749284,1.7139040309859226
kernel_anchored,national_draw,287,"",63.226970984211185,62.969101950749284,0.25786903346190115
kernel_anchored,national_draw,288,"",67.5135407499205,62.969101950749284,4.5444387991712105
kernel_anchored,national_draw,289,"",69.67740391172885,62.969101950749284,6.708301960979561
kernel_anchored,national_draw,290,"",60.763837553796385,62.969101950749284,-2.2052643969528987
kernel_anchored,national_draw,291,"",68.91797885799392,62.969101950749284,5.948876907244632
kernel_anchored,national_draw,292,"",70.75021434072215,62.969101950749284,7.7811123899728685
kernel_anchored,national_draw,293,"",76.72977515846948,62.969101950749284,13.760673207720195
kernel_anchored,national_draw,294,"",63.30346262840275,62.969101950749284,0.3343606776534642
kernel_anchored,national_draw,295,"",62.77254533967306,62.969101950749284,-0.19655661107622535
kernel_anchored,national_draw,296,"",66.496929912367,62.969101950749284,3.52782796161771
kernel_anchored,national_draw,297,"",71.15607386196405,62.969101950749284,8.186971911214762
kernel_anchored,national_draw,298,"",76.18248065278225,62.969101950749284,13.213378702032962
kernel_anchored,national_draw,299,"",69.53987683825027,62.969101950749284,6.570774887500981
kernel_anchored,national_draw,300,"",66.01971466063763,62.969101950749284,3.050612709888348
kernel_anchored,national_draw,301,"",61.24777450471961,62.969101950749284,-1.721327446029676
kernel_anchored,national_draw,302,"",65.14257446480491,62.969101950749284,2.173472514055625
kernel_anchored,national_draw,303,"",69.11196174152855,62.969101950749284,6.142859790779262
kernel_anchored,national_draw,304,"",66.23984338440879,62.969101950749284,3.270741433659502
kernel_anchored,national_draw,305,"",59.67442831336663,62.969101950749284,-3.294673637382651
kernel_anchored,national_draw,306,"",62.1321811528402,62.969101950749284,-0.8369207979090874
kernel_anchored,national_draw,307,"",59.92616656624513,62.969101950749284,-3.0429353845041547
kernel_anchored,national_draw,308,"",64.25095676301618,62.969101950749284,1.281854812266893
kernel_anchored,national_draw,309,"",57.27774783559324,62.969101950749284,-5.691354115156045
kernel_anchored,national_draw,310,"",59.5283490779673,62.969101950749284,-3.440752872781985
kernel_anchored,national_draw,311,"",66.98982759003147,62.969101950749284,4.020725639282183
kernel_anchored,national_draw,312,"",59.15485158375075,62.969101950749284,-3.814250366998536
kernel_anchored,national_draw,313,"",66.41905791923385,62.969101950749284,3.4499559684845664
kernel_anchored,national_draw,314,"",66.48866166837236,62.969101950749284,3.519559717623075
kernel_anchored,national_draw,315,"",69.16417263234781,62.969101950749284,6.19507068159853
kernel_anchored,national_draw,316,"",70.15940652751318,62.969101950749284,7.1903045767639
kernel_anchored,national_draw,317,"",67.71179163545013,62.969101950749284,4.742689684700842
kernel_anchored,national_draw,318,"",62.23304357316112,62.969101950749284,-0.7360583775881651
kernel_anchored,national_draw,319,"",61.692216856327306,62.969101950749284,-1.2768850944219778
kernel_anchored,national_draw,320,"",63.377858358147876,62.969101950749284,0.40875640739859165
kernel_anchored,national_draw,321,"",61.8542670521395,62.969101950749284,-1.1148348986097858
kernel_anchored,national_draw,322,"",76.1794729693861,62.969101950749284,13.210371018636813
kernel_anchored,national_draw,323,"",75.93410786605233,62.969101950749284,12.965005915303045
kernel_anchored,national_draw,324,"",69.60178941234967,62.969101950749284,6.632687461600391
kernel_anchored,national_draw,325,"",64.2968752939445,62.969101950749284,1.3277733431952115
kernel_anchored,national_draw,326,"",58.29938840616301,62.969101950749284,-4.669713544586273
kernel_anchored,national_draw,327,"",65.8795446113428,62.969101950749284,2.9104426605935103
kernel_anchored,national_draw,328,"",68.57367643637483,62.969101950749284,5.604574485625541
kernel_anchored,national_draw,329,"",72.09598069395035,62.969101950749284,9.126878743201068
kernel_anchored,national_draw,330,"",71.17056983412661,62.969101950749284,8.201467883377326
kernel_anchored,national_draw,331,"",72.9491125129578,62.969101950749284,9.980010562208513
kernel_anchored,national_draw,332,"",56.371387176129,62.969101950749284,-6.597714774620286
kernel_anchored,national_draw,333,"",70.53725512165433,62.969101950749284,7.568153170905042
kernel_anchored,national_draw,334,"",68.34902580026827,62.969101950749284,5.379923849518981
kernel_anchored,national_draw,335,"",62.114725971073746,62.969101950749284,-0.8543759796755381
kernel_anchored,national_draw,336,"",67.12064681397113,62.969101950749284,4.151544863221851
kernel_anchored,national_draw,337,"",69.2619027223782,62.969101950749284,6.292800771628912
kernel_anchored,national_draw,338,"",56.7502352537011,62.969101950749284,-6.218866697048185
kernel_anchored,national_draw,339,"",62.223131836781164,62.969101950749284,-0.7459701139681201
kernel_anchored,national_draw,340,"",63.943889138682806,62.969101950749284,0.9747871879335221
kernel_anchored,national_draw,341,"",70.68457851772175,62.969101950749284,7.7154765669724625
kernel_anchored,national_draw,342,"",76.41460548600067,62.969101950749284,13.445503535251383
kernel_anchored,national_draw,343,"",57.947401734332274,62.969101950749284,-5.02170021641701
kernel_anchored,national_draw,344,"",55.13126599072502,62.969101950749284,-7.837835960024265
kernel_anchored,national_draw,345,"",77.54334312988675,62.969101950749284,14.574241179137466
kernel_anchored,national_draw,346,"",62.78654041598224,62.969101950749284,-0.1825615347670464
kernel_anchored,national_draw,347,"",61.77519937213051,62.969101950749284,-1.1939025786187756
kernel_anchored,national_draw,348,"",68.72229708345425,62.969101950749284,5.753195132704967
kernel_anchored,national_draw,349,"",76.7029114444523,62.969101950749284,13.733809493703014
kernel_anchored,national_draw,350,"",70.35316550829307,62.969101950749284,7.38406355754379
kernel_anchored,national_draw,351,"",71.14368765390284,62.969101950749284,8.17458570315356
kernel_anchored,national_draw,352,"",71.77040762235148,62.969101950749284,8.8013056716022
kernel_anchored,national_draw,353,"",68.40195225659237,62.969101950749284,5.432850305843083
kernel_anchored,national_draw,354,"",58.77041055386179,62.969101950749284,-4.198691396887497
kernel_anchored,national_draw,355,"",66.11546886656431,62.969101950749284,3.1463669158150296
kernel_anchored,national_draw,356,"",66.73315885999705,62.969101950749284,3.7640569092477634
kernel_anchored,national_draw,357,"",55.28735621836465,62.969101950749284,-7.681745732384634
kernel_anchored,national_draw,358,"",64.2488977809829,62.969101950749284,1.279795830233617
kernel_anchored,national_draw,359,"",62.06853737187424,62.969101950749284,-0.9005645788750414
kernel_anchored,national_draw,360,"",67.6271656272616,62.969101950749284,4.65806367651232
kernel_anchored,national_draw,361,"",66.50451029016666,62.969101950749284,3.53540833941738
kernel_anchored,national_draw,362,"",63.966664896219115,62.969101950749284,0.9975629454698307
kernel_anchored,national_draw,363,"",56.8703463861022,62.969101950749284,-6.098755564647085
kernel_anchored,national_draw,364,"",62.543045016064326,62.969101950749284,-0.42605693468495787
kernel_anchored,national_draw,365,"",73.06493256060568,62.969101950749284,10.0958306098564
kernel_anchored,national_draw,366,"",61.67348288975543,62.969101950749284,-1.2956190609938574
kernel_anchored,national_draw,367,"",75.20796353311991,62.969101950749284,12.238861582370625
kernel_anchored,national_draw,368,"",50.47035390184828,62.969101950749284,-12.498748048901007
kernel_anchored,national_draw,369,"",73.29648263314441,62.969101950749284,10.327380682395123
kernel_anchored,national_draw,370,"",60.37343424745904,62.969101950749284,-2.595667703290246
kernel_anchored,national_draw,371,"",70.86918749314299,62.969101950749284,7.900085542393704
kernel_anchored,national_draw,372,"",59.040665795384875,62.969101950749284,-3.928436155364409
kernel_anchored,national_draw,373,"",56.71875498803979,62.969101950749284,-6.250346962709493
kernel_anchored,national_draw,374,"",64.75288210742075,62.969101950749284,1.7837801566714617
kernel_anchored,national_draw,375,"",62.21578459483954,62.969101950749284,-0.7533173559097435
kernel_anchored,national_draw,376,"",68.33787451977187,62.969101950749284,5.368772569022589
kernel_anchored,national_draw,377,"",57.5493603432997,62.969101950749284,-5.419741607449581
kernel_anchored,national_draw,378,"",60.521466284203825,62.969101950749284,-2.447635666545459
kernel_anchored,national_draw,379,"",55.34161685811391,62.969101950749284,-7.627485092635375
kernel_anchored,national_draw,380,"",76.37916883558033,62.969101950749284,13.410066884831046
kernel_anchored,national_draw,381,"",55.208969479723166,62.969101950749284,-7.760132471026118
kernel_anchored,national_draw,382,"",62.30588352500217,62.969101950749284,-0.663218425747111
kernel_anchored,national_draw,383,"",68.13393373434086,62.969101950749284,5.164831783591573
kernel_anchored,national_draw,384,"",64.81479237324433,62.969101950749284,1.8456904224950463
kernel_anchored,national_draw,385,"",69.20339947166798,62.969101950749284,6.234297520918695
kernel_anchored,national_draw,386,"",64.15641901844772,62.969101950749284,1.1873170676984373
kernel_anchored,national_draw,387,"",69.79691950896787,62.969101950749284,6.827817558218591
kernel_anchored,national_draw,388,"",64.40163639212888,62.969101950749284,1.4325344413795946
kernel_anchored,national_draw,389,"",64.14773066825347,62.969101950749284,1.1786287175041892
kernel_anchored,national_draw,390,"",60.77766643424637,62.969101950749284,-2.1914355165029136
kernel_anchored,national_draw,391,"",65.18951094537076,62.969101950749284,2.2204089946214722
kernel_anchored,national_draw,392,"",63.5486684607048,62.969101950749284,0.5795665099555194
kernel_anchored,national_draw,393,"",68.68493763927415,62.969101950749284,5.715835688524869
kernel_anchored,national_draw,394,"",61.537908617622314,62.969101950749284,-1.43119333312697
kernel_anchored,national_draw,395,"",68.04005846493332,62.969101950749284,5.07095651418404
kernel_anchored,national_draw,396,"",62.1071363601708,62.969101950749284,-0.8619655905784853
kernel_anchored,national_draw,397,"",69.80792075153582,62.969101950749284,6.838818800786534
kernel_anchored,national_draw,398,"",68.85570619286628,62.969101950749284,5.886604242116995
kernel_anchored,national_draw,399,"",60.80772941855294,62.969101950749284,-2.1613725321963457
kernel_anchored,national_draw,400,"",69.8931699941963,62.969101950749284,6.924068043447015
kernel_anchored,national_draw,401,"",67.8388783773855,62.969101950749284,4.869776426636214
kernel_anchored,national_draw,402,"",63.476576390230086,62.969101950749284,0.5074744394808022
kernel_anchored,national_draw,403,"",70.86711235317894,62.969101950749284,7.898010402429655
kernel_anchored,national_draw,404,"",64.42428288621915,62.969101950749284,1.455180935469862
kernel_anchored,national_draw,405,"",63.59237335511977,62.969101950749284,0.6232714043704846
kernel_anchored,national_draw,406,"",71.8054333996755,62.969101950749284,8.83633144892621
kernel_anchored,national_draw,407,"",57.48583428440068,62.969101950749284,-5.483267666348603
kernel_anchored,national_draw,408,"",65.08836922367537,62.969101950749284,2.1192672729260877
kernel_anchored,national_draw,409,"",58.45107444353413,62.969101950749284,-4.518027507215152
kernel_anchored,national_draw,410,"",71.93921644977068,62.969101950749284,8.970114499021399
kernel_anchored,national_draw,411,"",71.7974952391234,62.969101950749284,8.828393288374123
kernel_anchored,national_draw,412,"",65.0706508984652,62.969101950749284,2.1015489477159193
kernel_anchored,national_draw,413,"",74.6299666507234,62.969101950749284,11.66086469997412
kernel_anchored,national_draw,414,"",65.97931060064822,62.969101950749284,3.010208649898935
kernel_anchored,national_draw,415,"",56.022015780804644,62.969101950749284,-6.94708616994464
kernel_anchored,national_draw,416,"",67.90140956940522,62.969101950749284,4.932307618655933
kernel_anchored,national_draw,417,"",70.73190740517735,62.969101950749284,7.762805454428069
kernel_anchored,national_draw,418,"",60.896646511494666,62.969101950749284,-2.072455439254618
kernel_anchored,national_draw,419,"",65.81676412553429,62.969101950749284,2.8476621747850075
kernel_anchored,national_draw,420,"",53.15996612282072,62.969101950749284,-9.809135827928564
kernel_anchored,national_draw,421,"",68.22534607344625,62.969101950749284,5.2562441226969625
kernel_anchored,national_draw,422,"",69.63525479521796,62.969101950749284,6.666152844468677
kernel_anchored,national_draw,423,"",61.516591690405555,62.969101950749284,-1.452510260343729
kernel_anchored,national_draw,424,"",64.41332088434018,62.969101950749284,1.4442189335908964
kernel_anchored,national_draw,425,"",65.84980247737549,62.969101950749284,2.8807005266262067
kernel_anchored,national_draw,426,"",58.142642628189925,62.969101950749284,-4.826459322559359
kernel_anchored,national_draw,427,"",60.29300930126668,62.969101950749284,-2.676092649482605
kernel_anchored,national_draw,428,"",64.12164253491251,62.969101950749284,1.1525405841632264
kernel_anchored,national_draw,429,"",59.45417494270109,62.969101950749284,-3.514927008048197
kernel_anchored,national_draw,430,"",61.75411327249596,62.969101950749284,-1.2149886782533272
kernel_anchored,national_draw,431,"",59.221311461219614,62.969101950749284,-3.7477904895296703
kernel_anchored,national_draw,432,"",66.03784385894413,62.969101950749284,3.068741908194845
kernel_anchored,national_draw,433,"",75.81182695437847,62.969101950749284,12.842725003629191
kernel_anchored,national_draw,434,"",67.18916798174911,62.969101950749284,4.220066030999824
kernel_anchored,national_draw,435,"",72.2869097285724,62.969101950749284,9.317807777823113
kernel_anchored,national_draw,436,"",59.73562070540955,62.969101950749284,-3.233481245339732
kernel_anchored,national_draw,437,"",60.35935838149609,62.969101950749284,-2.6097435692531974
kernel_anchored,national_draw,438,"",72.19035455093544,62.969101950749284,9.221252600186155
kernel_anchored,national_draw,439,"",64.66572622893125,62.969101950749284,1.6966242781819645
kernel_anchored,national_draw,440,"",69.83917249789076,62.969101950749284,6.870070547141474
kernel_anchored,national_draw,441,"",68.44721985373887,62.969101950749284,5.478117902989588
kernel_anchored,national_draw,442,"",65.45290368287485,62.969101950749284,2.4838017321255634
kernel_anchored,national_draw,443,"",72.05794954150602,62.969101950749284,9.088847590756735
kernel_anchored,national_draw,444,"",62.13019834390905,62.969101950749284,-0.8389036068402334
kernel_anchored,national_draw,445,"",57.61124752636507,62.969101950749284,-5.3578544243842146
kernel_anchored,national_draw,446,"",61.808177708800336,62.969101950749284,-1.1609242419489476
kernel_anchored,national_draw,447,"",59.75194714029901,62.969101950749284,-3.2171548104502747
kernel_anchored,national_draw,448,"",58.665141634996544,62.969101950749284,-4.3039603157527395
kernel_anchored,national_draw,449,"",61.311547549131596,62.969101950749284,-1.6575544016176877
kernel_anchored,national_draw,450,"",71.39534511712758,62.969101950749284,8.426243166378292
kernel_anchored,national_draw,451,"",57.96916877533433,62.969101950749284,-4.999933175414952
kernel_anchored,national_draw,452,"",65.08972418158292,62.969101950749284,2.1206222308336393
kernel_anchored,national_draw,453,"",67.14755900178058,62.969101950749284,4.178457051031295
kernel_anchored,national_draw,454,"",59.55700401402241,62.969101950749284,-3.412097936726873
kernel_anchored,national_draw,455,"",66.39771098443138,62.969101950749284,3.4286090336821005
kernel_anchored,national_draw,456,"",61.798210573800674,62.969101950749284,-1.1708913769486102
kernel_anchored,national_draw,457,"",65.56414180301594,62.969101950749284,2.595039852266659
kernel_anchored,national_draw,458,"",55.437218717836345,62.969101950749284,-7.531883232912939
kernel_anchored,national_draw,459,"",63.23015178829399,62.969101950749284,0.2610498375447037
kernel_anchored,national_draw,460,"",65.24296599685812,62.969101950749284,2.2738640461088337
kernel_anchored,national_draw,461,"",65.53549148351249,62.969101950749284,2.5663895327632034
kernel_anchored,national_draw,462,"",67.77525537090196,62.969101950749284,4.806153420152675
kernel_anchored,national_draw,463,"",55.65045031345116,62.969101950749284,-7.3186516372981245
kernel_anchored,national_draw,464,"",63.03272726550867,62.969101950749284,0.06362531475938482
kernel_anchored,national_draw,465,"",69.72735730879414,62.969101950749284,6.758255358044856
kernel_anchored,national_draw,466,"",68.25586147981393,62.969101950749284,5.286759529064646
kernel_anchored,national_draw,467,"",61.475315102155406,62.969101950749284,-1.493786848593878
kernel_anchored,national_draw,468,"",62.07476971659381,62.969101950749284,-0.8943322341554705
kernel_anchored,national_draw,469,"",58.32464556020804,62.969101950749284,-4.644456390541244
kernel_anchored,national_draw,470,"",63.80538104797985,62.969101950749284,0.836279097230566
kernel_anchored,national_draw,471,"",61.54321765201306,62.969101950749284,-1.4258842987362215
kernel_anchored,national_draw,472,"",63.89690418432469,62.969101950749284,0.9278022335754059
kernel_anchored,national_draw,473,"",65.5512269997915,62.969101950749284,2.5821250490422116
kernel_anchored,national_draw,474,"",62.223625807807096,62.969101950749284,-0.7454761429421879
kernel_anchored,national_draw,475,"",72.2057392092895,62.969101950749284,9.23663725854022
kernel_anchored,national_draw,476,"",66.5171942658089,62.969101950749284,3.5480923150596126
kernel_anchored,national_draw,477,"",64.31969029216978,62.969101950749284,1.3505883414204973
kernel_anchored,national_draw,478,"",68.74505668305981,62.969101950749284,5.775954732310531
kernel_anchored,national_draw,479,"",80.24311407275209,62.969101950749284,17.27401212200281
kernel_anchored,national_draw,480,"",65.13801562005632,62.969101950749284,2.168913669307038
kernel_anchored,national_draw,481,"",69.53205178321348,62.969101950749284,6.5629498324641915
kernel_anchored,national_draw,482,"",68.32716642823331,62.969101950749284,5.358064477484028
kernel_anchored,national_draw,483,"",55.56903511693113,62.969101950749284,-7.400066833818151
kernel_anchored,national_draw,484,"",57.32168124931458,62.969101950749284,-5.647420701434704
kernel_anchored,national_draw,485,"",63.32916527968143,62.969101950749284,0.3600633289321493
kernel_anchored,national_draw,486,"",52.87063759817991,62.969101950749284,-10.098464352569373
kernel_anchored,national_draw,487,"",77.45328574868891,62.969101950749284,14.484183797939629
kernel_anchored,national_draw,488,"",67.03139963758684,62.969101950749284,4.06229768683756
kernel_anchored,national_draw,489,"",62.296142601033054,62.969101950749284,-0.6729593497162298
kernel_anchored,national_draw,490,"",68.92452051167366,62.969101950749284,5.955418560924379
kernel_anchored,national_draw,491,"",67.86362309419803,62.969101950749284,4.894521143448749
kernel_anchored,national_draw,492,"",64.45129894644059,62.969101950749284,1.4821969956913037
kernel_anchored,national_draw,493,"",65.9752180276157,62.969101950749284,3.0061160768664124
kernel_anchored,national_draw,494,"",67.7984443098104,62.969101950749284,4.829342359061123
kernel_anchored,national_draw,495,"",63.48218780875353,62.969101950749284,0.5130858580042457
kernel_anchored,national_draw,496,"",60.55498937396767,62.969101950749284,-2.414112576781612
kernel_anchored,national_draw,497,"",67.66387182938406,62.969101950749284,4.69476987863478
kernel_anchored,national_draw,498,"",53.6004520896694,62.969101950749284,-9.36864986107988
kernel_anchored,national_draw,499,"",63.35579816611641,62.969101950749284,0.38669621536712384
kernel_anchored,national_draw,500,"",58.7395512143966,62.969101950749284,-4.229550736352685
kernel_anchored,national_draw,501,"",56.3453175089946,62.969101950749284,-6.623784441754687
kernel_anchored,national_draw,502,"",66.38185774608546,62.969101950749284,3.4127557953361745
kernel_anchored,national_draw,503,"",57.026094988920164,62.969101950749284,-5.94300696182912
kernel_anchored,national_draw,504,"",64.23507120880873,62.969101950749284,1.2659692580594495
kernel_anchored,national_draw,505,"",64.5698935416266,62.969101950749284,1.6007915908773143
kernel_anchored,national_draw,506,"",63.853252380253636,62.969101950749284,0.8841504295043521
kernel_anchored,national_draw,507,"",69.76809376050194,62.969101950749284,6.798991809752657
kernel_anchored,national_draw,508,"",55.001460099871245,62.969101950749284,-7.967641850878039
kernel_anchored,national_draw,509,"",64.54504033585043,62.969101950749284,1.5759383851011464
kernel_anchored,national_draw,510,"",60.90750694923748,62.969101950749284,-2.0615950015118045
kernel_anchored,national_draw,511,"",67.06790963626443,62.969101950749284,4.098807685515148
kernel_anchored,national_draw,512,"",69.47147800909087,62.969101950749284,6.502376058341589
kernel_anchored,national_draw,513,"",65.4954244317931,62.969101950749284,2.526322481043813
kernel_anchored,national_draw,514,"",58.85148181728432,62.969101950749284,-4.1176201334649605
kernel_anchored,national_draw,515,"",71.73468012917758,62.969101950749284,8.765578178428292
kernel_anchored,national_draw,516,"",68.84818121368635,62.969101950749284,5.879079262937061
kernel_anchored,national_draw,517,"",50.618722946863095,62.969101950749284,-12.35037900388619
kernel_anchored,national_draw,518,"",62.70478590291637,62.969101950749284,-0.2643160478329136
kernel_anchored,national_draw,519,"",68.72602725718271,62.969101950749284,5.756925306433423
kernel_anchored,national_draw,520,"",68.37746837494774,62.969101950749284,5.408366424198455
kernel_anchored,national_draw,521,"",66.38282260537908,62.969101950749284,3.413720654629792
kernel_anchored,national_draw,522,"",60.91920298282788,62.969101950749284,-2.0498989679214006
kernel_anchored,national_draw,523,"",63.174850116148974,62.969101950749284,0.2057481653996902
kernel_anchored,national_draw,524,"",71.43589229021795,62.969101950749284,8.466790339468666
kernel_anchored,national_draw,525,"",68.09453839088569,62.969101950749284,5.125436440136404
kernel_anchored,national_draw,526,"",67.22023044948664,62.969101950749284,4.251128498737351
kernel_anchored,national_draw,527,"",67.95926419460943,62.969101950749284,4.990162243860148
kernel_anchored,national_draw,528,"",66.59540326721208,62.969101950749284,3.6263013164627935
kernel_anchored,national_draw,529,"",60.05256313370971,62.969101950749284,-2.916538817039573
kernel_anchored,national_draw,530,"",71.45869574706411,62.969101950749284,8.489593796314828
kernel_anchored,national_draw,531,"",63.60700320728001,62.969101950749284,0.6379012565307249
kernel_anchored,national_draw,532,"",73.8536588676259,62.969101950749284,10.884556916876612
kernel_anchored,national_draw,533,"",47.76839009695197,62.969101950749284,-15.200711853797316
kernel_anchored,national_draw,534,"",65.48614054643676,62.969101950749284,2.517038595687474
kernel_anchored,national_draw,535,"",65.73298063802082,62.969101950749284,2.7638786872715357
kernel_anchored,national_draw,536,"",64.53596419531809,62.969101950749284,1.566862244568803
kernel_anchored,national_draw,537,"",60.59477019948511,62.969101950749284,-2.3743317512641724
kernel_anchored,national_draw,538,"",63.299178468477,62.969101950749284,0.3300765177277185
kernel_anchored,national_draw,539,"",66.99702941059631,62.969101950749284,4.027927459847028
kernel_anchored,national_draw,540,"",72.15111386196035,62.969101950749284,9.18201191121107
kernel_anchored,national_draw,541,"",70.23815566545872,62.969101950749284,7.269053714709436
kernel_anchored,national_draw,542,"",74.02893779217435,62.969101950749284,11.059835841425063
kernel_anchored,national_draw,543,"",67.2503788399986,62.969101950749284,4.28127688924932
kernel_anchored,national_draw,544,"",58.7075285039171,62.969101950749284,-4.26157344683218
kernel_anchored,national_draw,545,"",68.76381142411408,62.969101950749284,5.794709473364797
kernel_anchored,national_draw,546,"",67.4230055556275,62.969101950749284,4.453903604878214
kernel_anchored,national_draw,547,"",61.773747466638426,62.969101950749284,-1.195354484110858
kernel_anchored,national_draw,548,"",65.7418490337292,62.969101950749284,2.7727470829799117
kernel_anchored,national_draw,549,"",70.9525277916986,62.969101950749284,7.983425840949316
kernel_anchored,national_draw,550,"",55.06307952294125,62.969101950749284,-7.906022427808033
kernel_anchored,national_draw,551,"",62.16955213839942,62.969101950749284,-0.7995498123498663
kernel_anchored,national_draw,552,"",71.83705677843777,62.969101950749284,8.867954827688486
kernel_anchored,national_draw,553,"",55.42066145536467,62.969101950749284,-7.548440495384611
kernel_anchored,national_draw,554,"",69.718239619297,62.969101950749284,6.749137668547711
kernel_anchored,national_draw,555,"",53.580070014160576,62.969101950749284,-9.389031936588708
kernel_anchored,national_draw,556,"",62.56465047775885,62.969101950749284,-0.4044514729904307
kernel_anchored,national_draw,557,"",68.18920078234854,62.969101950749284,5.220098831599252
kernel_anchored,national_draw,558,"",53.745079419576655,62.969101950749284,-9.22402253117263
kernel_anchored,national_draw,559,"",68.30165074729622,62.969101950749284,5.332548796546938
kernel_anchored,national_draw,560,"",64.48736806443617,62.969101950749284,1.5182661136868845
kernel_anchored,national_draw,561,"",69.2858926329969,62.969101950749284,6.316790682247621
kernel_anchored,national_draw,562,"",61.465772689906984,62.969101950749284,-1.5033292608422997
kernel_anchored,national_draw,563,"",56.91383661086571,62.969101950749284,-6.055265339883576
kernel_anchored,national_draw,564,"",68.78597779683336,62.969101950749284,5.816875846084081
kernel_anchored,national_draw,565,"",66.41387814828913,62.969101950749284,3.444776197539845
kernel_anchored,national_draw,566,"",69.09591922456521,62.969101950749284,6.126817273815924
kernel_anchored,national_draw,567,"",58.64665465393764,62.969101950749284,-4.322447296811646
kernel_anchored,national_draw,568,"",66.24468614708347,62.969101950749284,3.2755841963341865
kernel_anchored,national_draw,569,"",56.87206605158964,62.969101950749284,-6.097035899159643
kernel_anchored,national_draw,570,"",61.244637557877425,62.969101950749284,-1.7244643928718588
kernel_anchored,national_draw,571,"",58.514531254158506,62.969101950749284,-4.454570696590778
kernel_anchored,national_draw,572,"",57.32936088297459,62.969101950749284,-5.639741067774693
kernel_anchored,national_draw,573,"",65.79443386523164,62.969101950749284,2.825331914482355
kernel_anchored,national_draw,574,"",71.69980900633365,62.969101950749284,8.730707055584368
kernel_anchored,national_draw,575,"",63.61491828507386,62.969101950749284,0.6458163343245786
kernel_anchored,national_draw,576,"",66.24250020987998,62.969101950749284,3.273398259130694
kernel_anchored,national_draw,577,"",66.57283525449976,62.969101950749284,3.603733303750481
kernel_anchored,national_draw,578,"",69.2152663176692,62.969101950749284,6.2461643669199205
kernel_anchored,national_draw,579,"",71.44078583496074,62.969101950749284,8.471683884211451
kernel_anchored,national_draw,580,"",71.40992880377138,62.969101950749284,8.440826853022095
kernel_anchored,national_draw,581,"",65.33388898148922,62.969101950749284,2.36478703073994
kernel_anchored,national_draw,582,"",75.49114511924657,62.969101950749284,12.522043168497284
kernel_anchored,national_draw,583,"",60.03763782224425,62.969101950749284,-2.9314641285050342
kernel_anchored,national_draw,584,"",59.987869087244725,62.969101950749284,-2.981232863504559
kernel_anchored,national_draw,585,"",70.77678721198575,62.969101950749284,7.807685261236465
kernel_anchored,national_draw,586,"",76.0774610277058,62.969101950749284,13.10835907695651
kernel_anchored,national_draw,587,"",69.39164167323314,62.969101950749284,6.4225397224838545
kernel_anchored,national_draw,588,"",63.23422820339576,62.969101950749284,0.2651262526464748
kernel_anchored,national_draw,589,"",66.13632875516832,62.969101950749284,3.1672268044190375
kernel_anchored,national_draw,590,"",57.91947390516113,62.969101950749284,-5.0496280455881575
kernel_anchored,national_draw,591,"",71.31277116614487,62.969101950749284,8.343669215395586
kernel_anchored,national_draw,592,"",69.7289430942839,62.969101950749284,6.759841143534622
kernel_anchored,national_draw,593,"",70.42502675118557,62.969101950749284,7.455924800436286
kernel_anchored,national_draw,594,"",73.53806678068165,62.969101950749284,10.568964829932362
kernel_anchored,national_draw,595,"",66.37835378338757,62.969101950749284,3.409251832638283
kernel_anchored,national_draw,596,"",69.15321755529631,62.969101950749284,6.184115604547024
kernel_anchored,national_draw,597,"",56.66529301172496,62.969101950749284,-6.3038089390243215
kernel_anchored,national_draw,598,"",69.37249221701329,62.969101950749284,6.4033902662640045
kernel_anchored,national_draw,599,"",67.47134546789316,62.969101950749284,4.502243517143874
kernel_anchored,national_draw,600,"",62.863276737410935,62.969101950749284,-0.10582521333834904
kernel_anchored,national_draw,601,"",64.44076628386452,62.969101950749284,1.4716643331152355
kernel_anchored,national_draw,602,"",66.72905474558542,62.969101950749284,3.7599527948361313
kernel_anchored,national_draw,603,"",74.34771760802886,62.969101950749284,11.378615657279575
kernel_anchored,national_draw,604,"",58.69030414973287,62.969101950749284,-4.278797801016417
kernel_anchored,national_draw,605,"",64.87589935908183,62.969101950749284,1.9067974083325439
kernel_anchored,national_draw,606,"",74.85411869925241,62.969101950749284,11.885016748503126
kernel_anchored,national_draw,607,"",61.45810690590191,62.969101950749284,-1.5109950448473768
kernel_anchored,national_draw,608,"",53.17645644529355,62.969101950749284,-9.79264550545573
kernel_anchored,national_draw,609,"",69.41778751346965,62.969101950749284,6.448685562720364
kernel_anchored,national_draw,610,"",71.81310610850802,62.969101950749284,8.84400415775874
kernel_anchored,national_draw,611,"",64.41743884840673,62.969101950749284,1.4483368976574482
kernel_anchored,national_draw,612,"",56.84516771343513,62.969101950749284,-6.1239342373141525
kernel_anchored,national_draw,613,"",65.38410783027405,62.969101950749284,2.415005879524763
kernel_anchored,national_draw,614,"",67.41924075776171,62.969101950749284,4.450138807012429
kernel_anchored,national_draw,615,"",66.01766952825928,62.969101950749284,3.048567577509992
kernel_anchored,national_draw,616,"",53.76086571792376,62.969101950749284,-9.208236232825527
kernel_anchored,national_draw,617,"",53.99226806080987,62.969101950749284,-8.976833889939414
kernel_anchored,national_draw,618,"",64.59671339840317,62.969101950749284,1.6276114476538837
kernel_anchored,national_draw,619,"",62.87058012211194,62.969101950749284,-0.09852182863734527
kernel_anchored,national_draw,620,"",69.26965852914033,62.969101950749284,6.3005565783910455
kernel_anchored,national_draw,621,"",54.68323657848983,62.969101950749284,-8.285865372259451
kernel_anchored,national_draw,622,"",66.0008906713087,62.969101950749284,3.031788720559412
kernel_anchored,national_draw,623,"",61.05044923779462,62.969101950749284,-1.9186527129546604
kernel_anchored,national_draw,624,"",60.29667945982376,62.969101950749284,-2.672422490925527
kernel_anchored,national_draw,625,"",68.02049813561716,62.969101950749284,5.051396184867876
kernel_anchored,national_draw,626,"",60.27075752234198,62.969101950749284,-2.698344428407303
kernel_anchored,national_draw,627,"",73.8858916312052,62.969101950749284,10.916789680455913
kernel_anchored,national_draw,628,"",64.89708009802509,62.969101950749284,1.9279781472758017
kernel_anchored,national_draw,629,"",56.64654288722233,62.969101950749284,-6.322559063526953
kernel_anchored,national_draw,630,"",60.87945447317193,62.969101950749284,-2.0896474775773513
kernel_anchored,national_draw,631,"",63.15356781306954,62.969101950749284,0.18446586232025908
kernel_anchored,national_draw,632,"",72.6114209932931,62.969101950749284,9.64231904254381
kernel_anchored,national_draw,633,"",67.26404614114105,62.969101950749284,4.294944190391767
kernel_anchored,national_draw,634,"",62.686158117032306,62.969101950749284,-0.2829438337169776
kernel_anchored,national_draw,635,"",63.69352430991844,62.969101950749284,0.7244223591691537
kernel_anchored,national_draw,636,"",65.49730567658808,62.969101950749284,2.5282037258388
kernel_anchored,national_draw,637,"",55.87799321916278,62.969101950749284,-7.091108731586502
kernel_anchored,national_draw,638,"",64.24241152592289,62.969101950749284,1.2733095751736059
kernel_anchored,national_draw,639,"",66.02727657223072,62.969101950749284,3.0581746214814345
kernel_anchored,national_draw,640,"",70.0270476836002,62.969101950749284,7.057945732850918
kernel_anchored,national_draw,641,"",62.274864914505265,62.969101950749284,-0.6942370362440187
kernel_anchored,national_draw,642,"",59.25652420888521,62.969101950749284,-3.7125777418640737
kernel_anchored,national_draw,643,"",69.09273149565493,62.969101950749284,6.123629544905647
kernel_anchored,national_draw,644,"",64.83090183020651,62.969101950749284,1.8617998794572301
kernel_anchored,national_draw,645,"",53.99118086289767,62.969101950749284,-8.977921087851612
kernel_anchored,national_draw,646,"",64.51574831566845,62.969101950749284,1.5466463649191624
kernel_anchored,national_draw,647,"",67.03896616573158,62.969101950749284,4.069864214982296
kernel_anchored,national_draw,648,"",61.018957430754206,62.969101950749284,-1.950144519995078
kernel_anchored,national_draw,649,"",65.76957373462801,62.969101950749284,2.800471783878727
kernel_anchored,national_draw,650,"",50.168632244318815,62.969101950749284,-12.80046970643047
kernel_anchored,national_draw,651,"",74.41516311927376,62.969101950749284,11.446061168524473
kernel_anchored,national_draw,652,"",58.047426250529774,62.969101950749284,-4.9216757002195095
kernel_anchored,national_draw,653,"",62.69001062937933,62.969101950749284,-0.27909132136995396
kernel_anchored,national_draw,654,"",65.53522372351712,62.969101950749284,2.5661217727678363
kernel_anchored,national_draw,655,"",55.62895795727192,62.969101950749284,-7.340143993477362
kernel_anchored,national_draw,656,"",62.00942242807118,62.969101950749284,-0.9596795226781012
kernel_anchored,national_draw,657,"",65.69491255316335,62.969101950749284,2.7258106024140645
kernel_anchored,national_draw,658,"",64.17517837605364,62.969101950749284,1.206076425304353
kernel_anchored,national_draw,659,"",64.36079837628492,62.969101950749284,1.3916964255356348
kernel_anchored,national_draw,660,"",63.5072510676295,62.969101950749284,0.5381491168802128
kernel_anchored,national_draw,661,"",68.26984270646818,62.969101950749284,5.300740755718898
kernel_anchored,national_draw,662,"",61.198225055923174,62.969101950749284,-1.7708768948261095
kernel_anchored,national_draw,663,"",74.4417613815714,62.969101950749284,11.472659430822112
kernel_anchored,national_draw,664,"",76.07640152910346,62.969101950749284,13.10729957835418
kernel_anchored,national_draw,665,"",74.32200341537107,62.969101950749284,11.352901464621787
kernel_anchored,national_draw,666,"",50.202037612015715,62.969101950749284,-12.767064338733569
kernel_anchored,national_draw,667,"",56.444511045896164,62.969101950749284,-6.52459090485312
kernel_anchored,national_draw,668,"",65.18450891166434,62.969101950749284,2.215406960915054
kernel_anchored,national_draw,669,"",78.4762027957883,62.969101950749284,15.507100845039012
kernel_anchored,national_draw,670,"",61.564089081996165,62.969101950749284,-1.4050128687531185
kernel_anchored,national_draw,671,"",67.25898640053909,62.969101950749284,4.2898844497898025
kernel_anchored,national_draw,672,"",65.02751383990247,62.969101950749284,2.0584118891531844
kernel_anchored,national_draw,673,"",64.92524106305427,62.969101950749284,1.9561391123049887
kernel_anchored,national_draw,674,"",62.5428949781359,62.969101950749284,-0.4262069726133859
kernel_anchored,national_draw,675,"",63.54921090552299,62.969101950749284,0.5801089547737064
kernel_anchored,national_draw,676,"",61.30044474242746,62.969101950749284,-1.6686572083218252
kernel_anchored,national_draw,677,"",69.0960761873211,62.969101950749284,6.126974236571819
kernel_anchored,national_draw,678,"",66.38331426812918,62.969101950749284,3.4142123173798993
kernel_anchored,national_draw,679,"",66.4815290960822,62.969101950749284,3.5124271453329143
kernel_anchored,national_draw,680,"",68.20811941098619,62.969101950749284,5.2390174602369015
kernel_anchored,national_draw,681,"",61.03368884705061,62.969101950749284,-1.9354131036986715
kernel_anchored,national_draw,682,"",58.529823581479675,62.969101950749284,-4.4392783692696085
kernel_anchored,national_draw,683,"",56.741311459373,62.969101950749284,-6.2277904913762825
kernel_anchored,national_draw,684,"",66.59580490720512,62.969101950749284,3.626702956455837
kernel_anchored,national_draw,685,"",72.2743157756872,62.969101950749284,9.305213824937915
kernel_anchored,national_draw,686,"",68.11352395952217,62.969101950749284,5.144422008772885
kernel_anchored,national_draw,687,"",60.669565260947465,62.969101950749284,-2.299536689801819
kernel_anchored,national_draw,688,"",65.3507093874046,62.969101950749284,2.3816074366553224
kernel_anchored,national_draw,689,"",52.84959073923433,62.969101950749284,-10.119511211514954
kernel_anchored,national_draw,690,"",65.4653591392107,62.969101950749284,2.4962571884614206
kernel_anchored,national_draw,691,"",74.35186327140529,62.969101950749284,11.382761320656009
kernel_anchored,national_draw,692,"",67.78756078930938,62.969101950749284,4.8184588385600975
kernel_anchored,national_draw,693,"",57.91500046661796,62.969101950749284,-5.054101484131323
kernel_anchored,national_draw,694,"",67.67391975403751,62.969101950749284,4.704817803288229
kernel_anchored,national_draw,695,"",72.12092392248357,62.969101950749284,9.151821971734286
kernel_anchored,national_draw,696,"",61.285170881312865,62.969101950749284,-1.6839310694364187
kernel_anchored,national_draw,697,"",61.35075361396935,62.969101950749284,-1.6183483367799312
kernel_anchored,national_draw,698,"",62.130015990119105,62.969101950749284,-0.8390859606301788
kernel_anchored,national_draw,699,"",70.73020158934486,62.969101950749284,7.761099638595574
kernel_anchored,national_draw,700,"",68.59892897386821,62.969101950749284,5.629827023118928
kernel_anchored,national_draw,701,"",57.34131313518124,62.969101950749284,-5.627788815568046
kernel_anchored,national_draw,702,"",70.2436978357075,62.969101950749284,7.2745958849582095
kernel_anchored,national_draw,703,"",60.70493497136895,62.969101950749284,-2.2641669793803345
kernel_anchored,national_draw,704,"",64.10094653389187,62.969101950749284,1.1318445831425876
kernel_anchored,national_draw,705,"",69.87492999865034,62.969101950749284,6.9058280479010605
kernel_anchored,national_draw,706,"",59.507329918331585,62.969101950749284,-3.4617720324176986
kernel_anchored,national_draw,707,"",66.63607047064521,62.969101950749284,3.6669685198959243
kernel_anchored,national_draw,708,"",67.43992752567904,62.969101950749284,4.470825574929755
kernel_anchored,national_draw,709,"",64.8390915928232,62.969101950749284,1.8699896420739108
kernel_anchored,national_draw,710,"",70.9542543820135,62.969101950749284,7.985152431264218
kernel_anchored,national_draw,711,"",75.77322796608192,62.969101950749284,12.804126015332635
kernel_anchored,national_draw,712,"",72.84158610033859,62.969101950749284,9.872484149589305
kernel_anchored,national_draw,713,"",57.84839747604812,62.969101950749284,-5.120704474701164
kernel_anchored,national_draw,714,"",71.3107444999731,62.969101950749284,8.341642549223813
kernel_anchored,national_draw,715,"",58.80142454780704,62.969101950749284,-4.167677402942246
kernel_anchored,national_draw,716,"",70.22980201525867,62.969101950749284,7.260700064509386
kernel_anchored,national_draw,717,"",64.24769747755542,62.969101950749284,1.2785955268061358
kernel_anchored,national_draw,718,"",64.68794569199443,62.969101950749284,1.718843741245145
kernel_anchored,national_draw,719,"",57.92571317470816,62.969101950749284,-5.043388776041127
kernel_anchored,national_draw,720,"",63.91617828743892,62.969101950749284,0.9470763366896335
kernel_anchored,national_draw,721,"",59.213712617213375,62.969101950749284,-3.755389333535909
kernel_anchored,national_draw,722,"",72.96901908364728,62.969101950749284,9.999917132897998
kernel_anchored,national_draw,723,"",72.31492296394896,62.969101950749284,9.345821013199675
kernel_anchored,national_draw,724,"",64.61598057668994,62.969101950749284,1.6468786259406514
kernel_anchored,national_draw,725,"",54.75715911169144,62.969101950749284,-8.21194283905784
kernel_anchored,national_draw,726,"",58.74741089357073,62.969101950749284,-4.221691057178553
kernel_anchored,national_draw,727,"",65.26399669787294,62.969101950749284,2.2948947471236565
kernel_anchored,national_draw,728,"",57.34113770621877,62.969101950749284,-5.627964244530517
kernel_anchored,national_draw,729,"",73.30267573717501,62.969101950749284,10.333573786425724
kernel_anchored,national_draw,730,"",61.82652619330993,62.969101950749284,-1.142575757439353
kernel_anchored,national_draw,731,"",66.74305674672206,62.969101950749284,3.7739547959727773
kernel_anchored,national_draw,732,"",67.89112158406628,62.969101950749284,4.922019633316999
kernel_anchored,national_draw,733,"",58.62900096045048,62.969101950749284,-4.340100990298801
kernel_anchored,national_draw,734,"",62.47274185935172,62.969101950749284,-0.49636009139756254
kernel_anchored,national_draw,735,"",70.61064905969269,62.969101950749284,7.641547108943406
kernel_anchored,national_draw,736,"",66.13124824008395,62.969101950749284,3.1621462893346646
kernel_anchored,national_draw,737,"",60.8046709530887,62.969101950749284,-2.164430997660581
kernel_anchored,national_draw,738,"",74.68942321934814,62.969101950749284,11.720321268598859
kernel_anchored,national_draw,739,"",68.13752771979581,62.969101950749284,5.168425769046529
kernel_anchored,national_draw,740,"",70.88786836937095,62.969101950749284,7.918766418621665
kernel_anchored,national_draw,741,"",66.89256377171715,62.969101950749284,3.9234618209678658
kernel_anchored,national_draw,742,"",66.75319700240838,62.969101950749284,3.7840950516591008
kernel_anchored,national_draw,743,"",64.44063471214265,62.969101950749284,1.4715327613933695
kernel_anchored,national_draw,744,"",60.50080721559635,62.969101950749284,-2.4682947351529307
kernel_anchored,national_draw,745,"",70.95133210482277,62.969101950749284,7.982230154073484
kernel_anchored,national_draw,746,"",64.9023545082785,62.969101950749284,1.9332525575292223
kernel_anchored,national_draw,747,"",69.17787917417924,62.969101950749284,6.208777223429955
kernel_anchored,national_draw,748,"",73.02753849228824,62.969101950749284,10.05843654153896
kernel_anchored,national_draw,749,"",56.55651551361019,62.969101950749284,-6.4125864371390975
kernel_anchored,national_draw,750,"",66.04111006923235,62.969101950749284,3.072008118483062
kernel_anchored,national_draw,751,"",68.31964606560503,62.969101950749284,5.350544114855744
kernel_anchored,national_draw,752,"",54.60156516335356,62.969101950749284,-8.367536787395721
kernel_anchored,national_draw,753,"",67.72309526215076,62.969101950749284,4.75399331140148
kernel_anchored,national_draw,754,"",61.80595022263204,62.969101950749284,-1.163151728117242
kernel_anchored,national_draw,755,"",47.00526487707427,62.969101950749284,-15.963837073675016
kernel_anchored,national_draw,756,"",73.06500873370781,62.969101950749284,10.09590678295853
kernel_anchored,national_draw,757,"",64.07453062538417,62.969101950749284,1.1054286746348865
kernel_anchored,national_draw,758,"",61.42950736846654,62.969101950749284,-1.5395945822827457
kernel_anchored,national_draw,759,"",71.75251386817885,62.969101950749284,8.783411917429568
kernel_anchored,national_draw,760,"",64.41118572920476,62.969101950749284,1.4420837784554763
kernel_anchored,national_draw,761,"",64.98016186968864,62.969101950749284,2.0110599189393596
kernel_anchored,national_draw,762,"",65.88721270362369,62.969101950749284,2.918110752874405
kernel_anchored,national_draw,763,"",61.916456619337545,62.969101950749284,-1.052645331411739
kernel_anchored,national_draw,764,"",69.5726035728555,62.969101950749284,6.603501622106215
kernel_anchored,national_draw,765,"",61.44762502539392,62.969101950749284,-1.5214769253553655
kernel_anchored,national_draw,766,"",53.74004737828456,62.969101950749284,-9.229054572464726
kernel_anchored,national_draw,767,"",71.20335196735155,62.969101950749284,8.234250016602267
kernel_anchored,national_draw,768,"",69.96485119157468,62.969101950749284,6.995749240825397
kernel_anchored,national_draw,769,"",64.68835425681493,62.969101950749284,1.7192523060656484
kernel_anchored,national_draw,770,"",50.23087028530912,62.969101950749284,-12.73823166544016
kernel_anchored,national_draw,771,"",60.572679999867965,62.969101950749284,-2.3964219508813187
kernel_anchored,national_draw,772,"",67.00205452706093,62.969101950749284,4.032952576311651
kernel_anchored,national_draw,773,"",62.31616689378947,62.969101950749284,-0.6529350569598122
kernel_anchored,national_draw,774,"",66.09068721733864,62.969101950749284,3.1215852665893564
kernel_anchored,national_draw,775,"",66.39383769760198,62.969101950749284,3.424735746852697
kernel_anchored,national_draw,776,"",69.39015745187955,62.969101950749284,6.421055501130262
kernel_anchored,national_draw,777,"",66.74210573708336,62.969101950749284,3.7730037863340797
kernel_anchored,national_draw,778,"",61.2634246147932,62.969101950749284,-1.7056773359560822
kernel_anchored,national_draw,779,"",65.76635830640787,62.969101950749284,2.7972563556585825
kernel_anchored,national_draw,780,"",60.2933370764334,62.969101950749284,-2.675764874315881
kernel_anchored,national_draw,781,"",53.70331578512805,62.969101950749284,-9.265786165621236
kernel_anchored,national_draw,782,"",68.99242767808296,62.969101950749284,6.0233257273336775
kernel_anchored,national_draw,783,"",67.4094259689663,62.969101950749284,4.440324018217019
kernel_anchored,national_draw,784,"",65.78549852952443,62.969101950749284,2.816396578775148
kernel_anchored,national_draw,785,"",57.30891879229439,62.969101950749284,-5.660183158454892
kernel_anchored,national_draw,786,"",72.51782733353586,62.969101950749284,9.548725382786579
kernel_anchored,national_draw,787,"",68.822513186545,62.969101950749284,5.853411235795711
kernel_anchored,national_draw,788,"",67.6260784293494,62.969101950749284,4.6569764786001215
kernel_anchored,national_draw,789,"",68.77636613631029,62.969101950749284,5.807264185561003
kernel_anchored,national_draw,790,"",70.47695603235454,62.969101950749284,7.507854081605252
kernel_anchored,national_draw,791,"",60.66401847414704,62.969101950749284,-2.305083476602242
kernel_anchored,national_draw,792,"",58.72442046638297,62.969101950749284,-4.2446814843663105
kernel_anchored,national_draw,793,"",68.00747253515325,62.969101950749284,5.038370584403971
kernel_anchored,national_draw,794,"",67.86497805210558,62.969101950749284,4.895876101356301
kernel_anchored,national_draw,795,"",68.39481737602637,62.969101950749284,5.425715425277083
kernel_anchored,national_draw,796,"",64.16551362518665,62.969101950749284,1.196411674437364
kernel_anchored,national_draw,797,"",67.06692631076425,62.969101950749284,4.097824360014961
kernel_anchored,national_draw,798,"",60.72132603798143,62.969101950749284,-2.2477759127678567
kernel_anchored,national_draw,799,"",59.80437039249391,62.969101950749284,-3.164731558255376
kernel_anchored,national_draw,800,"",65.43892707277224,62.969101950749284,2.469825122022961
kernel_anchored,national_draw,801,"",62.73405714861596,62.969101950749284,-0.23504480213332357
kernel_anchored,national_draw,802,"",62.500593515420746,62.969101950749284,-0.4685084353285376
kernel_anchored,national_draw,803,"",68.45025061989324,62.969101950749284,5.4811486691439555
kernel_anchored,national_draw,804,"",71.38439234835188,62.969101950749284,8.415290397602597
kernel_anchored,national_draw,805,"",61.537640857626954,62.969101950749284,-1.43146109312233
kernel_anchored,national_draw,806,"",55.33846144506514,62.969101950749284,-7.630640505684141
kernel_anchored,national_draw,807,"",68.0468355627469,62.969101950749284,5.077733611997623
kernel_anchored,national_draw,808,"",64.37962929044131,62.969101950749284,1.410527339692031
kernel_anchored,national_draw,809,"",64.9430286365391,62.969101950749284,1.973926685789813
kernel_anchored,national_draw,810,"",74.94463542733884,62.969101950749284,11.975533476589554
kernel_anchored,national_draw,811,"",66.95382541203475,62.969101950749284,3.984723461285462
kernel_anchored,national_draw,812,"",63.463696211142974,62.969101950749284,0.4945942603936899
kernel_anchored,national_draw,813,"",62.24335233298245,62.969101950749284,-0.7257496177668372
kernel_anchored,national_draw,814,"",50.614944299342376,62.969101950749284,-12.354157651406908
kernel_anchored,national_draw,815,"",63.495525026453414,62.969101950749284,0.5264230757041304
kernel_anchored,national_draw,816,"",60.03294278922217,62.969101950749284,-2.936159161527115
kernel_anchored,national_draw,817,"",63.1698203831327,62.969101950749284,0.20071843238341813
kernel_anchored,national_draw,818,"",64.4249061206911,62.969101950749284,1.4558041699418212
kernel_anchored,national_draw,819,"",71.41569949332653,62.969101950749284,8.446597542577244
kernel_anchored,national_draw,820,"",69.59630264072064,62.969101950749284,6.627200689971353
kernel_anchored,national_draw,821,"",69.27538536145488,62.969101950749284,6.306283410705596
kernel_anchored,national_draw,822,"",68.45358838673195,62.969101950749284,5.484486435982667
kernel_anchored,national_draw,823,"",66.23927093200491,62.969101950749284,3.2701689812556296
kernel_anchored,national_draw,824,"",67.50487779076029,62.969101950749284,4.535775840011006
kernel_anchored,national_draw,825,"",70.61942974091981,62.969101950749284,7.650327790170529
kernel_anchored,national_draw,826,"",64.43083146472634,62.969101950749284,1.4617295139770548
kernel_anchored,national_draw,827,"",55.10212170019564,62.969101950749284,-7.866980250553645
kernel_anchored,national_draw,828,"",63.51737747366089,62.969101950749284,0.5482755229116094
kernel_anchored,national_draw,829,"",70.06797572220123,62.969101950749284,7.098873771451942
kernel_anchored,national_draw,830,"",57.35784039006722,62.969101950749284,-5.611261560682067
kernel_anchored,national_draw,831,"",66.09816141445049,62.969101950749284,3.1290594637012035
kernel_anchored,national_draw,832,"",53.8724339215074,62.969101950749284,-9.096668029241883
kernel_anchored,national_draw,833,"",73.8383850065113,62.969101950749284,10.869283055762018
kernel_anchored,national_draw,834,"",64.53461847051382,62.969101950749284,1.565516519764536
kernel_anchored,national_draw,835,"",61.87674735037058,62.969101950749284,-1.0923546003787052
kernel_anchored,national_draw,836,"",62.12540405502662,62.969101950749284,-0.8436978957226628
kernel_anchored,national_draw,837,"",60.80449090757458,62.969101950749284,-2.164611043174702
kernel_anchored,national_draw,838,"",67.22631506455359,62.969101950749284,4.257213113804305
kernel_anchored,national_draw,839,"",72.7177632604156,62.969101950749284,9.74866130966631
kernel_anchored,national_draw,840,"",68.56726866269278,62.969101950749284,5.598166711943499
kernel_anchored,national_draw,841,"",62.53723739409601,62.969101950749284,-0.4318645566532737
kernel_anchored,national_draw,842,"",54.09651903003757,62.969101950749284,-8.872582920711714
kernel_anchored,national_draw,843,"",63.77309519405663,62.969101950749284,0.803993243307346
kernel_anchored,national_draw,844,"",70.43953888127888,62.969101950749284,7.470436930529594
kernel_anchored,national_draw,845,"",69.17560783077033,62.969101950749284,6.206505880021048
kernel_anchored,national_draw,846,"",55.91045450204847,62.969101950749284,-7.0586474487008175
kernel_anchored,national_draw,847,"",60.261418238365906,62.969101950749284,-2.7076837123833783
kernel_anchored,national_draw,848,"",71.76041509631777,62.969101950749284,8.791313145568488
kernel_anchored,national_draw,849,"",67.62099560598924,62.969101950749284,4.651893655239952
kernel_anchored,national_draw,850,"",72.22434852896697,62.969101950749284,9.255246578217687
kernel_anchored,national_draw,851,"",65.82006726823566,62.969101950749284,2.850965317486377
kernel_anchored,national_draw,852,"",63.179801367787306,62.969101950749284,0.21069941703802186
kernel_anchored,national_draw,853,"",69.42359975198961,62.969101950749284,6.454497801240329
kernel_anchored,national_draw,854,"",64.07143984405842,62.969101950749284,1.1023378933091337
kernel_anchored,national_draw,855,"",64.35194844678313,62.969101950749284,1.3828464960338422
kernel_anchored,national_draw,856,"",66.69643188339218,62.969101950749284,3.7273299326428955
kernel_anchored,national_draw,857,"",69.01979459622936,62.969101950749284,6.050692645480076
kernel_anchored,national_draw,858,"",59.358840842974026,62.969101950749284,-3.6102611077752584
kernel_anchored,national_draw,859,"",67.10739961902831,62.969101950749284,4.13829766827903
kernel_anchored,national_draw,860,"",69.83372727522651,62.969101950749284,6.864625324477224
kernel_anchored,national_draw,861,"",77.05507816179717,62.969101950749284,14.085976211047885
kernel_anchored,national_draw,862,"",66.91716768370453,62.969101950749284,3.94806573295525
kernel_anchored,national_draw,863,"",58.12903534221886,62.969101950749284,-4.840066608530421
kernel_anchored,national_draw,864,"",66.87396137686714,62.969101950749284,3.9048594261178593
kernel_anchored,national_draw,865,"",67.78693293828577,62.969101950749284,4.817830987536489
kernel_anchored,national_draw,866,"",68.78727504784537,62.969101950749284,5.818173097096086
kernel_anchored,national_draw,867,"",61.240685789670046,62.969101950749284,-1.7284161610792381
kernel_anchored,national_draw,868,"",71.22938701034862,62.969101950749284,8.260285059599333
kernel_anchored,national_draw,869,"",57.0471580057965,62.969101950749284,-5.921943944952787
kernel_anchored,national_draw,870,"",54.56126959232779,62.969101950749284,-8.407832358421494
kernel_anchored,national_draw,871,"",66.67410162308953,62.969101950749284,3.704999672340243
kernel_anchored,national_draw,872,"",71.05404807062881,62.969101950749284,8.084946119879525
kernel_anchored,national_draw,873,"",63.65825154708148,62.969101950749284,0.689149596332193
kernel_anchored,national_draw,874,"",69.11218333600748,62.969101950749284,6.143081385258192
kernel_anchored,national_draw,875,"",61.85643913968806,62.969101950749284,-1.1126628110612273
kernel_anchored,national_draw,876,"",71.94029903113123,62.969101950749284,8.971197080381948
kernel_anchored,national_draw,877,"",62.56091568747875,62.969101950749284,-0.40818626327053664
kernel_anchored,national_draw,878,"",61.5163977952365,62.969101950749284,-1.4527041555127838
kernel_anchored,national_draw,879,"",68.50674567063825,62.969101950749284,5.537643719888969
kernel_anchored,national_draw,880,"",66.03730833895341,62.969101950749284,3.068206388204125
kernel_anchored,national_draw,881,"",76.90987607121022,62.969101950749284,13.940774120460937
kernel_anchored,national_draw,882,"",55.406851041121264,62.969101950749284,-7.56225090962802
kernel_anchored,national_draw,883,"",57.98913766947101,62.969101950749284,-4.979964281278271
kernel_anchored,national_draw,884,"",65.4064057747152,62.969101950749284,2.4373038239659124
kernel_anchored,national_draw,885,"",70.19178240419346,62.969101950749284,7.222680453444177
kernel_anchored,national_draw,886,"",69.34644101608546,62.969101950749284,6.37733906533618
kernel_anchored,national_draw,887,"",71.81250134024265,62.969101950749284,8.843399389493364
kernel_anchored,national_draw,888,"",65.69548731384303,62.969101950749284,2.7263853630937476
kernel_anchored,national_draw,889,"",64.47235503848945,62.969101950749284,1.5032530877401697
kernel_anchored,national_draw,890,"",66.29612376550234,62.969101950749284,3.32702181475306
kernel_anchored,national_draw,891,"",62.26429531951604,62.969101950749284,-0.7048066312332466
kernel_anchored,national_draw,892,"",68.22916857820758,62.969101950749284,5.2600666274582935
kernel_anchored,national_draw,893,"",52.81598685981672,62.969101950749284,-10.153115090932566
kernel_anchored,national_draw,894,"",68.68856394059061,62.969101950749284,5.719461989841328
kernel_anchored,national_draw,895,"",63.673440001990656,62.969101950749284,0.7043380512413719
kernel_anchored,national_draw,896,"",69.66063197960574,62.969101950749284,6.691530028856455
kernel_anchored,national_draw,897,"",58.93882466611541,62.969101950749284,-4.0302772846338755
kernel_anchored,national_draw,898,"",62.58086149885721,62.969101950749284,-0.3882404518920737
kernel_anchored,national_draw,899,"",63.73905274223283,62.969101950749284,0.7699507914835451
kernel_anchored,national_draw,900,"",73.72556802570791,62.969101950749284,10.756466074958631
kernel_anchored,national_draw,901,"",60.149893892022874,62.969101950749284,-2.81920805872641
kernel_anchored,national_draw,902,"",57.986173843315484,62.969101950749284,-4.9829281074338
kernel_anchored,national_draw,903,"",68.5182247263014,62.969101950749284,5.549122775552114
kernel_anchored,national_draw,904,"",60.15940398840978,62.969101950749284,-2.8096979623395058
kernel_anchored,national_draw,905,"",64.94686960750701,62.969101950749284,1.9777676567577274
kernel_anchored,national_draw,906,"",64.86918920126709,62.969101950749284,1.9000872505178066
kernel_anchored,national_draw,907,"",60.610817333000114,62.969101950749284,-2.3582846177491703
kernel_anchored,national_draw,908,"",68.19046110094739,62.969101950749284,5.221359150198104
kernel_anchored,national_draw,909,"",56.076747308821616,62.969101950749284,-6.892354641927668
kernel_anchored,national_draw,910,"",65.50412201509063,62.969101950749284,2.535020064341346
kernel_anchored,national_draw,911,"",71.52261882940455,62.969101950749284,8.553516878655266
kernel_anchored,national_draw,912,"",68.62482321204013,62.969101950749284,5.655721261290843
kernel_anchored,national_draw,913,"",67.56192913597843,62.969101950749284,4.592827185229147
kernel_anchored,national_draw,914,"",67.1298914586385,62.969101950749284,4.160789507889213
kernel_anchored,national_draw,915,"",66.53408622827477,62.969101950749284,3.5649842775254896
kernel_anchored,national_draw,916,"",62.991083661402804,62.969101950749284,0.02198171065352028
kernel_anchored,national_draw,917,"",71.93164068852266,62.969101950749284,8.962538737773379
kernel_anchored,national_draw,918,"",58.39337678108583,62.969101950749284,-4.575725169663457
kernel_anchored,national_draw,919,"",64.8823209824188,62.969101950749284,1.9132190316695201
kernel_anchored,national_draw,920,"",57.722864203740976,62.969101950749284,-5.246237747008308
kernel_anchored,national_draw,921,"",67.83459652573558,62.969101950749284,4.865494574986293
kernel_anchored,national_draw,922,"",57.78993346602688,62.969101950749284,-5.179168484722403
kernel_anchored,national_draw,923,"",59.101098764682334,62.969101950749284,-3.86800318606695
kernel_anchored,national_draw,924,"",72.14932956474989,62.969101950749284,9.180227614000607
kernel_anchored,national_draw,925,"",66.34762601564425,62.969101950749284,3.378524064894968
kernel_anchored,national_draw,926,"",65.74049176754582,62.969101950749284,2.7713898167965354
kernel_anchored,national_draw,927,"",69.69963029961951,62.969101950749284,6.73052834887023
kernel_anchored,national_draw,928,"",63.72795455208035,62.969101950749284,0.7588526013310641
kernel_anchored,national_draw,929,"",68.62872419817943,62.969101950749284,5.659622247430143
kernel_anchored,national_draw,930,"",62.287765868074786,62.969101950749284,-0.6813360826744983
kernel_anchored,national_draw,931,"",69.53299355974887,62.969101950749284,6.56389160899959
kernel_anchored,national_draw,932,"",66.96561608493384,62.969101950749284,3.996514134184558
kernel_anchored,national_draw,933,"",66.3382267164968,62.969101950749284,3.3691247657475216
kernel_anchored,national_draw,934,"",66.46399312466197,62.969101950749284,3.4948911739126842
kernel_anchored,national_draw,935,"",67.21225766479722,62.969101950749284,4.243155714047937
kernel_anchored,national_draw,936,"",75.67299108850878,62.969101950749284,12.703889137759496
kernel_anchored,national_draw,937,"",62.70039787057862,62.969101950749284,-0.2687040801706644
kernel_anchored,national_draw,938,"",62.687335337701555,62.969101950749284,-0.2817666130477292
kernel_anchored,national_draw,939,"",68.6207190976285,62.969101950749284,5.651617146879211
kernel_anchored,national_draw,940,"",75.69500973157545,62.969101950749284,12.72590778082617
kernel_anchored,national_draw,941,"",62.68637971151123,62.969101950749284,-0.28272223923805484
kernel_anchored,national_draw,942,"",69.970762685955,62.969101950749284,7.001660735205711
kernel_anchored,national_draw,943,"",63.79753291018483,62.969101950749284,0.8284309594355435
kernel_anchored,national_draw,944,"",58.106446555024135,62.969101950749284,-4.862655395725149
kernel_anchored,national_draw,945,"",59.20350311325239,62.969101950749284,-3.7655988374968956
kernel_anchored,national_draw,946,"",65.80319146370056,62.969101950749284,2.834089512951273
kernel_anchored,national_draw,947,"",63.59067908066637,62.969101950749284,0.6215771299170854
kernel_anchored,national_draw,948,"",63.900258109094146,62.969101950749284,0.9311561583448622
kernel_anchored,national_draw,949,"",65.24771873677574,62.969101950749284,2.278616786026454
kernel_anchored,national_draw,950,"",51.865316537672136,62.969101950749284,-11.103785413077148
kernel_anchored,national_draw,951,"",75.2375879450203,62.969101950749284,12.26848599427101
kernel_anchored,national_draw,952,"",75.0804543767091,62.969101950749284,12.111352425959815
kernel_anchored,national_draw,953,"",59.89247958889792,62.969101950749284,-3.0766223618513635
kernel_anchored,national_draw,954,"",65.59659154452252,62.969101950749284,2.627489593773241
kernel_anchored,national_draw,955,"",67.43591805057612,62.969101950749284,4.466816099826836
kernel_anchored,national_draw,956,"",75.55938467737425,62.969101950749284,12.59028272662497
kernel_anchored,national_draw,957,"",69.71203959043892,62.969101950749284,6.742937639689636
kernel_anchored,national_draw,958,"",73.50683580880911,62.969101950749284,10.53773385805983
kernel_anchored,national_draw,959,"",58.162773101634144,62.969101950749284,-4.80632884911514
kernel_anchored,national_draw,960,"",63.99945395427154,62.969101950749284,1.0303520035222533
kernel_anchored,national_draw,961,"",61.54226895065019,62.969101950749284,-1.4268330000990943
kernel_anchored,national_draw,962,"",56.63425824329731,62.969101950749284,-6.334843707451974
kernel_anchored,national_draw,963,"",63.413902085109406,62.969101950749284,0.444800134360122
kernel_anchored,national_draw,964,"",66.99139490931465,62.969101950749284,4.022292958565366
kernel_anchored,national_draw,965,"",69.02041321414967,62.969101950749284,6.051311263400386
kernel_anchored,national_draw,966,"",57.847732692611366,62.969101950749284,-5.121369258137918
kernel_anchored,national_draw,967,"",68.93459382736114,62.969101950749284,5.965491876611857
kernel_anchored,national_draw,968,"",59.08314037878668,62.969101950749284,-3.8859615719626035
kernel_anchored,national_draw,969,"",76.40105590692515,62.969101950749284,13.431953956175867
kernel_anchored,national_draw,970,"",71.05821450848764,62.969101950749284,8.089112557738353
kernel_anchored,national_draw,971,"",65.63798816311542,62.969101950749284,2.6688862123661394
kernel_anchored,national_draw,972,"",68.94304904169736,62.969101950749284,5.97394709094808
kernel_anchored,national_draw,973,"",59.93309370198714,62.969101950749284,-3.036008248762144
kernel_anchored,national_draw,974,"",57.21376242980563,62.969101950749284,-5.755339520943657
kernel_anchored,national_draw,975,"",55.14602972288295,62.969101950749284,-7.823072227866334
kernel_anchored,national_draw,976,"",54.96754691149348,62.969101950749284,-8.001555039255805
kernel_anchored,national_draw,977,"",64.11339044884862,62.969101950749284,1.1442884980993355
kernel_anchored,national_draw,978,"",52.90642048997355,62.969101950749284,-10.062681460775735
kernel_anchored,national_draw,979,"",60.65837704803793,62.969101950749284,-2.3107249027113568
kernel_anchored,national_draw,980,"",66.04952142632796,62.969101950749284,3.0804194755786725
kernel_anchored,national_draw,981,"",74.64070013329601,62.969101950749284,11.671598182546724
kernel_anchored,national_draw,982,"",72.89024455466769,62.969101950749284,9.921142603918405
kernel_anchored,national_draw,983,"",63.030352049687764,62.969101950749284,0.06125009893847988
kernel_anchored,national_draw,984,"",71.44887172516542,62.969101950749284,8.479769774416134
kernel_anchored,national_draw,985,"",64.85443008566081,62.969101950749284,1.885328134911525
kernel_anchored,national_draw,986,"",66.58283932191259,62.969101950749284,3.613737371163303
kernel_anchored,national_draw,987,"",70.74116589949966,62.969101950749284,7.772063948750379
kernel_anchored,national_draw,988,"",58.84217023261811,62.969101950749284,-4.126931718131175
kernel_anchored,national_draw,989,"",63.96008631012623,62.969101950749284,0.9909843593769452
kernel_anchored,national_draw,990,"",59.38199515774515,62.969101950749284,-3.587106793004132
kernel_anchored,national_draw,991,"",63.9499876034047,62.969101950749284,0.9808856526554166
kernel_anchored,national_draw,992,"",63.07386304893367,62.969101950749284,0.10476109818438317
kernel_anchored,national_draw,993,"",71.57835676567993,62.969101950749284,8.609254814930644
kernel_anchored,national_draw,994,"",67.30142635980356,62.969101950749284,4.332324409054273
kernel_anchored,national_draw,995,"",68.92529840062569,62.969101950749284,5.956196449876408
kernel_anchored,national_draw,996,"",70.5587405530061,62.969101950749284,7.589638602256819
kernel_anchored,national_draw,997,"",65.931289230446,62.969101950749284,2.962187279696714
kernel_anchored,national_draw,998,"",55.88563822868545,62.969101950749284,-7.083463722063833
kernel_anchored,national_draw,999,"",76.31223576156793,62.969101950749284,13.34313381081865
kernel_anchored,national_draw,1000,"",73.42031008961904,62.969101950749284,10.451208138869752
kernel_anchored,national_draw,1001,"",78.25840773887325,62.969101950749284,15.289305788123961
kernel_anchored,national_draw,1002,"",74.8768298250657,62.969101950749284,11.907727874316414
kernel_anchored,national_draw,1003,"",60.05667186467299,62.969101950749284,-2.9124300860762915
kernel_anchored,national_draw,1004,"",57.120720447969866,62.969101950749284,-5.848381502779418
kernel_anchored,national_draw,1005,"",67.01360513927456,62.969101950749284,4.044503188525276
kernel_anchored,national_draw,1006,"",72.4938328063655,62.969101950749284,9.52473085561622
kernel_anchored,national_draw,1007,"",60.673877120183086,62.969101950749284,-2.295224830566198
kernel_anchored,national_draw,1008,"",66.5953017030759,62.969101950749284,3.6261997523266203
kernel_anchored,national_draw,1009,"",58.29177109595021,62.969101950749284,-4.677330854799074
kernel_anchored,national_draw,1010,"",71.36459888317768,62.969101950749284,8.395496932428394
kernel_anchored,national_draw,1011,"",63.686244007975645,62.969101950749284,0.7171420572263614
kernel_anchored,national_draw,1012,"",66.32098851265764,62.969101950749284,3.3518865619083513
kernel_anchored,national_draw,1013,"",68.03594973397006,62.969101950749284,5.066847783220773
kernel_anchored,national_draw,1014,"",75.37683006743467,62.969101950749284,12.407728116685384
kernel_anchored,national_draw,1015,"",70.84286622394399,62.969101950749284,7.873764273194702
kernel_anchored,national_draw,1016,"",62.521626524711394,62.969101950749284,-0.44747542603789014
kernel_anchored,national_draw,1017,"",59.7652520421374,62.969101950749284,-3.203849908611886
kernel_anchored,national_draw,1018,"",66.66513397152082,62.969101950749284,3.6960320207715327
kernel_anchored,national_draw,1019,"",72.90478438407088,62.969101950749284,9.935682433321595
kernel_anchored,national_draw,1020,"",68.13863107563876,62.969101950749284,5.169529124889472
kernel_anchored,national_draw,1021,"",72.74165391517396,62.969101950749284,9.772551964424672
kernel_anchored,national_draw,1022,"",67.73727730880154,62.969101950749284,4.768175358052254
kernel_anchored,national_draw,1023,"",55.88010067498832,62.969101950749284,-7.089001275760964
kernel_anchored,national_draw,1024,"",63.82664026830106,62.969101950749284,0.8575383175517786
kernel_anchored,national_draw,1025,"",71.18691473522264,62.969101950749284,8.21781278447336
kernel_anchored,national_draw,1026,"",67.44537044006748,62.969101950749284,4.476268489318194
kernel_anchored,national_draw,1027,"",70.94868220417905,62.969101950749284,7.979580253429766
kernel_anchored,national_draw,1028,"",61.131575899836896,62.969101950749284,-1.8375260509123876
kernel_anchored,national_draw,1029,"",72.0566407491149,62.969101950749284,9.087538798365621
kernel_anchored,national_draw,1030,"",65.91518208175964,62.969101950749284,2.946080131010355
kernel_anchored,national_draw,1031,"",60.97391835291409,62.969101950749284,-1.9951835978351937
kernel_anchored,national_draw,1032,"",58.94077746746087,62.969101950749284,-4.028324483288415
kernel_anchored,national_draw,1033,"",65.05142757741905,62.969101950749284,2.082325626669764
kernel_anchored,national_draw,1034,"",65.94586599226233,62.969101950749284,2.976764041513043
kernel_anchored,national_draw,1035,"",64.85260654776138,62.969101950749284,1.8835045970120987
kernel_anchored,national_draw,1036,"",59.616384409545006,62.969101950749284,-3.352717541204278
kernel_anchored,national_draw,1037,"",60.42683620860249,62.969101950749284,-2.542265742146796
kernel_anchored,national_draw,1038,"",55.12457660739268,62.969101950749284,-7.844525343356601
kernel_anchored,national_draw,1039,"",74.92160114291046,62.969101950749284,11.952499192161177
kernel_anchored,national_draw,1040,"",50.87180461627003,62.969101950749284,-12.09729733447925
kernel_anchored,national_draw,1041,"",61.729721721884204,62.969101950749284,-1.2393802288650804
kernel_anchored,national_draw,1042,"",57.16409525894227,62.969101950749284,-5.805006691807016
kernel_anchored,national_draw,1043,"",63.772338079587,62.969101950749284,0.8032361288377174
kernel_anchored,national_draw,1044,"",62.37429851209233,62.969101950749284,-0.5948034386569532
kernel_anchored,national_draw,1045,"",72.06833909098113,62.969101950749284,9.099237140231843
kernel_anchored,national_draw,1046,"",63.20133527293134,62.969101950749284,0.23223332218205428
kernel_anchored,national_draw,1047,"",56.3662304879425,62.969101950749284,-6.602871462806782
kernel_anchored,national_draw,1048,"",66.64787499319924,62.969101950749284,3.6787730424499543
kernel_anchored,national_draw,1049,"",66.37322248623512,62.969101950749284,3.4041205354858377
kernel_anchored,national_draw,1050,"",71.05654562506828,62.969101950749284,8.087443674318997
kernel_anchored,national_draw,1051,"",76.32871223438583,62.969101950749284,13.359610283636549
kernel_anchored,national_draw,1052,"",71.27744762123982,62.969101950749284,8.308345670490532
kernel_anchored,national_draw,1053,"",66.4283117970045,62.969101950749284,3.459209846255213
kernel_anchored,national_draw,1054,"",65.36957492569833,62.969101950749284,2.4004729749490465
kernel_anchored,national_draw,1055,"",69.62586242089799,62.969101950749284,6.656760470148704
kernel_anchored,national_draw,1056,"",63.77379460163072,62.969101950749284,0.8046926508814352
kernel_anchored,national_draw,1057,"",68.00232277179423,62.969101950749284,5.033220821044942
kernel_anchored,national_draw,1058,"",65.17694469179544,62.969101950749284,2.207842741046157
kernel_anchored,national_draw,1059,"",69.53705843347153,62.969101950749284,6.567956482722245
kernel_anchored,national_draw,1060,"",67.95393438573629,62.969101950749284,4.9848324349870055
kernel_anchored,national_draw,1061,"",67.91932640633608,62.969101950749284,4.950224455586799
kernel_anchored,national_draw,1062,"",65.68468689127161,62.969101950749284,2.7155849405223265
kernel_anchored,national_draw,1063,"",66.57407479861621,62.969101950749284,3.604972847866925
kernel_anchored,national_draw,1064,"",72.2219548469395,62.969101950749284,9.252852896190213
kernel_anchored,national_draw,1065,"",68.05516613018874,62.969101950749284,5.086064179439454
kernel_anchored,national_draw,1066,"",62.3043485215805,62.969101950749284,-0.6647534291687833
kernel_anchored,national_draw,1067,"",60.21849584945463,62.969101950749284,-2.7506061012946574
kernel_anchored,national_draw,1068,"",65.56091483341669,62.969101950749284,2.591812882667405
kernel_anchored,national_draw,1069,"",70.1809058085199,62.969101950749284,7.211803857770612
kernel_anchored,national_draw,1070,"",75.78764776514235,62.969101950749284,12.818545814393069
kernel_anchored,national_draw,1071,"",57.954469674899435,62.969101950749284,-5.0146322758498485
kernel_anchored,national_draw,1072,"",64.75808957767532,62.969101950749284,1.788987626926037
kernel_anchored,national_draw,1073,"",69.8859404743216,62.969101950749284,6.916838523572316
kernel_anchored,national_draw,1074,"",66.14161239852501,62.969101950749284,3.1725104477757284
kernel_anchored,national_draw,1075,"",64.33030836095128,62.969101950749284,1.3612064102019943
kernel_anchored,national_draw,1076,"",59.21494985305401,62.969101950749284,-3.7541520976952754
kernel_anchored,national_draw,1077,"",66.5808842122913,62.969101950749284,3.611782261542011
kernel_anchored,national_draw,1078,"",71.95675472946674,62.969101950749284,8.987652778717454
kernel_anchored,national_draw,1079,"",76.76661062403798,62.969101950749284,13.797508673288696
kernel_anchored,national_draw,1080,"",70.7356675864915,62.969101950749284,7.766565635742218
kernel_anchored,national_draw,1081,"",63.88659311622753,62.969101950749284,0.9174911654782463
kernel_anchored,national_draw,1082,"",63.8095705685969,62.969101950749284,0.8404686178476126
kernel_anchored,national_draw,1083,"",54.4698249373609,62.969101950749284,-8.499277013388387
kernel_anchored,national_draw,1084,"",61.88681604950642,62.969101950749284,-1.0822859012428623
kernel_anchored,national_draw,1085,"",67.92606888001234,62.969101950749284,4.956966929263054
kernel_anchored,national_draw,1086,"",63.02508687253763,62.969101950749284,0.05598492178834391
kernel_anchored,national_draw,1087,"",62.02703918914517,62.969101950749284,-0.9420627616041131
kernel_anchored,national_draw,1088,"",74.8276704748832,62.969101950749284,11.858568524133922
kernel_anchored,national_draw,1089,"",63.2662970793917,62.969101950749284,0.2971951286424144
kernel_anchored,national_draw,1090,"",63.47643327712913,62.969101950749284,0.5073313263798482
kernel_anchored,national_draw,1091,"",63.37664189678964,62.969101950749284,0.4075399460403588
kernel_anchored,national_draw,1092,"",65.69577123176916,62.969101950749284,2.7266692810198734
kernel_anchored,national_draw,1093,"",57.02714987097084,62.969101950749284,-5.941952079778446
kernel_anchored,national_draw,1094,"",74.60697391525983,62.969101950749284,11.637871964510545
kernel_anchored,national_draw,1095,"",69.48331484750642,62.969101950749284,6.514212896757137
kernel_anchored,national_draw,1096,"",59.09646836338328,62.969101950749284,-3.8726335873660034
kernel_anchored,national_draw,1097,"",71.20900724311562,62.969101950749284,8.239905292366338
kernel_anchored,national_draw,1098,"",64.96225888241271,62.969101950749284,1.993156931663428
kernel_anchored,national_draw,1099,"",53.97925861827672,62.969101950749284,-8.989843332472567
kernel_anchored,national_draw,1100,"",66.92778806076186,62.969101950749284,3.9586861100125716
kernel_anchored,national_draw,1101,"",60.270235852006195,62.969101950749284,-2.698866098743089
kernel_anchored,national_draw,1102,"",71.98961996062127,62.969101950749284,9.020518009871985
kernel_anchored,national_draw,1103,"",66.6809410443503,62.969101950749284,3.7118390936010215
kernel_anchored,national_draw,1104,"",73.09001659396405,62.969101950749284,10.120914643214768
kernel_anchored,national_draw,1105,"",65.09126149328041,62.969101950749284,2.1221595425311293
kernel_anchored,national_draw,1106,"",63.17237564446773,62.969101950749284,0.20327369371844384
kernel_anchored,national_draw,1107,"",60.589749699572124,62.969101950749284,-2.37935225117716
kernel_anchored,national_draw,1108,"",65.99573629139803,62.969101950749284,3.026634340648748
kernel_anchored,national_draw,1109,"",58.34665958672306,62.969101950749284,-4.622442364026227
kernel_anchored,national_draw,1110,"",56.5296102506282,62.969101950749284,-6.439491700121081
kernel_anchored,national_draw,1111,"",64.62893923715501,62.969101950749284,1.6598372864057254
kernel_anchored,national_draw,1112,"",69.25418384802921,62.969101950749284,6.28508189727993
kernel_anchored,national_draw,1113,"",58.032263186654646,62.969101950749284,-4.936838764094638
kernel_anchored,national_draw,1114,"",58.82986481421069,62.969101950749284,-4.139237136538597
kernel_anchored,national_draw,1115,"",55.07267271725775,62.969101950749284,-7.896429233491531
kernel_anchored,national_draw,1116,"",72.64333752308478,62.969101950749284,9.674235572335498
kernel_anchored,national_draw,1117,"",67.5748046985139,62.969101950749284,4.605702747764617
kernel_anchored,national_draw,1118,"",60.94585433546943,62.969101950749284,-2.023247615279857
kernel_anchored,national_draw,1119,"",67.65386776197124,62.969101950749284,4.684765811221958
kernel_anchored,national_draw,1120,"",68.30580333550012,62.969101950749284,5.336701384750832
kernel_anchored,national_draw,1121,"",60.07377388023867,62.969101950749284,-2.8953280705106152
kernel_anchored,national_draw,1122,"",71.80913125754243,62.969101950749284,8.840029306793149
kernel_anchored,national_draw,1123,"",70.96774394591765,62.969101950749284,7.998641995168363
kernel_anchored,national_draw,1124,"",60.97393912739649,62.969101950749284,-1.9951628233527927
kernel_anchored,national_draw,1125,"",62.28466816192157,62.969101950749284,-0.684433788827711
kernel_anchored,national_draw,1126,"",64.72746337406818,62.969101950749284,1.7583614233188953
kernel_anchored,national_draw,1127,"",58.2312919611363,62.969101950749284,-4.737809989612984
kernel_anchored,national_draw,1128,"",69.01069998949042,62.969101950749284,6.041598038741135
kernel_anchored,national_draw,1129,"",67.29033509447854,62.969101950749284,4.321233143729252
kernel_anchored,national_draw,1130,"",58.16586388295989,62.969101950749284,-4.803238067789394
kernel_anchored,national_draw,1131,"",76.80712548126685,62.969101950749284,13.838023530517567
kernel_anchored,national_draw,1132,"",62.37861729615541,62.969101950749284,-0.5904846545938724
kernel_anchored,national_draw,1133,"",63.411118304468,62.969101950749284,0.4420163537187136
kernel_anchored,national_draw,1134,"",64.67251025157229,62.969101950749284,1.703408300823007
kernel_anchored,national_draw,1135,"",56.433532886086425,62.969101950749284,-6.535569064662859
kernel_anchored,national_draw,1136,"",70.99378129719054,62.969101950749284,8.024679346441253
kernel_anchored,national_draw,1137,"",64.37682242704169,62.969101950749284,1.407720476292404
kernel_anchored,national_draw,1138,"",59.56612401179539,62.969101950749284,-3.402977938953896
kernel_anchored,national_draw,1139,"",59.991313034771245,62.969101950749284,-2.9777889159780386
kernel_anchored,national_draw,1140,"",63.77664301399515,62.969101950749284,0.8075410632458642
kernel_anchored,national_draw,1141,"",77.34914326842485,62.969101950749284,14.38004131767557
kernel_anchored,national_draw,1142,"",69.24095511929296,62.969101950749284,6.271853168543679
kernel_anchored,national_draw,1143,"",62.742336933989705,62.969101950749284,-0.22676501675957894
kernel_anchored,national_draw,1144,"",72.04525402448466,62.969101950749284,9.07615207373538
kernel_anchored,national_draw,1145,"",65.12110288310807,62.969101950749284,2.1520009323587814
kernel_anchored,national_draw,1146,"",51.97585525023914,62.969101950749284,-10.993246700510142
kernel_anchored,national_draw,1147,"",66.98085301363528,62.969101950749284,4.011751062885999
kernel_anchored,national_draw,1148,"",70.52400331015986,62.969101950749284,7.554901359410572
kernel_anchored,national_draw,1149,"",60.313294429190975,62.969101950749284,-2.655807521558309
kernel_anchored,national_draw,1150,"",73.53599394899342,62.969101950749284,10.566891998244138
kernel_anchored,national_draw,1151,"",54.13819495000494,62.969101950749284,-8.830907000744347
kernel_anchored,national_draw,1152,"",66.66308883914247,62.969101950749284,3.693986888393191
kernel_anchored,national_draw,1153,"",68.13724841842135,62.969101950749284,5.1681464676720665
kernel_anchored,national_draw,1154,"",58.11622671968222,62.969101950749284,-4.852875231067067
kernel_anchored,national_draw,1155,"",67.72773028000148,62.969101950749284,4.758628329252197
kernel_anchored,national_draw,1156,"",67.27607687472565,62.969101950749284,4.306974923976362
kernel_anchored,national_draw,1157,"",67.94608163138963,62.969101950749284,4.976979680640348
kernel_anchored,national_draw,1158,"",64.15577731776918,62.969101950749284,1.1866753670198946
kernel_anchored,national_draw,1159,"",62.41415551071191,62.969101950749284,-0.5549464400373765
kernel_anchored,national_draw,1160,"",71.27390441785295,62.969101950749284,8.304802467103663
kernel_anchored,national_draw,1161,"",59.70366031837725,62.969101950749284,-3.2654416323720312
kernel_anchored,national_draw,1162,"",66.69125903727495,62.969101950749284,3.7221570865256624
kernel_anchored,national_draw,1163,"",53.661949174120835,62.969101950749284,-9.307152776628449
kernel_anchored,national_draw,1164,"",66.02571848605082,62.969101950749284,3.0566165353015364
kernel_anchored,national_draw,1165,"",66.44011631955854,62.969101950749284,3.471014368809257
kernel_anchored,national_draw,1166,"",68.52711158821634,62.969101950749284,5.558009637467059
kernel_anchored,national_draw,1167,"",63.77012905962528,62.969101950749284,0.8010271088759993
kernel_anchored,national_draw,1168,"",76.67260839946024,62.969101950749284,13.70350644871096
kernel_anchored,national_draw,1169,"",61.328513376423764,62.969101950749284,-1.6405885743255197
kernel_anchored,national_draw,1170,"",65.82948965014133,62.969101950749284,2.8603876993920423
kernel_anchored,national_draw,1171,"",62.70848145250749,62.969101950749284,-0.2606204982417921
kernel_anchored,national_draw,1172,"",61.6784803069102,62.969101950749284,-1.2906216438390814
kernel_anchored,national_draw,1173,"",68.96786300678455,62.969101950749284,5.998761056035271
kernel_anchored,national_draw,1174,"",66.60184104847981,62.969101950749284,3.6327390977305285
kernel_anchored,national_draw,1175,"",55.770840747226735,62.969101950749284,-7.198261203522549
kernel_anchored,national_draw,1176,"",72.16299917416816,62.969101950749284,9.19389722341888
kernel_anchored,national_draw,1177,"",59.345808317682646,62.969101950749284,-3.6232936330666377
kernel_anchored,national_draw,1178,"",54.72983835906149,62.969101950749284,-8.239263591687795
kernel_anchored,national_draw,1179,"",65.74819910051569,62.969101950749284,2.7790971497664074
kernel_anchored,national_draw,1180,"",65.85820921791945,62.969101950749284,2.889107267170168
kernel_anchored,national_draw,1181,"",77.60835802669101,62.969101950749284,14.639256075941724
kernel_anchored,national_draw,1182,"",54.413685361092476,62.969101950749284,-8.555416589656808
kernel_anchored,national_draw,1183,"",67.65003602410661,62.969101950749284,4.680934073357328
kernel_anchored,national_draw,1184,"",66.93428585720096,62.969101950749284,3.965183906451678
kernel_anchored,national_draw,1185,"",66.35040979628566,62.969101950749284,3.3813078455363765
kernel_anchored,national_draw,1186,"",54.6819462523053,62.969101950749284,-8.287155698443982
kernel_anchored,national_draw,1187,"",68.16455993794801,62.969101950749284,5.195457987198729
kernel_anchored,national_draw,1188,"",60.25171886336159,62.969101950749284,-2.717383087387695
kernel_anchored,national_draw,1189,"",64.92897585333436,62.969101950749284,1.9598739025850804
kernel_anchored,national_draw,1190,"",72.90754046540242,62.969101950749284,9.938438514653136
kernel_anchored,national_draw,1191,"",72.17696885944329,62.969101950749284,9.207866908694008
kernel_anchored,national_draw,1192,"",61.55161746772956,62.969101950749284,-1.4174844830197273
kernel_anchored,national_draw,1193,"",60.196608778109805,62.969101950749284,-2.7724931726394786
kernel_anchored,national_draw,1194,"",65.22102814344521,62.969101950749284,2.251926192695926
kernel_anchored,national_draw,1195,"",67.74416982040621,62.969101950749284,4.7750678696569295
kernel_anchored,national_draw,1196,"",54.427308804994304,62.969101950749284,-8.54179314575498
kernel_anchored,national_draw,1197,"",70.18991039250176,62.969101950749284,7.2208084417524745
kernel_anchored,national_draw,1198,"",62.64591794462626,62.969101950749284,-0.32318400612302156
kernel_anchored,national_draw,1199,"",69.06491446372324,62.969101950749284,6.095812512973957
kernel_anchored,national_draw,1200,"",56.664406633809286,62.969101950749284,-6.304695316939998
kernel_anchored,national_draw,1201,"",68.89393354875548,62.969101950749284,5.9248315980062
kernel_anchored,national_draw,1202,"",66.37462130138329,62.969101950749284,3.405519350634002
kernel_anchored,national_draw,1203,"",60.460153861818156,62.969101950749284,-2.5089480889311275
kernel_anchored,national_draw,1204,"",55.405029811497656,62.969101950749284,-7.564072139251628
kernel_anchored,national_draw,1205,"",59.16448863530787,62.969101950749284,-3.804613315441415
kernel_anchored,national_draw,1206,"",60.87540114082839,62.969101950749284,-2.0937008099208967
kernel_anchored,national_draw,1207,"",64.88696061682116,62.969101950749284,1.9178586660718722
kernel_anchored,national_draw,1208,"",57.83890815414361,62.969101950749284,-5.130193796605674
kernel_anchored,national_draw,1209,"",73.5287321132572,62.969101950749284,10.559630162507922
kernel_anchored,national_draw,1210,"",54.36221311853626,62.969101950749284,-8.606888832213023
kernel_anchored,national_draw,1211,"",61.678741142078096,62.969101950749284,-1.2903608086711884
kernel_anchored,national_draw,1212,"",66.87785774645478,62.969101950749284,3.9087557957054955
kernel_anchored,national_draw,1213,"",62.11015789322188,62.969101950749284,-0.8589440575274025
kernel_anchored,national_draw,1214,"",65.94771722947164,62.969101950749284,2.9786152787223514
kernel_anchored,national_draw,1215,"",59.66043554533328,62.969101950749284,-3.3086664054160053
kernel_anchored,national_draw,1216,"",71.13816856641229,62.969101950749284,8.169066615663006
kernel_anchored,national_draw,1217,"",61.65639010729305,62.969101950749284,-1.3127118434562348
kernel_anchored,national_draw,1218,"",62.16476246606864,62.969101950749284,-0.8043394846806464
kernel_anchored,national_draw,1219,"",53.82294679615816,62.969101950749284,-9.14615515459112
kernel_anchored,national_draw,1220,"",60.07823346912689,62.969101950749284,-2.890868481622391
kernel_anchored,national_draw,1221,"",67.98827691341697,62.969101950749284,5.019174962667684
kernel_anchored,national_draw,1222,"",66.30749894875349,62.969101950749284,3.3383969980042068
kernel_anchored,national_draw,1223,"",57.786958098492235,62.969101950749284,-5.182143852257049
kernel_anchored,national_draw,1224,"",72.34090491660211,62.969101950749284,9.37180296585283
kernel_anchored,national_draw,1225,"",66.62976656937515,62.969101950749284,3.660664618625866
kernel_anchored,national_draw,1226,"",57.99505839695461,62.969101950749284,-4.974043553794672
kernel_anchored,national_draw,1227,"",56.47103082681586,62.969101950749284,-6.498071123933421
kernel_anchored,national_draw,1228,"",61.114356162204295,62.969101950749284,-1.8547457885449887
kernel_anchored,national_draw,1229,"",57.3703927939876,62.969101950749284,-5.598709156761686
kernel_anchored,national_draw,1230,"",68.8182867335148,62.969101950749284,5.849184782765512
kernel_anchored,national_draw,1231,"",61.20878541780912,62.969101950749284,-1.7603165329401662
kernel_anchored,national_draw,1232,"",62.74880472284313,62.969101950749284,-0.22029722790615125
kernel_anchored,national_draw,1233,"",67.3156176395576,62.969101950749284,4.346515688808317
kernel_anchored,national_draw,1234,"",67.34302610666879,62.969101950749284,4.373924155919504
kernel_anchored,national_draw,1235,"",69.47194658908275,62.969101950749284,6.502844638333464
kernel_anchored,national_draw,1236,"",77.54938157943727,62.969101950749284,14.580279628687983
kernel_anchored,national_draw,1237,"",66.14856261702525,62.969101950749284,3.179460666275965
kernel_anchored,national_draw,1238,"",57.39725189145315,62.969101950749284,-5.571850059296132
kernel_anchored,national_draw,1239,"",73.70164967163969,62.969101950749284,10.732547720890402
kernel_anchored,national_draw,1240,"",68.9605457724286,62.969101950749284,5.991443821679319
kernel_anchored,national_draw,1241,"",62.40690059980316,62.969101950749284,-0.5622013509461254
kernel_anchored,national_draw,1242,"",65.43978113482642,62.969101950749284,2.4706791840771345
kernel_anchored,national_draw,1243,"",65.42885837363642,62.969101950749284,2.459756422887132
kernel_anchored,national_draw,1244,"",65.51707144245242,62.969101950749284,2.5479694917031352
kernel_anchored,national_draw,1245,"",56.80453051758769,62.969101950749284,-6.164571433161591
kernel_anchored,national_draw,1246,"",63.662101751152676,62.969101950749284,0.6929998004033919
kernel_anchored,national_draw,1247,"",71.55444533643916,62.969101950749284,8.585343385689875
kernel_anchored,national_draw,1248,"",68.59611056908948,62.969101950749284,5.6270086183401915
kernel_anchored,national_draw,1249,"",62.806363888742126,62.969101950749284,-0.16273806200715768
kernel_anchored,national_draw,1250,"",61.74390607681078,62.969101950749284,-1.2251958739385032
kernel_anchored,national_draw,1251,"",68.51789464285883,62.969101950749284,5.548792692109551
kernel_anchored,national_draw,1252,"",66.71734947889173,62.969101950749284,3.74824752814245
kernel_anchored,national_draw,1253,"",59.82880580034629,62.969101950749284,-3.140296150402996
kernel_anchored,national_draw,1254,"",63.230618060010045,62.969101950749284,0.26151610926076074
kernel_anchored,national_draw,1255,"",70.75287347446917,62.969101950749284,7.783771523719885
kernel_anchored,national_draw,1256,"",65.27114311981805,62.969101950749284,2.302041169068765
kernel_anchored,national_draw,1257,"",65.02830327023361,62.969101950749284,2.0592013194843233
kernel_anchored,national_draw,1258,"",62.77622934788507,62.969101950749284,-0.19287260286421315
kernel_anchored,national_draw,1259,"",62.490344770770776,62.969101950749284,-0.4787571799785084
kernel_anchored,national_draw,1260,"",72.19240199158962,62.969101950749284,9.223300040840336
kernel_anchored,national_draw,1261,"",65.54440142818565,62.969101950749284,2.575299477436367
kernel_anchored,national_draw,1262,"",64.2040479817602,62.969101950749284,1.2349460310109137
kernel_anchored,national_draw,1263,"",75.42108663977109,62.969101950749284,12.451984689021806
kernel_anchored,national_draw,1264,"",61.15346758773336,62.969101950749284,-1.8156343630159242
kernel_anchored,national_draw,1265,"",67.05201023240205,62.969101950749284,4.08290828165277
kernel_anchored,national_draw,1266,"",66.75057018452287,62.969101950749284,3.7814682337735874
kernel_anchored,national_draw,1267,"",66.57765955096787,62.969101950749284,3.6085576002185817
kernel_anchored,national_draw,1268,"",64.81092601124236,62.969101950749284,1.8418240604930745
kernel_anchored,national_draw,1269,"",64.79654776114673,62.969101950749284,1.8274458103974425
kernel_anchored,national_draw,1270,"",73.04271540581831,62.969101950749284,10.07361345506903
kernel_anchored,national_draw,1271,"",71.00948449760803,62.969101950749284,8.040382546858744
kernel_anchored,national_draw,1272,"",59.88776147311763,62.969101950749284,-3.081340477631656
kernel_anchored,national_draw,1273,"",54.78228469401461,62.969101950749284,-8.18681725673467
kernel_anchored,national_draw,1274,"",62.328903959775616,62.969101950749284,-0.6401979909736681
kernel_anchored,national_draw,1275,"",57.70589145162134,62.969101950749284,-5.263210499127943
kernel_anchored,national_draw,1276,"",71.05164053894639,62.969101950749284,8.082538588197103
kernel_anchored,national_draw,1277,"",58.8161305730694,62.969101950749284,-4.152971377679883
kernel_anchored,national_draw,1278,"",62.62541814705052,62.969101950749284,-0.3436838036987666
kernel_anchored,national_draw,1279,"",55.03563412341691,62.969101950749284,-7.933467827332372
kernel_anchored,national_draw,1280,"",72.61610910148771,62.969101950749284,9.647007150738425
kernel_anchored,national_draw,1281,"",59.64868642139898,62.969101950749284,-3.3204155293503064
kernel_anchored,national_draw,1282,"",65.06371222134408,62.969101950749284,2.094610270594792
kernel_anchored,national_draw,1283,"",64.12409854038718,62.969101950749284,1.1549965896378964
kernel_anchored,national_draw,1284,"",62.60615789359121,62.969101950749284,-0.36294405715807443
kernel_anchored,national_draw,1285,"",63.24925738727322,62.969101950749284,0.28015543652393404
kernel_anchored,national_draw,1286,"",69.3652119150705,62.969101950749284,6.396109964321219
kernel_anchored,national_draw,1287,"",60.046425428298846,62.969101950749284,-2.9226765224504376
kernel_anchored,national_draw,1288,"",50.55512994796523,62.969101950749284,-12.413972002784057
kernel_anchored,national_draw,1289,"",66.82585921701114,62.969101950749284,3.8567572662618588
kernel_anchored,national_draw,1290,"",57.69278967805531,62.969101950749284,-5.276312272693971
kernel_anchored,national_draw,1291,"",72.34961173300294,62.969101950749284,9.380509782253661
kernel_anchored,national_draw,1292,"",53.49365047565831,62.969101950749284,-9.47545147509097
kernel_anchored,national_draw,1293,"",56.123688405939106,62.969101950749284,-6.845413544810178
kernel_anchored,national_draw,1294,"",69.3457623829938,62.969101950749284,6.376660432244513
kernel_anchored,national_draw,1295,"",64.79914457144656,62.969101950749284,1.8300426206972773
kernel_anchored,national_draw,1296,"",57.54237319238632,62.969101950749284,-5.426728758362962
kernel_anchored,national_draw,1297,"",65.05275714429256,62.969101950749284,2.0836551935432723
kernel_anchored,national_draw,1298,"",50.75724719549682,62.969101950749284,-12.211854755252467
kernel_anchored,national_draw,1299,"",67.70125897287404,62.969101950749284,4.73215702212476
kernel_anchored,national_draw,1300,"",60.95724798492714,62.969101950749284,-2.011853965822141
kernel_anchored,national_draw,1301,"",69.54505199264334,62.969101950749284,6.575950041894053
kernel_anchored,national_draw,1302,"",58.745723543944806,62.969101950749284,-4.223378406804478
kernel_anchored,national_draw,1303,"",61.763459481299485,62.969101950749284,-1.2056424694497991
kernel_anchored,national_draw,1304,"",62.638441439238605,62.969101950749284,-0.3306605115106791
kernel_anchored,national_draw,1305,"",69.94320648919118,62.969101950749284,6.9741045384419
kernel_anchored,national_draw,1306,"",62.07922699720623,62.969101950749284,-0.8898749535430568
kernel_anchored,national_draw,1307,"",72.8484093636686,62.969101950749284,9.87930741291931
kernel_anchored,national_draw,1308,"",59.96613897865581,62.969101950749284,-3.0029629720934707
kernel_anchored,national_draw,1309,"",60.665382665157885,62.969101950749284,-2.3037192855913986
kernel_anchored,national_draw,1310,"",72.18838559165923,62.969101950749284,9.219283640909943
kernel_anchored,national_draw,1311,"",62.98821447455598,62.969101950749284,0.019112523806697368
kernel_anchored,national_draw,1312,"",68.92684494542647,62.969101950749284,5.957742994677183
kernel_anchored,national_draw,1313,"",65.63989941549609,62.969101950749284,2.670797464746805
kernel_anchored,national_draw,1314,"",60.17867809152402,62.969101950749284,-2.790423859225264
kernel_anchored,national_draw,1315,"",62.58311668433536,62.969101950749284,-0.3859852664139254
kernel_anchored,national_draw,1316,"",64.2250232841553,62.969101950749284,1.2559213334060146
kernel_anchored,national_draw,1317,"",69.43913675654792,62.969101950749284,6.47003480579864
kernel_anchored,national_draw,1318,"",48.95975818871812,62.969101950749284,-14.009343762031165
kernel_anchored,national_draw,1319,"",63.434972026813206,62.969101950749284,0.46587007606392206
kernel_anchored,national_draw,1320,"",64.5003959731759,62.969101950749284,1.5312940224266143
kernel_anchored,national_draw,1321,"",64.77241473742704,62.969101950749284,1.8033127866777576
kernel_anchored,national_draw,1322,"",65.20663604369464,62.969101950749284,2.23753409294536
kernel_anchored,national_draw,1323,"",67.00485908218475,62.969101950749284,4.035757131435467
kernel_anchored,national_draw,1324,"",62.86797407870883,62.969101950749284,-0.10112787204045048
kernel_anchored,national_draw,1325,"",69.46751469950439,62.969101950749284,6.498412748755108
kernel_anchored,national_draw,1326,"",55.63212260342397,62.969101950749284,-7.336979347325311
kernel_anchored,national_draw,1327,"",63.77474791954523,62.969101950749284,0.8056459687959432
kernel_anchored,national_draw,1328,"",71.85058558303089,62.969101950749284,8.881483632281608
kernel_anchored,national_draw,1329,"",63.95870826946045,62.969101950749284,0.9896063187111679
kernel_anchored,national_draw,1330,"",64.00839159825456,62.969101950749284,1.039289647505278
kernel_anchored,national_draw,1331,"",67.59323628095308,62.969101950749284,4.624134330203795
kernel_anchored,national_draw,1332,"",66.61232523726363,62.969101950749284,3.643223286514349
kernel_anchored,national_draw,1333,"",79.62717836894414,62.969101950749284,16.65807641819486
kernel_anchored,national_draw,1334,"",68.33042340541824,62.969101950749284,5.3613214546689605
kernel_anchored,national_draw,1335,"",57.90278276269177,62.969101950749284,-5.066319188057513
kernel_anchored,national_draw,1336,"",71.51097819443387,62.969101950749284,8.541876243684591
kernel_anchored,national_draw,1337,"",73.54584105365035,62.969101950749284,10.576739102901065
kernel_anchored,national_draw,1338,"",67.85117687096547,62.969101950749284,4.882074920216191
kernel_anchored,national_draw,1339,"",57.39553915079318,62.969101950749284,-5.5735627999561075
kernel_anchored,national_draw,1340,"",67.98573088518522,62.969101950749284,5.016628934435936
kernel_anchored,national_draw,1341,"",50.49356592351496,62.969101950749284,-12.475536027234327
kernel_anchored,national_draw,1342,"",67.55786426225578,62.969101950749284,4.588762311506493
kernel_anchored,national_draw,1343,"",62.01973580444417,62.969101950749284,-0.9493661463051168
kernel_anchored,national_draw,1344,"",60.03808793602955,62.969101950749284,-2.931014014719736
kernel_anchored,national_draw,1345,"",64.38913246200076,62.969101950749284,1.4200305112514755
kernel_anchored,national_draw,1346,"",51.540706017091075,62.969101950749284,-11.428395933658209
kernel_anchored,national_draw,1347,"",66.02899162116651,62.969101950749284,3.0598896704172276
kernel_anchored,national_draw,1348,"",61.415934706632804,62.969101950749284,-1.55316724411648
kernel_anchored,national_draw,1349,"",61.53942515483741,62.969101950749284,-1.429676795911874
kernel_anchored,national_draw,1350,"",63.61080724583476,62.969101950749284,0.6417052950854796
kernel_anchored,national_draw,1351,"",67.10401799494899,62.969101950749284,4.134916044199706
kernel_anchored,national_draw,1352,"",62.1539943593587,62.969101950749284,-0.8151075913905856
kernel_anchored,national_draw,1353,"",69.25811945830583,62.969101950749284,6.289017507556544
kernel_anchored,national_draw,1354,"",66.12010619269086,62.969101950749284,3.151004241941571
kernel_anchored,national_draw,1355,"",66.97635187578226,62.969101950749284,4.007249925032973
kernel_anchored,national_draw,1356,"",62.00548450951874,62.969101950749284,-0.9636174412305465
kernel_anchored,national_draw,1357,"",65.74511986056906,62.969101950749284,2.776017909819778
kernel_anchored,national_draw,1358,"",62.72449396188515,62.969101950749284,-0.24460798886413215
kernel_anchored,national_draw,1359,"",66.79456822996724,62.969101950749284,3.825466279217956
kernel_anchored,national_draw,1360,"",62.70586386772526,62.969101950749284,-0.26323808302402085
kernel_anchored,national_draw,1361,"",67.28196066979609,62.969101950749284,4.312858719046808
kernel_anchored,national_draw,1362,"",69.17182225842214,62.969101950749284,6.202720307672855
kernel_anchored,national_draw,1363,"",60.91640073597989,62.969101950749284,-2.0527012147693924
kernel_anchored,national_draw,1364,"",65.46983950258132,62.969101950749284,2.5007375518320387
kernel_anchored,national_draw,1365,"",66.55502921480836,62.969101950749284,3.585927264059073
kernel_anchored,national_draw,1366,"",70.72350528118504,62.969101950749284,7.754403330435757
kernel_anchored,national_draw,1367,"",68.05530231846224,62.969101950749284,5.086200367712955
kernel_anchored,national_draw,1368,"",73.7350965883014,62.969101950749284,10.765994637552119
kernel_anchored,national_draw,1369,"",66.64418406015976,62.969101950749284,3.675082109410475
kernel_anchored,national_draw,1370,"",53.608097099192086,62.969101950749284,-9.361004851557198
kernel_anchored,national_draw,1371,"",55.359993041933365,62.969101950749284,-7.609108908815919
kernel_anchored,national_draw,1372,"",59.682851211841346,62.969101950749284,-3.2862507389079383
kernel_anchored,national_draw,1373,"",65.91008771702033,62.969101950749284,2.940985766271048
kernel_anchored,national_draw,1374,"",59.51522191336722,62.969101950749284,-3.4538800373820635
kernel_anchored,national_draw,1375,"",64.25739685255974,62.969101950749284,1.2882949018104526
kernel_anchored,national_draw,1376,"",68.22825680925787,62.969101950749284,5.259154858508587
kernel_anchored,national_draw,1377,"",66.60087849746202,62.969101950749284,3.631776546712736
kernel_anchored,national_draw,1378,"",68.03145090439286,62.969101950749284,5.062348953643571
kernel_anchored,national_draw,1379,"",64.84656809821085,62.969101950749284,1.8774661474615684
kernel_anchored,national_draw,1380,"",67.16632297593814,62.969101950749284,4.19722102518886
kernel_anchored,national_draw,1381,"",67.21825456538294,62.969101950749284,4.249152614633651
kernel_anchored,national_draw,1382,"",73.74995265149221,62.969101950749284,10.780850700742924
kernel_anchored,national_draw,1383,"",62.54055900300397,62.969101950749284,-0.42854294774531354
kernel_anchored,national_draw,1384,"",68.33160985919079,62.969101950749284,5.362507908441508
kernel_anchored,national_draw,1385,"",64.62785665579446,62.969101950749284,1.658754705045176
kernel_anchored,national_draw,1386,"",71.9742860843353,62.969101950749284,9.00518413358602
kernel_anchored,national_draw,1387,"",60.648707680619296,62.969101950749284,-2.320394270129988
kernel_anchored,national_draw,1388,"",61.91821783378978,62.969101950749284,-1.0508841169595016
kernel_anchored,national_draw,1389,"",67.29229251237565,62.969101950749284,4.323190561626369
kernel_anchored,national_draw,1390,"",67.39201926099211,62.969101950749284,4.4229173102428305
kernel_anchored,national_draw,1391,"",72.74856027643357,62.969101950749284,9.779458325684281
kernel_anchored,national_draw,1392,"",62.89758464095427,62.969101950749284,-0.0715173097950128
kernel_anchored,national_draw,1393,"",70.6738912006656,62.969101950749284,7.70478924991631
kernel_anchored,national_draw,1394,"",53.651977422569516,62.969101950749284,-9.317124528179768
kernel_anchored,national_draw,1395,"",68.32851215303758,62.969101950749284,5.359410202288295
kernel_anchored,national_draw,1396,"",71.6291549916961,62.969101950749284,8.660053040946813
kernel_anchored,national_draw,1397,"",56.07461677023785,62.969101950749284,-6.894485180511431
kernel_anchored,national_draw,1398,"",57.59773026315106,62.969101950749284,-5.371371687598227
kernel_anchored,national_draw,1399,"",67.73404572265063,62.969101950749284,4.7649437719013505
kernel_anchored,national_draw,1400,"",70.9241867811553,62.969101950749284,7.955084830406015
kernel_anchored,national_draw,1401,"",63.848596587920525,62.969101950749284,0.8794946371712413
kernel_anchored,national_draw,1402,"",64.44755261478137,62.969101950749284,1.4784506640320885
kernel_anchored,national_draw,1403,"",64.17611322776156,62.969101950749284,1.2070112770122776
kernel_anchored,national_draw,1404,"",64.14798919514554,62.969101950749284,1.1788872443962575
kernel_anchored,national_draw,1405,"",59.56747204487547,62.969101950749284,-3.4016299058738113
kernel_anchored,national_draw,1406,"",68.97747928385928,62.969101950749284,6.008377333109998
kernel_anchored,national_draw,1407,"",48.02249202427225,62.969101950749284,-14.94660992647703
kernel_anchored,national_draw,1408,"",65.92890708979763,62.969101950749284,2.959805139048349
kernel_anchored,national_draw,1409,"",75.77944184459491,62.969101950749284,12.81033989384563
kernel_anchored,national_draw,1410,"",56.19261583026177,62.969101950749284,-6.776486120487512
kernel_anchored,national_draw,1411,"",65.65161391529305,62.969101950749284,2.682511964543771
kernel_anchored,national_draw,1412,"",71.80012205700892,62.969101950749284,8.831020106259636
kernel_anchored,national_draw,1413,"",62.81989500161106,62.969101950749284,-0.1492069491382253
kernel_anchored,national_draw,1414,"",58.69776449718977,62.969101950749284,-4.271337453559511
kernel_anchored,national_draw,1415,"",60.80563581238233,62.969101950749284,-2.1634661383669567
kernel_anchored,national_draw,1416,"",76.53606465148187,62.969101950749284,13.566962700732581
kernel_anchored,national_draw,1417,"",64.82609138339332,62.969101950749284,1.8569894326440348
kernel_anchored,national_draw,1418,"",67.24377024632004,62.969101950749284,4.274668295570756
kernel_anchored,national_draw,1419,"",65.23328970461202,62.969101950749284,2.2641877538627355
kernel_anchored,national_draw,1420,"",65.8704546211555,62.969101950749284,2.9013526704062187
kernel_anchored,national_draw,1421,"",69.88585275984036,62.969101950749284,6.916750809091077
kernel_anchored,national_draw,1422,"",72.81990215726611,62.969101950749284,9.85080020651683
kernel_anchored,national_draw,1423,"",61.12953538401019,62.969101950749284,-1.8395665667390944
kernel_anchored,national_draw,1424,"",69.64812343292597,62.969101950749284,6.679021482176687
kernel_anchored,national_draw,1425,"",72.89734250282054,62.969101950749284,9.928240552071252
kernel_anchored,national_draw,1426,"",63.359025135715655,62.969101950749284,0.3899231849663707
kernel_anchored,national_draw,1427,"",64.88518555271399,62.969101950749284,1.9160836019647078
kernel_anchored,national_draw,1428,"",64.69195516709736,62.969101950749284,1.7228532163480779
kernel_anchored,national_draw,1429,"",70.18664649048935,62.969101950749284,7.217544539740068
kernel_anchored,national_draw,1430,"",71.40306399147656,62.969101950749284,8.433962040727273
kernel_anchored,national_draw,1431,"",69.89796889963037,62.969101950749284,6.928866948881087
kernel_anchored,national_draw,1432,"",65.06452473443345,62.969101950749284,2.095422783684164
kernel_anchored,national_draw,1433,"",65.10444405650023,62.969101950749284,2.1353421057509436
kernel_anchored,national_draw,1434,"",64.5045185537941,62.969101950749284,1.5354166030448155
kernel_anchored,national_draw,1435,"",73.32111193616583,62.969101950749284,10.35200998541655
kernel_anchored,national_draw,1436,"",63.92510439004284,62.969101950749284,0.956002439293556
kernel_anchored,national_draw,1437,"",63.92336856662465,62.969101950749284,0.954266615875369
kernel_anchored,national_draw,1438,"",64.12969149270403,62.969101950749284,1.1605895419547423
kernel_anchored,national_draw,1439,"",61.381811465155224,62.969101950749284,-1.5872904855940604
kernel_anchored,national_draw,1440,"",76.45305674464461,62.969101950749284,13.483954793895329
kernel_anchored,national_draw,1441,"",68.25394791915744,62.969101950749284,5.284845968408156
kernel_anchored,national_draw,1442,"",75.00061573257554,62.969101950749284,12.031513781826256
kernel_anchored,national_draw,1443,"",60.31159784646175,62.969101950749284,-2.6575041042875327
kernel_anchored,national_draw,1444,"",64.20361402590564,62.969101950749284,1.2345120751563528
kernel_anchored,national_draw,1445,"",56.87628096324073,62.969101950749284,-6.092820987508553
kernel_anchored,national_draw,1446,"",58.73488388068439,62.969101950749284,-4.234218070064891
kernel_anchored,national_draw,1447,"",59.67521312714613,62.969101950749284,-3.2938888236031545
kernel_anchored,national_draw,1448,"",70.35265768761222,62.969101950749284,7.383555736862938
kernel_anchored,national_draw,1449,"",66.40609002566549,62.969101950749284,3.436988074916208
kernel_anchored,national_draw,1450,"",62.12360129160959,62.969101950749284,-0.8455006591396952
kernel_anchored,national_draw,1451,"",66.32252120780348,62.969101950749284,3.353419257054192
kernel_anchored,national_draw,1452,"",56.30315454282878,62.969101950749284,-6.665947407920505
kernel_anchored,national_draw,1453,"",66.90728133835864,62.969101950749284,3.9381793876093596
kernel_anchored,national_draw,1454,"",60.976923728034414,62.969101950749284,-1.9921782227148697
kernel_anchored,national_draw,1455,"",65.22290246341274,62.969101950749284,2.253800512663453
kernel_anchored,national_draw,1456,"",69.12766725022188,62.969101950749284,6.158565299472592
kernel_anchored,national_draw,1457,"",72.37218205399107,62.969101950749284,9.403080103241784
kernel_anchored,national_draw,1458,"",59.85473004610389,62.969101950749284,-3.1143719046453953
kernel_anchored,national_draw,1459,"",65.86663442466998,62.969101950749284,2.8975324739206982
kernel_anchored,national_draw,1460,"",59.029339085926004,62.969101950749284,-3.9397628648232796
kernel_anchored,national_draw,1461,"",70.32319716329522,62.969101950749284,7.354095212545936
kernel_anchored,national_draw,1462,"",58.292994482135896,62.969101950749284,-4.676107468613388
kernel_anchored,national_draw,1463,"",66.06364114953152,62.969101950749284,3.094539198782236
kernel_anchored,national_draw,1464,"",58.508317375645504,62.969101950749284,-4.46078457510378
kernel_anchored,national_draw,1465,"",69.98152386783745,62.969101950749284,7.012421917088169
kernel_anchored,national_draw,1466,"",66.7779417192209,62.969101950749284,3.8088397684716213
kernel_anchored,national_draw,1467,"",71.41956123877684,62.969101950749284,8.450459288027552
kernel_anchored,national_draw,1468,"",74.02013171991317,62.969101950749284,11.051029769163883
kernel_anchored,national_draw,1469,"",63.18387085806161,62.969101950749284,0.214768907312326
kernel_anchored,national_draw,1470,"",66.48700432633213,62.969101950749284,3.5179023755828425
kernel_anchored,national_draw,1471,"",65.3811001468779,62.969101950749284,2.4119981961286143
kernel_anchored,national_draw,1472,"",61.89914455067207,62.969101950749284,-1.0699574000772145
kernel_anchored,national_draw,1473,"",62.78589409875206,62.969101950749284,-0.18320785199722422
kernel_anchored,national_draw,1474,"",52.68732356549487,62.969101950749284,-10.281778385254412
kernel_anchored,national_draw,1475,"",61.50081693343756,62.969101950749284,-1.4682850173117217
kernel_anchored,national_draw,1476,"",70.54759158078554,62.969101950749284,7.578489630036252
kernel_anchored,national_draw,1477,"",53.38177527139034,62.969101950749284,-9.587326679358945
kernel_anchored,national_draw,1478,"",68.4646519527471,62.969101950749284,5.49555000199782
kernel_anchored,national_draw,1479,"",62.40786084254514,62.969101950749284,-0.5612411082041433
kernel_anchored,national_draw,1480,"",51.53814152265276,62.969101950749284,-11.430960428096526
kernel_anchored,national_draw,1481,"",60.70103629350548,62.969101950749284,-2.2680656572438025
kernel_anchored,national_draw,1482,"",69.03670964145344,62.969101950749284,6.067607690704158
kernel_anchored,national_draw,1483,"",72.53134921330151,62.969101950749284,9.562247262552226
kernel_anchored,national_draw,1484,"",70.28008780404234,62.969101950749284,7.3109858532930545
kernel_anchored,national_draw,1485,"",58.91729306924719,62.969101950749284,-4.051808881502097
kernel_anchored,national_draw,1486,"",75.99668060703684,62.969101950749284,13.027578656287552
kernel_anchored,national_draw,1487,"",68.1375369528991,62.969101950749284,5.168435002149813
kernel_anchored,national_draw,1488,"",69.16281536616444,62.969101950749284,6.193713415415154
kernel_anchored,national_draw,1489,"",63.32578365560211,62.969101950749284,0.356681704852825
kernel_anchored,national_draw,1490,"",56.43461777572279,62.969101950749284,-6.534484175026492
kernel_anchored,national_draw,1491,"",73.74800446669838,62.969101950749284,10.778902515949092
kernel_anchored,national_draw,1492,"",54.608005252897115,62.969101950749284,-8.361096697852169
kernel_anchored,national_draw,1493,"",49.46139499864493,62.969101950749284,-13.507706952104357
kernel_anchored,national_draw,1494,"",61.174606777711816,62.969101950749284,-1.7944951730374683
kernel_anchored,national_draw,1495,"",66.58906935835634,62.969101950749284,3.6199674076070565
kernel_anchored,national_draw,1496,"",64.15453084882526,62.969101950749284,1.1854288980759762
kernel_anchored,national_draw,1497,"",66.79398423618426,62.969101950749284,3.824882285434974
kernel_anchored,national_draw,1498,"",77.59928881098612,62.969101950749284,14.63018686023684
kernel_anchored,national_draw,1499,"",66.33839752890763,62.969101950749284,3.3692955781583507
kernel_anchored,national_draw,1500,"",60.90747232510015,62.969101950749284,-2.0616296256491324
kernel_anchored,national_draw,1501,"",70.5604971509067,62.969101950749284,7.5913952001574145
kernel_anchored,national_draw,1502,"",65.20849882228306,62.969101950749284,2.2393968715337778
kernel_anchored,national_draw,1503,"",69.88280352747941,62.969101950749284,6.913701576730126
kernel_anchored,national_draw,1504,"",60.526200557914876,62.969101950749284,-2.4429013928344077
kernel_anchored,national_draw,1505,"",59.7164389333282,62.969101950749284,-3.252663017421085
kernel_anchored,national_draw,1506,"",69.62469904988366,62.969101950749284,6.655597099134376
kernel_anchored,national_draw,1507,"",74.055600686195,62.969101950749284,11.086498735445723
kernel_anchored,national_draw,1508,"",73.90960916527692,62.969101950749284,10.940507214527635
kernel_anchored,national_draw,1509,"",65.10167181723793,62.969101950749284,2.1325698664886445
kernel_anchored,national_draw,1510,"",63.10014738571952,62.969101950749284,0.13104543497023258
kernel_anchored,national_draw,1511,"",67.40478864283976,62.969101950749284,4.435686692090478
kernel_anchored,national_draw,1512,"",60.74514975274096,62.969101950749284,-2.2239521980083268
kernel_anchored,national_draw,1513,"",65.52983851602426,62.969101950749284,2.560736565274972
kernel_anchored,national_draw,1514,"",75.43358595334757,62.969101950749284,12.46448400259829
kernel_anchored,national_draw,1515,"",72.9229805223762,62.969101950749284,9.953878571626923
kernel_anchored,national_draw,1516,"",63.486548141781405,62.969101950749284,0.5174461910321213
kernel_anchored,national_draw,1517,"",69.07116296637356,62.969101950749284,6.10206101562428
kernel_anchored,national_draw,1518,"",72.73219460085514,62.969101950749284,9.763092650105854
kernel_anchored,national_draw,1519,"",72.52697733889453,62.969101950749284,9.557875388145241
kernel_anchored,national_draw,1520,"",60.30344732453404,62.969101950749284,-2.665654626215243
kernel_anchored,national_draw,1521,"",56.46838323444795,62.969101950749284,-6.500718716301336
kernel_anchored,national_draw,1522,"",63.94805788481746,62.969101950749284,0.9789559340681748
kernel_anchored,national_draw,1523,"",63.687709763122655,62.969101950749284,0.7186078123733708
kernel_anchored,national_draw,1524,"",67.19990608087335,62.969101950749284,4.2308041301240635
kernel_anchored,national_draw,1525,"",72.13573151188211,62.969101950749284,9.16662956113283
kernel_anchored,national_draw,1526,"",72.39396756119973,62.969101950749284,9.424865610450446
kernel_anchored,national_draw,1527,"",61.77772462587985,62.969101950749284,-1.1913773248694355
kernel_anchored,national_draw,1528,"",73.13769864762044,62.969101950749284,10.168596696871155
kernel_anchored,national_draw,1529,"",62.402184792298684,62.969101950749284,-0.5669171584506003
kernel_anchored,national_draw,1530,"",65.58611658884199,62.969101950749284,2.617014638092705
kernel_anchored,national_draw,1531,"",65.47413751216202,62.969101950749284,2.5050355614127326
kernel_anchored,national_draw,1532,"",65.99671730862241,62.969101950749284,3.027615357873124
kernel_anchored,national_draw,1533,"",74.42301587362043,62.969101950749284,11.453913922871145
kernel_anchored,national_draw,1534,"",69.63489470418972,62.969101950749284,6.665792753440435
kernel_anchored,national_draw,1535,"",65.8345609321224,62.969101950749284,2.8654589813731164
kernel_anchored,national_draw,1536,"",63.271811550330604,62.969101950749284,0.3027095995813198
kernel_anchored,national_draw,1537,"",68.34479934723807,62.969101950749284,5.375697396488782
kernel_anchored,national_draw,1538,"",68.40698660616029,62.969101950749284,5.437884655411004
kernel_anchored,national_draw,1539,"",65.64252161682995,62.969101950749284,2.673419666080669
kernel_anchored,national_draw,1540,"",62.42663635808181,62.969101950749284,-0.542465592667476
kernel_anchored,national_draw,1541,"",65.86327588334888,62.969101950749284,2.8941739325995925
kernel_anchored,national_draw,1542,"",64.50374066484207,62.969101950749284,1.534638714092786
kernel_anchored,national_draw,1543,"",60.505977753437776,62.969101950749284,-2.463124197311508
kernel_anchored,national_draw,1544,"",63.14715311456003,62.969101950749284,0.1780511638107427
kernel_anchored,national_draw,1545,"",68.99084650914484,62.969101950749284,6.021744558395561
kernel_anchored,national_draw,1546,"",58.178097744816824,62.969101950749284,-4.79100420593246
kernel_anchored,national_draw,1547,"",62.479299670962206,62.969101950749284,-0.489802279787078
kernel_anchored,national_draw,1548,"",65.68698131743874,62.969101950749284,2.717879366689452
kernel_anchored,national_draw,1549,"",56.043595851465135,62.969101950749284,-6.925506099284149
kernel_anchored,national_draw,1550,"",79.30260939732788,62.969101950749284,16.3335074465786
kernel_anchored,national_draw,1551,"",63.80212868734656,62.969101950749284,0.8330267365972759
kernel_anchored,national_draw,1552,"",65.51537947627483,62.969101950749284,2.5462775255255465
kernel_anchored,national_draw,1553,"",63.176452059569485,62.969101950749284,0.20735010882020077
kernel_anchored,national_draw,1554,"",70.76701397215514,62.969101950749284,7.797912021405857
kernel_anchored,national_draw,1555,"",70.30697690909356,62.969101950749284,7.33787495834428
kernel_anchored,national_draw,1556,"",51.764091718047155,62.969101950749284,-11.20501023270213
kernel_anchored,national_draw,1557,"",66.19462656933037,62.969101950749284,3.2255246185810833
kernel_anchored,national_draw,1558,"",61.252557252222914,62.969101950749284,-1.71654469852637
kernel_anchored,national_draw,1559,"",67.32087820015609,62.969101950749284,4.351776249406804
kernel_anchored,national_draw,1560,"",62.165831197774246,62.969101950749284,-0.8032707529750382
kernel_anchored,national_draw,1561,"",66.74736860595767,62.969101950749284,3.778266655208391
kernel_anchored,national_draw,1562,"",60.143860059024,62.969101950749284,-2.825241891725284
kernel_anchored,national_draw,1563,"",65.29398581735319,62.969101950749284,2.324883866603905
kernel_anchored,national_draw,1564,"",64.62030397730466,62.969101950749284,1.6512020265553744
kernel_anchored,national_draw,1565,"",63.98434628901612,62.969101950749284,1.0152443382668395
kernel_anchored,national_draw,1566,"",75.38218988389349,62.969101950749284,12.413087933144205
kernel_anchored,national_draw,1567,"",53.407932653005965,62.969101950749284,-9.56116929774332
kernel_anchored,national_draw,1568,"",62.437039757211856,62.969101950749284,-0.5320621935374277
kernel_anchored,national_draw,1569,"",65.7872412777701,62.969101950749284,2.818139327020809
kernel_anchored,national_draw,1570,"",66.74064690676383,62.969101950749284,3.7715449560145444
kernel_anchored,national_draw,1571,"",67.3062114155827,62.969101950749284,4.337109464833411
kernel_anchored,national_draw,1572,"",59.22546635769933,62.969101950749284,-3.7436355930499516
kernel_anchored,national_draw,1573,"",70.75014970899913,62.969101950749284,7.781047758249848
kernel_anchored,national_draw,1574,"",67.28818147313656,62.969101950749284,4.319079522387277
kernel_anchored,national_draw,1575,"",61.33827045832363,62.969101950749284,-1.6308314924256564
kernel_anchored,national_draw,1576,"",69.23386409596758,62.969101950749284,6.264762145218292
kernel_anchored,national_draw,1577,"",67.75535572503993,62.969101950749284,4.78625377429065
kernel_anchored,national_draw,1578,"",66.78663006941517,62.969101950749284,3.8175281186658836
kernel_anchored,national_draw,1579,"",74.47554761477896,62.969101950749284,11.506445664029677
kernel_anchored,national_draw,1580,"",72.51886374937997,62.969101950749284,9.54976179863069
kernel_anchored,national_draw,1581,"",65.52527967127567,62.969101950749284,2.556177720526385
kernel_anchored,national_draw,1582,"",74.90843704589723,62.969101950749284,11.939335095147946
kernel_anchored,national_draw,1583,"",71.87183095369717,62.969101950749284,8.902729002947886
kernel_anchored,national_draw,1584,"",62.06012601477864,62.969101950749284,-0.9089759359706449
kernel_anchored,national_draw,1585,"",63.921974368028124,62.969101950749284,0.9528724172788401
kernel_anchored,national_draw,1586,"",63.161683710859926,62.969101950749284,0.19258176011064165
kernel_anchored,national_draw,1587,"",65.03890056453271,62.969101950749284,2.0697986137834263
kernel_anchored,national_draw,1588,"",62.10126410647947,62.969101950749284,-0.8678378442698147
kernel_anchored,national_draw,1589,"",71.59367679231097,62.969101950749284,8.624574841561689
kernel_anchored,national_draw,1590,"",75.28904633792156,62.969101950749284,12.319944387172278
kernel_anchored,national_draw,1591,"",61.126126060621,62.969101950749284,-1.8429758901282867
kernel_anchored,national_draw,1592,"",64.79885603696879,62.969101950749284,1.829754086219502
kernel_anchored,national_draw,1593,"",58.75850908372322,62.969101950749284,-4.210592867026065
kernel_anchored,national_draw,1594,"",75.20778810415743,62.969101950749284,12.238686153408146
kernel_anchored,national_draw,1595,"",65.60580387332838,62.969101950749284,2.6367019225790997
kernel_anchored,national_draw,1596,"",66.62655344943083,62.969101950749284,3.657451498681546
kernel_anchored,national_draw,1597,"",66.3648411367252,62.969101950749284,3.39573918597592
kernel_anchored,national_draw,1598,"",68.40880321923225,62.969101950749284,5.43970126848297
kernel_anchored,national_draw,1599,"",66.70755546457872,62.969101950749284,3.738453513829434
kernel_anchored,national_draw,1600,"",68.57167285296129,62.969101950749284,5.602570902212001
kernel_anchored,national_draw,1601,"",58.72510602430213,62.969101950749284,-4.243995926447155
kernel_anchored,national_draw,1602,"",68.83119461191178,62.969101950749284,5.8620926611624995
kernel_anchored,national_draw,1603,"",65.89769227585586,62.969101950749284,2.928590325106576
kernel_anchored,national_draw,1604,"",58.82708795839674,62.969101950749284,-4.142013992352545
kernel_anchored,national_draw,1605,"",68.64811602336059,62.969101950749284,5.679014072611302
kernel_anchored,national_draw,1606,"",63.68577081143212,62.969101950749284,0.7166688606828373
kernel_anchored,national_draw,1607,"",63.603561568029306,62.969101950749284,0.6344596172800223
kernel_anchored,national_draw,1608,"",65.2757504383589,62.969101950749284,2.306648487609614
kernel_anchored,national_draw,1609,"",75.6841031283162,62.969101950749284,12.715001177566911
kernel_anchored,national_draw,1610,"",68.00839122893044,62.969101950749284,5.039289278181151
kernel_anchored,national_draw,1611,"",69.84149231509193,62.969101950749284,6.8723903643426425
kernel_anchored,national_draw,1612,"",58.7699211993875,62.969101950749284,-4.199180751361787
kernel_anchored,national_draw,1613,"",70.31667166754623,62.969101950749284,7.347569716796947
kernel_anchored,national_draw,1614,"",57.818895402766316,62.969101950749284,-5.150206547982968
kernel_anchored,national_draw,1615,"",69.22264356719653,62.969101950749284,6.253541616447244
kernel_anchored,national_draw,1616,"",68.4518894957269,62.969101950749284,5.482787544977619
kernel_anchored,national_draw,1617,"",70.33084909764536,62.969101950749284,7.361747146896072
kernel_anchored,national_draw,1618,"",60.68823228752049,62.969101950749284,-2.280869663228792
kernel_anchored,national_draw,1619,"",70.03108024146135,62.969101950749284,7.061978290712069
kernel_anchored,national_draw,1620,"",57.43012635571099,62.969101950749284,-5.538975595038295
kernel_anchored,national_draw,1621,"",55.26864764282682,62.969101950749284,-7.700454307922463
kernel_anchored,national_draw,1622,"",68.29049023369654,62.969101950749284,5.321388282947261
kernel_anchored,national_draw,1623,"",59.21394806134723,62.969101950749284,-3.7551538894020524
kernel_anchored,national_draw,1624,"",59.973885552314655,62.969101950749284,-2.9952163984346285
kernel_anchored,national_draw,1625,"",52.833612853994005,62.969101950749284,-10.135489096755279
kernel_anchored,national_draw,1626,"",66.0687862963389,62.969101950749284,3.0996843455896155
kernel_anchored,national_draw,1627,"",57.50308864617061,62.969101950749284,-5.466013304578674
kernel_anchored,national_draw,1628,"",66.3571199541004,62.969101950749284,3.388018003351114
kernel_anchored,national_draw,1629,"",61.23668323939459,62.969101950749284,-1.732418711354697
kernel_anchored,national_draw,1630,"",56.39793234808273,62.969101950749284,-6.571169602666551
kernel_anchored,national_draw,1631,"",70.74483605805673,62.969101950749284,7.77573410730745
kernel_anchored,national_draw,1632,"",61.695803916954794,62.969101950749284,-1.2732980337944895
kernel_anchored,national_draw,1633,"",57.63423102872536,62.969101950749284,-5.334870922023924
kernel_anchored,national_draw,1634,"",55.94104377324246,62.969101950749284,-7.028058177506821
kernel_anchored,national_draw,1635,"",63.40599854869466,62.969101950749284,0.4368965979453776
kernel_anchored,national_draw,1636,"",62.976610771998466,62.969101950749284,0.007508821249182063
kernel_anchored,national_draw,1637,"",72.88601117681003,62.969101950749284,9.916909226060746
kernel_anchored,national_draw,1638,"",58.957535549929055,62.969101950749284,-4.011566400820229
kernel_anchored,national_draw,1639,"",66.87490776995418,62.969101950749284,3.9058058192048932
kernel_anchored,national_draw,1640,"",62.27422783037838,62.969101950749284,-0.6948741203709048
kernel_anchored,national_draw,1641,"",66.59754996372659,62.969101950749284,3.6284480129773087
kernel_anchored,national_draw,1642,"",74.98693458177816,62.969101950749284,12.017832631028874
kernel_anchored,national_draw,1643,"",72.97330324357303,62.969101950749284,10.004201292823744
kernel_anchored,national_draw,1644,"",70.81579014855117,62.969101950749284,7.846688197801889
kernel_anchored,national_draw,1645,"",58.950460684534434,62.969101950749284,-4.01864126621485
kernel_anchored,national_draw,1646,"",49.95105647360686,62.969101950749284,-13.018045477142422
kernel_anchored,national_draw,1647,"",71.48472617350954,62.969101950749284,8.515624222760259
kernel_anchored,national_draw,1648,"",64.36393532312711,62.969101950749284,1.3948333723778248
kernel_anchored,national_draw,1649,"",65.49878989794166,62.969101950749284,2.5296879471923788
kernel_anchored,national_draw,1650,"",67.81162225647857,62.969101950749284,4.842520305729288
kernel_anchored,national_draw,1651,"",63.33355792857082,62.969101950749284,0.36445597782153527
kernel_anchored,national_draw,1652,"",64.69248837881226,62.969101950749284,1.7233864280629732
kernel_anchored,national_draw,1653,"",68.55702453459446,62.969101950749284,5.587922583845177
kernel_anchored,national_draw,1654,"",62.243783980561176,62.969101950749284,-0.7253179701881081
kernel_anchored,national_draw,1655,"",65.25987642553056,62.969101950749284,2.29077447478128
kernel_anchored,national_draw,1656,"",50.28364439542897,62.969101950749284,-12.685457555320312
kernel_anchored,national_draw,1657,"",67.51980079394994,62.969101950749284,4.5506988432006565
kernel_anchored,national_draw,1658,"",61.357449922129156,62.969101950749284,-1.611652028620128
kernel_anchored,national_draw,1659,"",73.52665235674154,62.969101950749284,10.557550405992252
kernel_anchored,national_draw,1660,"",70.18034258921931,62.969101950749284,7.211240638470024
kernel_anchored,national_draw,1661,"",63.39298679788568,62.969101950749284,0.4238848471363994
kernel_anchored,national_draw,1662,"",69.78209345336275,62.969101950749284,6.812991502613464
kernel_anchored,national_draw,1663,"",73.57611639933255,62.969101950749284,10.607014448583264
kernel_anchored,national_draw,1664,"",65.90821339705283,62.969101950749284,2.9391114463035493
kernel_anchored,national_draw,1665,"",71.26495984904246,62.969101950749284,8.295857898293171
kernel_anchored,national_draw,1666,"",55.83541014679734,62.969101950749284,-7.1336918039519475
kernel_anchored,national_draw,1667,"",65.00950467193873,62.969101950749284,2.0404027211894444
kernel_anchored,national_draw,1668,"",60.02992356444691,62.969101950749284,-2.9391783863023733
kernel_anchored,national_draw,1669,"",61.643200619245775,62.969101950749284,-1.325901331503509
kernel_anchored,national_draw,1670,"",61.97682957346363,62.969101950749284,-0.9922723772856514
kernel_anchored,national_draw,1671,"",73.96307114159174,62.969101950749284,10.993969190842456
kernel_anchored,national_draw,1672,"",65.45391701596074,62.969101950749284,2.484815065211457
kernel_anchored,national_draw,1673,"",64.92735082715564,62.969101950749284,1.9582488764063513
kernel_anchored,national_draw,1674,"",59.378020306779554,62.969101950749284,-3.59108164396973
kernel_anchored,national_draw,1675,"",52.77556664189655,62.969101950749284,-10.19353530885273
kernel_anchored,national_draw,1676,"",54.28196590958221,62.969101950749284,-8.687136041167072
kernel_anchored,national_draw,1677,"",75.46803235344024,62.969101950749284,12.498930402690952
kernel_anchored,national_draw,1678,"",56.227964766200856,62.969101950749284,-6.741137184548428
kernel_anchored,national_draw,1679,"",57.042310626570156,62.969101950749284,-5.926791324179128
kernel_anchored,national_draw,1680,"",66.22287524884078,62.969101950749284,3.2537732980914953
kernel_anchored,national_draw,1681,"",67.32022264982263,62.969101950749284,4.351120699073341
kernel_anchored,national_draw,1682,"",60.005592029006536,62.969101950749284,-2.963509921742748
kernel_anchored,national_draw,1683,"",70.04623407223319,62.969101950749284,7.077132121483906
kernel_anchored,national_draw,1684,"",68.784140409279,62.969101950749284,5.81503845852972
kernel_anchored,national_draw,1685,"",66.68867607663005,62.969101950749284,3.7195741258807615
kernel_anchored,national_draw,1686,"",65.15174755292178,62.969101950749284,2.1826456021724923
kernel_anchored,national_draw,1687,"",59.80313777320493,62.969101950749284,-3.165964177544353
kernel_anchored,national_draw,1688,"",68.58781231750916,62.969101950749284,5.618710366759878
kernel_anchored,national_draw,1689,"",62.55403010070153,62.969101950749284,-0.4150718500477524
kernel_anchored,national_draw,1690,"",63.08530748045946,62.969101950749284,0.11620552971017872
kernel_anchored,national_draw,1691,"",64.31645639774307,62.969101950749284,1.3473544469937835
kernel_anchored,national_draw,1692,"",65.65939511308925,62.969101950749284,2.6902931623399624
kernel_anchored,national_draw,1693,"",55.83489309301319,62.969101950749284,-7.134208857736091
kernel_anchored,national_draw,1694,"",79.08865531138075,62.969101950749284,16.119553360631464
kernel_anchored,national_draw,1695,"",70.36330345570357,62.969101950749284,7.394201504954289
kernel_anchored,national_draw,1696,"",51.51253812723443,62.969101950749284,-11.456563823514855
kernel_anchored,national_draw,1697,"",50.83095275077114,62.969101950749284,-12.138149199978145
kernel_anchored,national_draw,1698,"",66.95729936714694,62.969101950749284,3.988197416397661
kernel_anchored,national_draw,1699,"",65.00429489340831,62.969101950749284,2.0351929426590303
kernel_anchored,national_draw,1700,"",68.14427019347207,62.969101950749284,5.175168242722783
kernel_anchored,national_draw,1701,"",65.94738022120161,62.969101950749284,2.9782782704523285
kernel_anchored,national_draw,1702,"",64.38753282685606,62.969101950749284,1.4184308761067754
kernel_anchored,national_draw,1703,"",70.75334897928852,62.969101950749284,7.784247028539234
kernel_anchored,national_draw,1704,"",60.4566845232576,62.969101950749284,-2.512417427491684
kernel_anchored,national_draw,1705,"",65.01851848902388,62.969101950749284,2.049416538274592
kernel_anchored,national_draw,1706,"",73.8943445372656,62.969101950749284,10.925242586516312
kernel_anchored,national_draw,1707,"",62.76485185635812,62.969101950749284,-0.20425009439116337
kernel_anchored,national_draw,1708,"",62.797673230272046,62.969101950749284,-0.17142872047723756
kernel_anchored,national_draw,1709,"",70.07320858348984,62.969101950749284,7.10410663274056
kernel_anchored,national_draw,1710,"",74.8529784109963,62.969101950749284,11.883876460247016
kernel_anchored,national_draw,1711,"",57.888861551208905,62.969101950749284,-5.080240399540379
kernel_anchored,national_draw,1712,"",66.13246008489054,62.969101950749284,3.163358134141255
kernel_anchored,national_draw,1713,"",69.51139733115764,62.969101950749284,6.542295380408355
kernel_anchored,national_draw,1714,"",61.07737758353483,62.969101950749284,-1.8917243672144508
kernel_anchored,national_draw,1715,"",76.48348212825525,62.969101950749284,13.514380177505963
kernel_anchored,national_draw,1716,"",69.13303860805982,62.969101950749284,6.163936657310536
kernel_anchored,national_draw,1717,"",62.9788844236832,62.969101950749284,0.009782472933913766
kernel_anchored,national_draw,1718,"",68.675819949777,62.969101950749284,5.70671799902771
kernel_anchored,national_draw,1719,"",65.01709889939332,62.969101950749284,2.047996948644034
kernel_anchored,national_draw,1720,"",68.51175232089632,62.969101950749284,5.542650370147037
kernel_anchored,national_draw,1721,"",63.3914818020497,62.969101950749284,0.42237985130041267
kernel_anchored,national_draw,1722,"",54.5859081284525,62.969101950749284,-8.383193822296782
kernel_anchored,national_draw,1723,"",70.92084670604078,62.969101950749284,7.951744755291493
kernel_anchored,national_draw,1724,"",61.354836953898584,62.969101950749284,-1.6142649968507001
kernel_anchored,national_draw,1725,"",78.81919411674045,62.969101950749284,15.850092165991164
kernel_anchored,national_draw,1726,"",62.80375553706319,62.969101950749284,-0.1653464136860947
kernel_anchored,national_draw,1727,"",69.57624141555108,62.969101950749284,6.607139464801797
kernel_anchored,national_draw,1728,"",60.9243619792902,62.969101950749284,-2.0447399714590873
kernel_anchored,national_draw,1729,"",66.03572486173948,62.969101950749284,3.0666229109901977
kernel_anchored,national_draw,1730,"",71.12299396115804,62.969101950749284,8.15389201040876
kernel_anchored,national_draw,1731,"",65.08682960370204,62.969101950749284,2.117727652952759
kernel_anchored,national_draw,1732,"",64.50846108889819,62.969101950749284,1.5393591381489031
kernel_anchored,national_draw,1733,"",63.34893566209742,62.969101950749284,0.3798337113481338
kernel_anchored,national_draw,1734,"",64.98294565033005,62.969101950749284,2.013843699580768
kernel_anchored,national_draw,1735,"",71.12459590457856,62.969101950749284,8.155493953829271
kernel_anchored,national_draw,1736,"",52.37469761298197,62.969101950749284,-10.594404337767315
kernel_anchored,national_draw,1737,"",74.65851771436651,62.969101950749284,11.689415763617227
kernel_anchored,national_draw,1738,"",67.50964207205703,62.969101950749284,4.54054012130775
kernel_anchored,national_draw,1739,"",66.51320094863674,62.969101950749284,3.5440989978874526
kernel_anchored,national_draw,1740,"",71.23033571171149,62.969101950749284,8.261233760962206
kernel_anchored,national_draw,1741,"",48.038705353646435,62.969101950749284,-14.930396597102849
kernel_anchored,national_draw,1742,"",60.416952171532415,62.969101950749284,-2.552149779216869
kernel_anchored,national_draw,1743,"",57.05878479111224,62.969101950749284,-5.910317159637046
kernel_anchored,national_draw,1744,"",64.97136041397911,62.969101950749284,2.002258463229829
kernel_anchored,national_draw,1745,"",69.78279286093684,62.969101950749284,6.813690910187553
kernel_anchored,national_draw,1746,"",66.50438333499645,62.969101950749284,3.5352813842471633
kernel_anchored,national_draw,1747,"",63.39489112543889,62.969101950749284,0.425789174689605
kernel_anchored,national_draw,1748,"",69.68612226950879,62.969101950749284,6.717020318759502
kernel_anchored,national_draw,1749,"",69.50396699128643,62.969101950749284,6.534865040537149
kernel_anchored,national_draw,1750,"",60.8887614412865,62.969101950749284,-2.0803405094627863
kernel_anchored,national_draw,1751,"",55.716136918519645,62.969101950749284,-7.252965032229639
kernel_anchored,national_draw,1752,"",56.47536346053388,62.969101950749284,-6.4937384902154065
kernel_anchored,national_draw,1753,"",68.10679071894921,62.969101950749284,5.137688768199929
kernel_anchored,national_draw,1754,"",62.756976019253244,62.969101950749284,-0.21212593149603975
kernel_anchored,national_draw,1755,"",58.41997735165929,62.969101950749284,-4.549124599089993
kernel_anchored,national_draw,1756,"",58.05859599723274,62.969101950749284,-4.910505953516541
kernel_anchored,national_draw,1757,"",65.84089714925398,62.969101950749284,2.8717951985046923
kernel_anchored,national_draw,1758,"",60.38298127625909,62.969101950749284,-2.5861206744901963
kernel_anchored,national_draw,1759,"",54.076933309687355,62.969101950749284,-8.892168641061929
kernel_anchored,national_draw,1760,"",64.0552542139941,62.969101950749284,1.08615226324482
kernel_anchored,national_draw,1761,"",63.99992253426341,62.969101950749284,1.030820583514128
kernel_anchored,national_draw,1762,"",74.81741249712994,62.969101950749284,11.848310546380652
kernel_anchored,national_draw,1763,"",71.73206485267119,62.969101950749284,8.762962901921902
kernel_anchored,national_draw,1764,"",63.032431806203434,62.969101950749284,0.06332985545414971
kernel_anchored,national_draw,1765,"",77.87243632211425,62.969101950749284,14.90333437136497
kernel_anchored,national_draw,1766,"",63.36091330533811,62.969101950749284,0.39181135458882466
kernel_anchored,national_draw,1767,"",61.202493057918176,62.969101950749284,-1.7666088928311083
kernel_anchored,national_draw,1768,"",53.78873353192354,62.969101950749284,-9.180368418825744
kernel_anchored,national_draw,1769,"",63.6596988360219,62.969101950749284,0.690596885272619
kernel_anchored,national_draw,1770,"",59.60987507172678,62.969101950749284,-3.3592268790225006
kernel_anchored,national_draw,1771,"",64.01091454372808,62.969101950749284,1.0418125929787934
kernel_anchored,national_draw,1772,"",72.79015309847135,62.969101950749284,9.821051147722066
kernel_anchored,national_draw,1773,"",70.12108222403945,62.969101950749284,7.151980273290171
kernel_anchored,national_draw,1774,"",68.36798828614651,62.969101950749284,5.398886335397229
kernel_anchored,national_draw,1775,"",69.65053788943585,62.969101950749284,6.681435938686569
kernel_anchored,national_draw,1776,"",53.6404983669064,62.969101950749284,-9.328603583842884
kernel_anchored,national_draw,1777,"",67.89487945710461,62.969101950749284,4.925777506355324
kernel_anchored,national_draw,1778,"",60.46116950317987,62.969101950749284,-2.5079324475694165
kernel_anchored,national_draw,1779,"",63.739632119464176,62.969101950749284,0.7705301687148918
kernel_anchored,national_draw,1780,"",69.85084083217129,62.969101950749284,6.881738881422002
kernel_anchored,national_draw,1781,"",64.95443613565173,62.969101950749284,1.9853341849024488
kernel_anchored,national_draw,1782,"",57.035722807373986,62.969101950749284,-5.933379143375298
kernel_anchored,national_draw,1783,"",62.807825027337486,62.969101950749284,-0.16127692341179767
kernel_anchored,national_draw,1784,"",69.10912487054324,62.969101950749284,6.140022919793957
kernel_anchored,national_draw,1785,"",68.91777572972158,62.969101950749284,5.948673778972299
kernel_anchored,national_draw,1786,"",64.50190558556352,62.969101950749284,1.5328036348142362
kernel_anchored,national_draw,1787,"",65.89415138074482,62.969101950749284,2.925049429995532
kernel_anchored,national_draw,1788,"",60.26290938454696,62.969101950749284,-2.7061925662023256
kernel_anchored,national_draw,1789,"",65.19043425569959,62.969101950749284,2.2213323049503018
kernel_anchored,national_draw,1790,"",65.85940952134692,62.969101950749284,2.890307570597635
kernel_anchored,national_draw,1791,"",62.76343688327919,62.969101950749284,-0.20566506747009328
kernel_anchored,national_draw,1792,"",68.29909779423701,62.969101950749284,5.32999584348773
kernel_anchored,national_draw,1793,"",71.57883227049928,62.969101950749284,8.609730319749993
kernel_anchored,national_draw,1794,"",68.062349484547,62.969101950749284,5.093247533797715
kernel_anchored,national_draw,1795,"",62.07841679239267,62.969101950749284,-0.8906851583566109
kernel_anchored,national_draw,1796,"",66.51814758372342,62.969101950749284,3.549045632974135
kernel_anchored,national_draw,1797,"",63.05071796726583,62.969101950749284,0.08161601651654848
kernel_anchored,national_draw,1798,"",62.88058418952477,62.969101950749284,-0.08851776122451582
kernel_anchored,national_draw,1799,"",68.47537851049223,62.969101950749284,5.50627655974295
kernel_anchored,national_draw,1800,"",70.08592718326942,62.969101950749284,7.116825232520135
kernel_anchored,national_draw,1801,"",51.40517329392276,62.969101950749284,-11.563928656826526
kernel_anchored,national_draw,1802,"",69.62823302016724,62.969101950749284,6.65913106941796
kernel_anchored,national_draw,1803,"",60.854642816360574,62.969101950749284,-2.11445913438871
kernel_anchored,national_draw,1804,"",61.22214110171558,62.969101950749284,-1.7469608490337052
kernel_anchored,national_draw,1805,"",63.56605670247241,62.969101950749284,0.5969547517231248
kernel_anchored,national_draw,1806,"",66.37630634273339,62.969101950749284,3.407204391984102
kernel_anchored,national_draw,1807,"",58.68979402077619,62.969101950749284,-4.279307929973093
kernel_anchored,national_draw,1808,"",68.65040121642443,62.969101950749284,5.681299265675143
kernel_anchored,national_draw,1809,"",63.798989432228545,62.969101950749284,0.8298874814792612
kernel_anchored,national_draw,1810,"",70.16843419425327,62.969101950749284,7.1993322435039815
kernel_anchored,national_draw,1811,"",66.63746466924174,62.969101950749284,3.668362718492453
kernel_anchored,national_draw,1812,"",68.3943280215521,62.969101950749284,5.425226070802815
kernel_anchored,national_draw,1813,"",64.20777353893699,62.969101950749284,1.2386715881877066
kernel_anchored,national_draw,1814,"",64.94138745242961,62.969101950749284,1.9722855016803251
kernel_anchored,national_draw,1815,"",63.15281300687573,62.969101950749284,0.1837110561264481
kernel_anchored,national_draw,1816,"",71.71285768955579,62.969101950749284,8.743755738806506
kernel_anchored,national_draw,1817,"",73.6570953317222,62.969101950749284,10.68799338097292
kernel_anchored,national_draw,1818,"",69.08307136133959,62.969101950749284,6.1139694105903075
kernel_anchored,national_draw,1819,"",58.51480132242969,62.969101950749284,-4.454300628319594
kernel_anchored,national_draw,1820,"",70.24846211700424,62.969101950749284,7.279360166254953
kernel_anchored,national_draw,1821,"",59.9606660566817,62.969101950749284,-3.0084358940675813
kernel_anchored,national_draw,1822,"",61.70388749888366,62.969101950749284,-1.2652144518656243
kernel_anchored,national_draw,1823,"",65.21372245046838,62.969101950749284,2.2446204997190975
kernel_anchored,national_draw,1824,"",66.44521299257366,62.969101950749284,3.4761110418243746
kernel_anchored,national_draw,1825,"",69.23697103522409,62.969101950749284,6.267869084474803
kernel_anchored,national_draw,1826,"",67.91289785817163,62.969101950749284,4.9437959074223485
kernel_anchored,national_draw,1827,"",64.8508938071014,62.969101950749284,1.881791856352116
kernel_anchored,national_draw,1828,"",68.89911562797602,62.969101950749284,5.930013677226732
kernel_anchored,national_draw,1829,"",65.10658382818727,62.969101950749284,2.1374818774379847
kernel_anchored,national_draw,1830,"",57.59936683070891,62.969101950749284,-5.3697351200403745
kernel_anchored,national_draw,1831,"",64.15174937645968,62.969101950749284,1.1826474257103925
kernel_anchored,national_draw,1832,"",50.19567369557429,62.969101950749284,-12.773428255174991
kernel_anchored,national_draw,1833,"",72.85953756140677,62.969101950749284,9.890435610657484
kernel_anchored,national_draw,1834,"",62.08194152957297,62.969101950749284,-0.8871604211763113
kernel_anchored,national_draw,1835,"",65.83095540528834,62.969101950749284,2.8618534545390517
kernel_anchored,national_draw,1836,"",67.79698317121505,62.969101950749284,4.827881220465763
kernel_anchored,national_draw,1837,"",59.09873739851636,62.969101950749284,-3.870364552232921
kernel_anchored,national_draw,1838,"",70.80464810115807,62.969101950749284,7.835546150408781
kernel_anchored,national_draw,1839,"",61.86169970028654,62.969101950749284,-1.1074022504627408
kernel_anchored,national_draw,1840,"",62.586994587716426,62.969101950749284,-0.3821073630328584
kernel_anchored,national_draw,1841,"",59.72060537118703,62.969101950749284,-3.248496579562257
kernel_anchored,national_draw,1842,"",68.14040613974592,62.969101950749284,5.171304188996636
kernel_anchored,national_draw,1843,"",61.685308186791865,62.969101950749284,-1.2837937639574193
kernel_anchored,national_draw,1844,"",72.15254499297004,62.969101950749284,9.183443042220752
kernel_anchored,national_draw,1845,"",58.75596305549148,62.969101950749284,-4.213138895257806
kernel_anchored,national_draw,1846,"",55.60987774932674,62.969101950749284,-7.359224201422542
kernel_anchored,national_draw,1847,"",62.91407957997875,62.969101950749284,-0.055022370770537066
kernel_anchored,national_draw,1848,"",77.88852269631822,62.969101950749284,14.919420745568935
kernel_anchored,national_draw,1849,"",74.41030881521996,62.969101950749284,11.44120686447068
kernel_anchored,national_draw,1850,"",60.64947633646804,62.969101950749284,-2.319625614281243
kernel_anchored,national_draw,1851,"",64.47831039011038,62.969101950749284,1.509208439361096
kernel_anchored,national_draw,1852,"",65.03228504602667,62.969101950749284,2.063183095277388
kernel_anchored,national_draw,1853,"",52.78861763339451,62.969101950749284,-10.180484317354775
kernel_anchored,national_draw,1854,"",72.68752484714656,62.969101950749284,9.718422896397279
kernel_anchored,national_draw,1855,"",66.5509527997066,62.969101950749284,3.581850848957309
kernel_anchored,national_draw,1856,"",70.5063173008112,62.969101950749284,7.537215350061921
kernel_anchored,national_draw,1857,"",50.981394627474174,62.969101950749284,-11.98770732327511
kernel_anchored,national_draw,1858,"",67.25942035639363,62.969101950749284,4.290318405644349
kernel_anchored,national_draw,1859,"",69.2276940746952,62.969101950749284,6.25859212394591
kernel_anchored,national_draw,1860,"",62.427691240132496,62.969101950749284,-0.5414107106167876
kernel_anchored,national_draw,1861,"",56.06951778894691,62.969101950749284,-6.899584161802373
kernel_anchored,national_draw,1862,"",65.39016243775532,62.969101950749284,2.421060487006038
kernel_anchored,national_draw,1863,"",66.947387630767,62.969101950749284,3.978285680017713
kernel_anchored,national_draw,1864,"",58.89090024349771,62.969101950749284,-4.078201707251573
kernel_anchored,national_draw,1865,"",67.02431553908893,62.969101950749284,4.055213588339647
kernel_anchored,national_draw,1866,"",62.09974295271273,62.969101950749284,-0.869358998036553
kernel_anchored,national_draw,1867,"",65.1118074563726,62.969101950749284,2.1427055056233186
kernel_anchored,national_draw,1868,"",71.97228019264593,62.969101950749284,9.003178241896642
kernel_anchored,national_draw,1869,"",70.08547476120829,62.969101950749284,7.116372810459005
kernel_anchored,national_draw,1870,"",58.191414188034315,62.969101950749284,-4.777687762714969
kernel_anchored,national_draw,1871,"",70.15397515450387,62.969101950749284,7.184873203754584
kernel_anchored,national_draw,1872,"",71.64008006116192,62.969101950749284,8.67097811041264
kernel_anchored,national_draw,1873,"",65.14028003863777,62.969101950749284,2.171178087888485
kernel_anchored,national_draw,1874,"",69.90856619392946,62.969101950749284,6.939464243180176
kernel_anchored,national_draw,1875,"",64.00882555410912,62.969101950749284,1.039723603359839
kernel_anchored,national_draw,1876,"",62.987371953880924,62.969101950749284,0.018270003131640067
kernel_anchored,national_draw,1877,"",63.75804985224842,62.969101950749284,0.7889479014991352
kernel_anchored,national_draw,1878,"",70.54185782364353,62.969101950749284,7.572755872894241
kernel_anchored,national_draw,1879,"",64.3150160336301,62.969101950749284,1.3459140828808174
kernel_anchored,national_draw,1880,"",54.27443862212645,62.969101950749284,-8.69466332862283
kernel_anchored,national_draw,1881,"",63.671821900639394,62.969101950749284,0.7027199498901098
kernel_anchored,national_draw,1882,"",69.31985891171858,62.969101950749284,6.350756960969299
kernel_anchored,national_draw,1883,"",59.45472892889839,62.969101950749284,-3.5143730218508935
kernel_anchored,national_draw,1884,"",73.76994924493874,62.969101950749284,10.80084729418946
kernel_anchored,national_draw,1885,"",69.48281856820468,62.969101950749284,6.513716617455394
kernel_anchored,national_draw,1886,"",62.82976518902621,62.969101950749284,-0.1393367617230723
kernel_anchored,national_draw,1887,"",62.64598488462511,62.969101950749284,-0.32311706612417623
kernel_anchored,national_draw,1888,"",54.54229556507042,62.969101950749284,-8.426806385678866
kernel_anchored,national_draw,1889,"",66.55087893488029,62.969101950749284,3.581776984131004
kernel_anchored,national_draw,1890,"",64.8035441451634,62.969101950749284,1.834442194414116
kernel_anchored,national_draw,1891,"",64.79672780666085,62.969101950749284,1.8276258559115703
kernel_anchored,national_draw,1892,"",71.07521957646878,62.969101950749284,8.106117625719499
kernel_anchored,national_draw,1893,"",73.41293284009173,62.969101950749284,10.443830889342443
kernel_anchored,national_draw,1894,"",65.53894004759064,62.969101950749284,2.5698380968413588
kernel_anchored,national_draw,1895,"",61.06340558998388,62.969101950749284,-1.905696360765404
kernel_anchored,national_draw,1896,"",64.85429620566313,62.969101950749284,1.8851942549138485
kernel_anchored,national_draw,1897,"",51.37568507029589,62.969101950749284,-11.593416880453397
kernel_anchored,national_draw,1898,"",69.2198574782793,62.969101950749284,6.250755527530011
kernel_anchored,national_draw,1899,"",66.04730548153877,62.969101950749284,3.0782035307894873
kernel_anchored,national_draw,1900,"",69.49209322045772,62.969101950749284,6.5229912697084345
kernel_anchored,national_draw,1901,"",69.42636737470028,62.969101950749284,6.457265423950993
kernel_anchored,national_draw,1902,"",64.92804561817807,62.969101950749284,1.958943667428791
kernel_anchored,national_draw,1903,"",70.17293764038213,62.969101950749284,7.203835689632847
kernel_anchored,national_draw,1904,"",59.88112518012919,62.969101950749284,-3.087976770620095
kernel_anchored,national_draw,1905,"",60.46594070930408,62.969101950749284,-2.5031612414452056
kernel_anchored,national_draw,1906,"",66.39746630719425,62.969101950749284,3.428364356444966
kernel_anchored,national_draw,1907,"",59.663159310803316,62.969101950749284,-3.305942639945968
kernel_anchored,national_draw,1908,"",56.18315882421877,62.969101950749284,-6.785943126530512
kernel_anchored,national_draw,1909,"",66.9316428813847,62.969101950749284,3.96254093063542
kernel_anchored,national_draw,1910,"",72.9193819203696,62.969101950749284,9.950279969620318
kernel_anchored,national_draw,1911,"",70.89550645406615,62.969101950749284,7.926404503316867
kernel_anchored,national_draw,1912,"",67.79291598921657,62.969101950749284,4.823814038467283
kernel_anchored,national_draw,1913,"",69.19519585939636,62.969101950749284,6.22609390864708
kernel_anchored,national_draw,1914,"",70.85158919827556,62.969101950749284,7.882487247526278
kernel_anchored,national_draw,1915,"",57.489003547104375,62.969101950749284,-5.480098403644909
kernel_anchored,national_draw,1916,"",58.81710466546631,62.969101950749284,-4.151997285282974
kernel_anchored,national_draw,1917,"",57.182219840697115,62.969101950749284,-5.786882110052169
kernel_anchored,national_draw,1918,"",67.40333673734769,62.969101950749284,4.434234786598402
kernel_anchored,national_draw,1919,"",71.28115240393423,62.969101950749284,8.312050453184945
kernel_anchored,national_draw,1920,"",71.92093028870829,62.969101950749284,8.951828337959007
kernel_anchored,national_draw,1921,"",75.67468074641053,62.969101950749284,12.705578795661246
kernel_anchored,national_draw,1922,"",67.90608844449655,62.969101950749284,4.936986493747263
kernel_anchored,national_draw,1923,"",70.91797982746976,62.969101950749284,7.948877876720481
kernel_anchored,national_draw,1924,"",58.408332100136974,62.969101950749284,-4.56076985061231
kernel_anchored,national_draw,1925,"",73.652051749051,62.969101950749284,10.682949798301713
kernel_anchored,national_draw,1926,"",58.89514285445866,62.969101950749284,-4.073959096290622
kernel_anchored,national_draw,1927,"",71.2217789332391,62.969101950749284,8.25267698248981
kernel_anchored,national_draw,1928,"",59.165956698730696,62.969101950749284,-3.803145252018588
kernel_anchored,national_draw,1929,"",67.92515249451098,62.969101950749284,4.956050543761698
kernel_anchored,national_draw,1930,"",66.30947483285718,62.969101950749284,3.340372882107893
kernel_anchored,national_draw,1931,"",77.15691698279082,62.969101950749284,14.187815032041534
kernel_anchored,national_draw,1932,"",77.95408465449232,62.969101950749284,14.984982703743036
kernel_anchored,national_draw,1933,"",71.04353618253512,62.969101950749284,8.074434231785837
kernel_anchored,national_draw,1934,"",68.06103607560425,62.969101950749284,5.091934124854966
kernel_anchored,national_draw,1935,"",71.32193271288264,62.969101950749284,8.352830762133358
kernel_anchored,national_draw,1936,"",59.629472333456114,62.969101950749284,-3.33962961729317
kernel_anchored,national_draw,1937,"",77.02005007619735,62.969101950749284,14.050948125448066
kernel_anchored,national_draw,1938,"",70.5680313631899,62.969101950749284,7.598929412440619
kernel_anchored,national_draw,1939,"",52.25586757366211,62.969101950749284,-10.713234377087176
kernel_anchored,national_draw,1940,"",61.90457130712974,62.969101950749284,-1.0645306436195412
kernel_anchored,national_draw,1941,"",56.30410324419165,62.969101950749284,-6.664998706557633
kernel_anchored,national_draw,1942,"",63.79760908328696,62.969101950749284,0.8285071325376734
kernel_anchored,national_draw,1943,"",70.3314907983239,62.969101950749284,7.362388847574614
kernel_anchored,national_draw,1944,"",58.7298010573242,62.969101950749284,-4.2393008934250815
kernel_anchored,national_draw,1945,"",62.633785646905494,62.969101950749284,-0.33531630384378985
kernel_anchored,national_draw,1946,"",67.82497563210921,62.969101950749284,4.855873681359931
kernel_anchored,national_draw,1947,"",69.62386114576026,62.969101950749284,6.654759195010975
kernel_anchored,national_draw,1948,"",63.97118450027871,62.969101950749284,1.002082549529426
kernel_anchored,national_draw,1949,"",60.91510579324372,62.969101950749284,-2.0539961575055656
kernel_anchored,national_draw,1950,"",72.89155103878298,62.969101950749284,9.922449088033694
kernel_anchored,national_draw,1951,"",55.69872790226963,62.969101950749284,-7.270374048479653
kernel_anchored,national_draw,1952,"",62.52006382197985,62.969101950749284,-0.4490381287694305
kernel_anchored,national_draw,1953,"",61.11676369388671,62.969101950749284,-1.8523382568625735
kernel_anchored,national_draw,1954,"",68.1644860731217,62.969101950749284,5.19538412237241
kernel_anchored,national_draw,1955,"",66.0475501587759,62.969101950749284,3.0784482080266216
kernel_anchored,national_draw,1956,"",54.07567299108851,62.969101950749284,-8.893428959660774
kernel_anchored,national_draw,1957,"",62.448133330812695,62.969101950749284,-0.520968619936589
kernel_anchored,national_draw,1958,"",71.73808483601512,62.969101950749284,8.768982885265835
kernel_anchored,national_draw,1959,"",64.05535116157863,62.969101950749284,1.0862492108293438
kernel_anchored,national_draw,1960,"",67.06717791282884,62.969101950749284,4.098075962079555
kernel_anchored,national_draw,1961,"",63.55378821647813,62.969101950749284,0.5846862657288483
kernel_anchored,national_draw,1962,"",68.38999077128244,62.969101950749284,5.420888820533158
kernel_anchored,national_draw,1963,"",57.85859313035417,62.969101950749284,-5.110508820395111
kernel_anchored,national_draw,1964,"",50.196119192807956,62.969101950749284,-12.772982757941328
kernel_anchored,national_draw,1965,"",73.06241423168382,62.969101950749284,10.093312280934533
kernel_anchored,national_draw,1966,"",55.29209741690316,62.969101950749284,-7.677004533846123
kernel_anchored,national_draw,1967,"",74.33784742061373,62.969101950749284,11.368745469864443
kernel_anchored,national_draw,1968,"",67.03484589338919,62.969101950749284,4.065743942639905
kernel_anchored,national_draw,1969,"",63.14546807320992,62.969101950749284,0.1763661224606352
kernel_anchored,national_draw,1970,"",59.91959952153135,62.969101950749284,-3.049502429217931
kernel_anchored,national_draw,1971,"",66.89495283719299,62.969101950749284,3.9258508864437047
kernel_anchored,national_draw,1972,"",61.64569817368525,62.969101950749284,-1.323403777064037
kernel_anchored,national_draw,1973,"",56.89826498217007,62.969101950749284,-6.070836968579215
kernel_anchored,national_draw,1974,"",64.94557697304666,62.969101950749284,1.9764750222973717
kernel_anchored,national_draw,1975,"",61.896866282435695,62.969101950749284,-1.0722356683135885
kernel_anchored,national_draw,1976,"",71.16238237978575,62.969101950749284,8.19328042903647
kernel_anchored,national_draw,1977,"",62.202479693001166,62.969101950749284,-0.7666222577481179
kernel_anchored,national_draw,1978,"",78.2061899232265,62.969101950749284,15.23708797247722
kernel_anchored,national_draw,1979,"",54.538168367900575,62.969101950749284,-8.43093358284871
kernel_anchored,national_draw,1980,"",63.0433707253242,62.969101950749284,0.07426877457491798
kernel_anchored,national_draw,1981,"",69.01214958670667,62.969101950749284,6.043047635957386
kernel_anchored,national_draw,1982,"",72.65464576633707,62.969101950749284,9.685543815587785
kernel_anchored,national_draw,1983,"",73.00034469482851,62.969101950749284,10.03124274407923
kernel_anchored,national_draw,1984,"",71.03030283724723,62.969101950749284,8.06120088649795
kernel_anchored,national_draw,1985,"",72.22359833932481,62.969101950749284,9.254496388575525
kernel_anchored,national_draw,1986,"",62.928266243181156,62.969101950749284,-0.040835707568128043
kernel_anchored,national_draw,1987,"",71.02790915521975,62.969101950749284,8.058807204470462
kernel_anchored,national_draw,1988,"",75.0172976419416,62.969101950749284,12.048195691192312
kernel_anchored,national_draw,1989,"",72.15651291910817,62.969101950749284,9.187410968358883
kernel_anchored,national_draw,1990,"",62.27908675098382,62.969101950749284,-0.6900151997654618
kernel_anchored,national_draw,1991,"",64.38207837108854,62.969101950749284,1.4129764203392554
kernel_anchored,national_draw,1992,"",42.586971043303045,62.969101950749284,-20.38213090744624
kernel_anchored,national_draw,1993,"",61.8589851679198,62.969101950749284,-1.1101167828294862
kernel_anchored,national_draw,1994,"",57.744998260598756,62.969101950749284,-5.224103690150528
kernel_anchored,national_draw,1995,"",68.89022414950942,62.969101950749284,5.921122198760138
kernel_anchored,national_draw,1996,"",60.38763706859219,62.969101950749284,-2.5814648821570927
kernel_anchored,national_draw,1997,"",62.14727958499232,62.969101950749284,-0.8218223657569652
kernel_anchored,national_draw,1998,"",69.51890153585516,62.969101950749284,6.54979958510588
kernel_anchored,national_draw,1999,"",67.76856137101797,62.969101950749284,4.799459420268683
kernel_anchored,national_draw,2000,"",60.18057780252557,62.969101950749284,-2.788524148223715
kernel_anchored,national_draw,2001,"",59.25279172688093,62.969101950749284,-3.716310223868355
kernel_anchored,national_draw,2002,"",72.62057330692758,62.969101950749284,9.651471356178298
kernel_anchored,national_draw,2003,"",63.544735158704,62.969101950749284,0.5756332079547164
kernel_anchored,national_draw,2004,"",74.41020725108378,62.969101950749284,11.441105300334492
kernel_anchored,national_draw,2005,"",64.88964514160222,62.969101950749284,1.920543190852932
kernel_anchored,national_draw,2006,"",66.91640364440742,62.969101950749284,3.94730169365814
kernel_anchored,national_draw,2007,"",66.81553429925906,62.969101950749284,3.8464323485097722
kernel_anchored,national_draw,2008,"",66.13460447312923,62.969101950749284,3.1655025223799456
kernel_anchored,national_draw,2009,"",68.94034835898555,62.969101950749284,5.9712464082362615
kernel_anchored,national_draw,2010,"",72.66117818691352,62.969101950749284,9.692076236164233
kernel_anchored,national_draw,2011,"",65.54655274125182,62.969101950749284,2.5774507905025317
kernel_anchored,national_draw,2012,"",70.42414729809737,62.969101950749284,7.455045347348083
kernel_anchored,national_draw,2013,"",63.39647921920447,62.969101950749284,0.42737726845518864
kernel_anchored,national_draw,2014,"",69.93521062174356,62.969101950749284,6.966108670994281
kernel_anchored,national_draw,2015,"",65.47519701076435,62.969101950749284,2.5060950600150633
kernel_anchored,national_draw,2016,"",61.01878200179173,62.969101950749284,-1.9503199489575564
kernel_anchored,national_draw,2017,"",62.83679619718021,62.969101950749284,-0.13230575356907082
kernel_anchored,national_draw,2018,"",75.08050515877717,62.969101950749284,12.111403208027888
kernel_anchored,national_draw,2019,"",62.368975628046655,62.969101950749284,-0.6001263227026286
kernel_anchored,national_draw,2020,"",66.45322501795204,62.969101950749284,3.484123067202752
kernel_anchored,national_draw,2021,"",53.65643701145775,62.969101950749284,-9.312664939291537
kernel_anchored,national_draw,2022,"",60.083230886281655,62.969101950749284,-2.8858710644676293
kernel_anchored,national_draw,2023,"",66.74295056603424,62.969101950749284,3.7738486152849546
kernel_anchored,national_draw,2024,"",58.94256407294714,62.969101950749284,-4.0265378778021415
kernel_anchored,national_draw,2025,"",62.547698500121605,62.969101950749284,-0.4214034506276789
kernel_anchored,national_draw,2026,"",70.36430063085871,62.969101950749284,7.395198680109424
kernel_anchored,national_draw,2027,"",59.158861058853674,62.969101950749284,-3.81024089189561
kernel_anchored,national_draw,2028,"",60.965158446169355,62.969101950749284,-2.0039435045799294
kernel_anchored,national_draw,2029,"",60.19038566649352,62.969101950749284,-2.778716284255765
kernel_anchored,national_draw,2030,"",73.86498326880894,62.969101950749284,10.895881318059658
kernel_anchored,national_draw,2031,"",66.24057741612019,62.969101950749284,3.271475465370905
kernel_anchored,national_draw,2032,"",69.37064790463147,62.969101950749284,6.401545953882184
kernel_anchored,national_draw,2033,"",62.91708264682325,62.969101950749284,-0.0520193039260306
kernel_anchored,national_draw,2034,"",68.45685459702017,62.969101950749284,5.487752646270884
kernel_anchored,national_draw,2035,"",60.108065625851246,62.969101950749284,-2.8610363248980377
kernel_anchored,national_draw,2036,"",65.91451729832288,62.969101950749284,2.9454153475735936
kernel_anchored,national_draw,2037,"",62.60301402192155,62.969101950749284,-0.36608792882773145
kernel_anchored,national_draw,2038,"",74.40666635597275,62.969101950749284,11.437564405223462
kernel_anchored,national_draw,2039,"",58.93551690686238,62.969101950749284,-4.033585043886902
kernel_anchored,national_draw,2040,"",59.11077044037678,62.969101950749284,-3.8583315103725013
kernel_anchored,national_draw,2041,"",61.45777451418354,62.969101950749284,-1.5113274365657432
kernel_anchored,national_draw,2042,"",67.46933495965214,62.969101950749284,4.50023300890286
kernel_anchored,national_draw,2043,"",59.69942694051959,62.969101950749284,-3.2696750102296974
kernel_anchored,national_draw,2044,"",58.197415705171686,62.969101950749284,-4.771686245577598
kernel_anchored,national_draw,2045,"",65.2897178153582,62.969101950749284,2.320615864608918
kernel_anchored,national_draw,2046,"",67.62133261425925,62.969101950749284,4.652230663509961
kernel_anchored,national_draw,2047,"",70.10587991947533,62.969101950749284,7.136777968726044
kernel_anchored,national_draw,2048,"",56.66779518271608,62.969101950749284,-6.301306768033207
kernel_anchored,national_draw,2049,"",62.88092812262226,62.969101950749284,-0.0881738281270259
kernel_anchored,national_draw,2050,"",61.80492765644288,62.969101950749284,-1.164174294306406
kernel_anchored,national_draw,2051,"",64.55889922388612,62.969101950749284,1.5897972731368313
kernel_anchored,national_draw,2052,"",64.98974352262603,62.969101950749284,2.0206415718767445
kernel_anchored,national_draw,2053,"",64.71801560112847,62.969101950749284,1.748913650379187
kernel_anchored,national_draw,2054,"",67.96813951514528,62.969101950749284,4.999037564395998
kernel_anchored,national_draw,2055,"",56.50917277649965,62.969101950749284,-6.4599291742496305
kernel_anchored,national_draw,2056,"",68.76683988199262,62.969101950749284,5.79773793124334
kernel_anchored,national_draw,2057,"",49.31338373638253,62.969101950749284,-13.655718214366757
kernel_anchored,national_draw,2058,"",59.662259083232705,62.969101950749284,-3.306842867516579
kernel_anchored,national_draw,2059,"",72.40153639762028,62.969101950749284,9.432434446870992
kernel_anchored,national_draw,2060,"",64.67358129155373,62.969101950749284,1.704479340804447
kernel_anchored,national_draw,2061,"",66.03579411001414,62.969101950749284,3.0666921592648535
kernel_anchored,national_draw,2062,"",66.15822505961641,62.969101950749284,3.189123108867129
kernel_anchored,national_draw,2063,"",67.43758462571965,62.969101950749284,4.468482674970367
kernel_anchored,national_draw,2064,"",65.3517758108344,62.969101950749284,2.382673860085113
kernel_anchored,national_draw,2065,"",70.6460326197691,62.969101950749284,7.676930669019818
kernel_anchored,national_draw,2066,"",72.97312550633472,62.969101950749284,10.00402355558544
kernel_anchored,national_draw,2067,"",60.0496108489333,62.969101950749284,-2.9194911018159857
kernel_anchored,national_draw,2068,"",66.83842316231063,62.969101950749284,3.869321211561349
kernel_anchored,national_draw,2069,"",66.71347388378648,62.969101950749284,3.7443719330371934
kernel_anchored,national_draw,2070,"",65.12148605689451,62.969101950749284,2.1523841061452273
kernel_anchored,national_draw,2071,"",66.030088052182,62.969101950749284,3.060986101432711
kernel_anchored,national_draw,2072,"",57.64589243817843,62.969101950749284,-5.323209512570855
kernel_anchored,national_draw,2073,"",75.14532616041238,62.969101950749284,12.176224209663097
kernel_anchored,national_draw,2074,"",62.32730663290674,62.969101950749284,-0.6417953178425435
kernel_anchored,national_draw,2075,"",61.50833267951421,62.969101950749284,-1.4607692712350726
kernel_anchored,national_draw,2076,"",71.01710642437249,62.969101950749284,8.048004473623202
kernel_anchored,national_draw,2077,"",59.656292190232676,62.969101950749284,-3.3128097605166076
kernel_anchored,national_draw,2078,"",71.40123583702548,62.969101950749284,8.432133886276198
kernel_anchored,national_draw,2079,"",62.318971448913274,62.969101950749284,-0.65013050183601
kernel_anchored,national_draw,2080,"",63.6772740481311,62.969101950749284,0.7081720973818193
kernel_anchored,national_draw,2081,"",48.05138932928868,62.969101950749284,-14.917712621460602
kernel_anchored,national_draw,2082,"",60.80914439163186,62.969101950749284,-2.159957559117423
kernel_anchored,national_draw,2083,"",63.449599570697636,62.969101950749284,0.48049761994835194
kernel_anchored,national_draw,2084,"",68.10043603561107,62.969101950749284,5.131334084861784
kernel_anchored,national_draw,2085,"",66.54272379640092,62.969101950749284,3.573621845651637
kernel_anchored,national_draw,2086,"",69.69203607216492,62.969101950749284,6.722934121415641
kernel_anchored,national_draw,2087,"",60.36427039244544,62.969101950749284,-2.604831558303843
kernel_anchored,national_draw,2088,"",57.7823092309866,62.969101950749284,-5.1867927197626855
kernel_anchored,national_draw,2089,"",66.1285221663381,62.969101950749284,3.159420215588817
kernel_anchored,national_draw,2090,"",73.27006210808507,62.969101950749284,10.300960157335787
kernel_anchored,national_draw,2091,"",56.362671126624875,62.969101950749284,-6.606430824124409
kernel_anchored,national_draw,2092,"",67.26801868383082,62.969101950749284,4.298916733081533
kernel_anchored,national_draw,2093,"",76.88006468896826,62.969101950749284,13.910962738218977
kernel_anchored,national_draw,2094,"",63.48244402736978,62.969101950749284,0.5133420766204964
kernel_anchored,national_draw,2095,"",62.50612183601459,62.969101950749284,-0.46298011473469103
kernel_anchored,national_draw,2096,"",62.43990663578286,62.969101950749284,-0.5291953149664224
kernel_anchored,national_draw,2097,"",64.5712231085001,62.969101950749284,1.6021211577508225
kernel_anchored,national_draw,2098,"",64.61664074357505,62.969101950749284,1.6475387928257632
kernel_anchored,national_draw,2099,"",65.18944169709609,62.969101950749284,2.220339746346802
kernel_anchored,national_draw,2100,"",68.66829497059706,62.969101950749284,5.699193019847776
kernel_anchored,national_draw,2101,"",64.985618633732,62.969101950749284,2.0165166829827186
kernel_anchored,national_draw,2102,"",62.927289842508415,62.969101950749284,-0.041812108240868895
kernel_anchored,national_draw,2103,"",74.37364185378647,62.969101950749284,11.404539903037183
kernel_anchored,national_draw,2104,"",63.518208452956834,62.969101950749284,0.5491065022075503
kernel_anchored,national_draw,2105,"",67.30500649560358,62.969101950749284,4.335904544854294
kernel_anchored,national_draw,2106,"",54.893693626566545,62.969101950749284,-8.075408324182739
kernel_anchored,national_draw,2107,"",67.78832944515813,62.969101950749284,4.8192274944088425
kernel_anchored,national_draw,2108,"",52.058743126733646,62.969101950749284,-10.910358824015638
kernel_anchored,national_draw,2109,"",56.55430649364847,62.969101950749284,-6.414795457100816
kernel_anchored,national_draw,2110,"",69.91780853032101,62.969101950749284,6.948706579571727
kernel_anchored,national_draw,2111,"",67.30891671484616,62.969101950749284,4.339814764096879
kernel_anchored,national_draw,2112,"",67.62917151895098,62.969101950749284,4.660069568201699
kernel_anchored,national_draw,2113,"",70.90245667256639,62.969101950749284,7.933354721817103
kernel_anchored,national_draw,2114,"",65.0585255255719,62.969101950749284,2.089423574822611
kernel_anchored,national_draw,2115,"",69.69231999009104,62.969101950749284,6.723218039341752
kernel_anchored,national_draw,2116,"",53.83430812975437,62.969101950749284,-9.134793820994915
kernel_anchored,national_draw,2117,"",72.58795967783763,62.969101950749284,9.618857727088347
kernel_anchored,national_draw,2118,"",71.24917585897118,62.969101950749284,8.280073908221901
kernel_anchored,national_draw,2119,"",67.9313479068174,62.969101950749284,4.962245956068109
kernel_anchored,national_draw,2120,"",54.578207720310104,62.969101950749284,-8.39089423043918
kernel_anchored,national_draw,2121,"",69.23881073105427,62.969101950749284,6.269708780304988
kernel_anchored,national_draw,2122,"",62.55255280417541,62.969101950749284,-0.4165491465738711
kernel_anchored,national_draw,2123,"",66.89916774884408,62.969101950749284,3.9300657980947946
kernel_anchored,national_draw,2124,"",71.62118220700668,62.969101950749284,8.652080256257399
kernel_anchored,national_draw,2125,"",58.88800335734101,62.969101950749284,-4.081098593408271
kernel_anchored,national_draw,2126,"",60.10155859630885,62.969101950749284,-2.8675433544404356
kernel_anchored,national_draw,2127,"",61.6859498874704,62.969101950749284,-1.2831520632788838
kernel_anchored,national_draw,2128,"",56.61252120988093,62.969101950749284,-6.356580740868353
kernel_anchored,national_draw,2129,"",67.11317492513511,62.969101950749284,4.1440729743858284
kernel_anchored,national_draw,2130,"",65.24710935195873,62.969101950749284,2.278007401209443
kernel_anchored,national_draw,2131,"",68.97416921633042,62.969101950749284,6.00506726558114
kernel_anchored,national_draw,2132,"",64.88954126919022,62.969101950749284,1.920439318440934
kernel_anchored,national_draw,2133,"",60.4954866398265,62.969101950749284,-2.4736153109227814
kernel_anchored,national_draw,2134,"",57.233488954980984,62.969101950749284,-5.7356129957682995
kernel_anchored,national_draw,2135,"",67.84469523245711,62.969101950749284,4.875593281707829
kernel_anchored,national_draw,2136,"",62.37705459342388,62.969101950749284,-0.5920473573254057
kernel_anchored,national_draw,2137,"",70.87834903988075,62.969101950749284,7.909247089131462
kernel_anchored,national_draw,2138,"",64.95236561223935,62.969101950749284,1.9832636614900636
kernel_anchored,national_draw,2139,"",63.99388870126453,62.969101950749284,1.024786750515247
kernel_anchored,national_draw,2140,"",74.68103725328658,62.969101950749284,11.711935302537292
kernel_anchored,national_draw,2141,"",63.05265922723219,62.969101950749284,0.08355727648290667
kernel_anchored,national_draw,2142,"",67.59110805064515,62.969101950749284,4.622006099895863
kernel_anchored,national_draw,2143,"",70.34869668630155,62.969101950749284,7.379594735552267
kernel_anchored,national_draw,2144,"",67.90660319000487,62.969101950749284,4.937501239255589
kernel_anchored,national_draw,2145,"",56.51348463573527,62.969101950749284,-6.455617315014017
kernel_anchored,national_draw,2146,"",65.77669245726325,62.969101950749284,2.807590506513968
kernel_anchored,national_draw,2147,"",62.85709055820781,62.969101950749284,-0.11201139254147563
kernel_anchored,national_draw,2148,"",59.697241003316094,62.969101950749284,-3.27186094743319
kernel_anchored,national_draw,2149,"",61.15777944696896,62.969101950749284,-1.8113225037803247
kernel_anchored,national_draw,2150,"",61.994280138678434,62.969101950749284,-0.9748218120708501
kernel_anchored,national_draw,2151,"",66.75049862797239,62.969101950749284,3.781396677223107
kernel_anchored,national_draw,2152,"",67.21154209929237,62.969101950749284,4.242440148543089
kernel_anchored,national_draw,2153,"",70.61047824728185,62.969101950749284,7.641376296532563
kernel_anchored,national_draw,2154,"",53.86900151535999,62.969101950749284,-9.100100435389294
kernel_anchored,national_draw,2155,"",55.337912075419496,62.969101950749284,-7.631189875329788
kernel_anchored,national_draw,2156,"",57.425641375788715,62.969101950749284,-5.543460574960569
kernel_anchored,national_draw,2157,"",61.8131428100936,62.969101950749284,-1.155959140655682
kernel_anchored,national_draw,2158,"",73.55843962308718,62.969101950749284,10.589337672337898
kernel_anchored,national_draw,2159,"",60.55775699667832,62.969101950749284,-2.4113449540709624
kernel_anchored,national_draw,2160,"",59.1624827436185,62.969101950749284,-3.8066192071307867
kernel_anchored,national_draw,2161,"",61.23000539744135,62.969101950749284,-1.739096553307931
kernel_anchored,national_draw,2162,"",73.59108095148699,62.969101950749284,10.621979000737703
kernel_anchored,national_draw,2163,"",72.82974233709557,62.969101950749284,9.860640386346283
kernel_anchored,national_draw,2164,"",62.9898164179765,62.969101950749284,0.02071446722721504
kernel_anchored,national_draw,2165,"",69.06497217061879,62.969101950749284,6.095870219869504
kernel_anchored,national_draw,2166,"",64.91372969152962,62.969101950749284,1.9446277407803407
kernel_anchored,national_draw,2167,"",54.044044995774584,62.969101950749284,-8.9250569549747
kernel_anchored,national_draw,2168,"",52.742604463157484,62.969101950749284,-10.2264974875918
kernel_anchored,national_draw,2169,"",66.34224542470302,62.969101950749284,3.373143473953739
kernel_anchored,national_draw,2170,"",67.07173906585324,62.969101950749284,4.102637115103953
kernel_anchored,national_draw,2171,"",72.87186144602077,62.969101950749284,9.90275949527149
kernel_anchored,national_draw,2172,"",73.29726052209644,62.969101950749284,10.328158571347153
kernel_anchored,national_draw,2173,"",69.31240779736495,62.969101950749284,6.343305846615671
kernel_anchored,national_draw,2174,"",63.766177291417904,62.969101950749284,0.79707534066862
kernel_anchored,national_draw,2175,"",65.70400254335064,62.969101950749284,2.734900592601356
kernel_anchored,national_draw,2176,"",70.38061552436906,62.969101950749284,7.411513573619779
kernel_anchored,national_draw,2177,"",66.65812835440084,62.969101950749284,3.6890264036515603
kernel_anchored,national_draw,2178,"",71.04730559695255,62.969101950749284,8.07820364620327
kernel_anchored,national_draw,2179,"",58.194191043848264,62.969101950749284,-4.77491090690102
kernel_anchored,national_draw,2180,"",57.5094479460604,62.969101950749284,-5.459654004688886
kernel_anchored,national_draw,2181,"",69.42145767202673,62.969101950749284,6.452355721277449
kernel_anchored,national_draw,2182,"",57.50457748407584,62.969101950749284,-5.464524466673446
kernel_anchored,national_draw,2183,"",62.377029202389835,62.969101950749284,-0.592072748359449
kernel_anchored,national_draw,2184,"",74.93817225503706,62.969101950749284,11.969070304287776
kernel_anchored,national_draw,2185,"",72.8789363114154,62.969101950749284,9.909834360666117
kernel_anchored,national_draw,2186,"",66.96808824833927,62.969101950749284,3.998986297589987
kernel_anchored,national_draw,2187,"",66.414995353787,62.969101950749284,3.445893403037722
kernel_anchored,national_draw,2188,"",59.82436236938881,62.969101950749284,-3.1447395813604757
kernel_anchored,national_draw,2189,"",60.2638765521164,62.969101950749284,-2.7052253986328836
kernel_anchored,national_draw,2190,"",69.882718121274,62.969101950749284,6.913616170524712
kernel_anchored,national_draw,2191,"",54.556805386887916,62.969101950749284,-8.412296563861368
kernel_anchored,national_draw,2192,"",61.30823517332693,62.969101950749284,-1.6608667774223562
kernel_anchored,national_draw,2193,"",69.30611774574984,62.969101950749284,6.337015795000561
kernel_anchored,national_draw,2194,"",64.72261599484183,62.969101950749284,1.7535140440925474
kernel_anchored,national_draw,2195,"",69.89890144306248,62.969101950749284,6.929799492313201
kernel_anchored,national_draw,2196,"",68.4998877831709,62.969101950749284,5.530785832421621
kernel_anchored,national_draw,2197,"",70.79451707857503,62.969101950749284,7.8254151278257424
kernel_anchored,national_draw,2198,"",67.73957865979612,62.969101950749284,4.770476709046839
kernel_anchored,national_draw,2199,"",52.19543229608882,62.969101950749284,-10.773669654660466
kernel_anchored,national_draw,2200,"",66.01121328078497,62.969101950749284,3.042111330035688
kernel_anchored,national_draw,2201,"",64.1949787660553,62.969101950749284,1.225876815306016
kernel_anchored,national_draw,2202,"",64.32662896929091,62.969101950749284,1.3575270185416244
kernel_anchored,national_draw,2203,"",62.959610320568956,62.969101950749284,-0.009491630180328059
kernel_anchored,national_draw,2204,"",58.030451190134315,62.969101950749284,-4.938650760614969
kernel_anchored,national_draw,2205,"",69.69212378664615,62.969101950749284,6.723021835896866
kernel_anchored,national_draw,2206,"",72.57721003733428,62.969101950749284,9.608108086584998
kernel_anchored,national_draw,2207,"",70.97765337402177,62.969101950749284,8.008551423272486
kernel_anchored,national_draw,2208,"",62.99721213371039,62.969101950749284,0.028110182961107455
kernel_anchored,national_draw,2209,"",63.73533872643513,62.969101950749284,0.7662367756858472
kernel_anchored,national_draw,2210,"",70.72243193292779,62.969101950749284,7.753329982178506
kernel_anchored,national_draw,2211,"",66.79079189072235,62.969101950749284,3.821689939973062
kernel_anchored,national_draw,2212,"",66.91261576378342,62.969101950749284,3.943513813034137
kernel_anchored,national_draw,2213,"",72.70416520754782,62.969101950749284,9.735063256798533
kernel_anchored,national_draw,2214,"",62.687923948036186,62.969101950749284,-0.2811780027130979
kernel_anchored,national_draw,2215,"",57.413259784279155,62.969101950749284,-5.5558421664701285
kernel_anchored,national_draw,2216,"",71.47501294885029,62.969101950749284,8.505910998101008
kernel_anchored,national_draw,2217,"",68.435516895321,62.969101950749284,5.466414944571717
kernel_anchored,national_draw,2218,"",56.76631470307759,62.969101950749284,-6.202787247671694
kernel_anchored,national_draw,2219,"",68.20710146134866,62.969101950749284,5.237999510599373
kernel_anchored,national_draw,2220,"",62.94759574491512,62.969101950749284,-0.021506205834164405
kernel_anchored,national_draw,2221,"",68.6305431195272,62.969101950749284,5.66144116877792
kernel_anchored,national_draw,2222,"",63.99341550472101,62.969101950749284,1.024313553971723
kernel_anchored,national_draw,2223,"",60.80745011717846,62.969101950749284,-2.161651833570822
kernel_anchored,national_draw,2224,"",64.63214312399603,62.969101950749284,1.6630411732467465
kernel_anchored,national_draw,2225,"",73.08293018719031,62.969101950749284,10.11382823644103
kernel_anchored,national_draw,2226,"",63.35920518122977,62.969101950749284,0.39010323048048434
kernel_anchored,national_draw,2227,"",62.12487315158754,62.969101950749284,-0.8442287991617405
kernel_anchored,national_draw,2228,"",69.4576722113991,62.969101950749284,6.488570260649816
kernel_anchored,national_draw,2229,"",57.660755426196694,62.969101950749284,-5.30834652455259
kernel_anchored,national_draw,2230,"",62.4421295053995,62.969101950749284,-0.5269724453497844
kernel_anchored,national_draw,2231,"",71.57976481393139,62.969101950749284,8.610662863182107
kernel_anchored,national_draw,2232,"",70.87117491862578,62.969101950749284,7.902072967876499
kernel_anchored,national_draw,2233,"",60.73696460667591,62.969101950749284,-2.2321373440733723
kernel_anchored,national_draw,2234,"",63.527423090038525,62.969101950749284,0.5583211392892409
kernel_anchored,national_draw,2235,"",62.93092306865235,62.969101950749284,-0.038178882096936206
kernel_anchored,national_draw,2236,"",64.95621812458637,62.969101950749284,1.9871161738370873
kernel_anchored,national_draw,2237,"",65.93268342904253,62.969101950749284,2.963581478293243
kernel_anchored,national_draw,2238,"",76.83380222494245,62.969101950749284,13.864700274193162
kernel_anchored,national_draw,2239,"",67.6723501264785,62.969101950749284,4.703248175729222
kernel_anchored,national_draw,2240,"",61.59935953655731,62.969101950749284,-1.3697424141919754
kernel_anchored,national_draw,2241,"",55.73033281482533,62.969101950749284,-7.2387691359239525
kernel_anchored,national_draw,2242,"",58.43986083959055,62.969101950749284,-4.529241111158733
kernel_anchored,national_draw,2243,"",65.71575166728493,62.969101950749284,2.74664971653565
kernel_anchored,national_draw,2244,"",62.96361287084442,62.969101950749284,-0.0054890799048621375
kernel_anchored,national_draw,2245,"",70.8361006675095,62.969101950749284,7.8669987167602144
kernel_anchored,national_draw,2246,"",68.76969752746035,62.969101950749284,5.800595576711068
kernel_anchored,national_draw,2247,"",67.06510046458898,62.969101950749284,4.095998513839696
kernel_anchored,national_draw,2248,"",70.33989061404039,62.969101950749284,7.370788663291101
kernel_anchored,national_draw,2249,"",72.3096023881791,62.969101950749284,9.340500437429817
kernel_anchored,national_draw,2250,"",71.84850120996357,62.969101950749284,8.879399259214289
kernel_anchored,national_draw,2251,"",65.18761815919666,62.969101950749284,2.218516208447376
kernel_anchored,national_draw,2252,"",62.20344224401896,62.969101950749284,-0.7656597067303252
kernel_anchored,national_draw,2253,"",70.87219979309077,62.969101950749284,7.903097842341488
kernel_anchored,national_draw,2254,"",66.84161550777256,62.969101950749284,3.872513557023275
kernel_anchored,national_draw,2255,"",65.50149981375677,62.969101950749284,2.532397863007482
kernel_anchored,national_draw,2256,"",61.078836413854376,62.969101950749284,-1.8902655368949084
kernel_anchored,national_draw,2257,"",52.18030385635101,62.969101950749284,-10.788798094398274
kernel_anchored,national_draw,2258,"",54.136683029341484,62.969101950749284,-8.8324189214078
kernel_anchored,national_draw,2259,"",59.70070803360083,62.969101950749284,-3.268393917148451
kernel_anchored,national_draw,2260,"",61.5688210474314,62.969101950749284,-1.400280903317885
kernel_anchored,national_draw,2261,"",62.46709812496678,62.969101950749284,-0.5020038257825021
kernel_anchored,national_draw,2262,"",70.10650777049894,62.969101950749284,7.137405819749652
kernel_anchored,national_draw,2263,"",58.987903226644136,62.969101950749284,-3.9811987241051483
kernel_anchored,national_draw,2264,"",74.73341433996504,62.969101950749284,11.764312389215753
kernel_anchored,national_draw,2265,"",67.11155682378384,62.969101950749284,4.142454873034559
kernel_anchored,national_draw,2266,"",62.60001095507705,62.969101950749284,-0.3690909956722308
kernel_anchored,national_draw,2267,"",64.56884096785174,62.969101950749284,1.5997390171024577
kernel_anchored,national_draw,2268,"",56.54182795455439,62.969101950749284,-6.4272739961948915
kernel_anchored,national_draw,2269,"",70.65801257128561,62.969101950749284,7.688910620536326
kernel_anchored,national_draw,2270,"",59.80802439312024,62.969101950749284,-3.161077557629042
kernel_anchored,national_draw,2271,"",70.76534047218414,62.969101950749284,7.7962385214348515
kernel_anchored,national_draw,2272,"",62.08436521918615,62.969101950749284,-0.8847367315631374
kernel_anchored,national_draw,2273,"",61.79822673173142,62.969101950749284,-1.1708752190178657
kernel_anchored,national_draw,2274,"",65.83765863827561,62.969101950749284,2.868556687526329
kernel_anchored,national_draw,2275,"",51.27051309901518,62.969101950749284,-11.698588851734101
kernel_anchored,national_draw,2276,"",70.78278180429565,62.969101950749284,7.813679853546368
kernel_anchored,national_draw,2277,"",65.62321519785421,62.969101950749284,2.654113247104924
kernel_anchored,national_draw,2278,"",65.77302922353364,62.969101950749284,2.8039272727843567
kernel_anchored,national_draw,2279,"",73.35788738656296,62.969101950749284,10.38878543581368
kernel_anchored,national_draw,2280,"",69.1222081779027,62.969101950749284,6.1531062271534225
kernel_anchored,national_draw,2281,"",70.92791464660793,62.969101950749284,7.958812695858647
kernel_anchored,national_draw,2282,"",61.26667928370231,62.969101950749284,-1.7024226670469744
kernel_anchored,national_draw,2283,"",68.3761041839369,62.969101950749284,5.407002233187619
kernel_anchored,national_draw,2284,"",61.116034278726936,62.969101950749284,-1.8530676720223482
kernel_anchored,national_draw,2285,"",56.891259365050104,62.969101950749284,-6.07784258569918
kernel_anchored,national_draw,2286,"",65.62449629093545,62.969101950749284,2.65539434018617
kernel_anchored,national_draw,2287,"",67.00809990143894,62.969101950749284,4.038997950689655
kernel_anchored,national_draw,2288,"",74.05807284960044,62.969101950749284,11.088970898851152
kernel_anchored,national_draw,2289,"",64.30400786623468,62.969101950749284,1.3349059154854004
kernel_anchored,national_draw,2290,"",71.19502370818556,62.969101950749284,8.225921757436275
kernel_anchored,national_draw,2291,"",70.56738504595972,62.969101950749284,7.598283095210441
kernel_anchored,national_draw,2292,"",66.47684560443922,62.969101950749284,3.5077436536899356
kernel_anchored,national_draw,2293,"",55.281890221218,62.969101950749284,-7.687211729531285
kernel_anchored,national_draw,2294,"",60.641623582121376,62.969101950749284,-2.327478368627908
kernel_anchored,national_draw,2295,"",63.78596383176463,62.969101950749284,0.816861881015349
kernel_anchored,national_draw,2296,"",67.0309241327675,62.969101950749284,4.061822182018211
kernel_anchored,national_draw,2297,"",70.27882286889184,62.969101950749284,7.309720918142553
kernel_anchored,national_draw,2298,"",73.83143247973524,62.969101950749284,10.862330528985957
kernel_anchored,national_draw,2299,"",67.54181020391331,62.969101950749284,4.572708253164031
kernel_anchored,national_draw,2300,"",63.9137592143774,62.969101950749284,0.9446572636281161
kernel_anchored,national_draw,2301,"",69.11123001809297,62.969101950749284,6.142128067343684
kernel_anchored,national_draw,2302,"",66.8996294040085,62.969101950749284,3.9305274532592094
kernel_anchored,national_draw,2303,"",64.02731253516802,62.969101950749284,1.0582105844187382
kernel_anchored,national_draw,2304,"",56.7666817189333,62.969101950749284,-6.202420231815985
kernel_anchored,national_draw,2305,"",59.01283491379825,62.969101950749284,-3.956267036951033
kernel_anchored,national_draw,2306,"",66.4988434730235,62.969101950749284,3.5297415222742146
kernel_anchored,national_draw,2307,"",62.89785932577709,62.969101950749284,-0.07124262497219291
kernel_anchored,national_draw,2308,"",64.7272879451057,62.969101950749284,1.7581859943564169
kernel_anchored,national_draw,2309,"",64.15761701359936,62.969101950749284,1.1885150628500796
kernel_anchored,national_draw,2310,"",70.16245114332249,62.969101950749284,7.193349192573201
kernel_anchored,national_draw,2311,"",71.1933848323519,62.969101950749284,8.224282881602612
kernel_anchored,national_draw,2312,"",63.05120270518847,62.969101950749284,0.08210075443918896
kernel_anchored,national_draw,2313,"",55.37835999264953,62.969101950749284,-7.5907419580997555
kernel_anchored,national_draw,2314,"",60.78866075198687,62.969101950749284,-2.1804411987624164
kernel_anchored,national_draw,2315,"",74.90015495224766,62.969101950749284,11.931053001498377
kernel_anchored,national_draw,2316,"",59.53961577225479,62.969101950749284,-3.4294861784944928
kernel_anchored,national_draw,2317,"",57.04890075404215,62.969101950749284,-5.920201196707133
kernel_anchored,national_draw,2318,"",55.20796076318892,62.969101950749284,-7.761141187560362
kernel_anchored,national_draw,2319,"",71.34781771795127,62.969101950749284,8.378715767201989
kernel_anchored,national_draw,2320,"",62.51287123451831,62.969101950749284,-0.45623071623097644
kernel_anchored,national_draw,2321,"",72.31636563633774,62.969101950749284,9.347263685588452
kernel_anchored,national_draw,2322,"",62.62588441876657,62.969101950749284,-0.34321753198271665
kernel_anchored,national_draw,2323,"",60.70253436451401,62.969101950749284,-2.2665675862352757
kernel_anchored,national_draw,2324,"",70.53963033747523,62.969101950749284,7.570528386725947
kernel_anchored,national_draw,2325,"",65.07572218044628,62.969101950749284,2.1066202296969934
kernel_anchored,national_draw,2326,"",58.79713346305382,62.969101950749284,-4.171968487695466
kernel_anchored,national_draw,2327,"",69.70240946370929,62.969101950749284,6.733307512960003
kernel_anchored,national_draw,2328,"",65.72891345602235,62.969101950749284,2.7598115052730705
kernel_anchored,national_draw,2329,"",52.52727002826876,62.969101950749284,-10.441831922480524
kernel_anchored,national_draw,2330,"",59.1780405226592,62.969101950749284,-3.7910614280900816
kernel_anchored,national_draw,2331,"",63.13383205479089,62.969101950749284,0.1647301040416096
kernel_anchored,national_draw,2332,"",73.16201171685424,62.969101950749284,10.192909766104954
kernel_anchored,national_draw,2333,"",63.01474579685479,62.969101950749284,0.04564384610550576
kernel_anchored,national_draw,2334,"",60.960576518662556,62.969101950749284,-2.008525432086728
kernel_anchored,national_draw,2335,"",62.31802043927458,62.969101950749284,-0.6510815114747075
kernel_anchored,national_draw,2336,"",72.4526023836318,62.969101950749284,9.483500432882515
kernel_anchored,national_draw,2337,"",61.10788606507504,62.969101950749284,-1.8612158856742411
kernel_anchored,national_draw,2338,"",65.91817591550085,62.969101950749284,2.9490739647515696
kernel_anchored,national_draw,2339,"",76.38171255553625,62.969101950749284,13.41261060478697
kernel_anchored,national_draw,2340,"",62.1976392386023,62.969101950749284,-0.7714627121469846
kernel_anchored,national_draw,2341,"",70.08021881716144,62.969101950749284,7.111116866412154
kernel_anchored,national_draw,2342,"",63.568974363111494,62.969101950749284,0.5998724123622097
kernel_anchored,national_draw,2343,"",67.23051150999811,62.969101950749284,4.2614095592488255
kernel_anchored,national_draw,2344,"",69.46591968091134,62.969101950749284,6.496817730162057
kernel_anchored,national_draw,2345,"",55.97191234581093,62.969101950749284,-6.997189604938356
kernel_anchored,national_draw,2346,"",70.42769511803589,62.969101950749284,7.458593167286601
kernel_anchored,national_draw,2347,"",60.11052163132593,62.969101950749284,-2.8585803194233534
kernel_anchored,national_draw,2348,"",71.75298475644655,62.969101950749284,8.783882805697267
kernel_anchored,national_draw,2349,"",61.2255227257949,62.969101950749284,-1.743579224954381
kernel_anchored,national_draw,2350,"",66.2458702925802,62.969101950749284,3.276768341830909
kernel_anchored,national_draw,2351,"",52.09595253298532,62.969101950749284,-10.873149417763962
kernel_anchored,national_draw,2352,"",63.8601956739264,62.969101950749284,0.8910937231771143
kernel_anchored,national_draw,2353,"",71.73681990086463,62.969101950749284,8.767717950115347
kernel_anchored,national_draw,2354,"",68.4296054009407,62.969101950749284,5.460503450191418
kernel_anchored,national_draw,2355,"",67.18195461980517,62.969101950749284,4.212852669055884
kernel_anchored,national_draw,2356,"",65.18404033167245,62.969101950749284,2.214938380923165
kernel_anchored,national_draw,2357,"",59.31388717133932,62.969101950749284,-3.6552147794099668
kernel_anchored,national_draw,2358,"",51.06582443221781,62.969101950749284,-11.903277518531475
kernel_anchored,national_draw,2359,"",59.99871336705678,62.969101950749284,-2.970388583692504
kernel_anchored,national_draw,2360,"",67.73112113718409,62.969101950749284,4.762019186434806
kernel_anchored,national_draw,2361,"",67.54898201689247,62.969101950749284,4.579880066143183
kernel_anchored,national_draw,2362,"",63.04134405915243,62.969101950749284,0.07224210840314527
kernel_anchored,national_draw,2363,"",54.4246312050407,62.969101950749284,-8.544470745708587
kernel_anchored,national_draw,2364,"",72.45963570006163,62.969101950749284,9.490533749312341
kernel_anchored,national_draw,2365,"",69.04075374069369,62.969101950749284,6.071651789944404
kernel_anchored,national_draw,2366,"",59.484570318726036,62.969101950749284,-3.4845316320232484
kernel_anchored,national_draw,2367,"",65.45957460000061,62.969101950749284,2.4904726492513234
kernel_anchored,national_draw,2368,"",54.239832951002064,62.969101950749284,-8.72926899974722
kernel_anchored,national_draw,2369,"",60.19724124568505,62.969101950749284,-2.7718607050642348
kernel_anchored,national_draw,2370,"",66.42673986116966,62.969101950749284,3.457637910420381
kernel_anchored,national_draw,2371,"",68.147695674792,62.969101950749284,5.17859372404272
kernel_anchored,national_draw,2372,"",67.9861463748332,62.969101950749284,5.017044424083913
kernel_anchored,national_draw,2373,"",66.83913641953966,62.969101950749284,3.8700344687903723
kernel_anchored,national_draw,2374,"",63.41302724857284,62.969101950749284,0.4439252978235544
kernel_anchored,national_draw,2375,"",66.09971488407874,62.969101950749284,3.130612933329452
kernel_anchored,national_draw,2376,"",68.35338382502032,62.969101950749284,5.384281874271032
kernel_anchored,national_draw,2377,"",67.72905753859916,62.969101950749284,4.7599555878498805
kernel_anchored,national_draw,2378,"",60.45169172265447,62.969101950749284,-2.5174102280948105
kernel_anchored,national_draw,2379,"",61.413174008749614,62.969101950749284,-1.5559279419996699
kernel_anchored,national_draw,2380,"",60.57544069775116,62.969101950749284,-2.393661252998122
kernel_anchored,national_draw,2381,"",72.35892100939331,62.969101950749284,9.38981905864403
kernel_anchored,national_draw,2382,"",73.03885596864383,62.969101950749284,10.069754017894546
kernel_anchored,national_draw,2383,"",65.80524582918218,62.969101950749284,2.8361438784328996
kernel_anchored,national_draw,2384,"",62.15235086697339,62.969101950749284,-0.8167510837758911
kernel_anchored,national_draw,2385,"",61.641051614455435,62.969101950749284,-1.328050336293849
kernel_anchored,national_draw,2386,"",67.75605051606239,62.969101950749284,4.786948565313104
kernel_anchored,national_draw,2387,"",54.667212527733064,62.969101950749284,-8.30188942301622
kernel_anchored,national_draw,2388,"",63.19430888132898,62.969101950749284,0.2252069305796951
kernel_anchored,national_draw,2389,"",76.442803383443,62.969101950749284,13.473701432693723
kernel_anchored,national_draw,2390,"",58.50817426254454,62.969101950749284,-4.460927688204741
kernel_anchored,national_draw,2391,"",62.65137470866963,62.969101950749284,-0.3177272420796555
kernel_anchored,national_draw,2392,"",60.71582080014581,62.969101950749284,-2.2532811506034705
kernel_anchored,national_draw,2393,"",62.9586939350676,62.969101950749284,-0.01040801568168348
kernel_anchored,national_draw,2394,"",61.691138891518406,62.969101950749284,-1.2779630592308777
kernel_anchored,national_draw,2395,"",67.52174205391628,62.969101950749284,4.5526401031670005
kernel_anchored,national_draw,2396,"",68.51762919113929,62.969101950749284,5.548527240390008
kernel_anchored,national_draw,2397,"",65.15367496323321,62.969101950749284,2.1845730124839307
kernel_anchored,national_draw,2398,"",61.70249330028713,62.969101950749284,-1.2666086504621532
kernel_anchored,national_draw,2399,"",57.790018872232295,62.969101950749284,-5.179083078516989
kernel_anchored,national_draw,2400,"",63.62178309736868,62.969101950749284,0.6526811466193934
kernel_anchored,national_draw,2401,"",63.31838563159239,62.969101950749284,0.3492836808431079
kernel_anchored,national_draw,2402,"",62.96876032592762,62.969101950749284,-0.0003416248216652207
kernel_anchored,national_draw,2403,"",61.775222454888734,62.969101950749284,-1.1938794958605499
kernel_anchored,national_draw,2404,"",60.51593565533416,62.969101950749284,-2.453166295415123
kernel_anchored,national_draw,2405,"",57.66358768063037,62.969101950749284,-5.305514270118913
kernel_anchored,national_draw,2406,"",67.57352360543265,62.969101950749284,4.604421654683371
kernel_anchored,national_draw,2407,"",73.39983568307733,62.969101950749284,10.430733732328044
kernel_anchored,national_draw,2408,"",66.1087287011639,62.969101950749284,3.139626750414614
kernel_anchored,national_draw,2409,"",62.166583695692246,62.969101950749284,-0.8025182550570378
kernel_anchored,national_draw,2410,"",68.73856350317234,62.969101950749284,5.76946155242306
kernel_anchored,national_draw,2411,"",71.44330878043425,62.969101950749284,8.474206829684967
kernel_anchored,national_draw,2412,"",56.94147128900746,62.969101950749284,-6.027630661741824
kernel_anchored,national_draw,2413,"",65.36698042367433,62.969101950749284,2.3978784729250506
kernel_anchored,national_draw,2414,"",62.99542783649993,62.969101950749284,0.026325885750644318
kernel_anchored,national_draw,2415,"",54.10714633192235,62.969101950749284,-8.861955618826933
kernel_anchored,national_draw,2416,"",70.74998351313994,62.969101950749284,7.780881562390654
kernel_anchored,national_draw,2417,"",60.3918750630015,62.969101950749284,-2.577226887747784
kernel_anchored,national_draw,2418,"",65.45447561870968,62.969101950749284,2.4853736679603955
kernel_anchored,national_draw,2419,"",58.06873163636743,62.969101950749284,-4.900370314381853
kernel_anchored,national_draw,2420,"",67.63815302017463,62.969101950749284,4.669051069425343
kernel_anchored,national_draw,2421,"",66.56023668506293,62.969101950749284,3.5911347343136484
kernel_anchored,national_draw,2422,"",68.53903152456148,62.969101950749284,5.569929573812196
kernel_anchored,national_draw,2423,"",72.20554531412044,62.969101950749284,9.236443363371158
kernel_anchored,national_draw,2424,"",70.71596645235017,62.969101950749284,7.746864501600889
kernel_anchored,national_draw,2425,"",63.76776538518348,62.969101950749284,0.7986634344341965
kernel_anchored,national_draw,2426,"",68.15406882433672,62.969101950749284,5.184966873587435
kernel_anchored,national_draw,2427,"",66.43409402793877,62.969101950749284,3.4649920771894855
kernel_anchored,national_draw,2428,"",67.30158101428363,62.969101950749284,4.332479063534343
kernel_anchored,national_draw,2429,"",73.28275762510641,62.969101950749284,10.313655674357129
kernel_anchored,national_draw,2430,"",54.97602520858792,62.969101950749284,-7.993076742161364
kernel_anchored,national_draw,2431,"",67.99310813471254,62.969101950749284,5.024006183963259
kernel_anchored,national_draw,2432,"",58.13686270553148,62.969101950749284,-4.8322392452178065
kernel_anchored,national_draw,2433,"",64.92279198240706,62.969101950749284,1.9536900316577785
kernel_anchored,national_draw,2434,"",44.364188771812366,62.969101950749284,-18.60491317893692
kernel_anchored,national_draw,2435,"",61.782546614072146,62.969101950749284,-1.186555336677138
kernel_anchored,national_draw,2436,"",52.33009710754805,62.969101950749284,-10.639004843201235
kernel_anchored,national_draw,2437,"",61.84389366059514,62.969101950749284,-1.1252082901541414
kernel_anchored,national_draw,2438,"",69.80600488260352,62.969101950749284,6.836902931854233
kernel_anchored,national_draw,2439,"",62.94480273117043,62.969101950749284,-0.02429921957885739
kernel_anchored,national_draw,2440,"",55.297932738181345,62.969101950749284,-7.671169212567939
kernel_anchored,national_draw,2441,"",61.71734243865047,62.969101950749284,-1.2517595120988148
kernel_anchored,national_draw,2442,"",66.87038585761876,62.969101950749284,3.901283906869473
kernel_anchored,national_draw,2443,"",68.41409378741643,62.969101950749284,5.44499183666715
kernel_anchored,national_draw,2444,"",58.19089482597435,62.969101950749284,-4.778207124774937
kernel_anchored,national_draw,2445,"",62.21761967411808,62.969101950749284,-0.7514822766312008
kernel_anchored,national_draw,2446,"",64.49912872974957,62.969101950749284,1.5300267790002877
kernel_anchored,national_draw,2447,"",71.97771618220689,62.969101950749284,9.008614231457607
kernel_anchored,national_draw,2448,"",65.156791135593,62.969101950749284,2.1876891848437126
kernel_anchored,national_draw,2449,"",61.2784168662575,62.969101950749284,-1.6906850844917827
kernel_anchored,national_draw,2450,"",72.44661009959772,62.969101950749284,9.477508148848436
kernel_anchored,national_draw,2451,"",56.682055710744784,62.969101950749284,-6.2870462400045
kernel_anchored,national_draw,2452,"",66.74449941911085,62.969101950749284,3.775397468361568
kernel_anchored,national_draw,2453,"",60.499424558378934,62.969101950749284,-2.4696773923703503
kernel_anchored,national_draw,2454,"",59.43961433881552,62.969101950749284,-3.5294876119337673
kernel_anchored,national_draw,2455,"",70.26944665250262,62.969101950749284,7.300344701753339
kernel_anchored,national_draw,2456,"",52.05208375098699,62.969101950749284,-10.917018199762296
kernel_anchored,national_draw,2457,"",53.2270746257956,62.969101950749284,-9.742027324953682
kernel_anchored,national_draw,2458,"",65.7309701297798,62.969101950749284,2.7618681790305217
kernel_anchored,national_draw,2459,"",62.66127028711881,62.969101950749284,-0.30783166363047343
kernel_anchored,national_draw,2460,"",55.30836152834543,62.969101950749284,-7.660740422403855
kernel_anchored,national_draw,2461,"",62.15786764618812,62.969101950749284,-0.811234304561161
kernel_anchored,national_draw,2462,"",63.52143542255608,62.969101950749284,0.5523334718067971
kernel_anchored,national_draw,2463,"",67.32764606486639,62.969101950749284,4.358544114117102
kernel_anchored,national_draw,2464,"",65.44685369194522,62.969101950749284,2.477751741195938
kernel_anchored,national_draw,2465,"",62.97280904171952,62.969101950749284,0.003707090970237914
kernel_anchored,national_draw,2466,"",67.8525087461148,62.969101950749284,4.883406795365509
kernel_anchored,national_draw,2467,"",62.09143546802912,62.969101950749284,-0.8776664827201657
kernel_anchored,national_draw,2468,"",72.92067224655415,62.969101950749284,9.951570295804864
kernel_anchored,national_draw,2469,"",70.9039547435749,62.969101950749284,7.934852792825616
kernel_anchored,national_draw,2470,"",67.70179218458894,62.969101950749284,4.732690233839655
kernel_anchored,national_draw,2471,"",61.16247678826687,62.969101950749284,-1.806625162482412
kernel_anchored,national_draw,2472,"",59.829431343094065,62.969101950749284,-3.139670607655219
kernel_anchored,national_draw,2473,"",63.25444639132122,62.969101950749284,0.285344440571933
kernel_anchored,national_draw,2474,"",67.48449571525147,62.969101950749284,4.5153937645021855
kernel_anchored,national_draw,2475,"",66.23887621683934,62.969101950749284,3.26977426609006
kernel_anchored,national_draw,2476,"",55.43209665378718,62.969101950749284,-7.537005296962107
kernel_anchored,national_draw,2477,"",68.47278400846824,62.969101950749284,5.5036820577189545
kernel_anchored,national_draw,2478,"",62.79396383102599,62.969101950749284,-0.17513811972329307
kernel_anchored,national_draw,2479,"",50.09916930000543,62.969101950749284,-12.869932650743856
kernel_anchored,national_draw,2480,"",60.0829423518039,62.969101950749284,-2.886159598945383
kernel_anchored,national_draw,2481,"",61.666431107119024,62.969101950749284,-1.3026708436302599
kernel_anchored,national_draw,2482,"",69.12721021160911,62.969101950749284,6.1581082608598265
kernel_anchored,national_draw,2483,"",69.82770498360674,62.969101950749284,6.858603032857452
kernel_anchored,national_draw,2484,"",68.3005196921434,62.969101950749284,5.331417741394112
kernel_anchored,national_draw,2485,"",69.23204979117143,62.969101950749284,6.26294784042215
kernel_anchored,national_draw,2486,"",73.90086310818711,62.969101950749284,10.931761157437826
kernel_anchored,national_draw,2487,"",66.39875432510297,62.969101950749284,3.4296523743536866
kernel_anchored,national_draw,2488,"",56.30192654009144,62.969101950749284,-6.6671754106578405
kernel_anchored,national_draw,2489,"",63.56297053769831,62.969101950749284,0.5938685869490286
kernel_anchored,national_draw,2490,"",69.32036442412361,62.969101950749284,6.351262473374327
kernel_anchored,national_draw,2491,"",67.54243805493691,62.969101950749284,4.573336104187625
kernel_anchored,national_draw,2492,"",67.07255157894261,62.969101950749284,4.103449628193324
kernel_anchored,national_draw,2493,"",69.68265754749987,62.969101950749284,6.713555596750588
kernel_anchored,national_draw,2494,"",61.291654828097045,62.969101950749284,-1.6774471226522394
kernel_anchored,national_draw,2495,"",71.6080227265451,62.969101950749284,8.638920775795818
kernel_anchored,national_draw,2496,"",64.3558263501642,62.969101950749284,1.3867243994149092
kernel_anchored,national_draw,2497,"",64.30711711376699,62.969101950749284,1.3380151630177082
kernel_anchored,national_draw,2498,"",57.943909313013485,62.969101950749284,-5.025192637735799
kernel_anchored,national_draw,2499,"",69.84954127288347,62.969101950749284,6.880439322134187
kernel_anchored,national_draw,2500,"",70.57825702508165,62.969101950749284,7.609155074332371
kernel_anchored,national_draw,2501,"",64.17985032631749,62.969101950749284,1.2107483755682082
kernel_anchored,national_draw,2502,"",60.4312427071468,62.969101950749284,-2.537859243602483
kernel_anchored,national_draw,2503,"",63.6113866230661,62.969101950749284,0.6422846723168192
kernel_anchored,national_draw,2504,"",63.68198293080811,62.969101950749284,0.7128809800588272
kernel_anchored,national_draw,2505,"",61.88801866120972,62.969101950749284,-1.0810832895395635
kernel_anchored,national_draw,2506,"",75.18100979634568,62.969101950749284,12.211907845596393
kernel_anchored,national_draw,2507,"",62.96146617432991,62.969101950749284,-0.007635776419377294
kernel_anchored,national_draw,2508,"",66.18350298814384,62.969101950749284,3.214401037394559
kernel_anchored,national_draw,2509,"",70.00761892600589,62.969101950749284,7.038516975256606
kernel_anchored,national_draw,2510,"",57.33741907386942,62.969101950749284,-5.631682876879864
kernel_anchored,national_draw,2511,"",70.35427117241184,62.969101950749284,7.385169221662558
kernel_anchored,national_draw,2512,"",62.43578174688883,62.969101950749284,-0.5333202038604554
kernel_anchored,national_draw,2513,"",73.07391406182934,62.969101950749284,10.104812111080058
kernel_anchored,national_draw,2514,"",72.00631341136643,62.969101950749284,9.03721146061715
kernel_anchored,national_draw,2515,"",60.04188735803267,62.969101950749284,-2.9272145927166164
kernel_anchored,national_draw,2516,"",57.32867763333126,62.969101950749284,-5.640424317418024
kernel_anchored,national_draw,2517,"",71.39366007577746,62.969101950749284,8.424558125028177
kernel_anchored,national_draw,2518,"",64.90753427922321,62.969101950749284,1.9384323284739295
kernel_anchored,national_draw,2519,"",56.339532969784514,62.969101950749284,-6.62956898096477
kernel_anchored,national_draw,2520,"",59.00603473322644,62.969101950749284,-3.963067217522841
kernel_anchored,national_draw,2521,"",71.92293156384602,62.969101950749284,8.953829613096737
kernel_anchored,national_draw,2522,"",59.43139687688897,62.969101950749284,-3.537705073860316
kernel_anchored,national_draw,2523,"",67.2863671683404,62.969101950749284,4.317265217591121
kernel_anchored,national_draw,2524,"",62.76373234258442,62.969101950749284,-0.20536960816486527
kernel_anchored,national_draw,2525,"",66.06398277435318,62.969101950749284,3.0948808236038943
kernel_anchored,national_draw,2526,"",68.48355904000563,62.969101950749284,5.5144570892563465
kernel_anchored,national_draw,2527,"",63.893790320240726,62.969101950749284,0.9246883694914416
kernel_anchored,national_draw,2528,"",62.665339777393115,62.969101950749284,-0.3037621733561693
kernel_anchored,national_draw,2529,"",66.14708762877495,62.969101950749284,3.177985678025671
kernel_anchored,national_draw,2530,"",65.28944082225955,62.969101950749284,2.320338871510266
kernel_anchored,national_draw,2531,"",60.39523591259843,62.969101950749284,-2.573866038150854
kernel_anchored,national_draw,2532,"",63.73024897824748,62.969101950749284,0.7611470274981968
kernel_anchored,national_draw,2533,"",67.5648029393769,62.969101950749284,4.59570098862762
kernel_anchored,national_draw,2534,"",64.68101163142495,62.969101950749284,1.7119096806756673
kernel_anchored,national_draw,2535,"",59.34725560662309,62.969101950749284,-3.6218463441261974
kernel_anchored,national_draw,2536,"",58.1148856114296,62.969101950749284,-4.854216339319684
kernel_anchored,national_draw,2537,"",66.27981348854365,62.969101950749284,3.3107115377943686
kernel_anchored,national_draw,2538,"",58.99064545832074,62.969101950749284,-3.978456492428542
kernel_anchored,national_draw,2539,"",70.72802719352048,62.969101950749284,7.758925242771191
kernel_anchored,national_draw,2540,"",73.24088319341836,62.969101950749284,10.271781242669071
kernel_anchored,national_draw,2541,"",71.57359017610736,62.969101950749284,8.604488225358075
kernel_anchored,national_draw,2542,"",71.26607012971287,62.969101950749284,8.296968178963589
kernel_anchored,national_draw,2543,"",65.88734889189719,62.969101950749284,2.918246941147906
kernel_anchored,national_draw,2544,"",52.867519117544305,62.969101950749284,-10.10158283320498
kernel_anchored,national_draw,2545,"",62.940449322970004,62.969101950749284,-0.028652627779280238
kernel_anchored,national_draw,2546,"",58.950603797635395,62.969101950749284,-4.018498153113889
kernel_anchored,national_draw,2547,"",67.13700325644628,62.969101950749284,4.167901305696994
kernel_anchored,national_draw,2548,"",64.77857552559614,62.969101950749284,1.8094735748468551
kernel_anchored,national_draw,2549,"",71.48350740387549,62.969101950749284,8.514405453126209
kernel_anchored,national_draw,2550,"",68.66984151539785,62.969101950749284,5.700739564648565
kernel_anchored,national_draw,2551,"",65.28227131755622,62.969101950749284,2.313169366806939
kernel_anchored,national_draw,2552,"",69.09554759215786,62.969101950749284,6.126445641408573
kernel_anchored,national_draw,2553,"",61.02513668512988,62.969101950749284,-1.9439652656194042
kernel_anchored,national_draw,2554,"",63.68029327290636,62.969101950749284,0.7111913221570774
kernel_anchored,national_draw,2555,"",65.53165051254457,62.969101950749284,2.562548561795289
kernel_anchored,national_draw,2556,"",64.4791806100953,62.969101950749284,1.5100786593460143
kernel_anchored,national_draw,2557,"",58.36927838150348,62.969101950749284,-4.599823569245807
kernel_anchored,national_draw,2558,"",74.92978859725132,62.969101950749284,11.960686646502033
kernel_anchored,national_draw,2559,"",67.12850880142108,62.969101950749284,4.159406850671793
kernel_anchored,national_draw,2560,"",62.08825004739468,62.969101950749284,-0.8808519033546034
kernel_anchored,national_draw,2561,"",71.57052016926401,62.969101950749284,8.60141821851473
kernel_anchored,national_draw,2562,"",64.99497638391465,62.969101950749284,2.025874433165363
kernel_anchored,national_draw,2563,"",51.997746938135606,62.969101950749284,-10.971355012613678
kernel_anchored,national_draw,2564,"",59.85991212532442,62.969101950749284,-3.1091898254248633
kernel_anchored,national_draw,2565,"",72.82440560339496,62.969101950749284,9.85530365264568
kernel_anchored,national_draw,2566,"",66.23056873215573,62.969101950749284,3.2614667814064475
kernel_anchored,national_draw,2567,"",68.49302527915191,62.969101950749284,5.523923328402624
kernel_anchored,national_draw,2568,"",71.54603859589521,62.969101950749284,8.576936645145928
kernel_anchored,national_draw,2569,"",65.2291024922708,62.969101950749284,2.2600005415215136
kernel_anchored,national_draw,2570,"",62.54248872159122,62.969101950749284,-0.42661322915806466
kernel_anchored,national_draw,2571,"",64.26337528693888,62.969101950749284,1.2942733361895975
kernel_anchored,national_draw,2572,"",61.1152771642573,62.969101950749284,-1.853824786491984
kernel_anchored,national_draw,2573,"",63.30974344691458,62.969101950749284,0.34064149616529704
kernel_anchored,national_draw,2574,"",65.66741637157092,62.969101950749284,2.6983144208216387
kernel_anchored,national_draw,2575,"",74.06171761712346,62.969101950749284,11.09261566637418
kernel_anchored,national_draw,2576,"",64.72547364030954,62.969101950749284,1.756371689560261
kernel_anchored,national_draw,2577,"",60.91355694016711,62.969101950749284,-2.055545010582172
kernel_anchored,national_draw,2578,"",66.99674318439438,62.969101950749284,4.027641233645092
kernel_anchored,national_draw,2579,"",60.94562581616305,62.969101950749284,-2.0234761345862324
kernel_anchored,national_draw,2580,"",76.14098939488065,62.969101950749284,13.171887444131364
kernel_anchored,national_draw,2581,"",62.575049260337245,62.969101950749284,-0.39405269041203894
kernel_anchored,national_draw,2582,"",55.39565590338425,62.969101950749284,-7.573446047365032
kernel_anchored,national_draw,2583,"",63.183120668419434,62.969101950749284,0.21401871767015024
kernel_anchored,national_draw,2584,"",55.685266037675355,62.969101950749284,-7.283835913073929
kernel_anchored,national_draw,2585,"",60.45357527572528,62.969101950749284,-2.515526675024006
kernel_anchored,national_draw,2586,"",66.8358771340789,62.969101950749284,3.866775183329615
kernel_anchored,national_draw,2587,"",63.325693632845045,62.969101950749284,0.3565916820957611
kernel_anchored,national_draw,2588,"",57.821515295824355,62.969101950749284,-5.147586654924929
kernel_anchored,national_draw,2589,"",69.59394819938213,62.969101950749284,6.624846248632842
kernel_anchored,national_draw,2590,"",63.262783883590515,62.969101950749284,0.29368193284123123
kernel_anchored,national_draw,2591,"",63.62829012691108,62.969101950749284,0.6591881761617984
kernel_anchored,national_draw,2592,"",59.37144402896249,62.969101950749284,-3.597657921786791
kernel_anchored,national_draw,2593,"",63.451044551362244,62.969101950749284,0.48194260061296035
kernel_anchored,national_draw,2594,"",63.621746164955525,62.969101950749284,0.6526442142062407
kernel_anchored,national_draw,2595,"",60.31359912159948,62.969101950749284,-2.6555028291498033
kernel_anchored,national_draw,2596,"",57.32023626864997,62.969101950749284,-5.648865682099313
kernel_anchored,national_draw,2597,"",69.02932777537448,62.969101950749284,6.060225824625199
kernel_anchored,national_draw,2598,"",62.0733547435149,62.969101950749284,-0.8957472072343862
kernel_anchored,national_draw,2599,"",68.00712398550412,62.969101950749284,5.038022034754839
kernel_anchored,national_draw,2600,"",67.48473346766114,62.969101950749284,4.51563151691186
kernel_anchored,national_draw,2601,"",67.58083622323696,62.969101950749284,4.6117342724876735
kernel_anchored,national_draw,2602,"",71.19075570619056,62.969101950749284,8.221653755441274
kernel_anchored,national_draw,2603,"",68.64825221163409,62.969101950749284,5.6791502608848035
kernel_anchored,national_draw,2604,"",56.435878094321644,62.969101950749284,-6.5332238564276395
kernel_anchored,national_draw,2605,"",63.79858548395969,62.969101950749284,0.8294835332104071
kernel_anchored,national_draw,2606,"",67.5190229049979,62.969101950749284,4.549920954248613
kernel_anchored,national_draw,2607,"",67.08933505244484,62.969101950749284,4.120233101695554
kernel_anchored,national_draw,2608,"",71.1391634332916,62.969101950749284,8.170061482542316
kernel_anchored,national_draw,2609,"",66.01377777522328,62.969101950749284,3.044675824473991
kernel_anchored,national_draw,2610,"",65.43009791775285,62.969101950749284,2.460995967003562
kernel_anchored,national_draw,2611,"",59.85677979503387,62.969101950749284,-3.112322155715411
kernel_anchored,national_draw,2612,"",67.29583802403833,62.969101950749284,4.326736073289048
kernel_anchored,national_draw,2613,"",69.34799910226536,62.969101950749284,6.378897151516078
kernel_anchored,national_draw,2614,"",61.42105677068196,62.969101950749284,-1.5480451800673265
kernel_anchored,national_draw,2615,"",69.63273415802027,62.969101950749284,6.663632207270986
kernel_anchored,national_draw,2616,"",62.13886361134507,62.969101950749284,-0.830238339404211
kernel_anchored,national_draw,2617,"",65.49389635319889,62.969101950749284,2.524794402449608
kernel_anchored,national_draw,2618,"",65.78453136195498,62.969101950749284,2.8154294112056917
kernel_anchored,national_draw,2619,"",61.7115602077162,62.969101950749284,-1.2575417430330873
kernel_anchored,national_draw,2620,"",48.80146817422007,62.969101950749284,-14.167633776529215
kernel_anchored,national_draw,2621,"",66.94998213279099,62.969101950749284,3.980880182041709
kernel_anchored,national_draw,2622,"",55.94821327794579,62.969101950749284,-7.020888672803494
kernel_anchored,national_draw,2623,"",65.76458785885235,62.969101950749284,2.7954859081030676
kernel_anchored,national_draw,2624,"",67.47073377480032,62.969101950749284,4.501631824051039
kernel_anchored,national_draw,2625,"",56.29889346566125,62.969101950749284,-6.6702084850880325
kernel_anchored,national_draw,2626,"",59.60008105741377,62.969101950749284,-3.3690208933355166
kernel_anchored,national_draw,2627,"",67.65320528681032,62.969101950749284,4.684103336061035
kernel_anchored,national_draw,2628,"",66.22890908183967,62.969101950749284,3.2598071310903904
kernel_anchored,national_draw,2629,"",66.99608070923344,62.969101950749284,4.026978758484155
kernel_anchored,national_draw,2630,"",65.92040570994497,62.969101950749284,2.9513037591956888
kernel_anchored,national_draw,2631,"",64.13530291122747,62.969101950749284,1.1662009604781858
kernel_anchored,national_draw,2632,"",68.50948790231487,62.969101950749284,5.5403859515655896
kernel_anchored,national_draw,2633,"",71.69263488507868,62.969101950749284,8.723532934329391
kernel_anchored,national_draw,2634,"",59.51501186026742,62.969101950749284,-3.4540900904818628
kernel_anchored,national_draw,2635,"",60.78338865000927,62.969101950749284,-2.1857133007400122
kernel_anchored,national_draw,2636,"",74.11773023822168,62.969101950749284,11.148628287472398
kernel_anchored,national_draw,2637,"",62.36016032268219,62.969101950749284,-0.6089416280670932
kernel_anchored,national_draw,2638,"",62.37534877759137,62.969101950749284,-0.5937531731579142
kernel_anchored,national_draw,2639,"",65.6336555293974,62.969101950749284,2.6645535786481176
kernel_anchored,national_draw,2640,"",69.24854011364427,62.969101950749284,6.279438162894984
kernel_anchored,national_draw,2641,"",70.07269614625734,62.969101950749284,7.103594195508059
kernel_anchored,national_draw,2642,"",72.61440097737938,62.969101950749284,9.645299026630092
kernel_anchored,national_draw,2643,"",59.264236158406725,62.969101950749284,-3.7048657923425594
kernel_anchored,national_draw,2644,"",61.724975906794036,62.969101950749284,-1.244126043955248
kernel_anchored,national_draw,2645,"",53.74173934446213,62.969101950749284,-9.227362606287151
kernel_anchored,national_draw,2646,"",73.78148139094577,62.969101950749284,10.812379440196487
kernel_anchored,national_draw,2647,"",62.44579966395659,62.969101950749284,-0.523302286792692
kernel_anchored,national_draw,2648,"",65.9988709299644,62.969101950749284,3.0297689792151132
kernel_anchored,national_draw,2649,"",72.49929649523634,62.969101950749284,9.530194544487053
kernel_anchored,national_draw,2650,"",70.95466294683402,62.969101950749284,7.985560996084736
kernel_anchored,national_draw,2651,"",48.99834794391139,62.969101950749284,-13.970754006837893
kernel_anchored,national_draw,2652,"",69.06753435678128,62.969101950749284,6.098432406031996
kernel_anchored,national_draw,2653,"",61.52624489989342,62.969101950749284,-1.4428570508558636
kernel_anchored,national_draw,2654,"",65.89383283868136,62.969101950749284,2.9247308879320784
kernel_anchored,national_draw,2655,"",74.27021493902724,62.969101950749284,11.301112988277957
kernel_anchored,national_draw,2656,"",52.75679112635989,62.969101950749284,-10.212310824389391
kernel_anchored,national_draw,2657,"",71.17319665201211,62.969101950749284,8.204094701262825
kernel_anchored,national_draw,2658,"",62.579705052670356,62.969101950749284,-0.3893968980789282
kernel_anchored,national_draw,2659,"",66.95310522997825,62.969101950749284,3.984003279228965
kernel_anchored,national_draw,2660,"",58.47138034594084,62.969101950749284,-4.497721604808447
kernel_anchored,national_draw,2661,"",67.16908136554551,62.969101950749284,4.199979414796225
kernel_anchored,national_draw,2662,"",68.25560756947351,62.969101950749284,5.286505618724227
kernel_anchored,national_draw,2663,"",70.45103409487277,62.969101950749284,7.481932144123483
kernel_anchored,national_draw,2664,"",65.10005602416248,62.969101950749284,2.1309540734132
kernel_anchored,national_draw,2665,"",66.63214409347188,62.969101950749284,3.6630421427225954
kernel_anchored,national_draw,2666,"",64.51973470801316,62.969101950749284,1.5506327572638767
kernel_anchored,national_draw,2667,"",68.22249996935764,62.969101950749284,5.253398018608358
kernel_anchored,national_draw,2668,"",66.4570082820244,62.969101950749284,3.48790633127512
kernel_anchored,national_draw,2669,"",63.338183713318244,62.969101950749284,0.3690817625689604
kernel_anchored,national_draw,2670,"",65.13196793740251,62.969101950749284,2.162865986653223
kernel_anchored,national_draw,2671,"",61.87209155803748,62.969101950749284,-1.0970103927118018
kernel_anchored,national_draw,2672,"",71.47159670063363,62.969101950749284,8.502494749884342
kernel_anchored,national_draw,2673,"",62.5137806951922,62.969101950749284,-0.4553212555570809
kernel_anchored,national_draw,2674,"",62.31860904960921,62.969101950749284,-0.6504929011400762
kernel_anchored,national_draw,2675,"",65.43358110596836,62.969101950749284,2.464479155219074
kernel_anchored,national_draw,2676,"",70.72627290389569,62.969101950749284,7.757170953146407
kernel_anchored,national_draw,2677,"",62.40973054596102,62.969101950749284,-0.5593714047882656
kernel_anchored,national_draw,2678,"",74.45934582678389,62.969101950749284,11.490243876034604
kernel_anchored,national_draw,2679,"",63.693335031301025,62.969101950749284,0.7242330805517412
kernel_anchored,national_draw,2680,"",62.75179855658435,62.969101950749284,-0.2173033941649365
kernel_anchored,national_draw,2681,"",65.15763596454387,62.969101950749284,2.1885340137945875
kernel_anchored,national_draw,2682,"",63.39255053375531,62.969101950749284,0.42344858300602795
kernel_anchored,national_draw,2683,"",62.958968619890435,62.969101950749284,-0.010133330858849376
kernel_anchored,national_draw,2684,"",66.65981570402678,62.969101950749284,3.6907137532774996
kernel_anchored,national_draw,2685,"",59.704971419044185,62.969101950749284,-3.2641305317050993
kernel_anchored,national_draw,2686,"",64.11399983366564,62.969101950749284,1.1448978829163607
kernel_anchored,national_draw,2687,"",73.30052904066049,62.969101950749284,10.331427089911209
kernel_anchored,national_draw,2688,"",66.59331658586893,62.969101950749284,3.6242146351196496
kernel_anchored,national_draw,2689,"",71.07063764896199,62.969101950749284,8.101535698212707
kernel_anchored,national_draw,2690,"",66.34578862808989,62.969101950749284,3.376686677340608
kernel_anchored,national_draw,2691,"",65.66601986469857,62.969101950749284,2.696917913949285
kernel_anchored,national_draw,2692,"",69.62913555601367,62.969101950749284,6.660033605264381
kernel_anchored,national_draw,2693,"",58.96583380150938,62.969101950749284,-4.003268149239901
kernel_anchored,national_draw,2694,"",67.28346797390789,62.969101950749284,4.314366023158605
kernel_anchored,national_draw,2695,"",69.40716713641234,62.969101950749284,6.438065185663056
kernel_anchored,national_draw,2696,"",70.16402538743314,62.969101950749284,7.194923436683858
kernel_anchored,national_draw,2697,"",71.35318215096174,62.969101950749284,8.384080200212459
kernel_anchored,national_draw,2698,"",63.71220980269805,62.969101950749284,0.7431078519487642
kernel_anchored,national_draw,2699,"",67.44347534561757,62.969101950749284,4.474373394868287
kernel_anchored,national_draw,2700,"",71.3082861862226,62.969101950749284,8.339184235473319
kernel_anchored,national_draw,2701,"",74.65216764758001,62.969101950749284,11.683065696830731
kernel_anchored,national_draw,2702,"",62.735107414115,62.969101950749284,-0.2339945366342846
kernel_anchored,national_draw,2703,"",54.92887636664644,62.969101950749284,-8.040225584102842
kernel_anchored,national_draw,2704,"",70.00554147776603,62.969101950749284,7.036439527016746
kernel_anchored,national_draw,2705,"",70.54486089048804,62.969101950749284,7.575758939738755
kernel_anchored,national_draw,2706,"",71.15197667237987,62.969101950749284,8.18287472163059
kernel_anchored,national_draw,2707,"",52.5893118658142,62.969101950749284,-10.379790084935081
kernel_anchored,national_draw,2708,"",61.83196218287089,62.969101950749284,-1.137139767878395
kernel_anchored,national_draw,2709,"",67.4307267382523,62.969101950749284,4.46162478750302
kernel_anchored,national_draw,2710,"",66.49971600128424,62.969101950749284,3.5306140505349575
kernel_anchored,national_draw,2711,"",65.18589156888176,62.969101950749284,2.2167896181324735
kernel_anchored,national_draw,2712,"",64.61324526984079,62.969101950749284,1.644143319091505
kernel_anchored,national_draw,2713,"",61.254119954954454,62.969101950749284,-1.7149819957948296
kernel_anchored,national_draw,2714,"",60.170481404079865,62.969101950749284,-2.7986205466694187
kernel_anchored,national_draw,2715,"",66.71786422440005,62.969101950749284,3.7487622736507618
kernel_anchored,national_draw,2716,"",65.8089921608414,62.969101950749284,2.839890210092115
kernel_anchored,national_draw,2717,"",64.35964423837389,62.969101950749284,1.390542287624605
kernel_anchored,national_draw,2718,"",65.93684063379807,62.969101950749284,2.967738683048786
kernel_anchored,national_draw,2719,"",56.286772709319585,62.969101950749284,-6.682329241429699
kernel_anchored,national_draw,2720,"",64.93067936089105,62.969101950749284,1.9615774101417642
kernel_anchored,national_draw,2721,"",67.79452254918871,62.969101950749284,4.825420598439429
kernel_anchored,national_draw,2722,"",69.81455935280009,62.969101950749284,6.845457402050805
kernel_anchored,national_draw,2723,"",73.8128693255742,62.969101950749284,10.843767374824914
kernel_anchored,national_draw,2724,"",55.96628476935673,62.969101950749284,-7.002817181392551
kernel_anchored,national_draw,2725,"",65.54968737981818,62.969101950749284,2.580585429068897
kernel_anchored,national_draw,2726,"",73.92189611747776,62.969101950749284,10.952794166728474
kernel_anchored,national_draw,2727,"",75.31096572512789,62.969101950749284,12.341863774378602
kernel_anchored,national_draw,2728,"",68.65485388048519,62.969101950749284,5.685751929735908
kernel_anchored,national_draw,2729,"",68.9730358529018,62.969101950749284,6.003933902152518
kernel_anchored,national_draw,2730,"",58.26938543702782,62.969101950749284,-4.699716513721462
kernel_anchored,national_draw,2731,"",68.84314224756677,62.969101950749284,5.8740402968174905
kernel_anchored,national_draw,2732,"",66.07058905975592,62.969101950749284,3.1014871090066336
kernel_anchored,national_draw,2733,"",69.16925776398382,62.969101950749284,6.200155813234538
kernel_anchored,national_draw,2734,"",69.24173300824499,62.969101950749284,6.272631057495708
kernel_anchored,national_draw,2735,"",56.627698123410994,62.969101950749284,-6.34140382733829
kernel_anchored,national_draw,2736,"",72.48369485895499,62.969101950749284,9.514592908205707
kernel_anchored,national_draw,2737,"",63.62906109103565,62.969101950749284,0.659959140286368
kernel_anchored,national_draw,2738,"",66.83986121814779,62.969101950749284,3.8707592673985047
kernel_anchored,national_draw,2739,"",57.49960545795511,62.969101950749284,-5.469496492794171
kernel_anchored,national_draw,2740,"",68.14451025415755,62.969101950749284,5.175408303408268
kernel_anchored,national_draw,2741,"",67.18014493156066,62.969101950749284,4.211042980811378
kernel_anchored,national_draw,2742,"",72.23552750877323,62.969101950749284,9.266425558023947
kernel_anchored,national_draw,2743,"",64.01315818782713,62.969101950749284,1.0440562370778466
kernel_anchored,national_draw,2744,"",60.88029930212281,62.969101950749284,-2.0888026486264764
kernel_anchored,national_draw,2745,"",64.748494075083,62.969101950749284,1.779392124333718
kernel_anchored,national_draw,2746,"",57.710727289468565,62.969101950749284,-5.258374661280719
kernel_anchored,national_draw,2747,"",59.40414998908532,62.969101950749284,-3.564951961663965
kernel_anchored,national_draw,2748,"",62.81369728102882,62.969101950749284,-0.15540466972046119
kernel_anchored,national_draw,2749,"",61.45865627554756,62.969101950749284,-1.5104456752017228
kernel_anchored,national_draw,2750,"",67.8511376302765,62.969101950749284,4.882035679527213
kernel_anchored,national_draw,2751,"",67.13367472271086,62.969101950749284,4.164572771961581
kernel_anchored,national_draw,2752,"",67.37124477859354,62.969101950749284,4.402142827844251
kernel_anchored,national_draw,2753,"",65.67122964322897,62.969101950749284,2.702127692479685
kernel_anchored,national_draw,2754,"",57.65882109105781,62.969101950749284,-5.310280859691474
kernel_anchored,national_draw,2755,"",74.4663976094203,62.969101950749284,11.497295658671014
kernel_anchored,national_draw,2756,"",66.51810834303444,62.969101950749284,3.5490063922851576
kernel_anchored,national_draw,2757,"",66.21348749107246,62.969101950749284,3.2443855403231723
kernel_anchored,national_draw,2758,"",63.4678418745194,62.969101950749284,0.4987399237701169
kernel_anchored,national_draw,2759,"",66.38450303017754,62.969101950749284,3.415401079428257
kernel_anchored,national_draw,2760,"",60.16879174617811,62.969101950749284,-2.8003102045711756
kernel_anchored,national_draw,2761,"",69.83959952891784,62.969101950749284,6.87049757816856
kernel_anchored,national_draw,2762,"",65.1285563057375,62.969101950749284,2.1594543549882204
kernel_anchored,national_draw,2763,"",58.77992757507615,62.969101950749284,-4.189174375673133
kernel_anchored,national_draw,2764,"",68.1819574128189,62.969101950749284,5.212855462069619
kernel_anchored,national_draw,2765,"",67.61494099850796,62.969101950749284,4.6458390477586775
kernel_anchored,national_draw,2766,"",61.27828067798401,62.969101950749284,-1.6908212727652767
kernel_anchored,national_draw,2767,"",61.37034395087121,62.969101950749284,-1.5987579998780745
kernel_anchored,national_draw,2768,"",62.60454440879158,62.969101950749284,-0.3645575419577014
kernel_anchored,national_draw,2769,"",65.99022643701076,62.969101950749284,3.0211244862614777
kernel_anchored,national_draw,2770,"",67.84236156560101,62.969101950749284,4.873259614851726
kernel_anchored,national_draw,2771,"",50.550155613568684,62.969101950749284,-12.4189463371806
kernel_anchored,national_draw,2772,"",61.19654001457307,62.969101950749284,-1.772561936176217
kernel_anchored,national_draw,2773,"",53.207574311650795,62.969101950749284,-9.761527639098489
kernel_anchored,national_draw,2774,"",73.62709467086283,62.969101950749284,10.657992720113548
kernel_anchored,national_draw,2775,"",64.79023001022173,62.969101950749284,1.82112805947245
kernel_anchored,national_draw,2776,"",63.36557602249867,62.969101950749284,0.3964740717493882
kernel_anchored,national_draw,2777,"",60.77272441571133,62.969101950749284,-2.1963775350379535
kernel_anchored,national_draw,2778,"",61.09449806530708,62.969101950749284,-1.8746038854422054
kernel_anchored,national_draw,2779,"",69.48663645641436,62.969101950749284,6.5175345056650755
kernel_anchored,national_draw,2780,"",58.894921259979746,62.969101950749284,-4.074180690769538
kernel_anchored,national_draw,2781,"",69.10366348994823,62.969101950749284,6.134561539198948
kernel_anchored,national_draw,2782,"",59.5616690394588,62.969101950749284,-3.407432911290485
kernel_anchored,national_draw,2783,"",68.22666179066482,62.969101950749284,5.257559839915537
kernel_anchored,national_draw,2784,"",69.86185592439418,62.969101950749284,6.8927539736448935
kernel_anchored,national_draw,2785,"",73.8298166866598,62.969101950749284,10.860714735910513
kernel_anchored,national_draw,2786,"",57.61144372980994,62.969101950749284,-5.357658220939342
kernel_anchored,national_draw,2787,"",71.86135599801663,62.969101950749284,8.89225404726735
kernel_anchored,national_draw,2788,"",60.62483780034332,62.969101950749284,-2.3442641504059623
kernel_anchored,national_draw,2789,"",62.59837438751921,62.969101950749284,-0.3707275632300764
kernel_anchored,national_draw,2790,"",61.06765974232394,62.969101950749284,-1.901442208425344
kernel_anchored,national_draw,2791,"",64.71025517781467,62.969101950749284,1.7411532270653893
kernel_anchored,national_draw,2792,"",67.23262819892693,62.969101950749284,4.263526248177648
kernel_anchored,national_draw,2793,"",58.75119415764309,62.969101950749284,-4.217907793106193
kernel_anchored,national_draw,2794,"",69.66092974718678,62.969101950749284,6.691827796437501
kernel_anchored,national_draw,2795,"",69.07511242630513,62.969101950749284,6.106010475555841
kernel_anchored,national_draw,2796,"",65.6643694474858,62.969101950749284,2.6952674967365127
kernel_anchored,national_draw,2797,"",52.37031419719587,62.969101950749284,-10.598787753553417
kernel_anchored,national_draw,2798,"",62.927836903878244,62.969101950749284,-0.0412650468710396
kernel_anchored,national_draw,2799,"",64.27671019636296,62.969101950749284,1.3076082456136717
kernel_anchored,national_draw,2800,"",60.265716247946585,62.969101950749284,-2.7033857028026986
kernel_anchored,national_draw,2801,"",61.53941592173412,62.969101950749284,-1.4296860290151656
kernel_anchored,national_draw,2802,"",69.49712757002564,62.969101950749284,6.528025619276356
kernel_anchored,national_draw,2803,"",48.94953945165385,62.969101950749284,-14.019562499095436
kernel_anchored,national_draw,2804,"",75.03715112228717,62.969101950749284,12.068049171537886
kernel_anchored,national_draw,2805,"",59.49927172743676,62.969101950749284,-3.4698302233125204
kernel_anchored,national_draw,2806,"",71.5146645109217,62.969101950749284,8.54556256017242
kernel_anchored,national_draw,2807,"",61.20103884415027,62.969101950749284,-1.7680631065990156
kernel_anchored,national_draw,2808,"",62.47749229099353,62.969101950749284,-0.49160965975575266
kernel_anchored,national_draw,2809,"",63.23940566606464,62.969101950749284,0.27030371531535735
kernel_anchored,national_draw,2810,"",54.58541646570241,62.969101950749284,-8.383685485046875
kernel_anchored,national_draw,2811,"",72.12740556099193,62.969101950749284,9.158303610242648
kernel_anchored,national_draw,2812,"",67.8386475498033,62.969101950749284,4.869545599054014
kernel_anchored,national_draw,2813,"",65.94075085304064,62.969101950749284,2.9716489022913564
kernel_anchored,national_draw,2814,"",63.289846109328394,62.969101950749284,0.3207441585791102
kernel_anchored,national_draw,2815,"",53.63130912085876,62.969101950749284,-9.337792829890525
kernel_anchored,national_draw,2816,"",71.08413644596942,62.969101950749284,8.115034495220137
kernel_anchored,national_draw,2817,"",60.443065695907414,62.969101950749284,-2.5260362548418698
kernel_anchored,national_draw,2818,"",62.97217657414428,62.969101950749284,0.0030746233949940915
kernel_anchored,national_draw,2819,"",60.48893113649183,62.969101950749284,-2.4801708142574554
kernel_anchored,national_draw,2820,"",68.86083056519125,62.969101950749284,5.891728614441966
kernel_anchored,national_draw,2821,"",59.76483655248942,62.969101950749284,-3.2042653982598637
kernel_anchored,national_draw,2822,"",74.15328922726057,62.969101950749284,11.184187276511288
kernel_anchored,national_draw,2823,"",55.00950444111115,62.969101950749284,-7.959597509638137
kernel_anchored,national_draw,2824,"",65.62778789225771,62.969101950749284,2.6586859415084305
kernel_anchored,national_draw,2825,"",63.49072150446771,62.969101950749284,0.5216195537184234
kernel_anchored,national_draw,2826,"",67.78332741145171,62.969101950749284,4.814225460702424
kernel_anchored,national_draw,2827,"",64.22810252410191,62.969101950749284,1.2590005733526297
kernel_anchored,national_draw,2828,"",65.0984171483288,62.969101950749284,2.1293151975795226
kernel_anchored,national_draw,2829,"",63.55110830824873,62.969101950749284,0.582006357499445
kernel_anchored,national_draw,2830,"",64.78844571301127,62.969101950749284,1.8193437622619868
kernel_anchored,national_draw,2831,"",68.84611761510142,62.969101950749284,5.877015664352136
kernel_anchored,national_draw,2832,"",57.25408800841708,62.969101950749284,-5.715013942332206
kernel_anchored,national_draw,2833,"",64.61573128290115,62.969101950749284,1.6466293321518677
kernel_anchored,national_draw,2834,"",64.95818246731095,62.969101950749284,1.989080516561664
kernel_anchored,national_draw,2835,"",68.51286029329091,62.969101950749284,5.543758342541629
kernel_anchored,national_draw,2836,"",66.12390099814233,62.969101950749284,3.1547990473930483
kernel_anchored,national_draw,2837,"",64.86882218541137,62.969101950749284,1.899720234662091
kernel_anchored,national_draw,2838,"",68.22082416111081,62.969101950749284,5.251722210361528
kernel_anchored,national_draw,2839,"",63.107573109039095,62.969101950749284,0.1384711582898106
kernel_anchored,national_draw,2840,"",55.86236157529576,62.969101950749284,-7.106740375453526
kernel_anchored,national_draw,2841,"",73.01156522359956,62.969101950749284,10.042463272850277
kernel_anchored,national_draw,2842,"",56.31413962746598,62.969101950749284,-6.654962323283307
kernel_anchored,national_draw,2843,"",61.78292747958278,62.969101950749284,-1.1861744711665025
kernel_anchored,national_draw,2844,"",70.81761830300223,62.969101950749284,7.84851635225295
kernel_anchored,national_draw,2845,"",63.63500720955329,62.969101950749284,0.6659052588040026
kernel_anchored,national_draw,2846,"",65.50345030682641,62.969101950749284,2.5343483560771247
kernel_anchored,national_draw,2847,"",55.74328916701459,62.969101950749284,-7.225812783734696
kernel_anchored,national_draw,2848,"",60.96705584889509,62.969101950749284,-2.002046101854191
kernel_anchored,national_draw,2849,"",59.54655444937592,62.969101950749284,-3.4225475013733657
kernel_anchored,national_draw,2850,"",56.81966588215296,62.969101950749284,-6.149436068596323
kernel_anchored,national_draw,2851,"",67.76306536628563,62.969101950749284,4.793963415536346
kernel_anchored,national_draw,2852,"",58.43723171342921,62.969101950749284,-4.531870237320071
kernel_anchored,national_draw,2853,"",69.97031718872134,62.969101950749284,7.001215237972055
kernel_anchored,national_draw,2854,"",66.2260675943027,62.969101950749284,3.2569656435534213
kernel_anchored,national_draw,2855,"",61.42974281260039,62.969101950749284,-1.539359138148896
kernel_anchored,national_draw,2856,"",70.26337127053895,62.969101950749284,7.29426931978967
kernel_anchored,national_draw,2857,"",60.23231780507714,62.969101950749284,-2.7367841456721465
kernel_anchored,national_draw,2858,"",62.75687907166871,62.969101950749284,-0.2122228790805707
kernel_anchored,national_draw,2859,"",62.96316275705912,62.969101950749284,-0.005939193690160494
kernel_anchored,national_draw,2860,"",57.58620735024732,62.969101950749284,-5.382894600501963
kernel_anchored,national_draw,2861,"",62.206422228105254,62.969101950749284,-0.7626797226440303
kernel_anchored,national_draw,2862,"",60.65041349645179,62.969101950749284,-2.3186884542974937
kernel_anchored,national_draw,2863,"",69.18988451672979,62.969101950749284,6.220782565980507
kernel_anchored,national_draw,2864,"",74.22274524674648,62.969101950749284,11.2536432959972
kernel_anchored,national_draw,2865,"",57.68405285406879,62.969101950749284,-5.2850490966804955
kernel_anchored,national_draw,2866,"",59.61002510965522,62.969101950749284,-3.3590768410940655
kernel_anchored,national_draw,2867,"",67.23834579813818,62.969101950749284,4.2692438473889
kernel_anchored,national_draw,2868,"",67.10513058389522,62.969101950749284,4.1360286331459335
kernel_anchored,national_draw,2869,"",64.15178630887284,62.969101950749284,1.1826843581235593
kernel_anchored,national_draw,2870,"",67.21612402679918,62.969101950749284,4.247022076049895
kernel_anchored,national_draw,2871,"",72.19212961504262,62.969101950749284,9.223027664293333
kernel_anchored,national_draw,2872,"",70.48591906737163,62.969101950749284,7.516817116622342
kernel_anchored,national_draw,2873,"",76.81432499355587,62.969101950749284,13.845223042806587
kernel_anchored,national_draw,2874,"",67.0951380578615,62.969101950749284,4.1260361071122205
kernel_anchored,national_draw,2875,"",59.761482627719964,62.969101950749284,-3.20761932302932
kernel_anchored,national_draw,2876,"",67.0633023177236,62.969101950749284,4.094200366974313
kernel_anchored,national_draw,2877,"",67.68068069392034,62.969101950749284,4.711578743171053
kernel_anchored,national_draw,2878,"",69.3250594571457,62.969101950749284,6.355957506396415
kernel_anchored,national_draw,2879,"",67.73750121155628,62.969101950749284,4.768399260806994
kernel_anchored,national_draw,2880,"",66.99262060377616,62.969101950749284,4.023518653026876
kernel_anchored,national_draw,2881,"",68.21770798875103,62.969101950749284,5.248606038001746
kernel_anchored,national_draw,2882,"",65.44419917474984,62.969101950749284,2.4750972240005567
kernel_anchored,national_draw,2883,"",65.37448693664768,62.969101950749284,2.405384985898401
kernel_anchored,national_draw,2884,"",72.20932165336535,62.969101950749284,9.240219702616066
kernel_anchored,national_draw,2885,"",71.32323458044628,62.969101950749284,8.354132629696998
kernel_anchored,national_draw,2886,"",63.58464755594332,62.969101950749284,0.6155456051940362
kernel_anchored,national_draw,2887,"",57.37147768362397,62.969101950749284,-5.597624267125312
kernel_anchored,national_draw,2888,"",71.90427377037628,62.969101950749284,8.935171819626994
kernel_anchored,national_draw,2889,"",58.70774317356856,62.969101950749284,-4.261358777180725
kernel_anchored,national_draw,2890,"",69.55063109530528,62.969101950749284,6.581529144555994
kernel_anchored,national_draw,2891,"",64.3959372591242,62.969101950749284,1.426835308374912
kernel_anchored,national_draw,2892,"",64.39977130526465,62.969101950749284,1.4306693545153664
kernel_anchored,national_draw,2893,"",75.78664597343557,62.969101950749284,12.817544022686285
kernel_anchored,national_draw,2894,"",62.23203024007523,62.969101950749284,-0.7370717106740514
kernel_anchored,national_draw,2895,"",67.08548254009781,62.969101950749284,4.11638058934853
kernel_anchored,national_draw,2896,"",68.45365532673078,62.969101950749284,5.484553375981498
kernel_anchored,national_draw,2897,"",59.57874797226626,62.969101950749284,-3.390353978483027
kernel_anchored,national_draw,2898,"",68.1973559208279,62.969101950749284,5.228253970078619
kernel_anchored,national_draw,2899,"",66.7322747903572,62.969101950749284,3.763172839607911
kernel_anchored,national_draw,2900,"",56.87505757705503,62.969101950749284,-6.094044373694253
kernel_anchored,national_draw,2901,"",61.72264685648957,62.969101950749284,-1.2464550942597157
kernel_anchored,national_draw,2902,"",76.10974688162901,62.969101950749284,13.140644930879724
kernel_anchored,national_draw,2903,"",64.85339828636835,62.969101950749284,1.8842963356190623
kernel_anchored,national_draw,2904,"",63.010987923816465,62.969101950749284,0.041885973067181226
kernel_anchored,national_draw,2905,"",59.25899868056646,62.969101950749284,-3.7101032701828274
kernel_anchored,national_draw,2906,"",65.1189423369386,62.969101950749284,2.149840386189318
kernel_anchored,national_draw,2907,"",59.11432056859112,62.969101950749284,-3.8547813821581656
kernel_anchored,national_draw,2908,"",57.74822292192218,62.969101950749284,-5.220879028827106
kernel_anchored,national_draw,2909,"",65.2652916406091,62.969101950749284,2.2961896898598226
kernel_anchored,national_draw,2910,"",62.8082659080195,62.969101950749284,-0.1608360427297839
kernel_anchored,national_draw,2911,"",67.8129541316279,62.969101950749284,4.843852180878621
kernel_anchored,national_draw,2912,"",69.75516741589838,62.969101950749284,6.7860654651491
kernel_anchored,national_draw,2913,"",63.475034461980954,62.969101950749284,0.5059325112316699
kernel_anchored,national_draw,2914,"",61.26573058233944,62.969101950749284,-1.7033713684098473
kernel_anchored,national_draw,2915,"",70.24777655908508,62.969101950749284,7.278674608335798
kernel_anchored,national_draw,2916,"",55.42655217526258,62.969101950749284,-7.542549775486705
kernel_anchored,national_draw,2917,"",66.40866144493127,62.969101950749284,3.439559494181985
kernel_anchored,national_draw,2918,"",60.74237520520283,62.969101950749284,-2.2267267455464506
kernel_anchored,national_draw,2919,"",65.57699889934484,62.969101950749284,2.6078969485955596
kernel_anchored,national_draw,2920,"",61.988218606369706,62.969101950749284,-0.9808833443795777
kernel_anchored,national_draw,2921,"",72.3329944553599,62.969101950749284,9.363892504610611
kernel_anchored,national_draw,2922,"",69.23097644291418,62.969101950749284,6.2618744921649
kernel_anchored,national_draw,2923,"",59.65866509777775,62.969101950749284,-3.3104368529715344
kernel_anchored,national_draw,2924,"",65.8541443441968,62.969101950749284,2.885042393447513
kernel_anchored,national_draw,2925,"",63.33287698720331,62.969101950749284,0.36377503645402953
kernel_anchored,national_draw,2926,"",59.81037652618292,62.969101950749284,-3.158725424566363
kernel_anchored,national_draw,2927,"",57.502502344111804,62.969101950749284,-5.46659960663748
kernel_anchored,national_draw,2928,"",68.93819242936775,62.969101950749284,5.969090478618462
kernel_anchored,national_draw,2929,"",58.74798796252625,62.969101950749284,-4.221113988223031
kernel_anchored,national_draw,2930,"",64.24225917971864,62.969101950749284,1.2731572289693602
kernel_anchored,national_draw,2931,"",61.93446809557711,62.969101950749284,-1.0346338551721743
kernel_anchored,national_draw,2932,"",66.56348673742039,62.969101950749284,3.5943847866711067
kernel_anchored,national_draw,2933,"",72.79901918590389,62.969101950749284,9.829917235154603
kernel_anchored,national_draw,2934,"",71.42222498907552,62.969101950749284,8.453123038326233
kernel_anchored,national_draw,2935,"",63.18279520152852,62.969101950749284,0.21369325077923662
kernel_anchored,national_draw,2936,"",62.57920415681697,62.969101950749284,-0.38989779393231316
kernel_anchored,national_draw,2937,"",71.35330679785613,62.969101950749284,8.38420484710685
kernel_anchored,national_draw,2938,"",69.89651237758665,62.969101950749284,6.927410426837362
kernel_anchored,national_draw,2939,"",73.993708886578,62.969101950749284,11.024606935828722
kernel_anchored,national_draw,2940,"",67.66338939973726,62.969101950749284,4.694287448987971
kernel_anchored,national_draw,2941,"",64.78457935100931,62.969101950749284,1.8154774002600291
kernel_anchored,national_draw,2942,"",68.35746485667373,62.969101950749284,5.388362905924446
kernel_anchored,national_draw,2943,"",65.53190211460918,62.969101950749284,2.5628001638598974
kernel_anchored,national_draw,2944,"",69.85859663893342,62.969101950749284,6.889494688184136
kernel_anchored,national_draw,2945,"",63.885175834872776,62.969101950749284,0.9160738841234917
kernel_anchored,national_draw,2946,"",65.64371268715415,62.969101950749284,2.6746107364048655
kernel_anchored,national_draw,2947,"",56.91051731023359,62.969101950749284,-6.058584640515697
kernel_anchored,national_draw,2948,"",63.760960588060044,62.969101950749284,0.7918586373107601
kernel_anchored,national_draw,2949,"",65.82545478400435,62.969101950749284,2.856352833255066
kernel_anchored,national_draw,2950,"",65.3651868933606,62.969101950749284,2.396084942611317
kernel_anchored,national_draw,2951,"",75.10866381553055,62.969101950749284,12.139561864781264
kernel_anchored,national_draw,2952,"",57.02432223308882,62.969101950749284,-5.944779717660467
kernel_anchored,national_draw,2953,"",63.90785464482456,62.969101950749284,0.9387526940752764
kernel_anchored,national_draw,2954,"",61.0030026282721,62.969101950749284,-1.9660993224771843
kernel_anchored,national_draw,2955,"",68.17003747647377,62.969101950749284,5.200935525724482
kernel_anchored,national_draw,2956,"",59.535998704041624,62.969101950749284,-3.4331032467076597
kernel_anchored,national_draw,2957,"",67.77865546118785,62.969101950749284,4.809553510438569
kernel_anchored,national_draw,2958,"",56.14065192495546,62.969101950749284,-6.8284500257938205
kernel_anchored,national_draw,2959,"",67.04069044777066,62.969101950749284,4.071588497021374
kernel_anchored,national_draw,2960,"",62.11500527244822,62.969101950749284,-0.8540966783010617
kernel_anchored,national_draw,2961,"",66.88834886006606,62.969101950749284,3.919246909316776
kernel_anchored,national_draw,2962,"",59.07502217272048,62.969101950749284,-3.8940797780288037
kernel_anchored,national_draw,2963,"",69.99988158545032,62.969101950749284,7.030779634701041
kernel_anchored,national_draw,2964,"",64.05570894433106,62.969101950749284,1.0866069935817748
kernel_anchored,national_draw,2965,"",63.60121635979409,62.969101950749284,0.632114409044803
kernel_anchored,national_draw,2966,"",64.04832246170045,62.969101950749284,1.079220510951167
kernel_anchored,national_draw,2967,"",51.06710783357489,62.969101950749284,-11.901994117174397
kernel_anchored,national_draw,2968,"",72.15314052813213,62.969101950749284,9.184038577382843
kernel_anchored,national_draw,2969,"",64.50781477166801,62.969101950749284,1.5387128209187253
kernel_anchored,national_draw,2970,"",64.19355455987309,62.969101950749284,1.2244526091238086
kernel_anchored,national_draw,2971,"",63.390886266887605,62.969101950749284,0.42178431613832146
kernel_anchored,national_draw,2972,"",74.15547747273989,62.969101950749284,11.186375521990605
kernel_anchored,national_draw,2973,"",63.973003421626494,62.969101950749284,1.00390147087721
kernel_anchored,national_draw,2974,"",66.74569279771086,62.969101950749284,3.776590846961575
kernel_anchored,national_draw,2975,"",62.14152505336792,62.969101950749284,-0.8275768973813626
kernel_anchored,national_draw,2976,"",57.128430089215556,62.969101950749284,-5.840671861533728
kernel_anchored,national_draw,2977,"",63.11342227997221,62.969101950749284,0.14432032922292848
kernel_anchored,national_draw,2978,"",70.45456806515635,62.969101950749284,7.4854661144070676
kernel_anchored,national_draw,2979,"",68.05932333494428,62.969101950749284,5.090221384194997
kernel_anchored,national_draw,2980,"",76.83315129116063,62.969101950749284,13.864049340411349
kernel_anchored,national_draw,2981,"",58.98889116869598,62.969101950749284,-3.9802107820533053
kernel_anchored,national_draw,2982,"",69.06924248088961,62.969101950749284,6.1001405301403295
kernel_anchored,national_draw,2983,"",67.48577911660854,62.969101950749284,4.516677165859257
kernel_anchored,national_draw,2984,"",67.93856357703717,62.969101950749284,4.969461626287888
kernel_anchored,national_draw,2985,"",66.83515695202243,62.969101950749284,3.8660550012731463
kernel_anchored,national_draw,2986,"",57.752853323221245,62.969101950749284,-5.216248627528039
kernel_anchored,national_draw,2987,"",66.4213869695383,62.969101950749284,3.45228501878902
kernel_anchored,national_draw,2988,"",67.9618956290466,62.969101950749284,4.992793678297311
kernel_anchored,national_draw,2989,"",66.87990057055731,62.969101950749284,3.910798619808027
kernel_anchored,national_draw,2990,"",53.66544390371545,62.969101950749284,-9.303658047033835
kernel_anchored,national_draw,2991,"",60.43276386091355,62.969101950749284,-2.5363380898357306
kernel_anchored,national_draw,2992,"",58.4953448655255,62.969101950749284,-4.473757085223781
kernel_anchored,national_draw,2993,"",49.95101723291789,62.969101950749284,-13.018084717831393
kernel_anchored,national_draw,2994,"",69.67258884836403,62.969101950749284,6.703486897614745
kernel_anchored,national_draw,2995,"",51.98334560528174,62.969101950749284,-10.985756345467543
kernel_anchored,national_draw,2996,"",62.78774071940971,62.969101950749284,-0.18136123133957227
kernel_anchored,national_draw,2997,"",56.85215717262434,62.969101950749284,-6.116944778124946
kernel_anchored,national_draw,2998,"",58.581443553688494,62.969101950749284,-4.38765839706079
kernel_anchored,national_draw,2999,"",64.95063671364862,62.969101950749284,1.9815347628993365
kernel_anchored,district,-1,0101,69.79894752599519,69.09595476895086,0.7029927570443277
kernel_anchored,district,-1,0102,70.64854624339871,69.43773681214049,1.2108094312582267
kernel_anchored,district,-1,0103,63.901699750386314,62.18590276952336,1.7157969808629545
kernel_anchored,district,-1,0104,68.3943861255319,67.23228498007678,1.162101145455111
kernel_anchored,district,-1,0105,66.32991014120668,60.33889602053916,5.991014120667522
kernel_anchored,district,-1,0202,62.37066903574113,61.97225449326864,0.3984145424724872
kernel_anchored,district,-1,0301,66.78204795193514,63.525585282392406,3.256462669542735
kernel_anchored,district,-1,0302,65.04751054746674,66.51977415275987,-1.4722636052931222
kernel_anchored,district,-1,0303,66.95746115801569,65.69790677923764,1.2595543787780485
kernel_anchored,district,-1,0401,68.34382574463586,64.64952092788704,3.6943048167488257
kernel_anchored,district,-1,0402,67.21588096773709,63.72935759175654,3.4865233759805534
kernel_anchored,district,-1,0501,68.70201675354306,65.27719952703715,3.4248172265059083
kernel_anchored,district,-1,0502,71.11726617385403,66.7736669295816,4.34359924427244
kernel_anchored,district,-1,0601,61.98903259688077,61.10968624433616,0.8793463525446086
kernel_anchored,district,-1,0602,66.13613480709441,57.71788318341245,8.418251623681961
kernel_anchored,district,-1,0603,63.11652348349396,58.63350922332214,4.483014260171814
kernel_anchored,district,-1,0607,68.56175480869095,67.12122471023223,1.4405300984587228
kernel_anchored,district,-1,0608,63.921268983817846,63.12933873528088,0.7919302485369641
kernel_anchored,district,-1,0609,65.85463549632219,65.07537688442211,0.779258611900076
kernel_anchored,district,-1,0701,68.39351223679583,67.49334137393839,0.9001708628574363
kernel_anchored,district,-1,0702,70.46469970557351,66.19242726842225,4.272272437151258
kernel_anchored,district,-1,0703,70.81965392115723,72.71852089555924,-1.8988669744020115
kernel_anchored,district,-1,0801,65.9437620287558,64.59017321408355,1.35358881467225
kernel_anchored,district,-1,0802,61.51026028101724,60.87324364227534,0.6370166387418976
kernel_anchored,district,-1,0803,64.94842522575435,65.75691946259452,-0.8084942368401755
kernel_anchored,district,-1,0902,66.51786433739989,66.66774105171552,-0.14987671431563854
kernel_anchored,district,-1,1002,67.35495295771602,65.86730831621065,1.4876446415053692
kernel_anchored,district,-1,1003,63.9330614240105,59.91781617096681,4.015245253043695
kernel_anchored,district,-1,1101,67.44927886795877,60.774650016629884,6.674628851328883
kernel_anchored,district,-1,1102,65.5409772492244,62.11758876249569,3.4233884867287045
kernel_anchored,district,-1,1103,69.90752075496896,67.34848316232278,2.5590375926461775
kernel_anchored,district,-1,1201,71.49275639798329,67.97370604378071,3.5190503542025766
kernel_anchored,district,-1,1202,70.6554084758931,63.39035724232962,7.265051233563476
kernel_anchored,district,-1,1203,70.53382407881446,68.15596850742345,2.3778555713910094
kernel_anchored,district,-1,1301,64.45429510097594,61.202773214803365,3.2515218861725756
kernel_anchored,district,-1,1302,69.63642823306489,63.3183325438181,6.318095689246789
kernel_anchored,district,-1,1303,59.959788278218866,57.68776176160743,2.272026516611433
kernel_anchored,district,-1,1305,66.4449185672069,60.8592517989425,5.585666768264396
kernel_anchored,district,-1,1306,62.88009035577586,59.33613603564033,3.5439543201355335
kernel_anchored,district,-1,1308,67.02545258142608,65.78609801028134,1.2393545711447445
kernel_anchored,district,-1,1309,65.87895458085633,61.24042471385053,4.638529867005801
kernel_anchored,district,-1,1310,69.68554765086128,67.10844678776498,2.5771008630963053
kernel_anchored,district,-1,1311,67.52341188907516,62.861322598212475,4.6620892908626885
kernel_anchored,district,-1,1313,61.89133047934372,61.990974082118974,-0.0996436027752523
kernel_anchored,district,-1,1314,68.75262536755146,69.46472506150862,-0.7120996939571569
kernel_anchored,district,-1,1315,68.53648402073962,60.62273047531299,7.91375354542663
kernel_anchored,district,-1,1316,65.21421403952708,62.884472754242836,2.3297412852842427
kernel_anchored,district,-1,1401,71.6696681947173,65.37873826675398,6.290929927963319
kernel_anchored,district,-1,1402,67.30785950269518,63.154234046252824,4.153625456442356
kernel_anchored,district,-1,1403,65.76939911211154,65.16225848808854,0.6071406240230033
kernel_anchored,district,-1,1404,68.72818811144802,67.22638594885291,1.5018021625951121
kernel_anchored,district,-1,1405,70.97185462526627,68.74314117874894,2.2287134465173324
kernel_anchored,district,-1,1406,69.11390696853621,66.24209772352152,2.8718092450146884
kernel_anchored,district,-1,1501,70.70882947652213,69.00215039958918,1.706679076932943
kernel_anchored,district,-1,1502,68.9868094054674,67.9640604090996,1.0227489963677954
kernel_anchored,district,-1,1601,65.8903491052544,67.4386273438057,-1.5482782385513048
kernel_anchored,district,-1,1602,66.05986084452975,64.78286948176584,1.2769913627639085
kernel_anchored,district,-1,1603,66.62530606842697,63.59384995477908,3.0314561136478844
kernel_anchored,district,-1,1701,68.20221304588763,65.02297062977065,3.1792424161169777
kernel_anchored,district,-1,1702,68.59764146792222,62.606705975534624,5.990935492387592
kernel_anchored,district,-1,1703,66.53429042352434,63.0855409311325,3.4487494923918405
kernel_anchored,district,-1,1704,66.6858817058724,65.36956337789812,1.3163183279742867
kernel_anchored,district,-1,1705,68.83894726341691,68.15189199973399,0.6870552636829217
kernel_anchored,district,-1,1801,64.35561994858028,63.98630701268447,0.36931293589581315
kernel_anchored,district,-1,1802,62.213038144751444,59.815117705473455,2.397920439277989
kernel_anchored,district,-1,1803,65.0666507262837,64.77374618925221,0.29290453703148955
kernel_anchored,district,-1,1901,71.75195133650197,72.72598438930798,-0.974033052806007
kernel_anchored,district,-1,1902,69.0108829678872,66.8139173323326,2.196965635554605
kernel_anchored,district,-1,2101,71.57670756791262,71.474572664728,0.10213490318461993
kernel_anchored,district,-1,2102,68.92835816750218,63.434753023843584,5.493605143658598
kernel_anchored,district,-1,2103,67.9417612459614,63.78786623588214,4.15389501007926
kernel_anchored,district,-1,2104,69.80369771820838,69.1787625839548,0.624935134253576
kernel_anchored,district,-1,2105,68.49175002337104,66.96971113396279,1.5220388894082504
kernel_anchored,district,-1,2201,72.41033109367933,72.36509670230255,0.045234391376780536
kernel_anchored,district,-1,2202,73.25315498914051,70.85354535625783,2.3996096328826866
kernel_anchored,district,-1,2203,71.84162556893794,68.47943995258385,3.362185616354097
kernel_anchored,district,-1,2204,70.57107127969988,63.221195105803886,7.349876173895993
kernel_anchored,district,-1,2205,72.48355156318148,73.09416208090124,-0.6106105177197634
kernel_anchored,district,-1,2301,68.15347855078906,69.33874194265393,-1.185263391864865
kernel_anchored,district,-1,2401,67.44081836455119,61.798558387852566,5.642259976698625
kernel_anchored,district,-1,2402,67.49578814987068,64.4033410056237,3.092447144246975
kernel_anchored,district,-1,2403,71.01961252931423,67.37120408681494,3.6484084424992886
kernel_anchored,district,-1,2404,70.2010206691053,66.63701760042696,3.564003068678346
kernel_anchored,district,-1,2501,68.8355125143483,70.47484596202816,-1.63933344767986
kernel_anchored,district,-1,2502,71.1809825673534,65.67606973058638,5.504912836767019
kernel_anchored,district,-1,2503,65.62364860690678,65.55260394143448,0.07104466547230004
kernel_anchored,district,-1,2504,63.839374360384305,62.02477508439108,1.8145992759932241
kernel_anchored,district,-1,2505,67.83481697805612,66.55759239060319,1.2772245874529347
kernel_anchored,district,-1,2601,66.94789721130934,62.847942294068396,4.099954917240943
kernel_anchored,district,-1,2602,66.21222262266386,59.63445399783761,6.577768624826248
kernel_anchored,district,-1,2603,72.73358773805336,69.32438406091279,3.4092036771405674
kernel_anchored,district,-1,2604,68.97430041111397,70.611308613533,-1.6370082024190253
kernel_anchored,district,-1,2701,63.543156617958374,62.792507237587394,0.7506493803709802
kernel_anchored,district,-1,2702,66.5992516938012,62.54044898371929,4.058802710081906
kernel_anchored,district,-1,2703,66.99597127342793,64.58574181117534,2.4102294622525875
kernel_anchored,district,-1,2704,65.93709225471113,64.60717417809245,1.3299180766186822
kernel_anchored,district,-1,2705,65.44058700396383,63.87899167149156,1.5615953324722653
kernel_anchored,district,-1,2801,66.95516845956425,64.60656364331349,2.348604816250756
kernel_anchored,district,-1,2802,61.878167886399424,61.07354128343236,0.8046266029670619
kernel_anchored,district,-1,2803,63.622308427503235,63.66025749142632,-0.03794906392308661
kernel_anchored,district,-1,2804,64.93890216923283,64.68649314783745,0.2524090213953798
kernel_anchored,district,-1,2901,73.61375844740945,73.83577369606654,-0.22201524865708677
kernel_anchored,district,-1,2902,68.40953867410383,68.97628124760125,-0.5667425734974216
kernel_anchored,district,-1,2903,71.60932522135681,68.50819899204075,3.1011262293160655
kernel_anchored,district,-1,2904,71.94715755535536,72.34128301171116,-0.39412545635579477
kernel_anchored,district,-1,2905,72.14711749754433,68.83373332928274,3.3133841682615923
kernel_anchored,district,-1,2906,71.18475649705175,67.15221664118803,4.0325398558637175
kernel_anchored,district,-1,2907,72.94596241383019,73.39816728593446,-0.45220487210427507
kernel_anchored,district,-1,2908,70.88751784955144,67.67677868736305,3.210739162188389
kernel_anchored,district,-1,2A01,63.37207087064203,62.977710040007615,0.39436083063441174
kernel_anchored,district,-1,2A02,62.09616769341548,64.76998159852788,-2.6738139051123966
kernel_anchored,district,-1,2B01,60.823646842901766,61.73165469942364,-0.908007856521877
kernel_anchored,district,-1,2B02,65.3282200008833,66.09301161541066,-0.7647916145273541
kernel_anchored,district,-1,3001,62.86713441490892,57.67357960204511,5.193554812863809
kernel_anchored,district,-1,3003,69.24191564330839,63.400954902737524,5.840960740570864
kernel_anchored,district,-1,3004,67.8616894799415,64.1535240459983,3.7081654339432077
kernel_anchored,district,-1,3005,68.11995433005627,63.921754857483506,4.198199472572767
kernel_anchored,district,-1,3006,65.02868895562852,61.02275250371029,4.005936451918238
kernel_anchored,district,-1,3101,69.50780241698932,68.23184324768275,1.2759591693065744
kernel_anchored,district,-1,3102,70.32749514526675,69.84905766578797,0.4784374794787851
kernel_anchored,district,-1,3103,74.37285611396624,73.24552301663839,1.127333097327849
kernel_anchored,district,-1,3105,69.52916735609361,67.90487746585039,1.6242898902432188
kernel_anchored,district,-1,3106,72.68475130778538,67.24317140082131,5.441579906964066
kernel_anchored,district,-1,3107,68.78193460163173,64.09834702344104,4.683587578190696
kernel_anchored,district,-1,3108,68.57577587808959,66.76036052778294,1.815415350306651
kernel_anchored,district,-1,3109,68.37085832268214,68.04763543407728,0.32322288860486026
kernel_anchored,district,-1,3110,75.20066189896531,69.97299147900182,5.227670419963488
kernel_anchored,district,-1,3201,71.0809740915668,68.12225285975593,2.9587212318108698
kernel_anchored,district,-1,3202,71.85386850609673,70.69766178746978,1.1562067186269473
kernel_anchored,district,-1,3301,70.49299566420751,69.45675070610127,1.0362449581062378
kernel_anchored,district,-1,3302,72.59056456181048,63.80789253634721,8.78267202546327
kernel_anchored,district,-1,3303,67.29852130736072,65.92786599006931,1.3706553172914084
kernel_anchored,district,-1,3304,64.24017961851114,60.54807701945533,3.692102599055808
kernel_anchored,district,-1,3305,68.18824504522074,65.26819596466851,2.920049080552232
kernel_anchored,district,-1,3306,71.79315469364916,71.6766505517893,0.11650414185986335
kernel_anchored,district,-1,3307,70.6402121647747,70.16556783819958,0.4746443265751168
kernel_anchored,district,-1,3308,69.90449003767749,68.19213873212787,1.7123513055496176
kernel_anchored,district,-1,3309,69.6900247479465,67.91433551282175,1.7756892351247444
kernel_anchored,district,-1,3310,68.45517950926558,66.4142411082798,2.0409384009857803
kernel_anchored,district,-1,3312,70.26068611058119,63.4579344862026,6.802751624378587
kernel_anchored,district,-1,3401,67.0475439978986,63.186235881271344,3.8613081166272565
kernel_anchored,district,-1,3403,72.172960789317,67.23547673726291,4.937484052054089
kernel_anchored,district,-1,3404,71.0320887589689,66.09918947648154,4.932899282487355
kernel_anchored,district,-1,3405,67.05929407059294,65.33646635336467,1.7228277172282702
kernel_anchored,district,-1,3406,65.7950727293793,65.2731696527317,0.5219030766476038
kernel_anchored,district,-1,3408,67.35446029024298,61.98716072100707,5.367299569235911
kernel_anchored,district,-1,3409,65.92528849760598,60.44217912226121,5.4831093753447675
kernel_anchored,district,-1,3501,71.24117534821599,70.09370561173652,1.147469736479465
kernel_anchored,district,-1,3502,75.35785785785785,74.5005005005005,0.8573573573573583
kernel_anchored,district,-1,3503,71.79032707177586,71.8433396877075,-0.05301261593163531
kernel_anchored,district,-1,3504,70.51531406109245,64.35386127262305,6.161452788469404
kernel_anchored,district,-1,3505,69.93852385561172,66.51611284367495,3.4224110119367737
kernel_anchored,district,-1,3506,71.19020827817492,67.99819080398906,3.1920174741858602
kernel_anchored,district,-1,3507,70.45026207465611,67.88343069320855,2.5668313814475567
kernel_anchored,district,-1,3601,63.73662017515407,63.24878365228673,0.48783652286734025
kernel_anchored,district,-1,3602,67.43198544139359,66.000160236234,1.4318252051595977
kernel_anchored,district,-1,3701,65.23747985103662,56.685287087988435,8.55219276304819
kernel_anchored,district,-1,3702,68.67053264604812,66.8481529209622,1.8223797250859093
kernel_anchored,district,-1,3703,67.894398004245,66.31459295249017,1.5798050517548319
kernel_anchored,district,-1,3704,66.6503116440572,62.32234132033558,4.327970323721615
kernel_anchored,district,-1,3705,68.34232466895537,66.8476339290806,1.4946907398747697
kernel_anchored,district,-1,3801,74.88346308372775,74.42029590243088,0.4631671812968676
kernel_anchored,district,-1,3802,66.55873256327716,62.752004039638955,3.8067285236382062
kernel_anchored,district,-1,3803,68.93992133384384,62.099272512095794,6.840648821748047
kernel_anchored,district,-1,3804,70.18228744829969,66.95068087817626,3.231606570123432
kernel_anchored,district,-1,3805,72.06088664421998,67.52244668911335,4.538439955106625
kernel_anchored,district,-1,3806,67.48467942100292,60.276319546642654,7.208359874360269
kernel_anchored,district,-1,3807,69.99123711340206,69.13092783505155,0.8603092783505133
kernel_anchored,district,-1,3808,69.13522126457595,64.69665145699042,4.438569807585523
kernel_anchored,district,-1,3809,70.00542834583497,62.663837347019346,7.341590998815626
kernel_anchored,district,-1,3810,66.59238392273254,60.68413904119926,5.908244881533278
kernel_anchored,district,-1,3901,69.18444358875627,67.99691952252599,1.1875240662302815
kernel_anchored,district,-1,3902,67.58430091703605,64.47786371875168,3.106437198284368
kernel_anchored,district,-1,3903,69.44519621109607,67.99658144006837,1.4486147710277066
kernel_anchored,district,-1,4001,68.8924947810788,67.00639032972643,1.8861044513523666
kernel_anchored,district,-1,4002,69.61008530136338,67.5919015864609,2.0181837149024773
kernel_anchored,district,-1,4003,70.71035792841431,68.0143971205759,2.695960807838418
kernel_anchored,district,-1,4101,65.52003482214107,64.94933862113994,0.5706962010011267
kernel_anchored,district,-1,4102,64.31738913801695,64.83183856502242,-0.5144494270054736
kernel_anchored,district,-1,4103,68.22180274878477,67.772102548918,0.44970019986676846
kernel_anchored,district,-1,4201,65.09700920844864,62.21409252223942,2.882916686209221
kernel_anchored,district,-1,4202,62.30619583800035,62.84265754878264,-0.5364617107822909
kernel_anchored,district,-1,4203,66.2190180560163,65.44476565091702,0.7742524050992756
kernel_anchored,district,-1,4204,67.40355813308068,66.34224302106361,1.0613151120170699
kernel_anchored,district,-1,4205,70.03071198653397,70.51550856884111,-0.4847965823071405
kernel_anchored,district,-1,4206,69.89772656159204,69.05960288582745,0.8381236757645922
kernel_anchored,district,-1,4301,71.39783480665135,67.67397484325713,3.7238599633942187
kernel_anchored,district,-1,4302,70.2664063484066,67.59289583070915,2.6735105176974514
kernel_anchored,district,-1,4401,70.90390732073129,69.91544051097722,0.9884668097540725
kernel_anchored,district,-1,4403,67.71966033124892,65.98383801045293,1.7358223207959895
kernel_anchored,district,-1,4404,70.29862273136825,68.82910713519543,1.4695155961728261
kernel_anchored,district,-1,4405,71.85102126928066,71.99127975120724,-0.14025848192657975
kernel_anchored,district,-1,4406,67.3329752404338,68.49549826069163,-1.1625230202578365
kernel_anchored,district,-1,4407,69.42940494005683,68.06113698653171,1.3682679535251197
kernel_anchored,district,-1,4408,64.90888345200611,58.56034757040825,6.348535881597861
kernel_anchored,district,-1,4409,69.31377056841566,67.18324828329577,2.130522285119895
kernel_anchored,district,-1,4410,71.49393260561541,71.86043013987066,-0.3664975342552452
kernel_anchored,district,-1,4501,67.95195954487988,65.86216143738267,2.0897981074972165
kernel_anchored,district,-1,4502,65.04328393584723,60.16749246622498,4.87579146962225
kernel_anchored,district,-1,4503,66.73362197459011,66.27865710838242,0.45496486620768906
kernel_anchored,district,-1,4504,63.172917313324064,58.099299585689415,5.073617727634648
kernel_anchored,district,-1,4505,65.58418613500768,64.32910669874016,1.255079436267522
kernel_anchored,district,-1,4506,67.1580095683718,65.88638872824772,1.271620840124072
kernel_anchored,district,-1,4601,71.91397319533999,71.39649814502991,0.5174750503100825
kernel_anchored,district,-1,4602,71.36685765983113,72.03709288299156,-0.6702352231604323
kernel_anchored,district,-1,4701,68.28519162582715,66.80367668646537,1.4815149393617872
kernel_anchored,district,-1,4702,66.66081825743399,64.08037013932211,2.5804481181118746
kernel_anchored,district,-1,4703,68.14319267410868,67.49663526244953,0.6465574116591455
kernel_anchored,district,-1,4801,72.7929857439261,73.6680945050532,-0.8751087611271089
kernel_anchored,district,-1,4901,68.3022272342825,68.75556808570623,-0.45334085142373226
kernel_anchored,district,-1,4902,68.84749380119897,68.88881914147913,-0.04132534028016721
kernel_anchored,district,-1,4903,66.81352064661571,64.35915764007258,2.454363006543133
kernel_anchored,district,-1,4904,68.0608464913433,66.68549510022856,1.3753513911147337
kernel_anchored,district,-1,4905,65.7246838208672,63.16840830493027,2.5562755159369317
kernel_anchored,district,-1,4906,67.7987276230232,65.40499317652724,2.393734446495955
kernel_anchored,district,-1,4907,68.49841995005386,68.9824951770011,-0.48407522694724037
kernel_anchored,district,-1,5001,67.92867273167526,66.38878319323855,1.5398895384367108
kernel_anchored,district,-1,5002,68.91609836743129,66.4827443686712,2.433353998760083
kernel_anchored,district,-1,5003,68.36891753226881,67.17402653513115,1.1948909971376622
kernel_anchored,district,-1,5004,65.69538589941689,61.93564395520116,3.759741944215733
kernel_anchored,district,-1,5101,63.00636689216076,60.464252553389045,2.542114338771718
kernel_anchored,district,-1,5102,65.2190226057593,63.475685743765666,1.7433368619936402
kernel_anchored,district,-1,5103,63.86984555787757,63.258830725317296,0.6110148325602722
kernel_anchored,district,-1,5104,63.394484812694174,62.81356715536498,0.580917657329195
kernel_anchored,district,-1,5105,67.4730827226793,69.23097272558927,-1.7578900029099742
kernel_anchored,district,-1,5201,64.7279929450203,63.765161700712724,0.9628312443075799
kernel_anchored,district,-1,5301,66.7716100152359,62.71926867744415,4.052341337791745
kernel_anchored,district,-1,5302,66.80625383969208,65.17634373550321,1.6299101041888662
kernel_anchored,district,-1,5303,65.93145688527974,62.67978803936411,3.2516688459156313
kernel_anchored,district,-1,5401,65.99094500954737,61.085157741776655,4.9057872677707195
kernel_anchored,district,-1,5402,66.55869014665174,67.11378762000118,-0.5550974733494343
kernel_anchored,district,-1,5403,57.157074967032415,53.93744868254087,3.2196262844915466
kernel_anchored,district,-1,5404,65.72228559576895,65.68806388053511,0.034221715233840655
kernel_anchored,district,-1,5405,65.71739075170959,65.19307522180135,0.524315529908236
kernel_anchored,district,-1,5406,62.082315053788,58.5706781170774,3.5116369367106017
kernel_anchored,district,-1,5501,66.05813612230196,67.13935060430617,-1.0812144820042136
kernel_anchored,district,-1,5601,73.20351639223693,69.56728647694531,3.636229915291622
kernel_anchored,district,-1,5602,72.94901781474772,70.06225489334014,2.8867629214075805
kernel_anchored,district,-1,5603,69.92990606597795,66.86431525969395,3.0655908062839927
kernel_anchored,district,-1,5604,71.14267610096104,70.00387228500018,1.1388038159608556
kernel_anchored,district,-1,5605,68.35003711952487,69.2563721851027,-0.906335065577835
kernel_anchored,district,-1,5606,69.94458062453374,67.49333901737185,2.45124160716189
kernel_anchored,district,-1,5701,60.45991695943788,60.243798573405726,0.21611838603215006
kernel_anchored,district,-1,5702,63.84055328349267,62.98028080960692,0.8602724738857503
kernel_anchored,district,-1,5703,63.16841316381135,63.115821028965115,0.05259213484623615
kernel_anchored,district,-1,5704,64.65578072966315,66.12525842752268,-1.4694776978595314
kernel_anchored,district,-1,5705,61.03751993896941,62.14439281503572,-1.106872876066312
kernel_anchored,district,-1,5708,55.770788189200424,53.16829732746733,2.602490861733095
kernel_anchored,district,-1,5709,63.57001717786537,63.31979624867194,0.250220929193425
kernel_anchored,district,-1,5801,62.81855111712932,62.1299932295193,0.6885578876100169
kernel_anchored,district,-1,5802,66.68698025772869,63.74404875261855,2.9429315051101383
kernel_anchored,district,-1,5901,65.26300428071085,58.240368400570766,7.022635880140079
kernel_anchored,district,-1,5902,64.13370728636025,63.62543643752504,0.5082708488352097
kernel_anchored,district,-1,5904,67.59645694421258,67.12755197234688,0.46890497186569746
kernel_anchored,district,-1,5905,66.8723052706706,64.56302611382145,2.3092791568491435
kernel_anchored,district,-1,5906,71.34223316291107,68.84744051000442,2.4947926529066535
kernel_anchored,district,-1,5907,63.778525134796574,64.11279342083765,-0.3342682860410733
kernel_anchored,district,-1,5908,52.10059042838698,49.80198163434059,2.2986087940463875
kernel_anchored,district,-1,5909,65.92862186973764,65.23765549459503,0.6909663751426081
kernel_anchored,district,-1,5910,58.477978651793435,56.019809597076645,2.458169054716791
kernel_anchored,district,-1,5911,63.697674668154654,59.11193140968548,4.585743258469172
kernel_anchored,district,-1,5913,57.923179731535825,57.865070602591665,0.058109128944160204
kernel_anchored,district,-1,5914,65.51549035183862,64.77390421220927,0.7415861396293479
kernel_anchored,district,-1,5915,66.75802502023545,65.77596541019048,0.9820596100449706
kernel_anchored,district,-1,5917,61.54517766497462,57.91675126903554,3.62842639593908
kernel_anchored,district,-1,5921,60.341301133563334,58.47585017249877,1.8654509610645675
kernel_anchored,district,-1,6001,64.14879050661798,62.329145547575,1.8196449590429822
kernel_anchored,district,-1,6003,60.82018927444795,56.676286999127456,4.143902275320492
kernel_anchored,district,-1,6004,66.21683318645614,63.918116857607,2.298716328849146
kernel_anchored,district,-1,6005,64.79122818928644,60.07739832982551,4.71382985946093
kernel_anchored,district,-1,6006,64.54202699852353,62.991721155874295,1.5503058426492302
kernel_anchored,district,-1,6007,63.42941985009985,64.05119427371042,-0.6217744236105744
kernel_anchored,district,-1,6101,65.8497594743635,62.060014079549454,3.789745394814041
kernel_anchored,district,-1,6102,67.84740299987604,66.7131523490765,1.1342506507995438
kernel_anchored,district,-1,6103,67.28942861591156,65.11825400195322,2.1711746139583425
kernel_anchored,district,-1,6202,67.4607205742923,63.96451307056752,3.4962075037247757
kernel_anchored,district,-1,6204,66.54513522225804,66.09939641852762,0.4457388037304213
kernel_anchored,district,-1,6205,61.274833344333715,59.25131454469452,2.0235187996391915
kernel_anchored,district,-1,6207,59.62401884659673,59.64461910647694,-0.020600259880211524
kernel_anchored,district,-1,6208,63.65978265575616,61.65411092349656,2.0056717322596
kernel_anchored,district,-1,6209,65.19402689383621,61.900398702360015,3.293628191476195
kernel_anchored,district,-1,6301,65.38704826466797,65.61918174440254,-0.23213347973457132
kernel_anchored,district,-1,6302,71.13908487755171,67.56421474696232,3.574870130589389
kernel_anchored,district,-1,6303,71.76752333858127,71.1388784176331,0.6286449209481759
kernel_anchored,district,-1,6304,69.23838754277757,66.72125199792119,2.5171355448563872
kernel_anchored,district,-1,6305,68.53397411496002,65.93642938713361,2.5975447278264028
kernel_anchored,district,-1,6401,69.59479891140006,66.80922142065172,2.785577490748338
kernel_anchored,district,-1,6402,71.9157454648526,69.19524754346182,2.7204979213907876
kernel_anchored,district,-1,6403,70.6013416101705,68.90705238951972,1.6942892206507736
kernel_anchored,district,-1,6404,71.70326269927716,71.70759481136746,-0.0043321120902959365
kernel_anchored,district,-1,6405,69.44015978484417,64.0998259769024,5.340333807941775
kernel_anchored,district,-1,6406,69.26803417841433,70.1032668336194,-0.8352326552050755
kernel_anchored,district,-1,6501,68.23355624770979,60.89913887871015,7.334417368999638
kernel_anchored,district,-1,6502,68.85226450913035,64.11589224371723,4.736372265413124
kernel_anchored,district,-1,6601,64.65337978341299,58.97404736827892,5.67933241513407
kernel_anchored,district,-1,6603,65.07297139521307,60.40980735551664,4.663164039696433
kernel_anchored,district,-1,6604,67.34441611025676,63.69352358334469,3.6508925269120667
kernel_anchored,district,-1,6701,69.47042739962583,63.659039669976494,5.81138772964934
kernel_anchored,district,-1,6702,67.20120013152126,67.64713941253837,-0.4459392810171039
kernel_anchored,district,-1,6703,64.52392698569314,65.63817041370076,-1.1142434280076259
kernel_anchored,district,-1,6704,69.0022110268655,68.40957505880928,0.5926359680562143
kernel_anchored,district,-1,6705,66.16632897745228,65.89772663903192,0.26860233842036507
kernel_anchored,district,-1,6706,66.95903158151941,66.408747531103,0.5502840504164084
kernel_anchored,district,-1,6707,64.60205242506558,65.64045413387198,-1.0384017088064041
kernel_anchored,district,-1,6708,63.001964553539366,63.68850208073681,-0.6865375271974443
kernel_anchored,district,-1,6709,64.72676062193398,65.45273135445248,-0.7259707325185047
kernel_anchored,district,-1,6801,62.42039829339005,61.731677364629626,0.688720928760425
kernel_anchored,district,-1,6802,66.06092391539427,65.28180284614386,0.779121069250408
kernel_anchored,district,-1,6803,64.34540230542932,64.00141943016747,0.3439828752618439
kernel_anchored,district,-1,6804,64.84165891190268,64.9500657156288,-0.10840680372611189
kernel_anchored,district,-1,6805,62.67265964856944,62.31518353507077,0.35747611349867014
kernel_anchored,district,-1,6806,62.43594251073396,62.96012188235795,-0.524179371623994
kernel_anchored,district,-1,6901,73.19896547408818,71.52411808056509,1.6748473935230948
kernel_anchored,district,-1,6902,77.20376352012437,69.19086997895752,8.012893541166846
kernel_anchored,district,-1,6904,76.44870592410453,74.15777332758752,2.2909325965170098
kernel_anchored,district,-1,6905,74.40153630514199,72.00878519319699,2.392751111945003
kernel_anchored,district,-1,6906,64.1525736892444,54.48982697156769,9.662746717676718
kernel_anchored,district,-1,6907,60.00110182213837,60.463867120250114,-0.4627652981117478
kernel_anchored,district,-1,6908,72.8833944928165,72.9791428867905,-0.0957483939739916
kernel_anchored,district,-1,6909,70.43251836980116,69.00318987393374,1.4293284958674235
kernel_anchored,district,-1,6910,74.2987964944873,72.35269173296717,1.9461047615201323
kernel_anchored,district,-1,6911,70.36166088553357,68.64211385431544,1.7195470312181271
kernel_anchored,district,-1,6912,72.60384062262077,72.28781708098178,0.31602354163898383
kernel_anchored,district,-1,6913,68.82273025912852,61.988173851070705,6.834556408057814
kernel_anchored,district,-1,6914,58.644804889515754,54.17384944888472,4.4709554406310374
kernel_anchored,district,-1,7001,68.3396525380567,67.74489276215267,0.5947597759040235
kernel_anchored,district,-1,7101,67.44352909912304,66.1453627424927,1.2981663566303467
kernel_anchored,district,-1,7102,68.06228057582125,67.00121376646089,1.061066809360355
kernel_anchored,district,-1,7103,66.9324235794366,65.48868369983066,1.4437398796059426
kernel_anchored,district,-1,7104,66.21664145234493,64.81694402420575,1.3996974281391772
kernel_anchored,district,-1,7105,65.72088477246547,64.97445981638992,0.7464249560755434
kernel_anchored,district,-1,7201,66.63029037768078,64.6585147628989,1.9717756147818761
kernel_anchored,district,-1,7202,61.98963755312544,59.70225872689938,2.2873788262260604
kernel_anchored,district,-1,7203,64.75406972682177,64.26675050653252,0.4873192202892511
kernel_anchored,district,-1,7204,64.48630263141737,58.997531895038,5.488770736379372
kernel_anchored,district,-1,7205,65.03409865878609,63.77358490566037,1.2605137531257213
kernel_anchored,district,-1,7301,70.59692294615155,68.86608015640275,1.730842789748806
kernel_anchored,district,-1,7302,66.80771163356518,65.73136222992093,1.0763494036442438
kernel_anchored,district,-1,7303,70.89953474652401,68.90444203102584,1.9950927154981741
kernel_anchored,district,-1,7304,69.19371451539969,62.38632366979853,6.807390845601162
kernel_anchored,district,-1,7401,71.2587185139677,69.15814390517147,2.1005746087962223
kernel_anchored,district,-1,7402,70.34653319304181,67.41171958738556,2.9348136056562453
kernel_anchored,district,-1,7403,67.8414194868146,66.75745986570018,1.083959621114417
kernel_anchored,district,-1,7404,61.73494638438273,59.78883695353313,1.946109430849603
kernel_anchored,district,-1,7405,65.57654478130063,64.57610121113939,1.000443570161238
kernel_anchored,district,-1,7406,66.11711580126098,65.17928868765063,0.9378271136103535
kernel_anchored,district,-1,7501,74.60472784637466,65.67626232074868,8.928465525625981
kernel_anchored,district,-1,7502,75.71166145966023,67.14758846324033,8.56407299641991
kernel_anchored,district,-1,7503,72.45688594932903,66.08406898248107,6.372816966847964
kernel_anchored,district,-1,7504,72.44549478170592,63.19600021856729,9.249494563138626
kernel_anchored,district,-1,7511,76.18426830607092,68.39938522340542,7.784883082665502
kernel_anchored,district,-1,7512,74.63616500033106,64.33158975038073,10.304575249950332
kernel_anchored,district,-1,7513,72.04473254363288,64.51621201013492,7.528520533497954
kernel_anchored,district,-1,7514,72.45052874044603,62.825882106585695,9.624646633860337
kernel_anchored,district,-1,7515,69.46028794693333,48.866805698635645,20.59348224829769
kernel_anchored,district,-1,7601,67.86384588819988,66.79929730784822,1.064548580351655
kernel_anchored,district,-1,7602,71.62545940527899,69.27413965920482,2.351319746074168
kernel_anchored,district,-1,7603,61.20244113107628,57.859337609560626,3.3431035215156513
kernel_anchored,district,-1,7604,61.67499159780732,57.81519811790884,3.859793479898478
kernel_anchored,district,-1,7605,67.29662499736493,65.24653751291186,2.0500874844530728
kernel_anchored,district,-1,7606,65.78925691692369,64.8465600717548,0.9426968451688964
kernel_anchored,district,-1,7607,66.3796429448283,63.68653034501304,2.693112599815265
kernel_anchored,district,-1,7608,58.74046156709473,56.64898566908617,2.0914758980085537
kernel_anchored,district,-1,7609,67.18011589282533,65.66910817012983,1.5110077226954957
kernel_anchored,district,-1,7610,68.73743067141632,67.38603057221447,1.3514000992018538
kernel_anchored,district,-1,7701,61.94437825032591,63.046860763397305,-1.1024825130713936
kernel_anchored,district,-1,7702,67.10506687882253,65.25906220476357,1.8460046740589604
kernel_anchored,district,-1,7703,64.49611109685037,62.645994301409246,1.8501167954411244
kernel_anchored,district,-1,7704,64.82011792958048,63.49820174301273,1.3219161865677478
kernel_anchored,district,-1,7705,63.56271020335434,61.48851816379713,2.074192039557211
kernel_anchored,district,-1,7706,62.310624336582066,55.97196757695648,6.338656759625586
kernel_anchored,district,-1,7707,63.45729240218329,57.38430673705211,6.072985665131185
kernel_anchored,district,-1,7708,64.13929390563565,64.88470674967235,-0.745412844036693
kernel_anchored,district,-1,7709,63.798370091753576,58.90921525047017,4.889154841283407
kernel_anchored,district,-1,7710,61.91922112974744,56.32109118951224,5.598129940235204
kernel_anchored,district,-1,7801,71.73249572487174,69.38295648869466,2.3495392361770797
kernel_anchored,district,-1,7802,73.9431356994217,68.97067108152542,4.972464617896279
kernel_anchored,district,-1,7803,72.26266447959196,67.61413297254583,4.64853150704613
kernel_anchored,district,-1,7804,71.93536817630908,69.0815998416978,2.8537683346112885
kernel_anchored,district,-1,7805,69.6753771200792,67.38269546413777,2.2926816559414362
kernel_anchored,district,-1,7806,68.53338694614507,65.95932344090485,2.5740635052402183
kernel_anchored,district,-1,7807,66.60090916888241,65.86940805999045,0.7315011088919618
kernel_anchored,district,-1,7808,60.56843669953681,58.06336018686875,2.5050765126680616
kernel_anchored,district,-1,7809,66.60646175748754,61.110461842482714,5.495999915004823
kernel_anchored,district,-1,7810,72.16100778546712,70.65095155709342,1.5100562283736991
kernel_anchored,district,-1,7811,66.64094577375053,62.59379866912077,4.047147104629758
kernel_anchored,district,-1,7812,69.98686756980923,68.86922864252143,1.1176389272877998
kernel_anchored,district,-1,7901,68.52846928543401,68.57152199502985,-0.043052709595841065
kernel_anchored,district,-1,7902,67.35013359985314,65.1232994064495,2.226834193403633
kernel_anchored,district,-1,7903,65.45115690273578,64.18290081346555,1.2682560892702242
kernel_anchored,district,-1,8001,63.39345879861378,61.59871967654986,1.7947391220639162
kernel_anchored,district,-1,8002,66.60180240751995,67.02266585640217,-0.4208634488822156
kernel_anchored,district,-1,8003,68.0303085719859,67.3701278909574,0.6601806810284927
kernel_anchored,district,-1,8004,67.69099670897978,64.3441466854725,3.3468500235072867
kernel_anchored,district,-1,8101,68.75117172853393,67.78566741657292,0.9655043119610127
kernel_anchored,district,-1,8102,68.90717070075243,63.34149215846252,5.565678542289909
kernel_anchored,district,-1,8103,69.59820576445887,67.6169116243558,1.9812941401030741
kernel_anchored,district,-1,8201,67.71279328652167,67.65606268196609,0.05673060455558243
kernel_anchored,district,-1,8202,68.29691133197522,61.91843117887935,6.378480153095872
kernel_anchored,district,-1,8301,64.07122463044487,61.514226641724925,2.5569979887199494
kernel_anchored,district,-1,8303,67.39919823379037,65.14156789836548,2.257630335424892
kernel_anchored,district,-1,8307,65.43424628491027,62.24293121060849,3.1913150743017837
kernel_anchored,district,-1,8401,61.001229414069364,56.2315081262919,4.769721287777465
kernel_anchored,district,-1,8402,67.24291446478335,63.30554238601279,3.937372078770565
kernel_anchored,district,-1,8404,66.83748896734335,60.457855251544565,6.379633715798782
kernel_anchored,district,-1,8405,66.338615120194,63.05182115697031,3.286793963223694
kernel_anchored,district,-1,8501,67.3803547315489,65.94096644050667,1.4393882910422349
kernel_anchored,district,-1,8502,68.67527435924407,67.29865712983415,1.3766172294099164
kernel_anchored,district,-1,8503,69.03347870234417,67.95526433053553,1.0782143718086417
kernel_anchored,district,-1,8504,68.25587058452783,68.41964532979364,-0.16377474526581182
kernel_anchored,district,-1,8505,67.129321017046,66.42938767736406,0.6999333396819338
kernel_anchored,district,-1,8601,67.95923654892478,68.79696001381812,-0.8377234648933438
kernel_anchored,district,-1,8602,70.67026568753352,71.10850673881332,-0.4382410512798032
kernel_anchored,district,-1,8603,67.4015106532816,66.23676107098966,1.1647495822919467
kernel_anchored,district,-1,8604,63.79701136008903,63.27447440926179,0.522536950827238
kernel_anchored,district,-1,8701,68.62105112688808,69.76461619097537,-1.1435650640872979
kernel_anchored,district,-1,8702,70.39750655901076,66.53582541845472,3.861681140556044
kernel_anchored,district,-1,8703,68.1723244013613,69.61286597127517,-1.4405415699138757
kernel_anchored,district,-1,8801,65.26571383449146,65.57959570435882,-0.3138818698673589
kernel_anchored,district,-1,8802,65.91882719483698,66.02592633804385,-0.10709914320686664
kernel_anchored,district,-1,8803,67.60931333859511,66.73243883188634,0.8768745067087735
kernel_anchored,district,-1,8804,66.7846727281234,66.85797164735422,-0.07329891923082243
kernel_anchored,district,-1,8901,67.63034692489296,61.61684873221026,6.013498192682704
kernel_anchored,district,-1,8902,65.36050373650707,65.15084417381676,0.20965956269030528
kernel_anchored,district,-1,9001,67.36904085967237,66.49422749353353,0.874813366138838
kernel_anchored,district,-1,9002,67.7575418754166,61.82940202550154,5.92813984991507
kernel_anchored,district,-1,9101,59.64481187494627,59.90629567011491,-0.26148379516863685
kernel_anchored,district,-1,9102,65.96999504939839,59.28991153490174,6.680083514496651
kernel_anchored,district,-1,9103,68.24449734702523,62.90475517985756,5.339742167167671
kernel_anchored,district,-1,9104,68.49306817383274,65.91308363366227,2.5799845401704715
kernel_anchored,district,-1,9105,73.46956597677058,65.39603528076151,8.073530696009072
kernel_anchored,district,-1,9106,67.33534155825453,63.01425759685084,4.321083961403687
kernel_anchored,district,-1,9107,62.99495603387819,63.24243405081729,-0.2474780169390982
kernel_anchored,district,-1,9108,64.79461895121791,65.06497747012342,-0.27035851890551044
kernel_anchored,district,-1,9109,64.528682617469,59.556068031132895,4.972614586336107
kernel_anchored,district,-1,9110,60.24767604737043,55.10155354641538,5.146122500955052
kernel_anchored,district,-1,9202,73.02590283299159,68.76734876065336,4.258554072338228
kernel_anchored,district,-1,9204,66.22820000493351,59.62529909469894,6.602900910234574
kernel_anchored,district,-1,9205,70.41477390047491,63.6459838942804,6.768790006194514
kernel_anchored,district,-1,9206,73.7229714704305,66.71681033918925,7.006161131241242
kernel_anchored,district,-1,9208,74.53265889597537,64.46594824426361,10.066710651711759
kernel_anchored,district,-1,9209,73.88005609567779,60.69835967414083,13.181696421536955
kernel_anchored,district,-1,9210,73.01384544446245,64.04296948020388,8.970875964258568
kernel_anchored,district,-1,9212,72.36178762137216,67.61668247657823,4.745105144793925
kernel_anchored,district,-1,9213,73.45978195168908,66.4375741565739,7.022207795115179
kernel_anchored,district,-1,9303,64.00591135548156,56.82000051627559,7.185910839205967
kernel_anchored,district,-1,9304,52.73440396221659,41.29335527974257,11.441048682474019
kernel_anchored,district,-1,9305,55.759543606239,51.394367906779145,4.365175699459854
kernel_anchored,district,-1,9307,65.0754280647519,52.47253076434571,12.602897300406191
kernel_anchored,district,-1,9308,62.28713565916194,57.046048855156585,5.241086804005356
kernel_anchored,district,-1,9312,58.69240967848856,53.59026124687377,5.102148431614786
kernel_anchored,district,-1,9401,70.39737025831975,69.55666744240168,0.8407028159180783
kernel_anchored,district,-1,9403,61.49693433012424,61.5944172538052,-0.0974829236809569
kernel_anchored,district,-1,9404,66.79620207523736,67.28229371152331,-0.4860916362859484
kernel_anchored,district,-1,9405,66.42068634509239,65.94236097475839,0.47832537033400513
kernel_anchored,district,-1,9406,72.88580752386845,66.58053402239449,6.3052735014739625
kernel_anchored,district,-1,9407,64.48794729749962,60.968707890402754,3.519239407096862
kernel_anchored,district,-1,9408,72.80114226375909,67.90109034267913,4.900051921079964
kernel_anchored,district,-1,9501,66.54744334412493,66.71705389449627,-0.16961055037134543
kernel_anchored,district,-1,9502,65.41234561632882,60.44985466038766,4.962490955941163
kernel_anchored,district,-1,9503,66.25184308350467,60.58708699354142,5.664756089963248
kernel_anchored,district,-1,9504,66.17974876085074,58.80779418321052,7.371954577640224
kernel_anchored,district,-1,9506,65.34988713318285,64.50437606431429,0.8455110688685608
kernel_anchored,district,-1,9507,64.6274383927399,59.529610878477946,5.097827514261958
kernel_anchored,district,-1,9509,58.75527131566454,55.41095316558214,3.344318150082394
kernel_anchored,district,-1,9510,63.513695655429586,57.759873002560916,5.753822652868671
kernel_anchored,district,-1,97101,30.958195282284144,30.695513285900972,0.26268199638317213
kernel_anchored,district,-1,97102,29.793254272444425,30.84051043874284,-1.0472561662984141
kernel_anchored,district,-1,97103,34.492106429121094,36.61357647552643,-2.121470046405335
kernel_anchored,district,-1,97104,31.816528444638443,30.83806198166739,0.9784664629710527
kernel_anchored,district,-1,97201,28.854197789064838,28.17572950901305,0.6784682800517885
kernel_anchored,district,-1,97202,31.157828679008475,32.92500784436774,-1.7671791653592663
kernel_anchored,district,-1,97203,29.457499419164257,31.17262438182482,-1.715124962660564
kernel_anchored,district,-1,97204,28.970529009026084,29.577598256378668,-0.6070692473525838
kernel_anchored,district,-1,97301,34.70250654063634,31.719132416237656,2.9833741243986864
kernel_anchored,district,-1,97302,27.86325646964052,16.961031114691373,10.902225354949145
kernel_anchored,district,-1,97401,47.07048234271065,47.59506250917592,-0.5245801664652703
kernel_anchored,district,-1,97402,39.496574702927965,41.525215493940614,-2.0286407910126485
kernel_anchored,district,-1,97403,43.02271462538574,44.91323923711236,-1.8905246117266188
kernel_anchored,district,-1,97404,48.306019751890425,47.971439591686625,0.33458016020379944
kernel_anchored,district,-1,97405,38.4714682907454,41.64018712211484,-3.168718831369439
kernel_anchored,district,-1,97406,42.822842310188186,44.525986667453246,-1.7031443572650602
kernel_anchored,district,-1,97407,41.594027041751275,42.0278011655358,-0.4337741237845236
kernel_anchored,district,-1,97501,54.34010652988755,53.205760505030575,1.1343460248569741
kernel_anchored,district,-1,97602,42.792045606207935,46.000877042460296,-3.2088314362523604
kernel_anchored,district,-1,98702,38.252581413820494,46.10296772330132,-7.850386309480825
kernel_anchored,district,-1,98703,42.40453149446601,49.290143130323926,-6.885611635857913
kernel_anchored,district,-1,98801,57.657235779051696,67.90239082778425,-10.24515504873255
kernel_anchored,district,-1,98802,60.0195276548407,72.0634488719578,-12.043921217117102
kernel_anchored,district,-1,ZX01,27.49633329369326,27.89471597891148,-0.39838268521821973
kernel_anchored,district,-1,ZZ01,35.17327737917964,34.88560985515094,0.28766752402869855
kernel_anchored,district,-1,ZZ02,23.58820436956708,22.828359395058257,0.7598449745088232
kernel_anchored,district,-1,ZZ03,42.60804063896809,46.976356188602665,-4.368315549634573
kernel_anchored,district,-1,ZZ04,47.28927669752403,45.93992622074298,1.3493504767810478
kernel_anchored,district,-1,ZZ05,37.23874911256948,36.47036414953854,0.7683849630309396
kernel_anchored,district,-1,ZZ06,39.55404204174127,36.59434352033853,2.9596985214027356
kernel_anchored,district,-1,ZZ07,44.35806885586743,45.32807435944475,-0.970005503577319
kernel_anchored,district,-1,ZZ08,21.8774545674255,23.31545345300993,-1.437998885584431
kernel_anchored,district,-1,ZZ09,27.54914216908127,26.968946290657815,0.5801958784234564
kernel_anchored,district,-1,ZZ10,31.602476834570286,28.14193491721927,3.4605419173510157
kernel_anchored,district,-1,ZZ11,40.28379166308223,35.97816840153318,4.3056232615490515
