model,scope,draw,district_id,predicted_share,actual_share,error
kernel,national_draw,0,"",67.03715186093542,62.969101950749284,4.06804991018614
kernel,national_draw,1,"",70.26369442915404,62.969101950749284,7.294592478404759
kernel,national_draw,2,"",63.7043270407657,62.969101950749284,0.7352250900164137
kernel,national_draw,3,"",73.34226497579922,62.969101950749284,10.37316302504994
kernel,national_draw,4,"",66.50121407229275,62.969101950749284,3.53211212154347
kernel,national_draw,5,"",66.70907661834545,62.969101950749284,3.739974667596165
kernel,national_draw,6,"",61.40687934058284,62.969101950749284,-1.5622226101664438
kernel,national_draw,7,"",77.391276227005,62.969101950749284,14.42217427625571
kernel,national_draw,8,"",63.57180430926935,62.969101950749284,0.6027023585200695
kernel,national_draw,9,"",67.72902291446184,62.969101950749284,4.759920963712553
kernel,national_draw,10,"",67.32587561731086,62.969101950749284,4.356773666561573
kernel,national_draw,11,"",62.809154594210995,62.969101950749284,-0.1599473565382894
kernel,national_draw,12,"",75.98779143684608,62.969101950749284,13.018689486096797
kernel,national_draw,13,"",69.7063358408826,62.969101950749284,6.737233890133318
kernel,national_draw,14,"",62.91818369439037,62.969101950749284,-0.05091825635891212
kernel,national_draw,15,"",73.03247589427164,62.969101950749284,10.063373943522357
kernel,national_draw,16,"",71.64347553489618,62.969101950749284,8.674373584146899
kernel,national_draw,17,"",65.38841968950967,62.969101950749284,2.419317738760391
kernel,national_draw,18,"",66.75559530098751,62.969101950749284,3.7864933502382243
kernel,national_draw,19,"",74.08327922157737,62.969101950749284,11.114177270828087
kernel,national_draw,20,"",60.14949686858147,62.969101950749284,-2.8196050821678114
kernel,national_draw,21,"",77.9921227317641,62.969101950749284,15.023020781014814
kernel,national_draw,22,"",77.29403087489725,62.969101950749284,14.324928924147962
kernel,national_draw,23,"",66.97839469988479,62.969101950749284,4.009292749135504
kernel,national_draw,24,"",70.87251833515423,62.969101950749284,7.903416384404942
kernel,national_draw,25,"",62.396651855153195,62.969101950749284,-0.5724500955960892
kernel,national_draw,26,"",76.26697970580055,62.969101950749284,13.297877755051267
kernel,national_draw,27,"",72.20833832786514,62.969101950749284,9.239236377115851
kernel,national_draw,28,"",68.82045882106335,62.969101950749284,5.851356870314071
kernel,national_draw,29,"",61.333958599088014,62.969101950749284,-1.6351433516612701
kernel,national_draw,30,"",65.26223317514489,62.969101950749284,2.2931312243956015
kernel,national_draw,31,"",78.06238433951191,62.969101950749284,15.093282388762624
kernel,national_draw,32,"",75.73461512813043,62.969101950749284,12.765513177381145
kernel,national_draw,33,"",73.72871882220502,62.969101950749284,10.75961687145574
kernel,national_draw,34,"",67.93852202807238,62.969101950749284,4.9694200773231
kernel,national_draw,35,"",60.469737823031366,62.969101950749284,-2.499364127717918
kernel,national_draw,36,"",63.66334360354495,62.969101950749284,0.6942416527956681
kernel,national_draw,37,"",67.80187440768199,62.969101950749284,4.832772456932709
kernel,national_draw,38,"",70.01930341821718,62.969101950749284,7.050201467467893
kernel,national_draw,39,"",59.13226279655602,62.969101950749284,-3.836839154193264
kernel,national_draw,40,"",67.19638365196889,62.969101950749284,4.227281701219603
kernel,national_draw,41,"",68.87818879937319,62.969101950749284,5.909086848623907
kernel,national_draw,42,"",69.88546496950225,62.969101950749284,6.916363018752968
kernel,national_draw,43,"",74.09299937106408,62.969101950749284,11.123897420314798
kernel,national_draw,44,"",61.237865076615485,62.969101950749284,-1.7312368741337991
kernel,national_draw,45,"",64.3193163514866,62.969101950749284,1.3502144007373218
kernel,national_draw,46,"",69.9124187062765,62.969101950749284,6.9433167555272135
kernel,national_draw,47,"",67.868410458253,62.969101950749284,4.8993085075037115
kernel,national_draw,48,"",71.11811657434602,62.969101950749284,8.149014623596734
kernel,national_draw,49,"",63.94345056627662,62.969101950749284,0.9743486155273331
kernel,national_draw,50,"",67.53572558884635,62.969101950749284,4.566623638097063
kernel,national_draw,51,"",63.70697924968525,62.969101950749284,0.7378772989359632
kernel,national_draw,52,"",59.62243440047463,62.969101950749284,-3.3466675502746526
kernel,national_draw,53,"",66.19463118588202,62.969101950749284,3.2255292351327327
kernel,national_draw,54,"",68.30047121835115,62.969101950749284,5.331369267601865
kernel,national_draw,55,"",61.955621135210514,62.969101950749284,-1.0134808155387702
kernel,national_draw,56,"",66.57086860349935,62.969101950749284,3.601766652750065
kernel,national_draw,57,"",61.79963016343124,62.969101950749284,-1.1694717873180451
kernel,national_draw,58,"",65.54023037377517,62.969101950749284,2.5711284230258897
kernel,national_draw,59,"",67.07239692446252,62.969101950749284,4.10329497371324
kernel,national_draw,60,"",70.59474042272701,62.969101950749284,7.62563847197773
kernel,national_draw,61,"",67.47584198919454,62.969101950749284,4.506740038445251
kernel,national_draw,62,"",64.45804372839267,62.969101950749284,1.488941777643383
kernel,national_draw,63,"",68.9823589789471,62.969101950749284,6.01325702819782
kernel,national_draw,64,"",62.534128146563695,62.969101950749284,-0.4349738041855886
kernel,national_draw,65,"",69.45018647290814,62.969101950749284,6.481084522158859
kernel,national_draw,66,"",66.28227641884578,62.969101950749284,3.3131744680964985
kernel,national_draw,67,"",62.05252486249658,62.969101950749284,-0.9165770882527013
kernel,national_draw,68,"",62.793359062760615,62.969101950749284,-0.17574288798866888
kernel,national_draw,69,"",69.15724088005416,62.969101950749284,6.188138929304877
kernel,national_draw,70,"",63.42785099590215,62.969101950749284,0.45874904515286374
kernel,national_draw,71,"",71.28049454532494,62.969101950749284,8.311392594575658
kernel,national_draw,72,"",72.55185362742891,62.969101950749284,9.582751676679628
kernel,national_draw,73,"",66.02888313220288,62.969101950749284,3.0597811814535945
kernel,national_draw,74,"",66.41354344829493,62.969101950749284,3.4444414975456468
kernel,national_draw,75,"",65.18808904746436,62.969101950749284,2.2189870967150753
kernel,national_draw,76,"",78.49712500783949,62.969101950749284,15.528023057090202
kernel,national_draw,77,"",66.82521059150514,62.969101950749284,3.8561086407558562
kernel,national_draw,78,"",64.54472871861446,62.969101950749284,1.575626767865181
kernel,national_draw,79,"",70.61536025064552,62.969101950749284,7.646258299896239
kernel,national_draw,80,"",66.09072184147597,62.969101950749284,3.1216198907266843
kernel,national_draw,81,"",70.61363596860643,62.969101950749284,7.644534017857147
kernel,national_draw,82,"",67.5149418733445,62.969101950749284,4.5458399225952135
kernel,national_draw,83,"",73.2868778974488,62.969101950749284,10.31777594669952
kernel,national_draw,84,"",70.13562436171846,62.969101950749284,7.166522410969172
kernel,national_draw,85,"",70.26781008494478,62.969101950749284,7.2987081341955005
kernel,national_draw,86,"",66.29747179858244,62.969101950749284,3.3283698478331516
kernel,national_draw,87,"",68.95483048149318,62.969101950749284,5.985728530743891
kernel,national_draw,88,"",69.72187977026839,62.969101950749284,6.752777819519103
kernel,national_draw,89,"",64.43182633160566,62.969101950749284,1.462724380856379
kernel,national_draw,90,"",73.9723988841887,62.969101950749284,11.003296933439422
kernel,national_draw,91,"",64.1687613692683,62.969101950749284,1.199659418519012
kernel,national_draw,92,"",71.89557849535456,62.969101950749284,8.926476544605272
kernel,national_draw,93,"",60.41017969027047,62.969101950749284,-2.558922260478816
kernel,national_draw,94,"",67.53086205168927,62.969101950749284,4.561760100939985
kernel,national_draw,95,"",66.57539744066226,62.969101950749284,3.6062954899129736
kernel,national_draw,96,"",64.41137039127052,62.969101950749284,1.4422684405212394
kernel,national_draw,97,"",69.36412933370995,62.969101950749284,6.39502738296067
kernel,national_draw,98,"",76.19076505470763,62.969101950749284,13.221663103958342
kernel,national_draw,99,"",61.797227248300466,62.969101950749284,-1.171874702448818
kernel,national_draw,100,"",59.236130591997274,62.969101950749284,-3.7329713587520104
kernel,national_draw,101,"",61.11549414218458,62.969101950749284,-1.8536078085647034
kernel,national_draw,102,"",60.077582535345066,62.969101950749284,-2.8915194154042183
kernel,national_draw,103,"",66.56129156711361,62.969101950749284,3.5921896163643297
kernel,national_draw,104,"",70.34188496435064,62.969101950749284,7.372783013601357
kernel,national_draw,105,"",65.6967799483034,62.969101950749284,2.7276779975541174
kernel,national_draw,106,"",66.2930629917623,62.969101950749284,3.323961041013014
kernel,national_draw,107,"",70.70846917248012,62.969101950749284,7.739367221730838
kernel,national_draw,108,"",65.16978442019538,62.969101950749284,2.2006824694461002
kernel,national_draw,109,"",64.04662818724705,62.969101950749284,1.0775262364977678
kernel,national_draw,110,"",71.6256002469301,62.969101950749284,8.656498296180821
kernel,national_draw,111,"",64.72078322383912,62.969101950749284,1.7516812730898366
kernel,national_draw,112,"",65.01354646290316,62.969101950749284,2.0444445121538806
kernel,national_draw,113,"",61.81616895969633,62.969101950749284,-1.1529329910529569
kernel,national_draw,114,"",71.8947567491619,62.969101950749284,8.925654798412616
kernel,national_draw,115,"",65.39645479764627,62.969101950749284,2.427352846896987
kernel,national_draw,116,"",64.1829895814355,62.969101950749284,1.213887630686223
kernel,national_draw,117,"",64.46449766759116,62.969101950749284,1.4953957168418768
kernel,national_draw,118,"",71.81936384426164,62.969101950749284,8.85026189351236
kernel,national_draw,119,"",69.79665174897252,62.969101950749284,6.827549798223238
kernel,national_draw,120,"",70.36203852055309,62.969101950749284,7.392936569803801
kernel,national_draw,121,"",61.63111448704144,62.969101950749284,-1.3379874637078473
kernel,national_draw,122,"",69.1526728022023,62.969101950749284,6.18357085145302
kernel,national_draw,123,"",72.99996382931788,62.969101950749284,10.030861878568594
kernel,national_draw,124,"",64.48402798932163,62.969101950749284,1.514926038572348
kernel,national_draw,125,"",62.435232377243175,62.969101950749284,-0.5338695735061094
kernel,national_draw,126,"",66.44404038845605,62.969101950749284,3.4749384377067614
kernel,national_draw,127,"",72.90487902337958,62.969101950749284,9.935777072630295
kernel,national_draw,128,"",68.37234400262275,62.969101950749284,5.40324205187347
kernel,national_draw,129,"",62.35721496273323,62.969101950749284,-0.6118869880160531
kernel,national_draw,130,"",70.37266120588622,62.969101950749284,7.403559255136933
kernel,national_draw,131,"",81.00373019681122,62.969101950749284,18.034628246061935
kernel,national_draw,132,"",77.35875954549957,62.969101950749284,14.389657594750282
kernel,national_draw,133,"",69.09517826802633,62.969101950749284,6.126076317277047
kernel,national_draw,134,"",62.89355208309313,62.969101950749284,-0.07554986765615723
kernel,national_draw,135,"",64.3708601505933,62.969101950749284,1.4017581998440178
kernel,national_draw,136,"",65.82157226407165,62.969101950749284,2.852470313322364
kernel,national_draw,137,"",58.75377250173634,62.969101950749284,-4.215329449012941
kernel,national_draw,138,"",65.68089208582013,62.969101950749284,2.7117901350708493
kernel,national_draw,139,"",69.09008390328702,62.969101950749284,6.12098195253774
kernel,national_draw,140,"",65.58896961775807,62.969101950749284,2.6198676670087835
kernel,national_draw,141,"",64.69551914496662,62.969101950749284,1.7264171942173405
kernel,national_draw,142,"",68.14523736104151,62.969101950749284,5.1761354102922255
kernel,national_draw,143,"",61.33457260045668,62.969101950749284,-1.6345293502926026
kernel,national_draw,144,"",63.5232681935588,62.969101950749284,0.5541662428095151
kernel,national_draw,145,"",62.50787612563936,62.969101950749284,-0.4612258251099206
kernel,national_draw,146,"",65.02473698408852,62.969101950749284,2.055635033339236
kernel,national_draw,147,"",66.73326734896068,62.969101950749284,3.7641653982113965
kernel,national_draw,148,"",66.45562331653116,62.969101950749284,3.4865213657818757
kernel,national_draw,149,"",71.31971676809346,62.969101950749284,8.350614817344173
kernel,national_draw,150,"",69.06641715128342,62.969101950749284,6.097315200534133
kernel,national_draw,151,"",63.10820557661434,62.969101950749284,0.13910362586505443
kernel,national_draw,152,"",64.2114252312875,62.969101950749284,1.2423232805382227
kernel,national_draw,153,"",67.07367801754377,62.969101950749284,4.104576066794486
kernel,national_draw,154,"",67.29081752412534,62.969101950749284,4.321715573376061
kernel,national_draw,155,"",68.33542313084884,62.969101950749284,5.366321180099554
kernel,national_draw,156,"",69.44298465234331,62.969101950749284,6.473882701594029
kernel,national_draw,157,"",69.17944187691077,62.969101950749284,6.210339926161488
kernel,national_draw,158,"",71.67942231427318,62.969101950749284,8.710320363523898
kernel,national_draw,159,"",68.43295701743433,62.969101950749284,5.463855066685049
kernel,national_draw,160,"",64.99440393151077,62.969101950749284,2.0253019807614905
kernel,national_draw,161,"",66.68816594767337,62.969101950749284,3.719063996924085
kernel,national_draw,162,"",70.53421512239667,62.969101950749284,7.56511317164739
kernel,national_draw,163,"",68.72965817505083,62.969101950749284,5.760556224301546
kernel,national_draw,164,"",69.35597881178225,62.969101950749284,6.386876861032967
kernel,national_draw,165,"",71.08802589072958,62.969101950749284,8.118923939980299
kernel,national_draw,166,"",72.13362636433239,62.969101950749284,9.164524413583102
kernel,national_draw,167,"",62.878691403350686,62.969101950749284,-0.09041054739859788
kernel,national_draw,168,"",65.26340116271085,62.969101950749284,2.2942992119615653
kernel,national_draw,169,"",65.08159905068925,62.969101950749284,2.112497099939965
kernel,national_draw,170,"",62.95310329102656,62.969101950749284,-0.01599865972272596
kernel,national_draw,171,"",72.7183818783359,62.969101950749284,9.74927992758662
kernel,national_draw,172,"",60.38844496512992,62.969101950749284,-2.5806569856193633
kernel,national_draw,173,"",65.75117908460197,62.969101950749284,2.782077133852688
kernel,national_draw,174,"",59.99960436152409,62.969101950749284,-2.969497589225192
kernel,national_draw,175,"",63.08216591706564,62.969101950749284,0.11306396631635351
kernel,national_draw,176,"",69.56110374270997,62.969101950749284,6.592001791960691
kernel,national_draw,177,"",73.11420270802765,62.969101950749284,10.145100757278364
kernel,national_draw,178,"",66.40403796845968,62.969101950749284,3.434936017710392
kernel,national_draw,179,"",68.34884806302996,62.969101950749284,5.379746112280678
kernel,national_draw,180,"",69.73659502863404,62.969101950749284,6.767493077884758
kernel,national_draw,181,"",69.9245648536522,62.969101950749284,6.955462902902916
kernel,national_draw,182,"",75.20437185594079,62.969101950749284,12.235269905191508
kernel,national_draw,183,"",64.09140412164346,62.969101950749284,1.12230217089418
kernel,national_draw,184,"",70.03118411387334,62.969101950749284,7.062082163124053
kernel,national_draw,185,"",62.18802988635505,62.969101950749284,-0.7810720643942375
kernel,national_draw,186,"",68.35606834980138,62.969101950749284,5.386966399052092
kernel,national_draw,187,"",69.60531876608161,62.969101950749284,6.636216815332325
kernel,national_draw,188,"",65.83212570113012,62.969101950749284,2.8630237503808402
kernel,national_draw,189,"",63.54409576630129,62.969101950749284,0.5749938155520056
kernel,national_draw,190,"",68.75339879188076,62.969101950749284,5.7842968411314715
kernel,national_draw,191,"",63.187307880760656,62.969101950749284,0.21820593001137212
kernel,national_draw,192,"",71.44409821076539,62.969101950749284,8.474996260016106
kernel,national_draw,193,"",67.63858466775335,62.969101950749284,4.669482717004065
kernel,national_draw,194,"",63.098051471273074,62.969101950749284,0.12894952052378983
kernel,national_draw,195,"",63.86451214971366,62.969101950749284,0.8954101989643775
kernel,national_draw,196,"",69.51328088422845,62.969101950749284,6.5441789334791665
kernel,national_draw,197,"",66.02726964740326,62.969101950749284,3.0581676966539746
kernel,national_draw,198,"",69.27329868011172,62.969101950749284,6.304196729362438
kernel,national_draw,199,"",63.72608254038865,62.969101950749284,0.7569805896393689
kernel,national_draw,200,"",65.67207216390402,62.969101950749284,2.7029702131547353
kernel,national_draw,201,"",65.01979958210514,62.969101950749284,2.0506976313558525
kernel,national_draw,202,"",65.6587210965492,62.969101950749284,2.6896191457999166
kernel,national_draw,203,"",70.53219999760401,62.969101950749284,7.563098046854726
kernel,national_draw,204,"",66.7238542001583,62.969101950749284,3.754752249409016
kernel,national_draw,205,"",63.39761027435728,62.969101950749284,0.42850832360799274
kernel,national_draw,206,"",62.52217589435705,62.969101950749284,-0.44692605639223615
kernel,national_draw,207,"",63.323948576323566,62.969101950749284,0.35484662557428237
kernel,national_draw,208,"",63.10058826640152,62.969101950749284,0.13148631565223923
kernel,national_draw,209,"",67.36619427109486,62.969101950749284,4.397092320345571
kernel,national_draw,210,"",72.26817807027633,62.969101950749284,9.29907611952705
kernel,national_draw,211,"",65.55141858668473,62.969101950749284,2.582316635935449
kernel,national_draw,212,"",72.0279534971983,62.969101950749284,9.058851546449013
kernel,national_draw,213,"",65.60480438989742,62.969101950749284,2.6357024391481403
kernel,national_draw,214,"",81.06542579298335,62.969101950749284,18.096323842234064
kernel,national_draw,215,"",68.50351177621155,62.969101950749284,5.534409825462269
kernel,national_draw,216,"",77.64461411502816,62.969101950749284,14.675512164278878
kernel,national_draw,217,"",62.78784690009752,62.969101950749284,-0.18125505065176384
kernel,national_draw,218,"",63.98052840080643,62.969101950749284,1.0114264500571437
kernel,national_draw,219,"",70.41566900100293,62.969101950749284,7.446567050253641
kernel,national_draw,220,"",66.93289396688026,62.969101950749284,3.9637920161309736
kernel,national_draw,221,"",74.97718673298158,62.969101950749284,12.008084782232295
kernel,national_draw,222,"",73.01538080353343,62.969101950749284,10.046278852784148
kernel,national_draw,223,"",67.31134732928679,62.969101950749284,4.3422453785375055
kernel,national_draw,224,"",65.83907130307871,62.969101950749284,2.869969352329427
kernel,national_draw,225,"",73.450121471861,62.969101950749284,10.481019521111712
kernel,national_draw,226,"",76.44818859093587,62.969101950749284,13.479086640186587
kernel,national_draw,227,"",70.308424198034,62.969101950749284,7.33932224728472
kernel,national_draw,228,"",63.85394486300026,62.969101950749284,0.8848429122509742
kernel,national_draw,229,"",62.50088204989851,62.969101950749284,-0.4682199008507766
kernel,national_draw,230,"",63.76590029831925,62.969101950749284,0.7967983475699683
kernel,national_draw,231,"",65.78165525028069,62.969101950749284,2.812553299531409
kernel,national_draw,232,"",68.39756191597881,62.969101950749284,5.4284599652295284
kernel,national_draw,233,"",71.47379417921624,62.969101950749284,8.504692228466958
kernel,national_draw,234,"",69.62898551808524,62.969101950749284,6.65988356733596
kernel,national_draw,235,"",63.105331773215866,62.969101950749284,0.1362298224665821
kernel,national_draw,236,"",73.39519604867498,62.969101950749284,10.426094097925692
kernel,national_draw,237,"",67.3268427848803,62.969101950749284,4.357740834131015
kernel,national_draw,238,"",64.02470880004074,62.969101950749284,1.0556068492914576
kernel,national_draw,239,"",61.38360961202062,62.969101950749284,-1.5854923387286632
kernel,national_draw,240,"",70.46711123597345,62.969101950749284,7.498009285224164
kernel,national_draw,241,"",63.341426840848236,62.969101950749284,0.37232489009895176
kernel,national_draw,242,"",61.03468371392993,62.969101950749284,-1.9344182368193543
kernel,national_draw,243,"",76.2243435430912,62.969101950749284,13.25524159234191
kernel,national_draw,244,"",77.2321667745901,62.969101950749284,14.263064823840814
kernel,national_draw,245,"",66.57163033452063,62.969101950749284,3.60252838377135
kernel,national_draw,246,"",71.69868025945667,62.969101950749284,8.729578308707381
kernel,national_draw,247,"",71.50751116414912,62.969101950749284,8.538409213399838
kernel,national_draw,248,"",63.23581398888551,62.969101950749284,0.2667120381362267
kernel,national_draw,249,"",64.93458958013363,62.969101950749284,1.9654876293843486
kernel,national_draw,250,"",69.08634911300693,62.969101950749284,6.117247162257648
kernel,national_draw,251,"",72.62453430823824,62.969101950749284,9.655432357488955
kernel,national_draw,252,"",61.802083860630084,62.969101950749284,-1.1670180901191998
kernel,national_draw,253,"",68.09964198872828,62.969101950749284,5.130540037978996
kernel,national_draw,254,"",64.65605916978843,62.969101950749284,1.6869572190391509
kernel,national_draw,255,"",65.70837441775762,62.969101950749284,2.739272467008341
kernel,national_draw,256,"",65.29611866421278,62.969101950749284,2.3270167134635003
kernel,national_draw,257,"",68.10492101553334,62.969101950749284,5.135819064784052
kernel,national_draw,258,"",62.02104921338692,62.969101950749284,-0.9480527373623673
kernel,national_draw,259,"",68.82887941126225,62.969101950749284,5.859777460512966
kernel,national_draw,260,"",76.13574499221292,62.969101950749284,13.166643041463637
kernel,national_draw,261,"",62.56315471502615,62.969101950749284,-0.40594723572313285
kernel,national_draw,262,"",63.73522562091984,62.969101950749284,0.7661236701705576
kernel,national_draw,263,"",65.21535670975041,62.969101950749284,2.2462547590011255
kernel,national_draw,264,"",63.87063138891796,62.969101950749284,0.9015294381686729
kernel,national_draw,265,"",61.97286164732551,62.969101950749284,-0.9962403034237752
kernel,national_draw,266,"",60.586511188593775,62.969101950749284,-2.382590762155509
kernel,national_draw,267,"",78.09336370931985,62.969101950749284,15.124261758570562
kernel,national_draw,268,"",70.61387602929193,62.969101950749284,7.644774078542646
kernel,national_draw,269,"",65.85768293103203,62.969101950749284,2.8885809802827467
kernel,national_draw,270,"",68.75081352296004,62.969101950749284,5.78171157221076
kernel,national_draw,271,"",59.816174915047945,62.969101950749284,-3.152927035701339
kernel,national_draw,272,"",67.81683203500897,62.969101950749284,4.8477300842596875
kernel,national_draw,273,"",70.22928726975036,62.969101950749284,7.260185319001074
kernel,national_draw,274,"",69.91674903171868,62.969101950749284,6.947647080969396
kernel,national_draw,275,"",64.80608094029185,62.969101950749284,1.8369789895425654
kernel,national_draw,276,"",70.85893874849302,62.969101950749284,7.889836797743733
kernel,national_draw,277,"",65.09537714907115,62.969101950749284,2.1262751983218706
kernel,national_draw,278,"",68.48245799243851,62.969101950749284,5.513356041689228
kernel,national_draw,279,"",64.39838864804723,62.969101950749284,1.4292866972979468
kernel,national_draw,280,"",75.67555327467127,62.969101950749284,12.70645132392199
kernel,national_draw,281,"",75.11957041878979,62.969101950749284,12.150468468040508
kernel,national_draw,282,"",63.725440839710124,62.969101950749284,0.7563388889608404
kernel,national_draw,283,"",64.17433354710276,62.969101950749284,1.205231596353478
kernel,national_draw,284,"",66.22969158734334,62.969101950749284,3.260589636594055
kernel,national_draw,285,"",65.29392118563018,62.969101950749284,2.3248192348808985
kernel,national_draw,286,"",72.39753846389645,62.969101950749284,9.428436513147169
kernel,national_draw,287,"",61.66489379542153,62.969101950749284,-1.304208155327757
kernel,national_draw,288,"",66.13054652423405,62.969101950749284,3.161444573484765
kernel,national_draw,289,"",73.48029986995867,62.969101950749284,10.511197919209387
kernel,national_draw,290,"",74.64312382290917,62.969101950749284,11.67402187215989
kernel,national_draw,291,"",64.79116255365385,62.969101950749284,1.822060602904564
kernel,national_draw,292,"",66.31078362524828,62.969101950749284,3.341681674498993
kernel,national_draw,293,"",61.426042646457624,62.969101950749284,-1.5430593042916598
kernel,national_draw,294,"",63.41526627612025,62.969101950749284,0.4461643253709653
kernel,national_draw,295,"",57.35656853008927,62.969101950749284,-5.612533420660014
kernel,national_draw,296,"",71.75383189367325,62.969101950749284,8.784729942923967
kernel,national_draw,297,"",63.31365597443298,62.969101950749284,0.34455402368369903
kernel,national_draw,298,"",65.36552390163061,62.969101950749284,2.396421950881326
kernel,national_draw,299,"",60.66587894445963,62.969101950749284,-2.303223006289656
kernel,national_draw,300,"",62.945506755296144,62.969101950749284,-0.02359519545314015
kernel,national_draw,301,"",65.47336423976162,62.969101950749284,2.5042622890123383
kernel,national_draw,302,"",69.46028287135385,62.969101950749284,6.49118092060457
kernel,national_draw,303,"",60.56467259104122,62.969101950749284,-2.404429359708061
kernel,national_draw,304,"",68.23855633597591,62.969101950749284,5.269454385226631
kernel,national_draw,305,"",72.51745108457686,62.969101950749284,9.548349133827578
kernel,national_draw,306,"",73.2772223796851,62.969101950749284,10.308120428935815
kernel,national_draw,307,"",70.75938973711486,62.969101950749284,7.790287786365575
kernel,national_draw,308,"",69.62699116777497,62.969101950749284,6.657889217025691
kernel,national_draw,309,"",67.06607917353755,62.969101950749284,4.0969772227882615
kernel,national_draw,310,"",65.75346658594164,62.969101950749284,2.784364635192354
kernel,national_draw,311,"",65.19567173353984,62.969101950749284,2.2265697827905555
kernel,national_draw,312,"",62.286369361202446,62.969101950749284,-0.6827325895468377
kernel,national_draw,313,"",70.63582080753228,62.969101950749284,7.666718856783
kernel,national_draw,314,"",65.98066555855577,62.969101950749284,3.0115636078064867
kernel,national_draw,315,"",66.55594790858554,62.969101950749284,3.5868459578362533
kernel,national_draw,316,"",73.92667886498107,62.969101950749284,10.957576914231787
kernel,national_draw,317,"",65.3569648148824,62.969101950749284,2.387862864133119
kernel,national_draw,318,"",59.41440796683857,62.969101950749284,-3.554693983910717
kernel,national_draw,319,"",58.46048990061233,62.969101950749284,-4.5086120501369535
kernel,national_draw,320,"",64.4748502846531,62.969101950749284,1.5057483339038171
kernel,national_draw,321,"",63.000688397098415,62.969101950749284,0.03158644634913088
kernel,national_draw,322,"",67.39056735550002,62.969101950749284,4.421465404750741
kernel,national_draw,323,"",68.68078505107026,62.969101950749284,5.711683100320975
kernel,national_draw,324,"",65.4644796861225,62.969101950749284,2.495377735373218
kernel,national_draw,325,"",73.29419051525309,62.969101950749284,10.325088564503808
kernel,national_draw,326,"",70.26048130920974,62.969101950749284,7.291379358460453
kernel,national_draw,327,"",58.36586674983846,62.969101950749284,-4.603235200910824
kernel,national_draw,328,"",60.79085361401783,62.969101950749284,-2.178248336731457
kernel,national_draw,329,"",66.0975358717027,62.969101950749284,3.1284339209534195
kernel,national_draw,330,"",66.01486497313547,62.969101950749284,3.04576302238619
kernel,national_draw,331,"",68.55735461803701,62.969101950749284,5.588252667287726
kernel,national_draw,332,"",69.31337727321024,62.969101950749284,6.344275322460952
kernel,national_draw,333,"",63.91287745301337,62.969101950749284,0.9437755022640886
kernel,national_draw,334,"",63.24310121565577,62.969101950749284,0.27399926490648596
kernel,national_draw,335,"",68.9583275193636,62.969101950749284,5.989225568614323
kernel,national_draw,336,"",68.29266001296928,62.969101950749284,5.323558062219995
kernel,national_draw,337,"",62.075494515201946,62.969101950749284,-0.893607435547338
kernel,national_draw,338,"",72.30087018074423,62.969101950749284,9.331768229994942
kernel,national_draw,339,"",62.69048382592286,62.969101950749284,-0.2786181248264228
kernel,national_draw,340,"",59.607952277967,62.969101950749284,-3.3611496727822825
kernel,national_draw,341,"",71.750332547527,62.969101950749284,8.78123059677771
kernel,national_draw,342,"",71.40969566791334,62.969101950749284,8.440593717164056
kernel,national_draw,343,"",69.5905665753028,62.969101950749284,6.621464624553518
kernel,national_draw,344,"",68.552749607772,62.969101950749284,5.583647657022716
kernel,national_draw,345,"",61.80812923500808,62.969101950749284,-1.1609727157412024
kernel,national_draw,346,"",64.8650158385808,62.969101950749284,1.8959138878315187
kernel,national_draw,347,"",64.82215115656507,62.969101950749284,1.8530492058157861
kernel,national_draw,348,"",66.10343582470391,62.969101950749284,3.134333873954624
kernel,national_draw,349,"",69.00021580070661,62.969101950749284,6.031113849957329
kernel,national_draw,350,"",59.78963435964585,62.969101950749284,-3.179467591103432
kernel,national_draw,351,"",72.31468290326346,62.969101950749284,9.345580952514176
kernel,national_draw,352,"",74.16997344490245,62.969101950749284,11.20087149415317
kernel,national_draw,353,"",71.92904849477449,62.969101950749284,8.959946544025208
kernel,national_draw,354,"",67.44259820080518,62.969101950749284,4.473496250055895
kernel,national_draw,355,"",61.42856097537949,62.969101950749284,-1.5405409753697938
kernel,national_draw,356,"",67.51029300583885,62.969101950749284,4.541191055089563
kernel,national_draw,357,"",70.34912140905281,62.969101950749284,7.380019458303529
kernel,national_draw,358,"",69.17907486105507,62.969101950749284,6.209972910305787
kernel,national_draw,359,"",64.89763408422237,62.969101950749284,1.928532133473091
kernel,national_draw,360,"",63.85695023812058,62.969101950749284,0.8878482873712983
kernel,national_draw,361,"",71.05488135820057,62.969101950749284,8.085779407451291
kernel,national_draw,362,"",71.2203870429184,62.969101950749284,8.25128509216912
kernel,national_draw,363,"",81.03427330248877,62.969101950749284,18.065171351739487
kernel,national_draw,364,"",63.3304486810385,62.969101950749284,0.36134673028921327
kernel,national_draw,365,"",78.60292944669544,62.969101950749284,15.633827495946157
kernel,national_draw,366,"",67.30271668598809,62.969101950749284,4.333614735238804
kernel,national_draw,367,"",72.33841659526593,62.969101950749284,9.369314644516642
kernel,national_draw,368,"",69.1086193581382,62.969101950749284,6.139517407388915
kernel,national_draw,369,"",66.81843118541573,62.969101950749284,3.849329234666449
kernel,national_draw,370,"",58.940080368162604,62.969101950749284,-4.0290215825866795
kernel,national_draw,371,"",65.92008255132988,62.969101950749284,2.9509806005806
kernel,national_draw,372,"",67.13079399448493,62.969101950749284,4.161692043735648
kernel,national_draw,373,"",62.311476477319026,62.969101950749284,-0.657625473430258
kernel,national_draw,374,"",67.23906828847049,62.969101950749284,4.269966337721208
kernel,national_draw,375,"",71.66600892347117,62.969101950749284,8.696906972721884
kernel,national_draw,376,"",64.34737575237962,62.969101950749284,1.3782738016303355
kernel,national_draw,377,"",64.25976283527736,62.969101950749284,1.290660884528073
kernel,national_draw,378,"",62.52219666883945,62.969101950749284,-0.44690528190983514
kernel,national_draw,379,"",60.072104996819306,62.969101950749284,-2.8969969539299782
kernel,national_draw,380,"",73.44765623328303,62.969101950749284,10.478554282533743
kernel,national_draw,381,"",65.61976894205188,62.969101950749284,2.650666991302593
kernel,national_draw,382,"",70.7700862872743,62.969101950749284,7.800984336525012
kernel,national_draw,383,"",63.51266397443225,62.969101950749284,0.5435620236829664
kernel,national_draw,384,"",70.82638513457444,62.969101950749284,7.857283183825153
kernel,national_draw,385,"",67.57287036337502,62.969101950749284,4.603768412625733
kernel,national_draw,386,"",68.1649038710455,62.969101950749284,5.195801920296212
kernel,national_draw,387,"",60.602539855902194,62.969101950749284,-2.3665620948470902
kernel,national_draw,388,"",60.56740558961455,62.969101950749284,-2.401696361134732
kernel,national_draw,389,"",65.96665894086749,62.969101950749284,2.9975569901182055
kernel,national_draw,390,"",73.04111577067363,62.969101950749284,10.072013819924344
kernel,national_draw,391,"",75.68426701589956,62.969101950749284,12.71516506515028
kernel,national_draw,392,"",69.92315911367656,62.969101950749284,6.954057162927278
kernel,national_draw,393,"",59.60203616703505,62.969101950749284,-3.3670657837142315
kernel,national_draw,394,"",70.82622355526689,62.969101950749284,7.857121604517609
kernel,national_draw,395,"",58.7763335896212,62.969101950749284,-4.192768361128081
kernel,national_draw,396,"",64.53382904018268,62.969101950749284,1.5647270894333971
kernel,national_draw,397,"",68.5895319829966,62.969101950749284,5.62043003224732
kernel,national_draw,398,"",63.702895909756016,62.969101950749284,0.7337939590067322
kernel,national_draw,399,"",69.07261487186564,62.969101950749284,6.103512921116355
kernel,national_draw,400,"",66.41777682615259,62.969101950749284,3.448674875403306
kernel,national_draw,401,"",65.26727675781609,62.969101950749284,2.2981748070668075
kernel,national_draw,402,"",75.12394229319678,62.969101950749284,12.154840342447493
kernel,national_draw,403,"",60.8015109234883,62.969101950749284,-2.1675910272609826
kernel,national_draw,404,"",62.62985003662887,62.969101950749284,-0.33925191412041045
kernel,national_draw,405,"",75.35544620021906,62.969101950749284,12.38634424946978
kernel,national_draw,406,"",73.86017513027159,62.969101950749284,10.891073179522301
kernel,national_draw,407,"",61.74127695064946,62.969101950749284,-1.227825000099827
kernel,national_draw,408,"",66.46995078455872,62.969101950749284,3.5008488338094352
kernel,national_draw,409,"",65.7827447564687,62.969101950749284,2.813642805719418
kernel,national_draw,410,"",62.86866886973128,62.969101950749284,-0.10043308101800363
kernel,national_draw,411,"",68.59654914149567,62.969101950749284,5.627447190746388
kernel,national_draw,412,"",65.09220096153999,62.969101950749284,2.1230990107907033
kernel,national_draw,413,"",70.08686434325317,62.969101950749284,7.117762392503884
kernel,national_draw,414,"",66.74307982948028,62.969101950749284,3.773977878730996
kernel,national_draw,415,"",65.56536518920164,62.969101950749284,2.5962632384523587
kernel,national_draw,416,"",74.37937330265265,62.969101950749284,11.410271351903368
kernel,national_draw,417,"",64.75866664663084,62.969101950749284,1.789564695881559
kernel,national_draw,418,"",63.43847829778693,62.969101950749284,0.4693763470376453
kernel,national_draw,419,"",66.69633955235929,62.969101950749284,3.727237601610007
kernel,national_draw,420,"",65.1315686056853,62.969101950749284,2.1624666549360185
kernel,national_draw,421,"",63.8626539876769,62.969101950749284,0.8935520369276162
kernel,national_draw,422,"",66.12930928839343,62.969101950749284,3.1602073376441453
kernel,national_draw,423,"",65.30766465987476,62.969101950749284,2.338562709125476
kernel,national_draw,424,"",69.27479213456861,62.969101950749284,6.30569018381933
kernel,national_draw,425,"",63.1041637856499,62.969101950749284,0.1350618349006183
kernel,national_draw,426,"",62.63357097725404,62.969101950749284,-0.33553097349524563
kernel,national_draw,427,"",59.89689070399389,62.969101950749284,-3.072211246755394
kernel,national_draw,428,"",63.782113627693434,62.969101950749284,0.81301167694415
kernel,national_draw,429,"",65.99701045965182,62.969101950749284,3.0279085089025344
kernel,national_draw,430,"",65.98708718189276,62.969101950749284,3.017985231143477
kernel,national_draw,431,"",63.508672965535894,62.969101950749284,0.5395710147866097
kernel,national_draw,432,"",66.04023292441997,62.969101950749284,3.0711309736706838
kernel,national_draw,433,"",64.7276549609614,62.969101950749284,1.7585530102121183
kernel,national_draw,434,"",62.52391633432689,62.969101950749284,-0.4451856164223926
kernel,national_draw,435,"",66.05004309666373,62.969101950749284,3.0809411459144442
kernel,national_draw,436,"",63.983455294548804,62.969101950749284,1.0143533437995202
kernel,national_draw,437,"",71.52421153972178,62.969101950749284,8.555109588972492
kernel,national_draw,438,"",74.24694521046501,62.969101950749284,11.27784325971573
kernel,national_draw,439,"",65.93857876549208,62.969101950749284,2.969476814742798
kernel,national_draw,440,"",62.23655446068648,62.969101950749284,-0.7325474900628066
kernel,national_draw,441,"",60.309905880284184,62.969101950749284,-2.6591960704651
kernel,national_draw,442,"",68.04915999649972,62.969101950749284,5.080058045750441
kernel,national_draw,443,"",64.75225656467296,62.969101950749284,1.7831546139236778
kernel,national_draw,444,"",63.136306526472154,62.969101950749284,0.16720457572287017
kernel,national_draw,445,"",59.73015701653873,62.969101950749284,-3.2389449342105507
kernel,national_draw,446,"",81.1944561031609,62.969101950749284,18.22535415241162
kernel,national_draw,447,"",81.2269681681147,62.969101950749284,18.25786621736541
kernel,national_draw,448,"",65.50004559998887,62.969101950749284,2.530943649239582
kernel,national_draw,449,"",69.84469620193295,62.969101950749284,6.875594251183664
kernel,national_draw,450,"",67.05806022333168,62.969101950749284,4.088958272582396
kernel,national_draw,451,"",71.88598068448641,62.969101950749284,8.916878733737128
kernel,national_draw,452,"",67.81400208885113,62.969101950749284,4.844900138101842
kernel,national_draw,453,"",70.21901544234217,62.969101950749284,7.249913491592885
kernel,national_draw,454,"",66.49683758133412,62.969101950749284,3.5277356305848357
kernel,national_draw,455,"",65.5012205123823,62.969101950749284,2.5321185616330197
kernel,national_draw,456,"",63.615998558158594,62.969101950749284,0.6468966074093103
kernel,national_draw,457,"",74.11768407270523,62.969101950749284,11.148582121955947
kernel,national_draw,458,"",66.70510638393151,62.969101950749284,3.7360044331822237
kernel,national_draw,459,"",75.00747592831871,62.969101950749284,12.038373977569428
kernel,national_draw,460,"",66.35876575476154,62.969101950749284,3.389663804012251
kernel,national_draw,461,"",62.69302523760295,62.969101950749284,-0.2760767131463311
kernel,national_draw,462,"",71.66703148966035,62.969101950749284,8.697929538911062
kernel,national_draw,463,"",64.14551472346429,62.969101950749284,1.176412772715004
kernel,national_draw,464,"",66.58985648041165,62.969101950749284,3.6207545296623707
kernel,national_draw,465,"",64.24791907203435,62.969101950749284,1.2788171212850656
kernel,national_draw,466,"",64.42731365237351,62.969101950749284,1.4582117016242293
kernel,national_draw,467,"",60.53440878673815,62.969101950749284,-2.4346931640111364
kernel,national_draw,468,"",65.83279510111852,62.969101950749284,2.8636931503692367
kernel,national_draw,469,"",77.13021023152953,62.969101950749284,14.161108280780248
kernel,national_draw,470,"",68.43967640835237,62.969101950749284,5.470574457603085
kernel,national_draw,471,"",67.24258610082332,62.969101950749284,4.273484150074033
kernel,national_draw,472,"",73.01247237599765,62.969101950749284,10.043370425248362
kernel,national_draw,473,"",66.84032979813966,62.969101950749284,3.8712278473903794
kernel,national_draw,474,"",66.01829276273125,62.969101950749284,3.0491908119819655
kernel,national_draw,475,"",72.2699115854187,62.969101950749284,9.300809634669413
kernel,national_draw,476,"",63.59980138671517,62.969101950749284,0.6306994359658873
kernel,national_draw,477,"",64.06481047589746,62.969101950749284,1.0957085251481757
kernel,national_draw,478,"",68.43939018215043,62.969101950749284,5.470288231401149
kernel,national_draw,479,"",59.38328317565386,62.969101950749284,-3.585818775095426
kernel,national_draw,480,"",57.05928107041398,62.969101950749284,-5.909820880335303
kernel,national_draw,481,"",74.3633100112069,62.969101950749284,11.394208060457622
kernel,national_draw,482,"",63.494359347163275,62.969101950749284,0.5252573964139913
kernel,national_draw,483,"",67.45076026411199,62.969101950749284,4.481658313362708
kernel,national_draw,484,"",69.35185161461239,62.969101950749284,6.382749663863102
kernel,national_draw,485,"",65.12425367960518,62.969101950749284,2.1551517288558912
kernel,national_draw,486,"",65.93952746685495,62.969101950749284,2.9704255161056707
kernel,national_draw,487,"",62.45382784726573,62.969101950749284,-0.5152741034835557
kernel,national_draw,488,"",66.02729042188565,62.969101950749284,3.0581884711363685
kernel,national_draw,489,"",66.05231674834847,62.969101950749284,3.08321479759919
kernel,national_draw,490,"",70.29948655405097,62.969101950749284,7.330384603301688
kernel,national_draw,491,"",74.42763242526455,62.969101950749284,11.458530474515264
kernel,national_draw,492,"",68.02470150588914,62.969101950749284,5.055599555139857
kernel,national_draw,493,"",67.00623481457471,62.969101950749284,4.037132863825427
kernel,national_draw,494,"",63.862132317341114,62.969101950749284,0.8930303665918302
kernel,national_draw,495,"",80.80189917548157,62.969101950749284,17.832797224732282
kernel,national_draw,496,"",66.79403501825234,62.969101950749284,3.8249330675030606
kernel,national_draw,497,"",67.50935353757927,62.969101950749284,4.540251586829989
kernel,national_draw,498,"",79.13362514094621,62.969101950749284,16.164523190196924
kernel,national_draw,499,"",65.5853317750625,62.969101950749284,2.6162298243132156
kernel,national_draw,500,"",70.18672728014313,62.969101950749284,7.217625329393847
kernel,national_draw,501,"",61.067493546464746,62.969101950749284,-1.9016084042845378
kernel,national_draw,502,"",61.58327085407752,62.969101950749284,-1.3858310966717653
kernel,national_draw,503,"",78.27850127990432,62.969101950749284,15.309399329155035
kernel,national_draw,504,"",64.10812757997432,62.969101950749284,1.1390256292250385
kernel,national_draw,505,"",70.96022127501355,62.969101950749284,7.991119324264268
kernel,national_draw,506,"",64.13058479544718,62.969101950749284,1.1614828446978933
kernel,national_draw,507,"",78.8384174377866,62.969101950749284,15.86931548703732
kernel,national_draw,508,"",67.2548776695758,62.969101950749284,4.285775718826521
kernel,national_draw,509,"",67.89328213023573,62.969101950749284,4.924180179486449
kernel,national_draw,510,"",72.51707483561786,62.969101950749284,9.547972884868578
kernel,national_draw,511,"",69.78370924643819,62.969101950749284,6.8146072956889086
kernel,national_draw,512,"",62.21634319758847,62.969101950749284,-0.752758753160812
kernel,national_draw,513,"",60.61356418122836,62.969101950749284,-2.3555377695209216
kernel,national_draw,514,"",69.9460525932798,62.969101950749284,6.976950642530518
kernel,national_draw,515,"",68.06349438935474,62.969101950749284,5.09439243860546
kernel,national_draw,516,"",64.43239647573371,62.969101950749284,1.463294524984427
kernel,national_draw,517,"",62.808187426641545,62.969101950749284,-0.16091452410773854
kernel,national_draw,518,"",65.76238345544228,62.969101950749284,2.7932815046929917
kernel,national_draw,519,"",64.32011963147268,62.969101950749284,1.3510176807233947
kernel,national_draw,520,"",65.57666419935065,62.969101950749284,2.6075622486013614
kernel,national_draw,521,"",71.86176687111296,62.969101950749284,8.892664920363679
kernel,national_draw,522,"",61.72642319573447,62.969101950749284,-1.2426787550148148
kernel,national_draw,523,"",61.69398730388282,62.969101950749284,-1.275114646866463
kernel,national_draw,524,"",74.29834820474656,62.969101950749284,11.329246253997276
kernel,national_draw,525,"",62.209644581152844,62.969101950749284,-0.75945736959644
kernel,national_draw,526,"",60.61566702050227,62.969101950749284,-2.353434930247012
kernel,national_draw,527,"",56.33720391948005,62.969101950749284,-6.6318980312692375
kernel,national_draw,528,"",64.18503702208966,62.969101950749284,1.2159350713403754
kernel,national_draw,529,"",63.22240290635932,62.969101950749284,0.25330095561003674
kernel,national_draw,530,"",71.6708147537327,62.969101950749284,8.701712802983415
kernel,national_draw,531,"",67.23617601886545,62.969101950749284,4.267074068116166
kernel,national_draw,532,"",71.04323149012662,62.969101950749284,8.074129539377331
kernel,national_draw,533,"",64.58052776833885,62.969101950749284,1.61142581758957
kernel,national_draw,534,"",67.44282441183574,62.969101950749284,4.47372246108646
kernel,national_draw,535,"",66.90848395006192,62.969101950749284,3.939381999312637
kernel,national_draw,536,"",71.6851676127943,62.969101950749284,8.716065662045018
kernel,national_draw,537,"",62.72562732531378,62.969101950749284,-0.24347462543550336
kernel,national_draw,538,"",65.15938794589282,62.969101950749284,2.190285995143533
kernel,national_draw,539,"",64.93578295873364,62.969101950749284,1.9666810079843557
kernel,national_draw,540,"",74.5162886830384,62.969101950749284,11.547186732289113
kernel,national_draw,541,"",75.50237026456927,62.969101950749284,12.533268313819981
kernel,national_draw,542,"",67.46584023005754,62.969101950749284,4.4967382793082535
kernel,national_draw,543,"",82.45064058001063,62.969101950749284,19.481538629261344
kernel,national_draw,544,"",63.894829044360655,62.969101950749284,0.9257270936113713
kernel,national_draw,545,"",66.51543074308086,62.969101950749284,3.546328792331572
kernel,national_draw,546,"",70.74876936005754,62.969101950749284,7.779667409308253
kernel,national_draw,547,"",66.98338750048791,62.969101950749284,4.014285549738624
kernel,national_draw,548,"",67.98927178029628,62.969101950749284,5.020169829546994
kernel,national_draw,549,"",70.42491826222194,62.969101950749284,7.455816311472653
kernel,national_draw,550,"",74.76796461246968,62.969101950749284,11.798862661720399
kernel,national_draw,551,"",63.06311110015449,62.969101950749284,0.09400914940520266
kernel,national_draw,552,"",64.93958238073677,62.969101950749284,1.9704804299874823
kernel,national_draw,553,"",65.56496585748441,62.969101950749284,2.5958639067351257
kernel,national_draw,554,"",65.78897710118828,62.969101950749284,2.819875150438996
kernel,national_draw,555,"",67.59328475474535,62.969101950749284,4.624182803996071
kernel,national_draw,556,"",70.00904774873975,62.969101950749284,7.0399457979904625
kernel,national_draw,557,"",66.9919235044779,62.969101950749284,4.022821553728612
kernel,national_draw,558,"",69.66269557819066,62.969101950749284,6.6935936274413805
kernel,national_draw,559,"",76.48187326000726,62.969101950749284,13.512771309257978
kernel,national_draw,560,"",69.18202022100402,62.969101950749284,6.21291827025474
kernel,national_draw,561,"",78.50826705523258,62.969101950749284,15.539165104483295
kernel,national_draw,562,"",67.65126171856814,62.969101950749284,4.6821597678188525
kernel,national_draw,563,"",66.51974029404064,62.969101950749284,3.550638343291361
kernel,national_draw,564,"",69.81602279967127,62.969101950749284,6.8469208489219895
kernel,national_draw,565,"",63.14051220501995,62.969101950749284,0.17141025427066836
kernel,national_draw,566,"",76.29903242386573,62.969101950749284,13.329930473116441
kernel,national_draw,567,"",67.03211289481587,62.969101950749284,4.063010944066583
kernel,national_draw,568,"",66.01610682552776,62.969101950749284,3.047004874778473
kernel,national_draw,569,"",71.1456589214549,62.969101950749284,8.176556970705612
kernel,national_draw,570,"",71.83079211785669,62.969101950749284,8.861690167107405
kernel,national_draw,571,"",63.65351034854295,62.969101950749284,0.6844083977936677
kernel,national_draw,572,"",65.44378137682605,62.969101950749284,2.4746794260767686
kernel,national_draw,573,"",71.01525287888738,62.969101950749284,8.046150928138097
kernel,national_draw,574,"",71.28234578253424,62.969101950749284,8.313243831784952
kernel,national_draw,575,"",75.17769742054101,62.969101950749284,12.208595469791724
kernel,national_draw,576,"",66.64938922213851,62.969101950749284,3.6802872713892256
kernel,national_draw,577,"",62.11914170272136,62.969101950749284,-0.8499602480279265
kernel,national_draw,578,"",68.94283206377008,62.969101950749284,5.9737301130208
kernel,national_draw,579,"",70.32494221981669,62.969101950749284,7.355840269067407
kernel,national_draw,580,"",63.5149399343928,62.969101950749284,0.5458379836435157
kernel,national_draw,581,"",62.868978178691435,62.969101950749284,-0.10012377205784873
kernel,national_draw,582,"",66.99553826441526,62.969101950749284,4.026436313665975
kernel,national_draw,583,"",62.489945439053564,62.969101950749284,-0.47915651169572016
kernel,national_draw,584,"",66.26783584530295,62.969101950749284,3.2987338945536706
kernel,national_draw,585,"",70.34708320150193,62.969101950749284,7.377981250752647
kernel,national_draw,586,"",61.78615444918203,62.969101950749284,-1.1829475015672557
kernel,national_draw,587,"",78.4173463788773,62.969101950749284,15.448244428128014
kernel,national_draw,588,"",63.86497149660225,62.969101950749284,0.8958695458529675
kernel,national_draw,589,"",68.57178134192492,62.969101950749284,5.602679391175634
kernel,national_draw,590,"",68.63085012021153,62.969101950749284,5.66174816946225
kernel,national_draw,591,"",60.18482041348653,62.969101950749284,-2.784281537262757
kernel,national_draw,592,"",71.66372373040733,62.969101950749284,8.694621779658043
kernel,national_draw,593,"",69.36094622135133,62.969101950749284,6.391844270602043
kernel,national_draw,594,"",61.571720241863915,62.969101950749284,-1.3973817088853693
kernel,national_draw,595,"",71.16946878655949,62.969101950749284,8.200366835810208
kernel,national_draw,596,"",73.59540435210171,62.969101950749284,10.626302401352426
kernel,national_draw,597,"",61.98946969186526,62.969101950749284,-0.979632258884024
kernel,national_draw,598,"",73.43232466527289,62.969101950749284,10.463222714523603
kernel,national_draw,599,"",68.2948805743101,62.969101950749284,5.325778623560815
kernel,national_draw,600,"",68.22185134385164,62.969101950749284,5.252749393102356
kernel,national_draw,601,"",63.04868668454242,62.969101950749284,0.07958473379313347
kernel,national_draw,602,"",62.06241813266995,62.969101950749284,-0.9066838180793368
kernel,national_draw,603,"",63.78901075584976,62.969101950749284,0.819908805100475
kernel,national_draw,604,"",69.2137266976959,62.969101950749284,6.24462474694662
kernel,national_draw,605,"",66.29643076618669,62.969101950749284,3.3273288154374043
kernel,national_draw,606,"",63.9895537592707,62.969101950749284,1.0204518085214147
kernel,national_draw,607,"",78.30804951870256,62.969101950749284,15.338947567953277
kernel,national_draw,608,"",65.76959681738623,62.969101950749284,2.800494866636946
kernel,national_draw,609,"",64.5583729369987,62.969101950749284,1.58927098624941
kernel,national_draw,610,"",65.88449817125694,62.969101950749284,2.9153962205076525
kernel,national_draw,611,"",70.6738704261832,62.969101950749284,7.704768475433916
kernel,national_draw,612,"",64.20337627349598,62.969101950749284,1.2342743227466926
kernel,national_draw,613,"",67.13183271860485,62.969101950749284,4.162730767855571
kernel,national_draw,614,"",68.22962100026871,62.969101950749284,5.260519049519424
kernel,national_draw,615,"",65.85990810892449,62.969101950749284,2.8908061581752023
kernel,national_draw,616,"",66.5972568126972,62.969101950749284,3.6281548619479125
kernel,national_draw,617,"",71.7018333642296,62.969101950749284,8.732731413480316
kernel,national_draw,618,"",65.37182780290067,62.969101950749284,2.4027258521513843
kernel,national_draw,619,"",62.18306016851014,62.969101950749284,-0.7860417822391454
kernel,national_draw,620,"",69.11909200554291,62.969101950749284,6.149990054793626
kernel,national_draw,621,"",69.04905891710148,62.969101950749284,6.079956966352192
kernel,national_draw,622,"",71.59538722469512,62.969101950749284,8.626285273945832
kernel,national_draw,623,"",61.09420029772603,62.969101950749284,-1.874901653023251
kernel,national_draw,624,"",70.14130502851656,62.969101950749284,7.172203077767271
kernel,national_draw,625,"",67.3340815378583,62.969101950749284,4.364979587109012
kernel,national_draw,626,"",65.47545553765642,62.969101950749284,2.5063535869071316
kernel,national_draw,627,"",66.61272687725666,62.969101950749284,3.6436249265073783
kernel,national_draw,628,"",73.91493666587424,62.969101950749284,10.945834715124953
kernel,national_draw,629,"",72.44089019211064,62.969101950749284,9.47178824136136
kernel,national_draw,630,"",62.86215953191305,62.969101950749284,-0.10694241883623334
kernel,national_draw,631,"",62.85071279211144,62.969101950749284,-0.11838915863784649
kernel,national_draw,632,"",66.79151899760629,62.969101950749284,3.822417046857005
kernel,national_draw,633,"",65.2537502614988,62.969101950749284,2.2846483107495104
kernel,national_draw,634,"",68.33272475641284,62.969101950749284,5.36362280566356
kernel,national_draw,635,"",65.21370167598597,62.969101950749284,2.2445997252366894
kernel,national_draw,636,"",70.80798355972094,62.969101950749284,7.838881608971654
kernel,national_draw,637,"",66.98512101563028,62.969101950749284,4.016019064881
kernel,national_draw,638,"",63.02123205191479,62.969101950749284,0.05213010116550265
kernel,national_draw,639,"",68.41409840396807,62.969101950749284,5.444996453218785
kernel,national_draw,640,"",62.29294563901951,62.969101950749284,-0.6761563117297769
kernel,national_draw,641,"",68.0145081598589,62.969101950749284,5.045406209109622
kernel,national_draw,642,"",66.57536743307656,62.969101950749284,3.606265482327281
kernel,national_draw,643,"",69.99309294625763,62.969101950749284,7.023990995508349
kernel,national_draw,644,"",69.16935009501671,62.969101950749284,6.200248144267427
kernel,national_draw,645,"",65.50506379162603,62.969101950749284,2.5359618408767446
kernel,national_draw,646,"",70.43618726478526,62.969101950749284,7.467085314035977
kernel,national_draw,647,"",72.35384049430897,62.969101950749284,9.384738543559685
kernel,national_draw,648,"",61.212811050842795,62.969101950749284,-1.7562908999064888
kernel,national_draw,649,"",64.9310925422632,62.969101950749284,1.961990591513917
kernel,national_draw,650,"",66.23981568509892,62.969101950749284,3.270713734349634
kernel,national_draw,651,"",63.00580815287176,62.969101950749284,0.036706202122473996
kernel,national_draw,652,"",72.65720333594791,62.969101950749284,9.688101385198628
kernel,national_draw,653,"",72.84243092928946,62.969101950749284,9.87332897854018
kernel,national_draw,654,"",61.570076749478595,62.969101950749284,-1.399025201270689
kernel,national_draw,655,"",58.758423677517804,62.969101950749284,-4.21067827323148
kernel,national_draw,656,"",65.92700737879608,62.969101950749284,2.957905428046793
kernel,national_draw,657,"",67.8584502480808,62.969101950749284,4.889348297331516
kernel,national_draw,658,"",63.40153434325478,62.969101950749284,0.4324323925054969
kernel,national_draw,659,"",71.18406632285821,62.969101950749284,8.21496437210893
kernel,national_draw,660,"",64.90419189583287,62.969101950749284,1.9350899450835826
kernel,national_draw,661,"",63.86181608355349,62.969101950749284,0.8927141328042083
kernel,national_draw,662,"",66.3407889026593,62.969101950749284,3.3716869519100143
kernel,national_draw,663,"",72.06481666207665,62.969101950749284,9.095714711327368
kernel,national_draw,664,"",72.17719507047386,62.969101950749284,9.208093119724573
kernel,national_draw,665,"",61.507363203668945,62.969101950749284,-1.4617387470803394
kernel,national_draw,666,"",72.665686249594,62.969101950749284,9.69658429884472
kernel,national_draw,667,"",67.1508344451721,62.969101950749284,4.1817324944228105
kernel,national_draw,668,"",71.42347376629525,62.969101950749284,8.454371815545962
kernel,national_draw,669,"",67.82173942940668,62.969101950749284,4.8526374786573925
kernel,national_draw,670,"",71.07089386757823,62.969101950749284,8.101791916828951
kernel,national_draw,671,"",64.21399895882911,62.969101950749284,1.2448970080798247
kernel,national_draw,672,"",78.45023007623843,62.969101950749284,15.481128125489143
kernel,national_draw,673,"",71.15264376409246,62.969101950749284,8.183541813343176
kernel,national_draw,674,"",60.40095120353386,62.969101950749284,-2.5681507472154266
kernel,national_draw,675,"",63.02231694155116,62.969101950749284,0.05321499080187664
kernel,national_draw,676,"",66.03552635001877,62.969101950749284,3.0664243992694864
kernel,national_draw,677,"",66.7750009758236,62.969101950749284,3.805899025074318
kernel,national_draw,678,"",64.2397223845902,62.969101950749284,1.2706204338409108
kernel,national_draw,679,"",65.84637468777973,62.969101950749284,2.877272737030445
kernel,national_draw,680,"",67.89107311027402,62.969101950749284,4.9219711595247375
kernel,national_draw,681,"",63.45520868094524,62.969101950749284,0.4861067301959565
kernel,national_draw,682,"",70.05647589205569,62.969101950749284,7.087373941306403
kernel,national_draw,683,"",74.15578678170004,62.969101950749284,11.18668483095076
kernel,national_draw,684,"",67.35866467536327,62.969101950749284,4.389562724613988
kernel,national_draw,685,"",67.1141997996001,62.969101950749284,4.145097848850817
kernel,national_draw,686,"",67.71647512709309,62.969101950749284,4.747373176343807
kernel,national_draw,687,"",62.46040412508279,62.969101950749284,-0.5086978256664949
kernel,national_draw,688,"",62.903092187065724,62.969101950749284,-0.06600976368356015
kernel,national_draw,689,"",73.14898149983868,62.969101950749284,10.1798795490894
kernel,national_draw,690,"",68.73187642811583,62.969101950749284,5.762774477366541
kernel,national_draw,691,"",68.96089432207773,62.969101950749284,5.991792371328451
kernel,national_draw,692,"",62.69557819066215,62.969101950749284,-0.2735237600871372
kernel,national_draw,693,"",62.36935880183311,62.969101950749284,-0.5997431489161755
kernel,national_draw,694,"",70.38444495395785,62.969101950749284,7.415343003208569
kernel,national_draw,695,"",61.27631633525943,62.969101950749284,-1.6927856154898535
kernel,national_draw,696,"",58.893741731034666,62.969101950749284,-4.075360219714618
kernel,national_draw,697,"",58.8261207908273,62.969101950749284,-4.1429811599219875
kernel,national_draw,698,"",67.93892366806541,62.969101950749284,4.96982171731613
kernel,national_draw,699,"",61.80790302397752,62.969101950749284,-1.1611989267717675
kernel,national_draw,700,"",60.431653580243136,62.969101950749284,-2.537448370506148
kernel,national_draw,701,"",63.719143863267526,62.969101950749284,0.7500419125182418
kernel,national_draw,702,"",71.3754085388524,62.969101950749284,8.406306588103114
kernel,national_draw,703,"",74.30386498396129,62.969101950749284,11.334763033212006
kernel,national_draw,704,"",64.68351611069188,62.969101950749284,1.7144141599425993
kernel,national_draw,705,"",62.87524053099669,62.969101950749284,-0.09386141975259221
kernel,national_draw,706,"",71.11962618673365,62.969101950749284,8.15052423598437
kernel,national_draw,707,"",67.25638497368762,62.969101950749284,4.2872830229383325
kernel,national_draw,708,"",62.167306186024554,62.969101950749284,-0.80179576472473
kernel,national_draw,709,"",79.5570390998149,62.969101950749284,16.587937149065617
kernel,national_draw,710,"",65.89628191932859,62.969101950749284,2.9271799685793027
kernel,national_draw,711,"",67.49091733858845,62.969101950749284,4.521815387839162
kernel,national_draw,712,"",70.6023969736288,62.969101950749284,7.633295022879516
kernel,national_draw,713,"",61.832209168383855,62.969101950749284,-1.136892782365429
kernel,national_draw,714,"",70.83787342334085,62.969101950749284,7.868771472591568
kernel,national_draw,715,"",70.2664735932438,62.969101950749284,7.297371642494518
kernel,national_draw,716,"",69.18961214018279,62.969101950749284,6.220510189433504
kernel,national_draw,717,"",60.925675388232946,62.969101950749284,-2.0434265625163377
kernel,national_draw,718,"",76.50973414917958,62.969101950749284,13.540632198430295
kernel,national_draw,719,"",62.82609272219331,62.969101950749284,-0.1430092285559752
kernel,national_draw,720,"",64.71551343013734,62.969101950749284,1.7464114793880512
kernel,national_draw,721,"",66.08905526633244,62.969101950749284,3.119953315583153
kernel,national_draw,722,"",55.96232838459771,62.969101950749284,-7.006773566151573
kernel,national_draw,723,"",65.62832110397261,62.969101950749284,2.659219153223326
kernel,national_draw,724,"",63.44068962602446,62.969101950749284,0.471587675275174
kernel,national_draw,725,"",73.6170467462094,62.969101950749284,10.647944795460113
kernel,national_draw,726,"",78.12991064041059,62.969101950749284,15.160808689661302
kernel,national_draw,727,"",72.23221051641693,62.969101950749284,9.263108565667643
kernel,national_draw,728,"",61.968572870848114,62.969101950749284,-1.0005290799011703
kernel,national_draw,729,"",61.060981900370706,62.969101950749284,-1.908120050378578
kernel,national_draw,730,"",72.47512192255185,62.969101950749284,9.506019971802566
kernel,national_draw,731,"",75.48220747526354,62.969101950749284,12.513105524514252
kernel,national_draw,732,"",75.64705760964789,62.969101950749284,12.677955658898604
kernel,national_draw,733,"",66.71652311614743,62.969101950749284,3.747421165398144
kernel,national_draw,734,"",66.9752046626987,62.969101950749284,4.006102711949417
kernel,national_draw,735,"",64.57032288092951,62.969101950749284,1.6012209301802258
kernel,national_draw,736,"",65.45517271800793,62.969101950749284,2.4860707672586457
kernel,national_draw,737,"",68.1713070281759,62.969101950749284,5.202205077426619
kernel,national_draw,738,"",69.34330176096746,62.969101950749284,6.37419981021818
kernel,national_draw,739,"",65.03846430040234,62.969101950749284,2.069362349653055
kernel,national_draw,740,"",65.18490362682992,62.969101950749284,2.2158016760806376
kernel,national_draw,741,"",62.53801297477223,62.969101950749284,-0.43108897597705464
kernel,national_draw,742,"",78.39445059099825,62.969101950749284,15.425348640248963
kernel,national_draw,743,"",76.51882644764268,62.969101950749284,13.549724496893397
kernel,national_draw,744,"",75.08170777048048,62.969101950749284,12.112605819731193
kernel,national_draw,745,"",67.31283155064037,62.969101950749284,4.343729599891084
kernel,national_draw,746,"",70.14514599948447,62.969101950749284,7.176044048735186
kernel,national_draw,747,"",65.46570538058401,62.969101950749284,2.496603429834728
kernel,national_draw,748,"",66.34822385908217,62.969101950749284,3.379121908332884
kernel,national_draw,749,"",69.93510674933157,62.969101950749284,6.966004798582283
kernel,national_draw,750,"",64.04455997211049,62.969101950749284,1.0754580213612073
kernel,national_draw,751,"",68.72917343712818,62.969101950749284,5.760071486378898
kernel,national_draw,752,"",69.78255741680299,62.969101950749284,6.8134554660537034
kernel,national_draw,753,"",64.91967350177144,62.969101950749284,1.9505715510221577
kernel,national_draw,754,"",63.2425610791134,62.969101950749284,0.27345912836411657
kernel,national_draw,755,"",60.6136934446744,62.969101950749284,-2.3554085060748875
kernel,national_draw,756,"",67.2937744254534,62.969101950749284,4.324672474704123
kernel,national_draw,757,"",63.13357121962301,62.969101950749284,0.1644692688737237
kernel,national_draw,758,"",71.96244693764395,62.969101950749284,8.993344986894662
kernel,national_draw,759,"",69.82104099130844,62.969101950749284,6.851939040559152
kernel,national_draw,760,"",70.12697294393736,62.969101950749284,7.157870993188077
kernel,national_draw,761,"",77.07545792903016,62.969101950749284,14.106355978280881
kernel,national_draw,762,"",64.86458419100207,62.969101950749284,1.8954822402527824
kernel,national_draw,763,"",68.20305736210838,62.969101950749284,5.233955411359098
kernel,national_draw,764,"",67.56130128495482,62.969101950749284,4.592199334205539
kernel,national_draw,765,"",59.0279056466405,62.969101950749284,-3.941196304108786
kernel,national_draw,766,"",69.56503704471078,62.969101950749284,6.595935093961494
kernel,national_draw,767,"",60.99216758156333,62.969101950749284,-1.9769343691859547
kernel,national_draw,768,"",75.14813994863948,62.969101950749284,12.179037997890198
kernel,national_draw,769,"",69.89795504997545,62.969101950749284,6.928853099226167
kernel,national_draw,770,"",71.01995945328856,62.969101950749284,8.05085750253928
kernel,national_draw,771,"",74.44529304357917,62.969101950749284,11.476191092829886
kernel,national_draw,772,"",70.29513314585056,62.969101950749284,7.326031195101272
kernel,national_draw,773,"",62.52101252334272,62.969101950749284,-0.44808942740656477
kernel,national_draw,774,"",65.00706944094644,62.969101950749284,2.037967490197154
kernel,national_draw,775,"",65.34552730818407,62.969101950749284,2.3764253574347904
kernel,national_draw,776,"",61.59821001519792,62.969101950749284,-1.370891935551363
kernel,national_draw,777,"",77.20069112548043,62.969101950749284,14.231589174731148
kernel,national_draw,778,"",63.70594975866861,62.969101950749284,0.7368478079193252
kernel,national_draw,779,"",71.92106647698179,62.969101950749284,8.951964526232508
kernel,national_draw,780,"",64.10307707247563,62.969101950749284,1.133975121726344
kernel,national_draw,781,"",68.52357300138111,62.969101950749284,5.554471050631825
kernel,national_draw,782,"",62.620561534720885,62.969101950749284,-0.34854041602839914
kernel,national_draw,783,"",67.98883320789008,62.969101950749284,5.019731257140798
kernel,national_draw,784,"",76.38206803001285,62.969101950749284,13.412966079263562
kernel,national_draw,785,"",71.5228865893999,62.969101950749284,8.553784638650619
kernel,national_draw,786,"",67.1221171856698,62.969101950749284,4.15301523492051
kernel,national_draw,787,"",74.73041819794798,62.969101950749284,11.7613162471987
kernel,national_draw,788,"",64.95391677359177,62.969101950749284,1.9848148228424876
kernel,national_draw,789,"",65.1750588304488,62.969101950749284,2.205956879699521
kernel,national_draw,790,"",68.57254768949784,62.969101950749284,5.603445738748555
kernel,national_draw,791,"",68.75100049330163,62.969101950749284,5.781898542552348
kernel,national_draw,792,"",64.9731701022236,62.969101950749284,2.0040681514743213
kernel,national_draw,793,"",64.28905023890769,62.969101950749284,1.3199482881584075
kernel,national_draw,794,"",68.23184156160953,62.969101950749284,5.262739610860244
kernel,national_draw,795,"",69.4945815417939,62.969101950749284,6.525479591044622
kernel,national_draw,796,"",63.622745648386484,62.969101950749284,0.6536436976372002
kernel,national_draw,797,"",65.6053352933365,62.969101950749284,2.636233342587211
kernel,national_draw,798,"",71.53965852152302,62.969101950749284,8.57055657077374
kernel,national_draw,799,"",65.53511985110512,62.969101950749284,2.5660179003558383
kernel,national_draw,800,"",66.69596561167612,62.969101950749284,3.7268636609268313
kernel,national_draw,801,"",68.31734240633462,62.969101950749284,5.348240455585334
kernel,national_draw,802,"",72.43845957767002,62.969101950749284,9.469357626920733
kernel,national_draw,803,"",62.46548233189133,62.969101950749284,-0.5036196188579538
kernel,national_draw,804,"",67.73574692193151,62.969101950749284,4.766644971182224
kernel,national_draw,805,"",61.553434080801516,62.969101950749284,-1.415667869947768
kernel,national_draw,806,"",62.4594531154441,62.969101950749284,-0.5096488353051853
kernel,national_draw,807,"",68.31468096431178,62.969101950749284,5.345579013562492
kernel,national_draw,808,"",69.48006479514895,62.969101950749284,6.510962844399664
kernel,national_draw,809,"",77.07109759600229,62.969101950749284,14.101995645253005
kernel,national_draw,810,"",70.29652503617126,62.969101950749284,7.327423085421977
kernel,national_draw,811,"",62.62741249736078,62.969101950749284,-0.3416894533885042
kernel,national_draw,812,"",65.59145563081843,62.969101950749284,2.6223536800691463
kernel,national_draw,813,"",69.82312305609994,62.969101950749284,6.854021105350661
kernel,national_draw,814,"",64.14457756348054,62.969101950749284,1.1754756127312547
kernel,national_draw,815,"",65.82649119984848,62.969101950749284,2.8573892490991923
kernel,national_draw,816,"",60.18053856183659,62.969101950749284,-2.788563388912692
kernel,national_draw,817,"",63.536224545748055,62.969101950749284,0.5671225949987715
kernel,national_draw,818,"",65.57976190550386,62.969101950749284,2.610659954754574
kernel,national_draw,819,"",72.69137505121776,62.969101950749284,9.722273100468477
kernel,national_draw,820,"",67.33018285999484,62.969101950749284,4.361080909245551
kernel,national_draw,821,"",66.7376322985402,62.969101950749284,3.7685303477909216
kernel,national_draw,822,"",65.45917757655923,62.969101950749284,2.4900756258099435
kernel,national_draw,823,"",63.43124416136058,62.969101950749284,0.46214221061129734
kernel,national_draw,824,"",63.013125387227696,62.969101950749284,0.04402343647841178
kernel,national_draw,825,"",74.7945813409739,62.969101950749284,11.825479390224622
kernel,national_draw,826,"",67.25687894471353,62.969101950749284,4.2877769939642505
kernel,national_draw,827,"",60.84497575721777,62.969101950749284,-2.1241261935315165
kernel,national_draw,828,"",62.0299706994392,62.969101950749284,-0.9391312513100871
kernel,national_draw,829,"",67.70439591971623,62.969101950749284,4.73529396896695
kernel,national_draw,830,"",73.48567815262408,62.969101950749284,10.516576201874791
kernel,national_draw,831,"",61.80766527156785,62.969101950749284,-1.1614366791814348
kernel,national_draw,832,"",65.00065012588529,62.969101950749284,2.0315481751360025
kernel,national_draw,833,"",65.7517353790751,62.969101950749284,2.7826334283258163
kernel,national_draw,834,"",68.57191060537096,62.969101950749284,5.6028086546216755
kernel,national_draw,835,"",62.71015033592684,62.969101950749284,-0.25895161482244333
kernel,national_draw,836,"",67.72279287801808,62.969101950749284,4.753690927268799
kernel,national_draw,837,"",66.70968600316247,62.969101950749284,3.7405840524131904
kernel,national_draw,838,"",66.27821154512313,62.969101950749284,3.3091095943738438
kernel,national_draw,839,"",72.73982345244706,62.969101950749284,9.770721501697771
kernel,national_draw,840,"",66.73124068278891,62.969101950749284,3.762138732039624
kernel,national_draw,841,"",66.38520705430328,62.969101950749284,3.4161051035539955
kernel,national_draw,842,"",71.6257456683069,62.969101950749284,8.656643717557621
kernel,national_draw,843,"",64.17063799751163,62.969101950749284,1.2015360467623495
kernel,national_draw,844,"",67.19140239274488,62.969101950749284,4.222300441995593
kernel,national_draw,845,"",65.21657778766028,62.969101950749284,2.2474758369110006
kernel,national_draw,846,"",69.76917865013831,62.969101950749284,6.800076699389031
kernel,national_draw,847,"",71.94242726143918,62.969101950749284,8.973325310689894
kernel,national_draw,848,"",71.44626106521066,62.969101950749284,8.47715911446138
kernel,national_draw,849,"",67.2582546771035,62.969101950749284,4.28915272635421
kernel,national_draw,850,"",67.2018773484254,62.969101950749284,4.232775397676114
kernel,national_draw,851,"",62.367823798411436,62.969101950749284,-0.6012781523378479
kernel,national_draw,852,"",62.80603380529956,62.969101950749284,-0.1630681454497207
kernel,national_draw,853,"",61.84308114750577,62.969101950749284,-1.126020803243513
kernel,national_draw,854,"",67.54399152456517,62.969101950749284,4.574889573815888
kernel,national_draw,855,"",58.029056991537786,62.969101950749284,-4.940044959211498
kernel,national_draw,856,"",62.035411305551804,62.969101950749284,-0.9336906451974798
kernel,national_draw,857,"",69.12987857845941,62.969101950749284,6.160776627710128
kernel,national_draw,858,"",67.22474543699458,62.969101950749284,4.255643486245297
kernel,national_draw,859,"",69.33487424594111,62.969101950749284,6.3657722951918245
kernel,national_draw,860,"",72.31175600952109,62.969101950749284,9.342654058771807
kernel,national_draw,861,"",60.46137955627968,62.969101950749284,-2.507722394469603
kernel,national_draw,862,"",62.88993501487995,62.969101950749284,-0.07916693586933121
kernel,national_draw,863,"",66.34479376121057,62.969101950749284,3.3756918104612836
kernel,national_draw,864,"",62.60513532740204,62.969101950749284,-0.3639666233472454
kernel,national_draw,865,"",60.45375070468776,62.969101950749284,-2.5153512460615275
kernel,national_draw,866,"",66.83447601065491,62.969101950749284,3.8653740599056263
kernel,national_draw,867,"",63.627232936584576,62.969101950749284,0.6581309858352924
kernel,national_draw,868,"",65.93287039938411,62.969101950749284,2.9637684486348306
kernel,national_draw,869,"",75.02630453419928,62.969101950749284,12.05720258345
kernel,national_draw,870,"",63.47145432618093,62.969101950749284,0.5023523754316486
kernel,national_draw,871,"",72.38585166340934,62.969101950749284,9.416749712660057
kernel,national_draw,872,"",62.91135350623289,62.969101950749284,-0.05774844451639183
kernel,national_draw,873,"",70.67968497297898,62.969101950749284,7.710583022229692
kernel,national_draw,874,"",64.85252806638343,62.969101950749284,1.883426115634144
kernel,national_draw,875,"",61.045657257188026,62.969101950749284,-1.9234446935612581
kernel,national_draw,876,"",67.70949028445553,62.969101950749284,4.7403883337062425
kernel,national_draw,877,"",69.56378826749103,62.969101950749284,6.59468631674175
kernel,national_draw,878,"",61.294316270119886,62.969101950749284,-1.6747856806293981
kernel,national_draw,879,"",61.8216164906364,62.969101950749284,-1.1474854601128825
kernel,national_draw,880,"",65.1959602680176,62.969101950749284,2.2268583172683165
kernel,national_draw,881,"",70.32459367016756,62.969101950749284,7.355491719418275
kernel,national_draw,882,"",63.554042126818565,62.969101950749284,0.5849401760692814
kernel,national_draw,883,"",59.50117143843832,62.969101950749284,-3.4679305123109643
kernel,national_draw,884,"",65.51164930254639,62.969101950749284,2.5425473517971042
kernel,national_draw,885,"",67.34769344038101,62.969101950749284,4.378591489631724
kernel,national_draw,886,"",61.83500218212855,62.969101950749284,-1.134099768620736
kernel,national_draw,887,"",61.99720010759335,62.969101950749284,-0.9719018431559334
kernel,national_draw,888,"",67.64935739101493,62.969101950749284,4.680255440265647
kernel,national_draw,889,"",67.09045687449435,62.969101950749284,4.121354923745066
kernel,national_draw,890,"",66.1344336607184,62.969101950749284,3.1653317099691165
kernel,national_draw,891,"",71.31038440894486,62.969101950749284,8.341282458195572
kernel,national_draw,892,"",69.3165442276381,62.969101950749284,6.34744227688882
kernel,national_draw,893,"",64.35297793779978,62.969101950749284,1.3838759870504944
kernel,national_draw,894,"",60.8712277781421,62.969101950749284,-2.0978741726071846
kernel,national_draw,895,"",67.66794362793419,62.969101950749284,4.698841677184909
kernel,national_draw,896,"",63.9747715609062,62.969101950749284,1.0056696101569145
kernel,national_draw,897,"",67.26626208593022,62.969101950749284,4.297160135180938
kernel,national_draw,898,"",66.43439641207146,62.969101950749284,3.4652944613221806
kernel,national_draw,899,"",68.09474382743386,62.969101950749284,5.1256418766845755
kernel,national_draw,900,"",65.8010101430487,62.969101950749284,2.831908192299416
kernel,national_draw,901,"",66.26579302120042,62.969101950749284,3.296691070451139
kernel,national_draw,902,"",65.62406002680508,62.969101950749284,2.6549580760557987
kernel,national_draw,903,"",64.20772275686892,62.969101950749284,1.2386208061196342
kernel,national_draw,904,"",58.806024941520405,62.969101950749284,-4.1630770092288785
kernel,national_draw,905,"",64.71926668662402,62.969101950749284,1.7501647358747405
kernel,national_draw,906,"",67.07487601269543,62.969101950749284,4.105774061946143
kernel,national_draw,907,"",71.34284800010636,62.969101950749284,8.373746049357074
kernel,national_draw,908,"",65.3302973043101,62.969101950749284,2.3611953535608095
kernel,national_draw,909,"",72.51256215638573,62.969101950749284,9.543460205636443
kernel,national_draw,910,"",68.8988732590147,62.969101950749284,5.929771308265423
kernel,national_draw,911,"",63.76897953826589,62.969101950749284,0.7998775875166046
kernel,national_draw,912,"",64.37167958851013,62.969101950749284,1.4025776377608494
kernel,national_draw,913,"",65.52897983741845,62.969101950749284,2.559877886669163
kernel,national_draw,914,"",68.68515461720143,62.969101950749284,5.71605266645215
kernel,national_draw,915,"",69.57005754462377,62.969101950749284,6.600955593874481
kernel,national_draw,916,"",64.69039246436581,62.969101950749284,1.7212905136165304
kernel,national_draw,917,"",68.51058664160618,62.969101950749284,5.5414846908568975
kernel,national_draw,918,"",61.92530424056352,62.969101950749284,-1.043797710185764
kernel,national_draw,919,"",66.01812887514788,62.969101950749284,3.0490269243985963
kernel,national_draw,920,"",65.66553051022429,62.969101950749284,2.6964285594750024
kernel,national_draw,921,"",70.04731896186956,62.969101950749284,7.07821701112028
kernel,national_draw,922,"",77.6847596481255,62.969101950749284,14.715657697376223
kernel,national_draw,923,"",62.69548816790509,62.969101950749284,-0.273613782844194
kernel,national_draw,924,"",69.55684959036991,62.969101950749284,6.587747639620623
kernel,national_draw,925,"",70.02575504913985,62.969101950749284,7.056653098390562
kernel,national_draw,926,"",69.77576416105865,62.969101950749284,6.806662210309362
kernel,national_draw,927,"",73.49236061112894,62.969101950749284,10.52325866037966
kernel,national_draw,928,"",67.20130951257318,62.969101950749284,4.232207561823891
kernel,national_draw,929,"",67.96105541664737,62.969101950749284,4.991953465898085
kernel,national_draw,930,"",68.79252868361638,62.969101950749284,5.823426732867098
kernel,national_draw,931,"",66.77171168277715,62.969101950749284,3.802609732027868
kernel,national_draw,932,"",72.13435116294052,62.969101950749284,9.165249212191235
kernel,national_draw,933,"",63.05567152717998,62.969101950749284,0.08656957643069774
kernel,national_draw,934,"",65.23821556521631,62.969101950749284,2.269113614467024
kernel,national_draw,935,"",66.84242109603446,62.969101950749284,3.8733191452851727
kernel,national_draw,936,"",68.03816337048342,62.969101950749284,5.069061419734133
kernel,national_draw,937,"",71.1944951130223,62.969101950749284,8.225393162273015
kernel,national_draw,938,"",73.1932773128641,62.969101950749284,10.224175362114813
kernel,national_draw,939,"",66.13737671239154,62.969101950749284,3.168274761642259
kernel,national_draw,940,"",66.0586067999636,62.969101950749284,3.0895048492143147
kernel,national_draw,941,"",61.575180347321194,62.969101950749284,-1.3939216034280904
kernel,national_draw,942,"",64.66243924416062,62.969101950749284,1.6933372934113393
kernel,national_draw,943,"",64.67933120662649,62.969101950749284,1.710229255877202
kernel,national_draw,944,"",64.71232570122707,62.969101950749284,1.7432237504777888
kernel,national_draw,945,"",71.14482332560729,62.969101950749284,8.175721374858007
kernel,national_draw,946,"",68.75056653744707,62.969101950749284,5.781464586697787
kernel,national_draw,947,"",67.89464632124658,62.969101950749284,4.925544370497299
kernel,national_draw,948,"",61.57939295069645,62.969101950749284,-1.3897090000528323
kernel,national_draw,949,"",66.28494016914445,62.969101950749284,3.3158382183951645
kernel,national_draw,950,"",61.20743969300485,62.969101950749284,-1.7616622577444332
kernel,national_draw,951,"",66.13444520209751,62.969101950749284,3.165343251348226
kernel,national_draw,952,"",70.59819821990847,62.969101950749284,7.629096269159184
kernel,national_draw,953,"",62.972102709317966,62.969101950749284,0.0030007585686817606
kernel,national_draw,954,"",66.19330854383597,62.969101950749284,3.2242065930866843
kernel,national_draw,955,"",66.72927634006433,62.969101950749284,3.760174389315047
kernel,national_draw,956,"",64.87472906324004,62.969101950749284,1.9056271124907553
kernel,national_draw,957,"",58.89140344762692,62.969101950749284,-4.077698503122363
kernel,national_draw,958,"",68.49634227150821,62.969101950749284,5.527240320758928
kernel,national_draw,959,"",67.33329210752716,62.969101950749284,4.364190156777873
kernel,national_draw,960,"",71.60639770036636,62.969101950749284,8.637295749617074
kernel,national_draw,961,"",73.88683571601644,62.969101950749284,10.917733765267151
kernel,national_draw,962,"",67.69251522406007,62.969101950749284,4.72341327331079
kernel,national_draw,963,"",66.78370779222443,62.969101950749284,3.8146058414751494
kernel,national_draw,964,"",60.502926212801015,62.969101950749284,-2.4661757379482694
kernel,national_draw,965,"",71.26245998632716,62.969101950749284,8.293358035577874
kernel,national_draw,966,"",65.75719214311846,62.969101950749284,2.788090192369175
kernel,national_draw,967,"",68.45563121083448,62.969101950749284,5.486529260085199
kernel,national_draw,968,"",77.03779840899318,62.969101950749284,14.068696458243899
kernel,national_draw,969,"",70.56099343020844,62.969101950749284,7.591891479459157
kernel,national_draw,970,"",79.57840450082394,62.969101950749284,16.609302550074652
kernel,national_draw,971,"",63.51126515928407,62.969101950749284,0.542163208534788
kernel,national_draw,972,"",75.27782811742632,62.969101950749284,12.30872616667704
kernel,national_draw,973,"",68.7071848016472,62.969101950749284,5.738082850897918
kernel,national_draw,974,"",78.78603804283232,62.969101950749284,15.816936092083033
kernel,national_draw,975,"",65.65696680692443,62.969101950749284,2.687864856175146
kernel,national_draw,976,"",65.73367542904327,62.969101950749284,2.7645734782939897
kernel,national_draw,977,"",67.18058350396686,62.969101950749284,4.211481553217574
kernel,national_draw,978,"",68.52878047163568,62.969101950749284,5.559678520886401
kernel,national_draw,979,"",61.484654386131474,62.969101950749284,-1.4844475646178097
kernel,national_draw,980,"",65.24120247413006,62.969101950749284,2.2721005233807787
kernel,national_draw,981,"",62.085789425368354,62.969101950749284,-0.88331252538093
kernel,national_draw,982,"",76.43838996007122,62.969101950749284,13.469288009321936
kernel,national_draw,983,"",65.54240246132375,62.969101950749284,2.5733005105744624
kernel,national_draw,984,"",64.68612907892248,62.969101950749284,1.7170271281731928
kernel,national_draw,985,"",66.67408315688296,62.969101950749284,3.7049812061336738
kernel,national_draw,986,"",67.25026804275915,62.969101950749284,4.281166092009862
kernel,national_draw,987,"",65.96123680096146,62.969101950749284,2.9921348502121745
kernel,national_draw,988,"",64.06084947458679,62.969101950749284,1.0917475238375047
kernel,national_draw,989,"",64.80638101614872,62.969101950749284,1.8372790653994358
kernel,national_draw,990,"",64.94215610827835,62.969101950749284,1.97305415752907
kernel,national_draw,991,"",64.95247871775463,62.969101950749284,1.9833767670053462
kernel,national_draw,992,"",66.10921574736236,62.969101950749284,3.140113796613072
kernel,national_draw,993,"",67.5255414759194,62.969101950749284,4.556439525170113
kernel,national_draw,994,"",74.26789512182607,62.969101950749284,11.298793171076788
kernel,national_draw,995,"",62.46149593954663,62.969101950749284,-0.5076060112026539
kernel,national_draw,996,"",70.48783031975229,62.969101950749284,7.518728369003007
kernel,national_draw,997,"",67.85887727910787,62.969101950749284,4.8897753283585885
kernel,national_draw,998,"",61.79610311797512,62.969101950749284,-1.1729988327741623
kernel,national_draw,999,"",61.1678158302433,62.969101950749284,-1.801286120505985
kernel,national_draw,1000,"",63.80993527617677,62.969101950749284,0.8408333254274893
kernel,national_draw,1001,"",64.67966129006905,62.969101950749284,1.7105593393197651
kernel,national_draw,1002,"",64.04198393629306,62.969101950749284,1.0728819855437806
kernel,national_draw,1003,"",69.28410141095898,62.969101950749284,6.314999460209698
kernel,national_draw,1004,"",65.85466601453258,62.969101950749284,2.885564063783299
kernel,national_draw,1005,"",71.89405964986364,62.969101950749284,8.924957699114351
kernel,national_draw,1006,"",68.62778242164403,62.969101950749284,5.658680470894744
kernel,national_draw,1007,"",66.43199811349234,62.969101950749284,3.462896162743057
kernel,national_draw,1008,"",66.11816031617285,62.969101950749284,3.1490583654235635
kernel,national_draw,1009,"",66.45306343864449,62.969101950749284,3.4839614878952077
kernel,national_draw,1010,"",61.140114212102716,62.969101950749284,-1.8289877386465676
kernel,national_draw,1011,"",76.92125356273716,62.969101950749284,13.95215161198788
kernel,national_draw,1012,"",66.64430178222669,62.969101950749284,3.675199831477407
kernel,national_draw,1013,"",61.80355654060457,62.969101950749284,-1.1655454101447162
kernel,national_draw,1014,"",71.54927710687356,62.969101950749284,8.580175156124277
kernel,national_draw,1015,"",66.39647836514241,62.969101950749284,3.4273764143931302
kernel,national_draw,1016,"",62.59869523785847,62.969101950749284,-0.3704067128908122
kernel,national_draw,1017,"",66.36882983734573,62.969101950749284,3.3997278865964446
kernel,national_draw,1018,"",71.68823069481019,62.969101950749284,8.719128744060903
kernel,national_draw,1019,"",73.13815106968156,62.969101950749284,10.169049118932271
kernel,national_draw,1020,"",61.13535916390925,62.969101950749284,-1.833742786840034
kernel,national_draw,1021,"",62.79522645790067,62.969101950749284,-0.17387549284861592
kernel,national_draw,1022,"",62.953698826188656,62.969101950749284,-0.015403124560627646
kernel,national_draw,1023,"",63.548843889667275,62.969101950749284,0.5797419389179908
kernel,national_draw,1024,"",65.08648567060456,62.969101950749284,2.117383719855276
kernel,national_draw,1025,"",64.8157318415039,62.969101950749284,1.8466298907546204
kernel,national_draw,1026,"",70.27833120614176,62.969101950749284,7.309229255392474
kernel,national_draw,1027,"",74.05844679028361,62.969101950749284,11.089344839534327
kernel,national_draw,1028,"",63.181747244305306,62.969101950749284,0.21264529355602235
kernel,national_draw,1029,"",56.53307035608548,62.969101950749284,-6.4360315946638025
kernel,national_draw,1030,"",68.14241664798695,62.969101950749284,5.1733146972376645
kernel,national_draw,1031,"",62.42214445333207,62.969101950749284,-0.5469574974172104
kernel,national_draw,1032,"",67.24335014012041,62.969101950749284,4.274248189371129
kernel,national_draw,1033,"",63.04546433149481,62.969101950749284,0.07636238074552892
kernel,national_draw,1034,"",72.56113751278525,62.969101950749284,9.592035562035967
kernel,national_draw,1035,"",71.65871708014927,62.969101950749284,8.68961512939999
kernel,national_draw,1036,"",65.69928442757033,62.969101950749284,2.7301824768210494
kernel,national_draw,1037,"",62.19961512270598,62.969101950749284,-0.7694868280433056
kernel,national_draw,1038,"",67.06098250052243,62.969101950749284,4.091880549773144
kernel,national_draw,1039,"",62.74269702501795,62.969101950749284,-0.22640492573133741
kernel,national_draw,1040,"",71.03265497030992,62.969101950749284,8.063553019560636
kernel,national_draw,1041,"",75.55545830020091,62.969101950749284,12.586356349451627
kernel,national_draw,1042,"",64.59420430258459,62.969101950749284,1.6251023518353023
kernel,national_draw,1043,"",64.86381091860167,62.969101950749284,1.894708967852388
kernel,national_draw,1044,"",61.2924350253249,62.969101950749284,-1.6766669254243851
kernel,national_draw,1045,"",73.00660704713377,62.969101950749284,10.037505096384486
kernel,national_draw,1046,"",68.44017268765411,62.969101950749284,5.471070736904828
kernel,national_draw,1047,"",61.82289527544182,62.969101950749284,-1.146206675307461
kernel,national_draw,1048,"",62.082114650259626,62.969101950749284,-0.8869873004896576
kernel,national_draw,1049,"",64.03000167650073,62.969101950749284,1.0608997257514474
kernel,national_draw,1050,"",62.835159629622375,62.969101950749284,-0.1339423211269093
kernel,national_draw,1051,"",61.176160247340064,62.969101950749284,-1.7929417034092197
kernel,national_draw,1052,"",68.84024305313427,62.969101950749284,5.871141102384989
kernel,national_draw,1053,"",61.90948793463073,62.969101950749284,-1.0596140161185517
kernel,national_draw,1054,"",68.58065435418493,62.969101950749284,5.611552403435645
kernel,national_draw,1055,"",67.63228769131076,62.969101950749284,4.663185740561481
kernel,national_draw,1056,"",64.42190074557078,62.969101950749284,1.452798794821497
kernel,national_draw,1057,"",68.31533189809359,62.969101950749284,5.346229947344305
kernel,national_draw,1058,"",64.35654191566904,62.969101950749284,1.387439964919757
kernel,national_draw,1059,"",60.93735064734095,62.969101950749284,-2.0317513034083348
kernel,national_draw,1060,"",66.53464021447206,62.969101950749284,3.565538263722779
kernel,national_draw,1061,"",62.43833239167221,62.969101950749284,-0.530769559077072
kernel,national_draw,1062,"",71.0064144907647,62.969101950749284,8.037312540015414
kernel,national_draw,1063,"",63.44547237352778,62.969101950749284,0.4763704227784942
kernel,national_draw,1064,"",68.97622127353624,62.969101950749284,6.007119322786956
kernel,national_draw,1065,"",62.571395259710926,62.969101950749284,-0.39770669103835843
kernel,national_draw,1066,"",66.3399740812941,62.969101950749284,3.370872130544818
kernel,national_draw,1067,"",65.88006166512693,62.969101950749284,2.910959714377647
kernel,national_draw,1068,"",62.7582063302664,62.969101950749284,-0.21089562048288713
kernel,national_draw,1069,"",62.82055978504781,62.969101950749284,-0.14854216570147116
kernel,national_draw,1070,"",67.61704152950603,62.969101950749284,4.647939578756741
kernel,national_draw,1071,"",64.4034276141668,62.969101950749284,1.4343256634175177
kernel,national_draw,1072,"",67.86079083976436,62.969101950749284,4.891688889015079
kernel,national_draw,1073,"",64.02475496555718,62.969101950749284,1.0556530148078949
kernel,national_draw,1074,"",68.74312465619674,62.969101950749284,5.774022705447457
kernel,national_draw,1075,"",62.54115684644188,62.969101950749284,-0.42794510430740473
kernel,national_draw,1076,"",70.52565603564845,62.969101950749284,7.556554084899169
kernel,national_draw,1077,"",62.639240102673035,62.969101950749284,-0.3298618480762485
kernel,national_draw,1078,"",70.22740602495537,62.969101950749284,7.258304074206087
kernel,national_draw,1079,"",75.92371139174975,62.969101950749284,12.954609441000464
kernel,national_draw,1080,"",68.66976534229572,62.969101950749284,5.700663391546435
kernel,national_draw,1081,"",59.19050982864999,62.969101950749284,-3.7785921220992904
kernel,national_draw,1082,"",63.79829464120611,62.969101950749284,0.8291926904568285
kernel,national_draw,1083,"",66.46473177292502,62.969101950749284,3.4956298221757365
kernel,national_draw,1084,"",62.78880945111533,62.969101950749284,-0.180292499633957
kernel,national_draw,1085,"",69.99601291517254,62.969101950749284,7.026910964423259
kernel,national_draw,1086,"",67.40188021530396,62.969101950749284,4.432778264554678
kernel,national_draw,1087,"",61.69428276318805,62.969101950749284,-1.274819187561235
kernel,national_draw,1088,"",72.06751503651265,62.969101950749284,9.098413085763362
kernel,national_draw,1089,"",70.4393519109373,62.969101950749284,7.470249960188021
kernel,national_draw,1090,"",65.76171405545388,62.969101950749284,2.7926121047045953
kernel,national_draw,1091,"",72.89445715804295,62.969101950749284,9.92535520729367
kernel,national_draw,1092,"",69.18537414577348,62.969101950749284,6.216272195024196
kernel,national_draw,1093,"",64.6260931330664,62.969101950749284,1.656991182317121
kernel,national_draw,1094,"",62.3898932235462,62.969101950749284,-0.5792087272030813
kernel,national_draw,1095,"",65.66294293302775,62.969101950749284,2.6938409822784664
kernel,national_draw,1096,"",68.34109225626783,62.969101950749284,5.371990305518544
kernel,national_draw,1097,"",66.53266433036838,62.969101950749284,3.5635623796190927
kernel,national_draw,1098,"",62.56306238399327,62.969101950749284,-0.4060395667560144
kernel,national_draw,1099,"",71.01819131400886,62.969101950749284,8.049089363259576
kernel,national_draw,1100,"",64.28469913898311,62.969101950749284,1.3155971882338307
kernel,national_draw,1101,"",64.4889607747534,62.969101950749284,1.5198588240041104
kernel,national_draw,1102,"",59.1304508000357,62.969101950749284,-3.8386511507135808
kernel,national_draw,1103,"",69.31527005938432,62.969101950749284,6.346168108635034
kernel,national_draw,1104,"",64.3785813332181,62.969101950749284,1.4094793824688097
kernel,national_draw,1105,"",63.00291588326671,62.969101950749284,0.03381393251742537
kernel,national_draw,1106,"",65.18404725649992,62.969101950749284,2.214945305750639
kernel,national_draw,1107,"",63.62922036206737,62.969101950749284,0.6601184113180878
kernel,national_draw,1108,"",70.4595331664496,62.969101950749284,7.490431215700319
kernel,national_draw,1109,"",75.46960428927505,62.969101950749284,12.50050233852577
kernel,national_draw,1110,"",68.48797246337742,62.969101950749284,5.518870512628133
kernel,national_draw,1111,"",71.60878214929055,62.969101950749284,8.639680198541264
kernel,national_draw,1112,"",62.02685683535524,62.969101950749284,-0.9422451153940443
kernel,national_draw,1113,"",66.09714346481296,62.969101950749284,3.128041514063675
kernel,national_draw,1114,"",76.78787446091084,62.969101950749284,13.818772510161558
kernel,national_draw,1115,"",66.38970588388048,62.969101950749284,3.420603933131197
kernel,national_draw,1116,"",67.70609250244544,62.969101950749284,4.7369905516961595
kernel,national_draw,1117,"",77.91304120210019,62.969101950749284,14.943939251350905
kernel,national_draw,1118,"",65.24170798653509,62.969101950749284,2.272606035785806
kernel,national_draw,1119,"",66.2672449266925,62.969101950749284,3.2981429759432146
kernel,national_draw,1120,"",62.56444965776233,62.969101950749284,-0.4046522929869525
kernel,national_draw,1121,"",63.71066325789726,62.969101950749284,0.7415613071479754
kernel,national_draw,1122,"",62.2911151762926,62.969101950749284,-0.6779867744566843
kernel,national_draw,1123,"",71.19413040544241,62.969101950749284,8.225028454693124
kernel,national_draw,1124,"",69.10389200925462,62.969101950749284,6.134790058505338
kernel,national_draw,1125,"",63.43767501780084,62.969101950749284,0.4685730670515582
kernel,national_draw,1126,"",66.23241996936503,62.969101950749284,3.2633180186157418
kernel,national_draw,1127,"",64.853091285684,62.969101950749284,1.8839893349347179
kernel,national_draw,1128,"",69.77132765492865,62.969101950749284,6.802225704179371
kernel,national_draw,1129,"",62.07413494074275,62.969101950749284,-0.8949670100065319
kernel,national_draw,1130,"",61.23595382423481,62.969101950749284,-1.7331481265144717
kernel,national_draw,1131,"",67.1273708214408,62.969101950749284,4.158268870691522
kernel,national_draw,1132,"",62.72857730181438,62.969101950749284,-0.2405246489349011
kernel,national_draw,1133,"",66.31348661623592,62.969101950749284,3.3443846654866363
kernel,national_draw,1134,"",61.52991044189886,62.969101950749284,-1.4391915088504206
kernel,national_draw,1135,"",68.18546599206844,62.969101950749284,5.21636404131916
kernel,national_draw,1136,"",62.559849264048964,62.969101950749284,-0.4092526867003201
kernel,national_draw,1137,"",62.78161917192959,62.969101950749284,-0.18748277881969244
kernel,national_draw,1138,"",65.2398359748434,62.969101950749284,2.270734024094118
kernel,national_draw,1139,"",72.67647743906215,62.969101950749284,9.70737548831287
kernel,national_draw,1140,"",66.69371504274962,62.969101950749284,3.7246130920003324
kernel,national_draw,1141,"",69.58918391808538,62.969101950749284,6.620081967336098
kernel,national_draw,1142,"",62.12398677367187,62.969101950749284,-0.8451151770774175
kernel,national_draw,1143,"",62.79839110405271,62.969101950749284,-0.1707108466965721
kernel,national_draw,1144,"",68.82626182648004,62.969101950749284,5.857159875730751
kernel,national_draw,1145,"",61.934419621784855,62.969101950749284,-1.0346823289644291
kernel,national_draw,1146,"",70.73251678999438,62.969101950749284,7.763414839245094
kernel,national_draw,1147,"",65.75755454242253,62.969101950749284,2.7884525916732414
kernel,national_draw,1148,"",68.25774503288473,62.969101950749284,5.288643082135444
kernel,national_draw,1149,"",65.85334106421071,62.969101950749284,2.884239113461426
kernel,national_draw,1150,"",70.05739920238452,62.969101950749284,7.0882972516352325
kernel,national_draw,1151,"",72.99350758184356,62.969101950749284,10.024405631094275
kernel,national_draw,1152,"",68.9057980864809,62.969101950749284,5.936696135731616
kernel,national_draw,1153,"",60.6846544599963,62.969101950749284,-2.2844474907529815
kernel,national_draw,1154,"",67.46145450599562,62.969101950749284,4.492352555246335
kernel,national_draw,1155,"",65.98783275498329,62.969101950749284,3.0187308042340035
kernel,national_draw,1156,"",71.75873236324348,62.969101950749284,8.789630412494198
kernel,national_draw,1157,"",62.03823663515801,62.969101950749284,-0.9308653155912765
kernel,national_draw,1158,"",60.56761564271436,62.969101950749284,-2.401486308034926
kernel,national_draw,1159,"",73.4601855544452,62.969101950749284,10.49108360369592
kernel,national_draw,1160,"",65.045396052696,62.969101950749284,2.076294101946722
kernel,national_draw,1161,"",58.98186939364526,62.969101950749284,-3.987232557104022
kernel,national_draw,1162,"",62.77515599962782,62.969101950749284,-0.19394595112146362
kernel,national_draw,1163,"",66.54372789638353,62.969101950749284,3.5746259456342457
kernel,national_draw,1164,"",74.24216938778916,62.969101950749284,11.273067437039877
kernel,national_draw,1165,"",63.620820546350885,62.969101950749284,0.6517185956016007
kernel,national_draw,1166,"",74.24492777739653,62.969101950749284,11.275825826647242
kernel,national_draw,1167,"",63.45482319888296,62.969101950749284,0.4857212481336788
kernel,national_draw,1168,"",66.9513532486293,62.969101950749284,3.982251297880019
kernel,national_draw,1169,"",64.14784839032039,62.969101950749284,1.178746439571107
kernel,national_draw,1170,"",68.45866197698885,62.969101950749284,5.489560026239566
kernel,national_draw,1171,"",71.21174485824059,62.969101950749284,8.242642907491309
kernel,national_draw,1172,"",64.32806010030059,62.969101950749284,1.358958149551306
kernel,national_draw,1173,"",70.84018862399039,62.969101950749284,7.871086673241102
kernel,national_draw,1174,"",67.1549662588936,62.969101950749284,4.1858643081443105
kernel,national_draw,1175,"",69.81765244240165,62.969101950749284,6.848550491652368
kernel,national_draw,1176,"",59.667824336239704,62.969101950749284,-3.30127761450958
kernel,national_draw,1177,"",63.150684776567786,62.969101950749284,0.18158282581850216
kernel,national_draw,1178,"",61.48497985302238,62.969101950749284,-1.4841220977269032
kernel,national_draw,1179,"",76.01520682878473,62.969101950749284,13.046104878035443
kernel,national_draw,1180,"",55.81977157810285,62.969101950749284,-7.149330372646432
kernel,national_draw,1181,"",72.00226700385036,62.969101950749284,9.03316505310108
kernel,national_draw,1182,"",69.55234845251688,62.969101950749284,6.583246501767597
kernel,national_draw,1183,"",70.62761488698486,62.969101950749284,7.658512936235574
kernel,national_draw,1184,"",62.178120458250916,62.969101950749284,-0.7909814924983678
kernel,national_draw,1185,"",72.23574679497634,62.969101950749284,9.266644844227052
kernel,national_draw,1186,"",69.40309072131056,62.969101950749284,6.433988770561278
kernel,national_draw,1187,"",66.0809324437146,62.969101950749284,3.1118304929653178
kernel,national_draw,1188,"",69.72608083226454,62.969101950749284,6.756978881515259
kernel,national_draw,1189,"",63.66875651034769,62.969101950749284,0.6996545595984074
kernel,national_draw,1190,"",73.77044321596466,62.969101950749284,10.801341265215378
kernel,national_draw,1191,"",78.9094730924172,62.969101950749284,15.940371141667917
kernel,national_draw,1192,"",63.74302759319842,62.969101950749284,0.7739256424491359
kernel,national_draw,1193,"",69.3256042102397,62.969101950749284,6.356502259490419
kernel,national_draw,1194,"",69.20700499850204,62.969101950749284,6.237903047752759
kernel,national_draw,1195,"",73.23131077358424,62.969101950749284,10.262208822834957
kernel,national_draw,1196,"",65.73365003800923,62.969101950749284,2.7645480872599464
kernel,national_draw,1197,"",70.23301513520298,62.969101950749284,7.263913184453692
kernel,national_draw,1198,"",72.27355404466593,62.969101950749284,9.304452093916645
kernel,national_draw,1199,"",64.14694354619814,62.969101950749284,1.1778415954488608
kernel,national_draw,1200,"",61.734608341799515,62.969101950749284,-1.2344936089497693
kernel,national_draw,1201,"",69.07932502968038,62.969101950749284,6.110223078931092
kernel,national_draw,1202,"",62.264071416761304,62.969101950749284,-0.7050305339879799
kernel,national_draw,1203,"",64.82374386688228,62.969101950749284,1.854641916132998
kernel,national_draw,1204,"",78.54494094149355,62.969101950749284,15.575838990744266
kernel,national_draw,1205,"",62.78245015122553,62.969101950749284,-0.18665179952375155
kernel,national_draw,1206,"",72.7248358175344,62.969101950749284,9.755733866785114
kernel,national_draw,1207,"",58.42214251438038,62.969101950749284,-4.546959436368901
kernel,national_draw,1208,"",69.83637025104277,62.969101950749284,6.867268300293482
kernel,national_draw,1209,"",75.06577143420495,62.969101950749284,12.096669483455663
kernel,national_draw,1210,"",74.66762386248456,62.969101950749284,11.698521911735277
kernel,national_draw,1211,"",64.64221874795933,62.969101950749284,1.6731167972100494
kernel,national_draw,1212,"",70.53959802161373,62.969101950749284,7.5704960708644435
kernel,national_draw,1213,"",67.19665602851589,62.969101950749284,4.227554077766605
kernel,national_draw,1214,"",72.18821016269675,62.969101950749284,9.219108211947464
kernel,national_draw,1215,"",66.78015997228592,62.969101950749284,3.811058021536631
kernel,national_draw,1216,"",69.01888513555546,62.969101950749284,6.049783184806181
kernel,national_draw,1217,"",67.0028024084273,62.969101950749284,4.033700457678016
kernel,national_draw,1218,"",68.83772241593658,62.969101950749284,5.868620465187298
kernel,national_draw,1219,"",60.63087624989385,62.969101950749284,-2.338225700855432
kernel,national_draw,1220,"",64.21281481333239,62.969101950749284,1.2437128625831022
kernel,national_draw,1221,"",71.40329020250712,62.969101950749284,8.434188251757838
kernel,national_draw,1222,"",67.08029584432563,62.969101950749284,4.111193893576349
kernel,national_draw,1223,"",62.75451308895109,62.969101950749284,-0.21458886179819103
kernel,national_draw,1224,"",64.81045743125048,62.969101950749284,1.8413554805011998
kernel,national_draw,1225,"",62.22506848019588,62.969101950749284,-0.7440334705534042
kernel,national_draw,1226,"",68.58386054930178,62.969101950749284,5.614758598552491
kernel,national_draw,1227,"",67.18928801209185,62.969101950749284,4.220186061342567
kernel,national_draw,1228,"",79.96948413197714,62.969101950749284,17.000382181227856
kernel,national_draw,1229,"",64.74921194886366,62.969101950749284,1.7801099981143764
kernel,national_draw,1230,"",74.62760759283326,62.969101950749284,11.658505642083973
kernel,national_draw,1231,"",66.52274105260932,62.969101950749284,3.5536391018600355
kernel,national_draw,1232,"",66.0589830489226,62.969101950749284,3.089881098173315
kernel,national_draw,1233,"",70.49076644659796,62.969101950749284,7.521664495848675
kernel,national_draw,1234,"",65.20219030446135,62.969101950749284,2.23308835371207
kernel,national_draw,1235,"",67.5190021305155,62.969101950749284,4.549900179766219
kernel,national_draw,1236,"",71.4507114209956,62.969101950749284,8.481609470246319
kernel,national_draw,1237,"",65.04981409261943,62.969101950749284,2.080712141870144
kernel,national_draw,1238,"",68.9376130521364,62.969101950749284,5.968511101387115
kernel,national_draw,1239,"",72.2243300627604,62.969101950749284,9.255228112011118
kernel,national_draw,1240,"",63.818515137407395,62.969101950749284,0.8494131866581114
kernel,national_draw,1241,"",61.22603747130323,62.969101950749284,-1.7430644794460548
kernel,national_draw,1242,"",68.36420502207416,62.969101950749284,5.3951030713248755
kernel,national_draw,1243,"",63.318071706080595,62.969101950749284,0.3489697553313107
kernel,national_draw,1244,"",67.46493538593529,62.969101950749284,4.495833435186007
kernel,national_draw,1245,"",71.38968522481187,62.969101950749284,8.420583274062587
kernel,national_draw,1246,"",62.36895716184008,62.969101950749284,-0.6001447889092049
kernel,national_draw,1247,"",66.20273092574163,62.969101950749284,3.2336289749923495
kernel,national_draw,1248,"",59.435106276135016,62.969101950749284,-3.5339956746142676
kernel,national_draw,1249,"",76.33030956125471,62.969101950749284,13.361207610505424
kernel,national_draw,1250,"",75.66975026925459,62.969101950749284,12.700648318505309
kernel,national_draw,1251,"",61.062140654833385,62.969101950749284,-1.9069612959158988
kernel,national_draw,1252,"",59.655964415065945,62.969101950749284,-3.313137535683339
kernel,national_draw,1253,"",65.85332028972832,62.969101950749284,2.884218338979032
kernel,national_draw,1254,"",69.01366612392177,62.969101950749284,6.044564173172482
kernel,national_draw,1255,"",67.00557926424123,62.969101950749284,4.03647731349195
kernel,national_draw,1256,"",70.38518360222092,62.969101950749284,7.416081651471636
kernel,national_draw,1257,"",64.92605126786782,62.969101950749284,1.9569493171185357
kernel,national_draw,1258,"",62.228066930488744,62.969101950749284,-0.74103502026054
kernel,national_draw,1259,"",70.03931386131865,62.969101950749284,7.070211910569363
kernel,national_draw,1260,"",65.08716661197207,62.969101950749284,2.118064661222782
kernel,national_draw,1261,"",66.57154723659104,62.969101950749284,3.6024452858417604
kernel,national_draw,1262,"",70.76897369832807,62.969101950749284,7.799871747578784
kernel,national_draw,1263,"",69.7986276330762,62.969101950749284,6.82952568232691
kernel,national_draw,1264,"",65.50294479442138,62.969101950749284,2.5338428436720974
kernel,national_draw,1265,"",69.91768849997827,62.969101950749284,6.948586549228985
kernel,national_draw,1266,"",60.59835033528515,62.969101950749284,-2.370751615464137
kernel,national_draw,1267,"",70.14603237740015,62.969101950749284,7.176930426650863
kernel,national_draw,1268,"",64.2738387012403,62.969101950749284,1.30473675049101
kernel,national_draw,1269,"",60.532476759875074,62.969101950749284,-2.43662519087421
kernel,national_draw,1270,"",71.56471023901987,62.969101950749284,8.59560828827059
kernel,national_draw,1271,"",66.28845798149727,62.969101950749284,3.31935603074799
kernel,national_draw,1272,"",62.664848114643014,62.969101950749284,-0.30425383610626966
kernel,national_draw,1273,"",66.38240711573111,62.969101950749284,3.4133051649818285
kernel,national_draw,1274,"",80.12182802795756,62.969101950749284,17.15272607720828
kernel,national_draw,1275,"",76.13544260808023,62.969101950749284,13.166340657330942
kernel,national_draw,1276,"",59.860881601169694,62.969101950749284,-3.1082203495795895
kernel,national_draw,1277,"",64.92197485276606,62.969101950749284,1.9528729020167717
kernel,national_draw,1278,"",76.42704478440578,62.969101950749284,13.457942833656496
kernel,national_draw,1279,"",67.35147439617755,62.969101950749284,4.382372445428267
kernel,national_draw,1280,"",66.75007390522113,62.969101950749284,3.7809719544718448
kernel,national_draw,1281,"",66.90749369973426,62.969101950749284,3.9383917489849765
kernel,national_draw,1282,"",68.6317249567481,62.969101950749284,5.662623005998817
kernel,national_draw,1283,"",61.545694431970134,62.969101950749284,-1.4234075187791504
kernel,national_draw,1284,"",64.55770815356193,62.969101950749284,1.5886062028126489
kernel,national_draw,1285,"",63.081847375002184,62.969101950749284,0.1127454242528998
kernel,national_draw,1286,"",58.75679865133907,62.969101950749284,-4.212303299410216
kernel,national_draw,1287,"",74.18166486194121,62.969101950749284,11.212562911191931
kernel,national_draw,1288,"",64.49601948221726,62.969101950749284,1.52691753146798
kernel,national_draw,1289,"",62.77662867960229,62.969101950749284,-0.1924732711469943
kernel,national_draw,1290,"",76.23149227331214,62.969101950749284,13.262390322562858
kernel,national_draw,1291,"",70.4216197360722,62.969101950749284,7.452517785322918
kernel,national_draw,1292,"",68.6920979108742,62.969101950749284,5.722995960124912
kernel,national_draw,1293,"",63.60607758867536,62.969101950749284,0.6369756379260778
kernel,national_draw,1294,"",70.16664758876699,62.969101950749284,7.197545638017708
kernel,national_draw,1295,"",74.04338990709628,62.969101950749284,11.074287956347
kernel,national_draw,1296,"",70.03497430277316,62.969101950749284,7.065872352023881
kernel,national_draw,1297,"",70.23379533243084,62.969101950749284,7.26469338168156
kernel,national_draw,1298,"",67.46181459702386,62.969101950749284,4.492712646274576
kernel,national_draw,1299,"",67.5876525617395,62.969101950749284,4.618550610990219
kernel,national_draw,1300,"",53.664612924419494,62.969101950749284,-9.30448902632979
kernel,national_draw,1301,"",71.05093882309649,62.969101950749284,8.081836872347203
kernel,national_draw,1302,"",74.21543955376966,62.969101950749284,11.246337603020372
kernel,national_draw,1303,"",65.47895257552683,62.969101950749284,2.509850624777549
kernel,national_draw,1304,"",60.755943250484925,62.969101950749284,-2.2131587002643585
kernel,national_draw,1305,"",64.14667578620279,62.969101950749284,1.177573835453508
kernel,national_draw,1306,"",63.83192391165776,62.969101950749284,0.8628219609084766
kernel,national_draw,1307,"",64.41453272914676,62.969101950749284,1.4454307783974727
kernel,national_draw,1308,"",63.762087026661206,62.969101950749284,0.7929850759119219
kernel,national_draw,1309,"",71.52239031009816,62.969101950749284,8.553288359348876
kernel,national_draw,1310,"",66.47649705479009,62.969101950749284,3.5073951040408033
kernel,national_draw,1311,"",68.20940512061907,62.969101950749284,5.240303169869783
kernel,national_draw,1312,"",74.63315207135786,62.969101950749284,11.664050120608572
kernel,national_draw,1313,"",69.42657742780007,62.969101950749284,6.457475477050785
kernel,national_draw,1314,"",69.02727802644448,62.969101950749284,6.058176075695194
kernel,national_draw,1315,"",63.967087310694545,62.969101950749284,0.997985359945261
kernel,national_draw,1316,"",64.6180580249298,62.969101950749284,1.6489560741805107
kernel,national_draw,1317,"",68.68999045504864,62.969101950749284,5.72088850429936
kernel,national_draw,1318,"",62.99479306064886,62.969101950749284,0.025691109899575792
kernel,national_draw,1319,"",65.56361320785268,62.969101950749284,2.594511257103399
kernel,national_draw,1320,"",69.53758933691061,62.969101950749284,6.56848738616133
kernel,national_draw,1321,"",62.68774159424625,62.969101950749284,-0.28136035650303626
kernel,national_draw,1322,"",67.95784229670305,62.969101950749284,4.988740345953765
kernel,national_draw,1323,"",70.1873620559942,62.969101950749284,7.218260105244916
kernel,national_draw,1324,"",65.13167016982146,62.969101950749284,2.1625682190721776
kernel,national_draw,1325,"",67.01860948125679,62.969101950749284,4.049507530507505
kernel,national_draw,1326,"",58.46462633088547,62.969101950749284,-4.504475619863811
kernel,national_draw,1327,"",64.07799303911726,62.969101950749284,1.108891088367976
kernel,national_draw,1328,"",68.26640799204495,62.969101950749284,5.297306041295663
kernel,national_draw,1329,"",64.23023767923733,62.969101950749284,1.2611357284880498
kernel,national_draw,1330,"",70.04822842254346,62.969101950749284,7.079126471794176
kernel,national_draw,1331,"",71.64364634730701,62.969101950749284,8.674544396557728
kernel,national_draw,1332,"",68.17818569012564,62.969101950749284,5.209083739376361
kernel,national_draw,1333,"",62.76914755766298,62.969101950749284,-0.19995439308630125
kernel,national_draw,1334,"",70.396261017891,62.969101950749284,7.427159067141723
kernel,national_draw,1335,"",64.86747646060711,62.969101950749284,1.898374509857824
kernel,national_draw,1336,"",63.91648297984743,62.969101950749284,0.9473810290981461
kernel,national_draw,1337,"",61.802261597868394,62.969101950749284,-1.1668403528808895
kernel,national_draw,1338,"",64.75025528953523,62.969101950749284,1.7811533387859484
kernel,national_draw,1339,"",60.01022704685723,62.969101950749284,-2.9588749038920525
kernel,national_draw,1340,"",70.07033478009137,62.969101950749284,7.101232829342088
kernel,national_draw,1341,"",72.61667232078828,62.969101950749284,9.647570370038999
kernel,national_draw,1342,"",69.39088686703931,62.969101950749284,6.421784916290029
kernel,national_draw,1343,"",76.16446917654268,62.969101950749284,13.195367225793397
kernel,national_draw,1344,"",62.9298404872918,62.969101950749284,-0.03926146345748549
kernel,national_draw,1345,"",63.85545447538789,62.969101950749284,0.8863525246386033
kernel,national_draw,1346,"",69.2113422487717,62.969101950749284,6.242240298022416
kernel,national_draw,1347,"",82.27173997069737,62.969101950749284,19.302638019948084
kernel,national_draw,1348,"",70.05505861070095,62.969101950749284,7.08595665995167
kernel,national_draw,1349,"",67.27142569894419,62.969101950749284,4.302323748194901
kernel,national_draw,1350,"",66.76825850214736,62.969101950749284,3.7991565513980774
kernel,national_draw,1351,"",80.48313782583362,62.969101950749284,17.51403587508434
kernel,national_draw,1352,"",70.95129055585798,62.969101950749284,7.982188605108696
kernel,national_draw,1353,"",68.0130954950558,62.969101950749284,5.04399354430651
kernel,national_draw,1354,"",65.92911483462161,62.969101950749284,2.9600128838723307
kernel,national_draw,1355,"",60.069595901000724,62.969101950749284,-2.8995060497485596
kernel,national_draw,1356,"",63.575499858860475,62.969101950749284,0.606397908111191
kernel,national_draw,1357,"",70.64418830738728,62.969101950749284,7.675086356637998
kernel,national_draw,1358,"",75.7100573816595,62.969101950749284,12.740955430910212
kernel,national_draw,1359,"",66.42973831146254,62.969101950749284,3.4606363607132593
kernel,national_draw,1360,"",63.275380144751516,62.969101950749284,0.3062781940022319
kernel,national_draw,1361,"",69.40134335651327,62.969101950749284,6.432241405763982
kernel,national_draw,1362,"",67.84143594699636,62.969101950749284,4.872333996247072
kernel,national_draw,1363,"",64.95352436670203,62.969101950749284,1.9844224159527428
kernel,national_draw,1364,"",61.51579071869529,62.969101950749284,-1.4533112320539914
kernel,national_draw,1365,"",62.94429491048956,62.969101950749284,-0.02480704025972358
kernel,national_draw,1366,"",66.15087320112313,62.969101950749284,3.181771250373849
kernel,national_draw,1367,"",79.0644414980073,62.969101950749284,16.095339547258014
kernel,national_draw,1368,"",70.04310405021847,62.969101950749284,7.07400209946919
kernel,national_draw,1369,"",67.40032443739989,62.969101950749284,4.431222486650604
kernel,national_draw,1370,"",68.66546964099086,62.969101950749284,5.69636769024158
kernel,national_draw,1371,"",68.05027027717014,62.969101950749284,5.081168326420858
kernel,national_draw,1372,"",64.00348420385686,62.969101950749284,1.034382253107573
kernel,national_draw,1373,"",70.30989687800849,62.969101950749284,7.3407949272592035
kernel,national_draw,1374,"",68.97051752397992,62.969101950749284,6.001415573230638
kernel,national_draw,1375,"",61.37665246869292,62.969101950749284,-1.5924494820563666
kernel,national_draw,1376,"",65.46745967020878,62.969101950749284,2.4983577194594986
kernel,national_draw,1377,"",66.79136434312622,62.969101950749284,3.8222623923769348
kernel,national_draw,1378,"",61.548683649159706,62.969101950749284,-1.420418301589578
kernel,national_draw,1379,"",64.42292792831161,62.969101950749284,1.4538259775623246
kernel,national_draw,1380,"",65.36115202722362,62.969101950749284,2.392050076474341
kernel,national_draw,1381,"",63.25863591193826,62.969101950749284,0.28953396118897956
kernel,national_draw,1382,"",61.17890247901667,62.969101950749284,-1.7901994717326133
kernel,national_draw,1383,"",70.48465874877277,62.969101950749284,7.515556798023489
kernel,national_draw,1384,"",72.30822896406497,62.969101950749284,9.339127013315682
kernel,national_draw,1385,"",60.91349461671992,62.969101950749284,-2.055607334029361
kernel,national_draw,1386,"",69.82678859810538,62.969101950749284,6.857686647356097
kernel,national_draw,1387,"",66.11155172249428,62.969101950749284,3.1424497717449995
kernel,national_draw,1388,"",55.8097236534494,62.969101950749284,-7.159378297299881
kernel,national_draw,1389,"",65.29890936968165,62.969101950749284,2.3298074189323685
kernel,national_draw,1390,"",64.40813880511965,62.969101950749284,1.4390368543703644
kernel,national_draw,1391,"",62.622959833300015,62.969101950749284,-0.3461421174492685
kernel,national_draw,1392,"",73.78019106476124,62.969101950749284,10.811089114011956
kernel,national_draw,1393,"",59.777384339858166,62.969101950749284,-3.191717610891118
kernel,national_draw,1394,"",70.50986512074971,62.969101950749284,7.5407631700004245
kernel,national_draw,1395,"",62.474657728284036,62.969101950749284,-0.49444422246524766
kernel,national_draw,1396,"",61.56185928755205,62.969101950749284,-1.4072426631972306
kernel,national_draw,1397,"",71.32723482244593,62.969101950749284,8.358132871696647
kernel,national_draw,1398,"",69.327896328131,62.969101950749284,6.35879437738172
kernel,national_draw,1399,"",66.32456864845764,62.969101950749284,3.3554666977083585
kernel,national_draw,1400,"",62.94155960364042,62.969101950749284,-0.02754234710886294
kernel,national_draw,1401,"",62.06933372703286,62.969101950749284,-0.8997682237164213
kernel,national_draw,1402,"",69.92074927371833,62.969101950749284,6.951647322969045
kernel,national_draw,1403,"",63.67783957570751,62.969101950749284,0.7087376249582249
kernel,national_draw,1404,"",64.02611915656802,62.969101950749284,1.057017205818731
kernel,national_draw,1405,"",70.2787143799282,62.969101950749284,7.3096124291789195
kernel,national_draw,1406,"",74.78734258799592,62.969101950749284,11.818240637246639
kernel,national_draw,1407,"",63.07973299434918,62.969101950749284,0.11063104359989495
kernel,national_draw,1408,"",60.826034045821906,62.969101950749284,-2.1430679049273778
kernel,national_draw,1409,"",74.01062854835374,62.969101950749284,11.041526597604452
kernel,national_draw,1410,"",69.59497999867459,62.969101950749284,6.625878047925305
kernel,national_draw,1411,"",66.62241009433023,62.969101950749284,3.6533081435809507
kernel,national_draw,1412,"",68.32341086347081,62.969101950749284,5.354308912721528
kernel,national_draw,1413,"",76.2397120435145,62.969101950749284,13.270610092765217
kernel,national_draw,1414,"",63.092523150679234,62.969101950749284,0.12342119992995038
kernel,national_draw,1415,"",74.11434168931488,62.969101950749284,11.1452397385656
kernel,national_draw,1416,"",66.38326117778527,62.969101950749284,3.414159227035988
kernel,national_draw,1417,"",71.29736573330841,62.969101950749284,8.328263782559127
kernel,national_draw,1418,"",69.97232538868653,62.969101950749284,7.003223437937244
kernel,national_draw,1419,"",65.71351494801337,62.969101950749284,2.744412997264085
kernel,national_draw,1420,"",64.29113922852667,62.969101950749284,1.3220372777773903
kernel,national_draw,1421,"",63.38756004142802,62.969101950749284,0.4184580906787332
kernel,national_draw,1422,"",64.6241172489627,62.969101950749284,1.6550152982134207
kernel,national_draw,1423,"",65.27085920189194,62.969101950749284,2.3017572511426536
kernel,national_draw,1424,"",68.64371644964373,62.969101950749284,5.674614498894449
kernel,national_draw,1425,"",59.05772857026157,62.969101950749284,-3.911373380487717
kernel,national_draw,1426,"",68.51239632985067,62.969101950749284,5.54329437910139
kernel,national_draw,1427,"",66.29302375107332,62.969101950749284,3.3239218003240367
kernel,national_draw,1428,"",66.04532267260761,62.969101950749284,3.076220721858327
kernel,national_draw,1429,"",68.92689111094292,62.969101950749284,5.957789160193634
kernel,national_draw,1430,"",62.66353932225191,62.969101950749284,-0.3055626284973769
kernel,national_draw,1431,"",62.62395700845514,62.969101950749284,-0.34514494229414083
kernel,national_draw,1432,"",62.196000362768636,62.969101950749284,-0.7731015879806478
kernel,national_draw,1433,"",60.653940541907915,62.969101950749284,-2.3151614088413695
kernel,national_draw,1434,"",66.64494348290522,62.969101950749284,3.6758415321559355
kernel,national_draw,1435,"",65.50636104263803,62.969101950749284,2.5372590918887497
kernel,national_draw,1436,"",74.3941508844655,62.969101950749284,11.42504893371622
kernel,national_draw,1437,"",68.45647834806117,62.969101950749284,5.487376397311884
kernel,national_draw,1438,"",65.29132668360617,62.969101950749284,2.3222247328568884
kernel,national_draw,1439,"",63.16657956387852,62.969101950749284,0.19747761312923728
kernel,national_draw,1440,"",64.6010275659146,62.969101950749284,1.631925615165322
kernel,national_draw,1441,"",65.3122742866914,62.969101950749284,2.3431723359421213
kernel,national_draw,1442,"",67.13282296893253,62.969101950749284,4.163721018183246
kernel,national_draw,1443,"",63.898651549121986,62.969101950749284,0.9295495983727022
kernel,national_draw,1444,"",69.1227321565143,62.969101950749284,6.153630205765019
kernel,national_draw,1445,"",71.02446520769323,62.969101950749284,8.055363256943942
kernel,national_draw,1446,"",64.58612533720736,62.969101950749284,1.6170233864580794
kernel,national_draw,1447,"",79.84381697967234,62.969101950749284,16.874715028923056
kernel,national_draw,1448,"",68.46274070036642,62.969101950749284,5.493638749617141
kernel,national_draw,1449,"",65.6881400719014,62.969101950749284,2.719038121152117
kernel,national_draw,1450,"",73.93729462548674,62.969101950749284,10.968192674737459
kernel,national_draw,1451,"",66.77232106759419,62.969101950749284,3.8032191168449074
kernel,national_draw,1452,"",61.52632799782302,62.969101950749284,-1.4427739529262666
kernel,national_draw,1453,"",72.10516532344634,62.969101950749284,9.136063372697059
kernel,national_draw,1454,"",71.21452633060618,62.969101950749284,8.245424379856892
kernel,national_draw,1455,"",62.389048394595314,62.969101950749284,-0.5800535561539704
kernel,national_draw,1456,"",62.943646284983565,62.969101950749284,-0.025455665765719004
kernel,national_draw,1457,"",67.48104022634584,62.969101950749284,4.511938275596556
kernel,national_draw,1458,"",72.83310087841667,62.969101950749284,9.863998927667389
kernel,national_draw,1459,"",67.65747790535696,62.969101950749284,4.688375954607672
kernel,national_draw,1460,"",67.46723673692989,62.969101950749284,4.498134786180607
kernel,national_draw,1461,"",76.65619655836537,62.969101950749284,13.687094607616082
kernel,national_draw,1462,"",66.26968477423642,62.969101950749284,3.30058282348714
kernel,national_draw,1463,"",58.523028017459524,62.969101950749284,-4.44607393328976
kernel,national_draw,1464,"",65.53870691173262,62.969101950749284,2.569604960983334
kernel,national_draw,1465,"",71.22503591042403,62.969101950749284,8.255933959674742
kernel,national_draw,1466,"",62.423487869860516,62.969101950749284,-0.5456140808887682
kernel,national_draw,1467,"",70.59889993575837,62.969101950749284,7.629797985009084
kernel,national_draw,1468,"",61.77645738245353,62.969101950749284,-1.192644568295755
kernel,national_draw,1469,"",63.80921971067194,62.969101950749284,0.8401177599226557
kernel,national_draw,1470,"",68.73171254053246,62.969101950749284,5.762610589783172
kernel,national_draw,1471,"",73.61844786963339,62.969101950749284,10.649345918884102
kernel,national_draw,1472,"",71.81703479395718,62.969101950749284,8.847932843207893
kernel,national_draw,1473,"",64.02410172349954,62.969101950749284,1.0549997727502571
kernel,national_draw,1474,"",67.63533230712007,62.969101950749284,4.666230356370782
kernel,national_draw,1475,"",63.63008596550065,62.969101950749284,0.6609840147513637
kernel,national_draw,1476,"",65.73771491173189,62.969101950749284,2.768612960982601
kernel,national_draw,1477,"",63.67752565019571,62.969101950749284,0.7084236994464277
kernel,national_draw,1478,"",61.32947592744157,62.969101950749284,-1.639626023307713
kernel,national_draw,1479,"",69.12892064399327,62.969101950749284,6.1598186932439845
kernel,national_draw,1480,"",62.827851628369714,62.969101950749284,-0.14125032237956958
kernel,national_draw,1481,"",64.55837986182614,62.969101950749284,1.5892779110768558
kernel,national_draw,1482,"",63.044335584617826,62.969101950749284,0.07523363386854243
kernel,national_draw,1483,"",68.05878550667774,62.969101950749284,5.089683555928453
kernel,national_draw,1484,"",66.5792314868027,62.969101950749284,3.610129536053414
kernel,national_draw,1485,"",80.39054134123151,62.969101950749284,17.421439390482227
kernel,national_draw,1486,"",64.08134927216254,62.969101950749284,1.1122473214132569
kernel,national_draw,1487,"",68.17124470472871,62.969101950749284,5.202142753979423
kernel,national_draw,1488,"",67.31587154989803,62.969101950749284,4.34676959914875
kernel,national_draw,1489,"",59.21455744616425,62.969101950749284,-3.7545445045850343
kernel,national_draw,1490,"",65.70896071981642,62.969101950749284,2.7398587690671334
kernel,national_draw,1491,"",69.62500143401635,62.969101950749284,6.655899483267071
kernel,national_draw,1492,"",68.63859207731875,62.969101950749284,5.669490126569464
kernel,national_draw,1493,"",60.1825583031809,62.969101950749284,-2.7865436475683865
kernel,national_draw,1494,"",61.7748531307572,62.969101950749284,-1.194248819992083
kernel,national_draw,1495,"",63.43608923231109,62.969101950749284,0.46698728156180636
kernel,national_draw,1496,"",64.27748346876334,62.969101950749284,1.308381518014052
kernel,national_draw,1497,"",63.65856316431745,62.969101950749284,0.6894612135681655
kernel,national_draw,1498,"",69.98328277401387,62.969101950749284,7.014180823264589
kernel,national_draw,1499,"",69.89088249285663,62.969101950749284,6.921780542107349
kernel,national_draw,1500,"",71.36653783486821,62.969101950749284,8.397435884118927
kernel,national_draw,1501,"",70.14211984988175,62.969101950749284,7.173017899132468
kernel,national_draw,1502,"",65.90624212950078,62.969101950749284,2.9371401787514984
kernel,national_draw,1503,"",67.48185966426267,62.969101950749284,4.512757713513388
kernel,national_draw,1504,"",66.33105952006929,62.969101950749284,3.361957569320005
kernel,national_draw,1505,"",67.4053680200711,62.969101950749284,4.43626606932181
kernel,national_draw,1506,"",69.99693391722556,62.969101950749284,7.027831966476278
kernel,national_draw,1507,"",64.33779871599387,62.969101950749284,1.3686967652445858
kernel,national_draw,1508,"",64.764878216868,62.969101950749284,1.7957762661187147
kernel,national_draw,1509,"",65.10753714610179,62.969101950749284,2.138435195352507
kernel,national_draw,1510,"",63.39584675162923,62.969101950749284,0.4267448008799448
kernel,national_draw,1511,"",68.62073756383508,62.969101950749284,5.651635613085794
kernel,national_draw,1512,"",65.2450365202705,62.969101950749284,2.275934569521219
kernel,national_draw,1513,"",66.91551957476759,62.969101950749284,3.946417624018302
kernel,national_draw,1514,"",67.59497902919874,62.969101950749284,4.625877078449456
kernel,national_draw,1515,"",64.36671448721687,62.969101950749284,1.3976125364675838
kernel,national_draw,1516,"",65.01350491393836,62.969101950749284,2.0444029631890785
kernel,national_draw,1517,"",66.42709995219792,62.969101950749284,3.4579980014486367
kernel,national_draw,1518,"",64.72909994162602,62.969101950749284,1.7599979908767338
kernel,national_draw,1519,"",57.63816663900199,62.969101950749284,-5.330935311747297
kernel,national_draw,1520,"",67.05656907715063,62.969101950749284,4.087467126401343
kernel,national_draw,1521,"",65.48523801059032,62.969101950749284,2.5161360598410383
kernel,national_draw,1522,"",67.26021440327642,62.969101950749284,4.291112452527138
kernel,national_draw,1523,"",76.2596301555831,62.969101950749284,13.290528204833812
kernel,national_draw,1524,"",71.74569291312464,62.969101950749284,8.776590962375359
kernel,national_draw,1525,"",74.5378618288714,62.969101950749284,11.568759878122115
kernel,national_draw,1526,"",63.410222693449036,62.969101950749284,0.4411207426997521
kernel,national_draw,1527,"",78.63774747919545,62.969101950749284,15.66864552844617
kernel,national_draw,1528,"",70.82852028970986,62.969101950749284,7.859418338960573
kernel,national_draw,1529,"",63.86235391182004,62.969101950749284,0.893251961070753
kernel,national_draw,1530,"",67.3810018604934,62.969101950749284,4.411899909744115
kernel,national_draw,1531,"",65.99133671768118,62.969101950749284,3.022234766931895
kernel,national_draw,1532,"",65.02159311241887,62.969101950749284,2.052491161669586
kernel,national_draw,1533,"",67.47693842021003,62.969101950749284,4.507836469460749
kernel,national_draw,1534,"",66.42379450122073,62.969101950749284,3.4546925504714423
kernel,national_draw,1535,"",78.91723813228263,62.969101950749284,15.94813618153335
kernel,national_draw,1536,"",70.21507290723808,62.969101950749284,7.245970956488797
kernel,national_draw,1537,"",67.96759014549963,62.969101950749284,4.998488194750344
kernel,national_draw,1538,"",63.704105446286775,62.969101950749284,0.7350034955374909
kernel,national_draw,1539,"",67.68069916012692,62.969101950749284,4.711597209377636
kernel,national_draw,1540,"",63.68023094945917,62.969101950749284,0.7111289987098885
kernel,national_draw,1541,"",73.24488343541799,62.969101950749284,10.275781484668705
kernel,national_draw,1542,"",70.99422910270002,62.969101950749284,8.025127151950734
kernel,national_draw,1543,"",74.03515628723898,62.969101950749284,11.066054336489692
kernel,national_draw,1544,"",63.229283876584894,62.969101950749284,0.2601819258356102
kernel,national_draw,1545,"",63.553571238550866,62.969101950749284,0.584469287801582
kernel,national_draw,1546,"",65.29677421454625,62.969101950749284,2.3276722637969627
kernel,national_draw,1547,"",68.7713156288116,62.969101950749284,5.802213678062323
kernel,national_draw,1548,"",67.37352535510574,62.969101950749284,4.404423404356457
kernel,national_draw,1549,"",65.70187200476687,62.969101950749284,2.7327700540175854
kernel,national_draw,1550,"",67.12987530070774,62.969101950749284,4.160773349958454
kernel,national_draw,1551,"",74.71110947069643,62.969101950749284,11.742007519947144
kernel,national_draw,1552,"",64.8805205272776,62.969101950749284,1.9114185765283125
kernel,national_draw,1553,"",58.174046720749104,62.969101950749284,-4.79505523000018
kernel,national_draw,1554,"",68.12931949097255,62.969101950749284,5.160217540223265
kernel,national_draw,1555,"",68.69655057493496,62.969101950749284,5.727448624185676
kernel,national_draw,1556,"",73.55111315562795,62.969101950749284,10.582011204878661
kernel,national_draw,1557,"",66.79605475959664,62.969101950749284,3.826952808847359
kernel,national_draw,1558,"",71.73877731876173,62.969101950749284,8.76967536801245
kernel,national_draw,1559,"",63.89940866359163,62.969101950749284,0.930306712842345
kernel,national_draw,1560,"",70.50268407466727,62.969101950749284,7.533582123917988
kernel,national_draw,1561,"",69.24760295366052,62.969101950749284,6.278501002911234
kernel,national_draw,1562,"",69.73822467136442,62.969101950749284,6.769122720615137
kernel,national_draw,1563,"",65.15762442316476,62.969101950749284,2.188522472415478
kernel,national_draw,1564,"",61.08306055860875,62.969101950749284,-1.886041392140534
kernel,national_draw,1565,"",68.30694593203204,62.969101950749284,5.337843981282752
kernel,national_draw,1566,"",66.24293878228617,62.969101950749284,3.27383683153689
kernel,national_draw,1567,"",60.27513862985225,62.969101950749284,-2.6939633208970335
kernel,national_draw,1568,"",65.08065958242966,62.969101950749284,2.111557631680377
kernel,national_draw,1569,"",72.24643180375668,62.969101950749284,9.277329853007394
kernel,national_draw,1570,"",65.97880508824319,62.969101950749284,3.009703137493908
kernel,national_draw,1571,"",72.12228118866695,62.969101950749284,9.153179237917662
kernel,national_draw,1572,"",76.5551310097721,62.969101950749284,13.586029059022813
kernel,national_draw,1573,"",63.18070159535792,62.969101950749284,0.2115996446086328
kernel,national_draw,1574,"",66.21958595579434,62.969101950749284,3.2504840050450596
kernel,national_draw,1575,"",69.83812915721919,62.969101950749284,6.869027206469902
kernel,national_draw,1576,"",70.17164038937013,62.969101950749284,7.2025384386208415
kernel,national_draw,1577,"",77.3980048510263,62.969101950749284,14.428902900277016
kernel,national_draw,1578,"",63.45269727685084,62.969101950749284,0.48359532610155753
kernel,national_draw,1579,"",66.45888721854357,62.969101950749284,3.489785267794282
kernel,national_draw,1580,"",63.69310882027046,62.969101950749284,0.7240068695211761
kernel,national_draw,1581,"",73.74335790746856,62.969101950749284,10.77425595671928
kernel,national_draw,1582,"",69.35067208566733,62.969101950749284,6.381570134918043
kernel,national_draw,1583,"",69.13343101494958,62.969101950749284,6.164329064200295
kernel,national_draw,1584,"",62.849150089379904,62.969101950749284,-0.11995186136937974
kernel,national_draw,1585,"",61.34036637277006,62.969101950749284,-1.6287355779792207
kernel,national_draw,1586,"",64.9780659552422,62.969101950749284,2.008964004492917
kernel,national_draw,1587,"",72.07248475435756,62.969101950749284,9.103382803608277
kernel,national_draw,1588,"",75.6802621573483,62.969101950749284,12.711160206599011
kernel,national_draw,1589,"",65.0320057446522,62.969101950749284,2.062903793902912
kernel,national_draw,1590,"",68.21850203563382,62.969101950749284,5.249400084884535
kernel,national_draw,1591,"",62.81199839002378,62.969101950749284,-0.1571035607255027
kernel,national_draw,1592,"",66.12802819531217,62.969101950749284,3.1589262445628847
kernel,national_draw,1593,"",69.47633692969632,62.969101950749284,6.507234978947032
kernel,national_draw,1594,"",77.26445493678914,62.969101950749284,14.295352986039852
kernel,national_draw,1595,"",65.23948511691844,62.969101950749284,2.270383166169161
kernel,national_draw,1596,"",65.1957617562969,62.969101950749284,2.2266598055476194
kernel,national_draw,1597,"",68.10797255617011,62.969101950749284,5.138870605420827
kernel,national_draw,1598,"",76.62115693138644,62.969101950749284,13.652054980637153
kernel,national_draw,1599,"",69.79306468834501,62.969101950749284,6.823962737595728
kernel,national_draw,1600,"",64.5242173796596,62.969101950749284,1.5551154289103195
kernel,national_draw,1601,"",71.34435992076982,62.969101950749284,8.375257970020535
kernel,national_draw,1602,"",71.73604662846425,62.969101950749284,8.766944677714967
kernel,national_draw,1603,"",69.57586055004043,62.969101950749284,6.6067585992911475
kernel,national_draw,1604,"",64.0843477224554,62.969101950749284,1.115245771706121
kernel,national_draw,1605,"",73.92532852362517,62.969101950749284,10.956226572875885
kernel,national_draw,1606,"",71.33114965824015,62.969101950749284,8.362047707490866
kernel,national_draw,1607,"",59.60273095805749,62.969101950749284,-3.3663709926917917
kernel,national_draw,1608,"",66.03413445969807,62.969101950749284,3.065032508948782
kernel,national_draw,1609,"",64.70146757176009,62.969101950749284,1.732365621010807
kernel,national_draw,1610,"",68.0662089217215,62.969101950749284,5.097106970972213
kernel,national_draw,1611,"",68.69981678522318,62.969101950749284,5.730714834473893
kernel,national_draw,1612,"",60.267772921704044,62.969101950749284,-2.7013290290452403
kernel,national_draw,1613,"",62.1441080140128,62.969101950749284,-0.8249939367364831
kernel,national_draw,1614,"",70.69023379348582,62.969101950749284,7.721131842736533
kernel,national_draw,1615,"",66.52555945738806,62.969101950749284,3.556457506638772
kernel,national_draw,1616,"",64.94529997994802,62.969101950749284,1.9761980291987342
kernel,national_draw,1617,"",64.47535348878232,62.969101950749284,1.506251538033034
kernel,national_draw,1618,"",64.50977680611678,62.969101950749284,1.5406748553674916
kernel,national_draw,1619,"",63.732647276826604,62.969101950749284,0.7635453260773204
kernel,national_draw,1620,"",72.29480864843549,62.969101950749284,9.325706697686208
kernel,national_draw,1621,"",71.20762227762239,62.969101950749284,8.238520326873108
kernel,national_draw,1622,"",59.316823298184985,62.969101950749284,-3.6522786525642985
kernel,national_draw,1623,"",64.3299667361296,62.969101950749284,1.360864785380322
kernel,national_draw,1624,"",77.7562423337832,62.969101950749284,14.787140383033922
kernel,national_draw,1625,"",69.58266534716387,62.969101950749284,6.613563396414584
kernel,national_draw,1626,"",62.15559861105504,62.969101950749284,-0.8135033396942433
kernel,national_draw,1627,"",73.023286648224,62.969101950749284,10.054184697474717
kernel,national_draw,1628,"",71.40048103083167,62.969101950749284,8.431379080082387
kernel,national_draw,1629,"",64.32504549207697,62.969101950749284,1.355943541327683
kernel,national_draw,1630,"",72.45610172977804,62.969101950749284,9.486999779028757
kernel,national_draw,1631,"",62.81150672727368,62.969101950749284,-0.15759522347560306
kernel,national_draw,1632,"",63.27807390263587,62.969101950749284,0.30897195188658344
kernel,national_draw,1633,"",76.97155320117577,62.969101950749284,14.002451250426482
kernel,national_draw,1634,"",62.9428337718942,62.969101950749284,-0.02626817885508359
kernel,national_draw,1635,"",63.358182615040604,62.969101950749284,0.3890806642913205
kernel,national_draw,1636,"",71.88305379074404,62.969101950749284,8.913951839994759
kernel,national_draw,1637,"",75.88998748198938,62.969101950749284,12.920885531240096
kernel,national_draw,1638,"",64.76319086724209,62.969101950749284,1.7940889164928038
kernel,national_draw,1639,"",68.42912758784553,62.969101950749284,5.460025637096244
kernel,national_draw,1640,"",84.1471402112982,62.969101950749284,21.17803826054891
kernel,national_draw,1641,"",68.35492113671782,62.969101950749284,5.385819185968536
kernel,national_draw,1642,"",62.228826353234204,62.969101950749284,-0.7402755975150797
kernel,national_draw,1643,"",69.12416559579981,62.969101950749284,6.155063645050525
kernel,national_draw,1644,"",62.475345594479016,62.969101950749284,-0.4937563562702678
kernel,national_draw,1645,"",61.56078824757062,62.969101950749284,-1.4083137031786634
kernel,national_draw,1646,"",62.792927415181886,62.969101950749284,-0.17617453556739804
kernel,national_draw,1647,"",67.94234914938535,62.969101950749284,4.9732471986360665
kernel,national_draw,1648,"",64.97010702020773,62.969101950749284,2.0010050694584507
kernel,national_draw,1649,"",59.47563036646718,62.969101950749284,-3.493471584282105
kernel,national_draw,1650,"",66.49364754414803,62.969101950749284,3.5245455933987486
kernel,national_draw,1651,"",67.22478006113192,62.969101950749284,4.2556781103826395
kernel,national_draw,1652,"",61.96898374394444,62.969101950749284,-1.0001182068048422
kernel,national_draw,1653,"",71.21735627676402,62.969101950749284,8.248254326014738
kernel,national_draw,1654,"",70.57128834037485,62.969101950749284,7.602186389625565
kernel,national_draw,1655,"",61.653615559754925,62.969101950749284,-1.3154863909943586
kernel,national_draw,1656,"",68.25523132051451,62.969101950749284,5.286129369765227
kernel,national_draw,1657,"",63.736730616755835,62.969101950749284,0.7676286660065514
kernel,national_draw,1658,"",75.8036695076233,62.969101950749284,12.834567556874013
kernel,national_draw,1659,"",70.37195025693302,62.969101950749284,7.402848306183735
kernel,national_draw,1660,"",67.52269768010663,62.969101950749284,4.5535957293573475
kernel,national_draw,1661,"",64.49014492025012,62.969101950749284,1.521042969500833
kernel,national_draw,1662,"",59.45249682617845,62.969101950749284,-3.5166051245708374
kernel,national_draw,1663,"",69.83625483725166,62.969101950749284,6.8671528865023745
kernel,national_draw,1664,"",68.13743308048711,62.969101950749284,5.16833112973783
kernel,national_draw,1665,"",66.51726120580774,62.969101950749284,3.548159255058458
kernel,national_draw,1666,"",65.01975572486451,62.969101950749284,2.0506537741152258
kernel,national_draw,1667,"",64.96415397686263,62.969101950749284,1.995052026113349
kernel,national_draw,1668,"",65.94422249987703,62.969101950749284,2.9751205491277446
kernel,national_draw,1669,"",65.16308118720812,62.969101950749284,2.193979236458837
kernel,national_draw,1670,"",70.29803926511053,62.969101950749284,7.328937314361248
kernel,national_draw,1671,"",61.6262024760921,62.969101950749284,-1.3428994746571874
kernel,national_draw,1672,"",65.43370344458693,62.969101950749284,2.464601493837641
kernel,national_draw,1673,"",60.84364849862007,62.969101950749284,-2.1254534521292143
kernel,national_draw,1674,"",62.493677921057845,62.969101950749284,-0.47542402969143893
kernel,national_draw,1675,"",74.59723529956653,62.969101950749284,11.62813334881725
kernel,national_draw,1676,"",66.15694858308682,62.969101950749284,3.187846632337532
kernel,national_draw,1677,"",68.33242929710762,62.969101950749284,5.363327346358339
kernel,national_draw,1678,"",63.390777777923965,62.969101950749284,0.4216758271746812
kernel,national_draw,1679,"",69.84765771981266,62.969101950749284,6.878555769063375
kernel,national_draw,1680,"",72.46511785513903,62.969101950749284,9.496015904389743
kernel,national_draw,1681,"",67.3920492685778,62.969101950749284,4.422947317828509
kernel,national_draw,1682,"",76.41757854525947,62.969101950749284,13.44847659451019
kernel,national_draw,1683,"",71.09426977682828,62.969101950749284,8.125167826079
kernel,national_draw,1684,"",64.95222711569002,62.969101950749284,1.9831251649407378
kernel,national_draw,1685,"",64.70669119994541,62.969101950749284,1.7375892491961267
kernel,national_draw,1686,"",74.98429391423772,62.969101950749284,12.01519196348844
kernel,national_draw,1687,"",69.96519974122381,62.969101950749284,6.996097790474529
kernel,national_draw,1688,"",69.08029450552566,62.969101950749284,6.111192554776373
kernel,national_draw,1689,"",57.64971955949141,62.969101950749284,-5.319382391257875
kernel,national_draw,1690,"",64.97887846833159,62.969101950749284,2.009776517582303
kernel,national_draw,1691,"",74.9490673169172,62.969101950749284,11.97996536616791
kernel,national_draw,1692,"",61.81646903555319,62.969101950749284,-1.1526329151960937
kernel,national_draw,1693,"",72.20927087129726,62.969101950749284,9.24016892054798
kernel,national_draw,1694,"",65.36755749262984,62.969101950749284,2.3984555418805584
kernel,national_draw,1695,"",66.85117407795173,62.969101950749284,3.8820721272024414
kernel,national_draw,1696,"",61.64067305722061,62.969101950749284,-1.3284288935286739
kernel,national_draw,1697,"",63.81713478846579,62.969101950749284,0.8480328377165094
kernel,national_draw,1698,"",70.7723784051656,62.969101950749284,7.803276454416313
kernel,national_draw,1699,"",60.12824688136356,62.969101950749284,-2.840855069385725
kernel,national_draw,1700,"",71.87138083991186,62.969101950749284,8.90227888916258
kernel,national_draw,1701,"",58.6360019610188,62.969101950749284,-4.333099989730485
kernel,national_draw,1702,"",65.18372178960902,62.969101950749284,2.21461983885974
kernel,national_draw,1703,"",55.355745814420764,62.969101950749284,-7.61335613632852
kernel,national_draw,1704,"",63.32988777001374,62.969101950749284,0.3607858192644571
kernel,national_draw,1705,"",70.76453719219805,62.969101950749284,7.795435241448764
kernel,national_draw,1706,"",66.7526130086254,62.969101950749284,3.783511057876119
kernel,national_draw,1707,"",63.85324083887453,62.969101950749284,0.8841388881252428
kernel,national_draw,1708,"",65.5504745018735,62.969101950749284,2.581372551124211
kernel,national_draw,1709,"",67.64576109728415,62.969101950749284,4.676659146534867
kernel,national_draw,1710,"",67.28103505119144,62.969101950749284,4.311933100442154
kernel,national_draw,1711,"",63.57339471131075,62.969101950749284,0.6042927605614636
kernel,national_draw,1712,"",76.3513679615794,62.969101950749284,13.382266010830115
kernel,national_draw,1713,"",67.27121333756855,62.969101950749284,4.30211138681927
kernel,national_draw,1714,"",64.67449536877926,62.969101950749284,1.7053934180299777
kernel,national_draw,1715,"",72.51535517013043,62.969101950749284,9.54625321938115
kernel,national_draw,1716,"",65.89418369660632,62.969101950749284,2.9250817458570353
kernel,national_draw,1717,"",65.97586665312171,62.969101950749284,3.006764702372429
kernel,national_draw,1718,"",73.21215670081276,62.969101950749284,10.243054750063472
kernel,national_draw,1719,"",71.73739696982014,62.969101950749284,8.768295019070855
kernel,national_draw,1720,"",66.54684868529496,62.969101950749284,3.577746734545677
kernel,national_draw,1721,"",61.21812239350937,62.969101950749284,-1.7509795572399156
kernel,national_draw,1722,"",63.076824566813386,62.969101950749284,0.10772261606410183
kernel,national_draw,1723,"",60.0623109825063,62.969101950749284,-2.906790968242987
kernel,national_draw,1724,"",64.11407139021613,62.969101950749284,1.1449694394668413
kernel,national_draw,1725,"",75.52837991653229,62.969101950749284,12.559277965783004
kernel,national_draw,1726,"",69.83136129250889,62.969101950749284,6.862259341759604
kernel,national_draw,1727,"",62.331576943177566,62.969101950749284,-0.6375250075717176
kernel,national_draw,1728,"",64.00436365694506,62.969101950749284,1.0352617061957758
kernel,national_draw,1729,"",65.38242509719976,62.969101950749284,2.413323146450473
kernel,national_draw,1730,"",69.67676451932614,62.969101950749284,6.707662568576858
kernel,national_draw,1731,"",69.68179194406659,62.969101950749284,6.712689993317305
kernel,national_draw,1732,"",78.8637553814854,62.969101950749284,15.89465343073612
kernel,national_draw,1733,"",76.42015919762855,62.969101950749284,13.451057246879266
kernel,national_draw,1734,"",71.30925797034368,62.969101950749284,8.340156019594396
kernel,national_draw,1735,"",65.8633197405895,62.969101950749284,2.8942177898402193
kernel,national_draw,1736,"",64.14947803305077,62.969101950749284,1.1803760823014855
kernel,national_draw,1737,"",65.27806102245678,62.969101950749284,2.3089590717074984
kernel,national_draw,1738,"",63.12883002108448,62.969101950749284,0.15972807033519842
kernel,national_draw,1739,"",66.79182138173898,62.969101950749284,3.8227194309897
kernel,national_draw,1740,"",72.13421035811538,62.969101950749284,9.165108407366098
kernel,national_draw,1741,"",64.89148945398405,62.969101950749284,1.9223875032347664
kernel,national_draw,1742,"",65.5230544933832,62.969101950749284,2.5539525426339154
kernel,national_draw,1743,"",71.3732641506137,62.969101950749284,8.404162199864423
kernel,national_draw,1744,"",64.54302982760942,62.969101950749284,1.5739278768601324
kernel,national_draw,1745,"",79.11247210131282,62.969101950749284,16.143370150563534
kernel,national_draw,1746,"",64.79424641015214,62.969101950749284,1.825144459402857
kernel,national_draw,1747,"",69.11579809594483,62.969101950749284,6.146696145195541
kernel,national_draw,1748,"",66.48066349264892,62.969101950749284,3.5115615418996313
kernel,national_draw,1749,"",65.73584290004018,62.969101950749284,2.7667409492908988
kernel,national_draw,1750,"",67.17976637432585,62.969101950749284,4.210664423576567
kernel,national_draw,1751,"",70.98552690285084,62.969101950749284,8.016424952101552
kernel,national_draw,1752,"",67.05544725510111,62.969101950749284,4.0863453043518305
kernel,national_draw,1753,"",73.3823089447604,62.969101950749284,10.413206994011112
kernel,national_draw,1754,"",64.1902398757926,62.969101950749284,1.2211379250433154
kernel,national_draw,1755,"",67.55974319877494,62.969101950749284,4.590641248025655
kernel,national_draw,1756,"",62.12915961978912,62.969101950749284,-0.839942330960163
kernel,national_draw,1757,"",68.50008398661579,62.969101950749284,5.530982035866508
kernel,national_draw,1758,"",59.769360773100665,62.969101950749284,-3.199741177648619
kernel,national_draw,1759,"",64.14632492827783,62.969101950749284,1.177222977528551
kernel,national_draw,1760,"",77.39413618074852,62.969101950749284,14.425034229999234
kernel,national_draw,1761,"",70.0111667459444,62.969101950749284,7.04206479519511
kernel,national_draw,1762,"",60.92087417452306,62.969101950749284,-2.048227776226227
kernel,national_draw,1763,"",72.00432367760783,62.969101950749284,9.035221726858545
kernel,national_draw,1764,"",68.53806897354367,62.969101950749284,5.568967022794389
kernel,national_draw,1765,"",69.09569070525883,62.969101950749284,6.126588754509548
kernel,national_draw,1766,"",65.04523678166427,62.969101950749284,2.076134830914988
kernel,national_draw,1767,"",61.71614444349882,62.969101950749284,-1.2529575072504642
kernel,national_draw,1768,"",64.21248011333819,62.969101950749284,1.243378162588904
kernel,national_draw,1769,"",64.67917424387059,62.969101950749284,1.710072293121307
kernel,national_draw,1770,"",69.36324295579428,62.969101950749284,6.394141005044993
kernel,national_draw,1771,"",65.80968464358801,62.969101950749284,2.84058269283873
kernel,national_draw,1772,"",64.14173376766774,62.969101950749284,1.1726318169184609
kernel,national_draw,1773,"",68.29087802403464,62.969101950749284,5.321776073285356
kernel,national_draw,1774,"",73.89477618484432,62.969101950749284,10.925674234095034
kernel,national_draw,1775,"",64.29777321323928,62.969101950749284,1.3286712624899977
kernel,national_draw,1776,"",63.235885545436,62.969101950749284,0.2667835946867143
kernel,national_draw,1777,"",63.728305410005305,62.969101950749284,0.7592034592560211
kernel,national_draw,1778,"",63.881041712875465,62.969101950749284,0.9119397621261811
kernel,national_draw,1779,"",75.37877594395266,62.969101950749284,12.409673993203377
kernel,national_draw,1780,"",64.66469442963879,62.969101950749284,1.6955924788895018
kernel,national_draw,1781,"",61.46627820231202,62.969101950749284,-1.5028237484372653
kernel,national_draw,1782,"",64.64142700935237,62.969101950749284,1.6723250586030858
kernel,national_draw,1783,"",71.43619698262647,62.969101950749284,8.467095031877186
kernel,national_draw,1784,"",57.239381983154715,62.969101950749284,-5.729719967594569
kernel,national_draw,1785,"",68.186989454111,62.969101950749284,5.217887503361716
kernel,national_draw,1786,"",65.33285718219676,62.969101950749284,2.3637552314474775
kernel,national_draw,1787,"",70.32498838533313,62.969101950749284,7.355886434583844
kernel,national_draw,1788,"",64.9042472944526,62.969101950749284,1.9351453437033186
kernel,national_draw,1789,"",66.42340440260679,62.969101950749284,3.454302451857508
kernel,national_draw,1790,"",60.23104363682336,62.969101950749284,-2.738058313925926
kernel,national_draw,1791,"",60.25507971295851,62.969101950749284,-2.714022237790772
kernel,national_draw,1792,"",71.76709062999518,62.969101950749284,8.797988679245897
kernel,national_draw,1793,"",73.13262274908772,62.969101950749284,10.163520798338432
kernel,national_draw,1794,"",70.35832219647956,62.969101950749284,7.389220245730279
kernel,national_draw,1795,"",65.33146990842769,62.969101950749284,2.3623679576784085
kernel,national_draw,1796,"",59.62387707286343,62.969101950749284,-3.3452248778858547
kernel,national_draw,1797,"",65.2764613873121,62.969101950749284,2.3073594365628125
kernel,national_draw,1798,"",71.80294277006348,62.969101950749284,8.833840819314197
kernel,national_draw,1799,"",71.38680911313757,62.969101950749284,8.41770716238829
kernel,national_draw,1800,"",60.90277498380225,62.969101950749284,-2.066326966947031
kernel,national_draw,1801,"",67.35001094930637,62.969101950749284,4.380908998557082
kernel,national_draw,1802,"",61.36359916891914,62.969101950749284,-1.6055027818301468
kernel,national_draw,1803,"",67.6096411972205,62.969101950749284,4.640539246471214
kernel,national_draw,1804,"",63.87948131841975,62.969101950749284,0.9103793676704655
kernel,national_draw,1805,"",62.1875866973972,62.969101950749284,-0.781515253352083
kernel,national_draw,1806,"",70.37877352026305,62.969101950749284,7.409671569513769
kernel,national_draw,1807,"",64.51448799706961,62.969101950749284,1.5453860463203242
kernel,national_draw,1808,"",59.90643542451812,62.969101950749284,-3.062666526231162
kernel,national_draw,1809,"",67.13343697030119,62.969101950749284,4.164335019551906
kernel,national_draw,1810,"",72.54411167032171,62.969101950749284,9.575009719572428
kernel,national_draw,1811,"",67.47970373464486,62.969101950749284,4.510601783895574
kernel,national_draw,1812,"",63.00995150797236,62.969101950749284,0.04084955722307626
kernel,national_draw,1813,"",63.74513504902397,62.969101950749284,0.7760330982746879
kernel,national_draw,1814,"",72.49463839462742,62.969101950749284,9.525536443878131
kernel,national_draw,1815,"",67.64294961733287,62.969101950749284,4.67384766658359
kernel,national_draw,1816,"",66.6603719984999,62.969101950749284,3.6912700477506135
kernel,national_draw,1817,"",67.15946047191915,62.969101950749284,4.190358521169863
kernel,national_draw,1818,"",66.88344377394418,62.969101950749284,3.9143418231948957
kernel,national_draw,1819,"",67.67668506847235,62.969101950749284,4.707583117723068
kernel,national_draw,1820,"",69.23816672209992,62.969101950749284,6.269064771350635
kernel,national_draw,1821,"",60.64738273029743,62.969101950749284,-2.321719220451854
kernel,national_draw,1822,"",66.129223882188,62.969101950749284,3.1601219314387166
kernel,national_draw,1823,"",80.67075679292681,62.969101950749284,17.701654842177525
kernel,national_draw,1824,"",61.619217633454525,62.969101950749284,-1.3498843172947588
kernel,national_draw,1825,"",63.5972830577933,62.969101950749284,0.6281811070440142
kernel,national_draw,1826,"",69.26247055823043,62.969101950749284,6.293368607481149
kernel,national_draw,1827,"",66.34769526391891,62.969101950749284,3.378593313169624
kernel,national_draw,1828,"",62.68455155706015,62.969101950749284,-0.2845503936891305
kernel,national_draw,1829,"",64.8161496394277,62.969101950749284,1.8470476886784226
kernel,national_draw,1830,"",70.82954516417485,62.969101950749284,7.860443213425562
kernel,national_draw,1831,"",62.29101130388061,62.969101950749284,-0.6780906468686752
kernel,national_draw,1832,"",61.80635878745255,62.969101950749284,-1.1627431632967316
kernel,national_draw,1833,"",76.56220587516674,62.969101950749284,13.593103924417456
kernel,national_draw,1834,"",62.44583890464557,62.969101950749284,-0.5232630461037147
kernel,national_draw,1835,"",70.14963790423421,62.969101950749284,7.180535953484927
kernel,national_draw,1836,"",64.80320252034174,62.969101950749284,1.834100569592458
kernel,national_draw,1837,"",61.87753216415008,62.969101950749284,-1.0915697865992016
kernel,national_draw,1838,"",63.5152007695607,62.969101950749284,0.5460988188114158
kernel,national_draw,1839,"",66.50893063836591,62.969101950749284,3.5398286876166267
kernel,national_draw,1840,"",64.83176512536396,62.969101950749284,1.8626631746146742
kernel,national_draw,1841,"",56.86461493723601,62.969101950749284,-6.104487013513271
kernel,national_draw,1842,"",74.1476224101174,62.969101950749284,11.178520459368123
kernel,national_draw,1843,"",78.16241578053689,62.969101950749284,15.193313829787606
kernel,national_draw,1844,"",70.95506227855122,62.969101950749284,7.985960327801941
kernel,national_draw,1845,"",68.06596193620854,62.969101950749284,5.096859985459254
kernel,national_draw,1846,"",73.63444422108029,62.969101950749284,10.665342270331003
kernel,national_draw,1847,"",68.2670935499641,62.969101950749284,5.297991599214818
kernel,national_draw,1848,"",66.76726363526805,62.969101950749284,3.7981616845187673
kernel,national_draw,1849,"",68.77830739627665,62.969101950749284,5.809205445527361
kernel,national_draw,1850,"",68.687118959926,62.969101950749284,5.718017009176712
kernel,national_draw,1851,"",67.15813552159729,62.969101950749284,4.189033570848004
kernel,national_draw,1852,"",64.05920598220149,62.969101950749284,1.0901040314522064
kernel,national_draw,1853,"",68.5760470356441,62.969101950749284,5.606945084894811
kernel,national_draw,1854,"",70.09515567000602,62.969101950749284,7.126053719256738
kernel,national_draw,1855,"",70.50444298084369,62.969101950749284,7.535341030094408
kernel,national_draw,1856,"",67.49743360123414,62.969101950749284,4.528331650484851
kernel,national_draw,1857,"",64.17046256854915,62.969101950749284,1.201360617799871
kernel,national_draw,1858,"",64.360953030765,62.969101950749284,1.3918510800157193
kernel,national_draw,1859,"",62.32387653503516,62.969101950749284,-0.6452254157141226
kernel,national_draw,1860,"",76.35362545533337,62.969101950749284,13.384523504584088
kernel,national_draw,1861,"",67.31091106515642,62.969101950749284,4.341809114407134
kernel,national_draw,1862,"",65.04159201414123,62.969101950749284,2.072490063391946
kernel,national_draw,1863,"",74.52224634293513,62.969101950749284,11.55314439218585
kernel,national_draw,1864,"",62.613627474151414,62.969101950749284,-0.3554744765978697
kernel,national_draw,1865,"",69.68153803372617,62.969101950749284,6.712436082976886
kernel,national_draw,1866,"",68.9395058383105,62.969101950749284,5.970403887561211
kernel,national_draw,1867,"",67.86815423963675,62.969101950749284,4.899052288887468
kernel,national_draw,1868,"",77.72134812818105,62.969101950749284,14.752246177431765
kernel,national_draw,1869,"",59.779464096373836,62.969101950749284,-3.189637854375448
kernel,national_draw,1870,"",75.26936597826264,62.969101950749284,12.300264027513357
kernel,national_draw,1871,"",65.53819909105177,62.969101950749284,2.569097140302482
kernel,national_draw,1872,"",70.29651580306798,62.969101950749284,7.327413852318692
kernel,national_draw,1873,"",67.41876525294236,62.969101950749284,4.4496633021930805
kernel,national_draw,1874,"",71.21845039950368,62.969101950749284,8.249348448754397
kernel,national_draw,1875,"",60.98152873829944,62.969101950749284,-1.9875732124498455
kernel,national_draw,1876,"",68.70900603127082,62.969101950749284,5.739904080521534
kernel,national_draw,1877,"",62.971931896907144,62.969101950749284,0.0028299461578598084
kernel,national_draw,1878,"",74.44315096361629,62.969101950749284,11.474049012867006
kernel,national_draw,1879,"",61.18732306921557,62.969101950749284,-1.781778881533711
kernel,national_draw,1880,"",70.72643909975488,62.969101950749284,7.7573371490056005
kernel,national_draw,1881,"",73.02877341985305,62.969101950749284,10.059671469103769
kernel,national_draw,1882,"",62.53618020376951,62.969101950749284,-0.4329217469797726
kernel,national_draw,1883,"",68.33238543986701,62.969101950749284,5.363283489117727
kernel,national_draw,1884,"",61.73053192669775,62.969101950749284,-1.2385700240515334
kernel,national_draw,1885,"",64.66795833165118,62.969101950749284,1.6988563809018942
kernel,national_draw,1886,"",62.51585121860459,62.969101950749284,-0.4532507321446957
kernel,national_draw,1887,"",66.56658675184943,62.969101950749284,3.597484801100144
kernel,national_draw,1888,"",63.84058917909379,62.969101950749284,0.8714872283445061
kernel,national_draw,1889,"",68.92407270616417,62.969101950749284,5.954970755414884
kernel,national_draw,1890,"",78.49243689964487,62.969101950749284,15.523334948895588
kernel,national_draw,1891,"",72.56946577195126,62.969101950749284,9.600363821201974
kernel,national_draw,1892,"",68.54252625415607,62.969101950749284,5.573424303406789
kernel,national_draw,1893,"",68.65561791978229,62.969101950749284,5.686515969033003
kernel,national_draw,1894,"",67.57962899498202,62.969101950749284,4.610527044232732
kernel,national_draw,1895,"",70.54218098225861,62.969101950749284,7.57307903150933
kernel,national_draw,1896,"",65.99815767273537,62.969101950749284,3.02905572198609
kernel,national_draw,1897,"",65.78833540050975,62.969101950749284,2.8192334497604676
kernel,national_draw,1898,"",65.35364320597445,62.969101950749284,2.384541255225166
kernel,national_draw,1899,"",63.89044793685037,62.969101950749284,0.9213459861010875
kernel,national_draw,1900,"",64.27707952049447,62.969101950749284,1.3079775697451836
kernel,national_draw,1901,"",64.17381418504279,62.969101950749284,1.2047122342935026
kernel,national_draw,1902,"",67.71251412578243,62.969101950749284,4.74341217503315
kernel,national_draw,1903,"",71.46052390151519,62.969101950749284,8.491421950765904
kernel,national_draw,1904,"",63.57396716371463,62.969101950749284,0.6048652129653433
kernel,national_draw,1905,"",72.40658459684313,62.969101950749284,9.437482646093848
kernel,national_draw,1906,"",65.23501629492692,62.969101950749284,2.265914344177638
kernel,national_draw,1907,"",64.42876094131395,62.969101950749284,1.4596589905646695
kernel,national_draw,1908,"",74.52330122498581,62.969101950749284,11.554199274236531
kernel,national_draw,1909,"",63.282875116345764,62.969101950749284,0.31377316559647994
kernel,national_draw,1910,"",61.22357454100108,62.969101950749284,-1.745527409748206
kernel,national_draw,1911,"",67.19561499612013,62.969101950749284,4.226513045370844
kernel,national_draw,1912,"",63.880109169443344,62.969101950749284,0.9110072186940599
kernel,national_draw,1913,"",75.33157862821892,62.969101950749284,12.362476677469637
kernel,national_draw,1914,"",62.6370818647794,62.969101950749284,-0.3320200859698872
kernel,national_draw,1915,"",66.2377220789283,62.969101950749284,3.268620128179016
kernel,national_draw,1916,"",84.34725618369202,62.969101950749284,21.37815423294274
kernel,national_draw,1917,"",67.3980230864053,62.969101950749284,4.428921135656019
kernel,national_draw,1918,"",66.31419294863747,62.969101950749284,3.3450909978881853
kernel,national_draw,1919,"",68.94883819745911,62.969101950749284,5.979736246709827
kernel,national_draw,1920,"",72.83328784875826,62.969101950749284,9.864185898008976
kernel,national_draw,1921,"",69.66127598856009,62.969101950749284,6.692174037810808
kernel,national_draw,1922,"",78.07130813384002,62.969101950749284,15.102206183090736
kernel,national_draw,1923,"",71.11509734957076,62.969101950749284,8.145995398821476
kernel,national_draw,1924,"",63.10464390702089,62.969101950749284,0.13554195627160937
kernel,national_draw,1925,"",66.43838511269199,62.969101950749284,3.4692831619427054
kernel,national_draw,1926,"",61.76729814399159,62.969101950749284,-1.2018038067576953
kernel,national_draw,1927,"",65.59480493903624,62.969101950749284,2.625702988286953
kernel,national_draw,1928,"",62.7608746971167,62.969101950749284,-0.20822725363258598
kernel,national_draw,1929,"",66.49361522828652,62.969101950749284,3.524513277537231
kernel,national_draw,1930,"",67.90409409418629,62.969101950749284,4.934992143437007
kernel,national_draw,1931,"",71.27788619364601,62.969101950749284,8.308784242896728
kernel,national_draw,1932,"",67.90432953832014,62.969101950749284,4.935227587570857
kernel,national_draw,1933,"",72.10877315855623,62.969101950749284,9.139671207806948
kernel,national_draw,1934,"",63.03470314961235,62.969101950749284,0.06560119886306381
kernel,national_draw,1935,"",69.73940189203368,62.969101950749284,6.770299941284399
kernel,national_draw,1936,"",68.27944051733633,62.969101950749284,5.310338566587042
kernel,national_draw,1937,"",63.1700096617501,62.969101950749284,0.2009077110008164
kernel,national_draw,1938,"",73.54890413566623,62.969101950749284,10.57980218491695
kernel,national_draw,1939,"",67.68258271319773,62.969101950749284,4.713480762448448
kernel,national_draw,1940,"",66.8705151210648,62.969101950749284,3.9014131703155144
kernel,national_draw,1941,"",62.557628702708136,62.969101950749284,-0.4114732480411476
kernel,national_draw,1942,"",65.87517504521162,62.969101950749284,2.906073094462336
kernel,national_draw,1943,"",65.69768479242563,62.969101950749284,2.7285828416763493
kernel,national_draw,1944,"",67.86853972169902,62.969101950749284,4.8994377709497385
kernel,national_draw,1945,"",69.13347256391437,62.969101950749284,6.164370613165083
kernel,national_draw,1946,"",63.43811128193122,62.969101950749284,0.4690093311819368
kernel,national_draw,1947,"",69.03914487244572,62.969101950749284,6.070042921696434
kernel,national_draw,1948,"",63.06695207112241,62.969101950749284,0.09785012037312413
kernel,national_draw,1949,"",65.05166763810455,62.969101950749284,2.082565687355263
kernel,national_draw,1950,"",56.26797641930052,62.969101950749284,-6.701125531448767
kernel,national_draw,1951,"",60.4831742965916,62.969101950749284,-2.4859276541576847
kernel,national_draw,1952,"",60.728841784058076,62.969101950749284,-2.2402601666912076
kernel,national_draw,1953,"",71.46483576075082,62.969101950749284,8.495733810001532
kernel,national_draw,1954,"",72.81898346348893,62.969101950749284,9.84988151273965
kernel,national_draw,1955,"",60.818702961811034,62.969101950749284,-2.1503989889382495
kernel,national_draw,1956,"",67.59832372086491,62.969101950749284,4.6292217701156275
kernel,national_draw,1957,"",70.60925486109616,62.969101950749284,7.6401529103468775
kernel,national_draw,1958,"",66.90227237982475,62.969101950749284,3.933170429075467
kernel,national_draw,1959,"",70.45781119268635,62.969101950749284,7.488709241937066
kernel,national_draw,1960,"",61.790168540836596,62.969101950749284,-1.1789334099126876
kernel,national_draw,1961,"",70.16038523646174,62.969101950749284,7.191283285712451
kernel,national_draw,1962,"",74.83052119552345,62.969101950749284,11.861419244774162
kernel,national_draw,1963,"",65.34789098262587,62.969101950749284,2.378789031876586
kernel,national_draw,1964,"",68.91464570770687,62.969101950749284,5.9455437569575835
kernel,national_draw,1965,"",58.157443292761,62.969101950749284,-4.811658657988282
kernel,national_draw,1966,"",70.7317758334555,62.969101950749284,7.762673882706217
kernel,national_draw,1967,"",69.58134270511783,62.969101950749284,6.61224075436855
kernel,national_draw,1968,"",66.16843687185323,62.969101950749284,3.1993349211039472
kernel,national_draw,1969,"",68.33927795147169,62.969101950749284,5.370176000722402
kernel,national_draw,1970,"",66.24593261602739,62.969101950749284,3.276830665278105
kernel,national_draw,1971,"",62.4863283708404,62.969101950749284,-0.48277357990888703
kernel,national_draw,1972,"",70.16098307989965,62.969101950749284,7.191881129150367
kernel,national_draw,1973,"",64.5925954343366,62.969101950749284,1.6234934835873176
kernel,national_draw,1974,"",63.591999414436586,62.969101950749284,0.6228974636873019
kernel,national_draw,1975,"",67.27242518237514,62.969101950749284,4.3033232316258605
kernel,national_draw,1976,"",56.73146204644025,62.969101950749284,-6.2376399043090345
kernel,national_draw,1977,"",59.389780972092964,62.969101950749284,-3.5793209786563196
kernel,national_draw,1978,"",67.2971629743602,62.969101950749284,4.328061023610921
kernel,national_draw,1979,"",69.49565950660282,62.969101950749284,6.526557555853536
kernel,national_draw,1980,"",65.89714983103767,62.969101950749284,2.928047880288382
kernel,national_draw,1981,"",71.38217409528687,62.969101950749284,8.413072144537587
kernel,national_draw,1982,"",61.21801390454573,62.969101950749284,-1.7510880462035558
kernel,national_draw,1983,"",73.50834772947256,62.969101950749284,10.539245778723277
kernel,national_draw,1984,"",63.40557382594339,62.969101950749284,0.43647187519410835
kernel,national_draw,1985,"",69.13244768944938,62.969101950749284,6.1633457387000945
kernel,national_draw,1986,"",59.06353619222988,62.969101950749284,-3.9055657585194012
kernel,national_draw,1987,"",67.03491514166386,62.969101950749284,4.065813190914575
kernel,national_draw,1988,"",69.33598914316318,62.969101950749284,6.366887192413891
kernel,national_draw,1989,"",66.3692984173376,62.969101950749284,3.4001964665883193
kernel,national_draw,1990,"",59.98640794864936,62.969101950749284,-2.982694002099926
kernel,national_draw,1991,"",63.52743693969346,62.969101950749284,0.5583349889441749
kernel,national_draw,1992,"",69.46589890642893,62.969101950749284,6.496796955679649
kernel,national_draw,1993,"",78.05133000660005,62.969101950749284,15.08222805585077
kernel,national_draw,1994,"",66.60958993041449,62.969101950749284,3.6404879796652025
kernel,national_draw,1995,"",67.68875965929757,62.969101950749284,4.71965770854829
kernel,national_draw,1996,"",62.42477588776922,62.969101950749284,-0.5443260629800619
kernel,national_draw,1997,"",57.69352370976672,62.969101950749284,-5.275578240982561
kernel,national_draw,1998,"",64.41516750499781,62.969101950749284,1.446065554248527
kernel,national_draw,1999,"",66.58837225905808,62.969101950749284,3.619270308308792
kernel,national_draw,2000,"",64.19497184122783,62.969101950749284,1.225869890478542
kernel,national_draw,2001,"",79.1796452360107,62.969101950749284,16.210543285261416
kernel,national_draw,2002,"",67.72591597520533,62.969101950749284,4.756814024456041
kernel,national_draw,2003,"",60.411920130240304,62.969101950749284,-2.55718182050898
kernel,national_draw,2004,"",61.24972730606507,62.969101950749284,-1.7193746446842155
kernel,national_draw,2005,"",63.834506872302654,62.969101950749284,0.8654049215533703
kernel,national_draw,2006,"",64.28287560108367,62.969101950749284,1.3137736503343902
kernel,national_draw,2007,"",62.78844474353543,62.969101950749284,-0.18065720721385503
kernel,national_draw,2008,"",70.7476359966289,62.969101950749284,7.778534045879617
kernel,national_draw,2009,"",71.32379779974687,62.969101950749284,8.354695848997586
kernel,national_draw,2010,"",65.9069022963859,62.969101950749284,2.93780034563661
kernel,national_draw,2011,"",72.30491889653614,62.969101950749284,9.335816945786853
kernel,national_draw,2012,"",65.31161873635794,62.969101950749284,2.342516785608659
kernel,national_draw,2013,"",68.97304970255674,62.969101950749284,6.003947751807452
kernel,national_draw,2014,"",65.78871164946875,62.969101950749284,2.819609698719468
kernel,national_draw,2015,"",64.0410260018269,62.969101950749284,1.0719240510776231
kernel,national_draw,2016,"",67.95578331466977,62.969101950749284,4.986681363920489
kernel,national_draw,2017,"",64.84982276711997,62.969101950749284,1.8807208163706903
kernel,national_draw,2018,"",63.76294801354284,62.969101950749284,0.7938460627935555
kernel,national_draw,2019,"",64.88376365480761,62.969101950749284,1.9146617040583251
kernel,national_draw,2020,"",67.12323208289185,62.969101950749284,4.154130132142562
kernel,national_draw,2021,"",65.20109387344587,62.969101950749284,2.2319919226965865
kernel,national_draw,2022,"",61.03020104228348,62.969101950749284,-1.9389009084658042
kernel,national_draw,2023,"",71.23361807993047,62.969101950749284,8.264516129181182
kernel,national_draw,2024,"",69.92631914327696,62.969101950749284,6.957217192527672
kernel,national_draw,2025,"",69.65146350804051,62.969101950749284,6.682361557291223
kernel,national_draw,2026,"",64.67151538469298,62.969101950749284,1.702413433943697
kernel,national_draw,2027,"",69.17515079215755,62.969101950749284,6.206048841408268
kernel,national_draw,2028,"",64.56981736852447,62.969101950749284,1.6007154177751843
kernel,national_draw,2029,"",62.90118324296087,62.969101950749284,-0.06791870778841513
kernel,national_draw,2030,"",64.05634833673378,62.969101950749284,1.0872463859844927
kernel,national_draw,2031,"",71.20491005353145,62.969101950749284,8.235808102782165
kernel,national_draw,2032,"",65.20428391063197,62.969101950749284,2.235181959882688
kernel,national_draw,2033,"",68.35412016500756,62.969101950749284,5.385018214258274
kernel,national_draw,2034,"",61.50088156516058,62.969101950749284,-1.468220385588701
kernel,national_draw,2035,"",69.20837842261616,62.969101950749284,6.23927647186688
kernel,national_draw,2036,"",60.67143265608752,62.969101950749284,-2.297669294661766
kernel,national_draw,2037,"",70.97121097620239,62.969101950749284,8.002109025453102
kernel,national_draw,2038,"",68.83905659936173,62.969101950749284,5.869954648612442
kernel,national_draw,2039,"",68.50504447135741,62.969101950749284,5.535942520608124
kernel,national_draw,2040,"",72.8951011669973,62.969101950749284,9.925999216248023
kernel,national_draw,2041,"",65.03483569081006,62.969101950749284,2.0657337400607716
kernel,national_draw,2042,"",61.473089924262936,62.969101950749284,-1.4960120264863477
kernel,national_draw,2043,"",64.15374141849412,62.969101950749284,1.1846394677448373
kernel,national_draw,2044,"",72.27376640604155,62.969101950749284,9.304664455292261
kernel,national_draw,2045,"",60.31950369115232,62.969101950749284,-2.6495982595969636
kernel,national_draw,2046,"",64.59572776462714,62.969101950749284,1.6266258138778582
kernel,national_draw,2047,"",74.43991476091375,62.969101950749284,11.470812810164468
kernel,national_draw,2048,"",67.99675982706304,62.969101950749284,5.027657876313761
kernel,national_draw,2049,"",60.187544178956564,62.969101950749284,-2.78155777179272
kernel,national_draw,2050,"",66.80302575257929,62.969101950749284,3.8339238018300037
kernel,national_draw,2051,"",74.41108208762034,62.969101950749284,11.44198013687106
kernel,national_draw,2052,"",62.06570511744057,62.969101950749284,-0.9033968333087117
kernel,national_draw,2053,"",66.14019050061863,62.969101950749284,3.1710885498693457
kernel,national_draw,2054,"",61.64788872744038,62.969101950749284,-1.3212132233089022
kernel,national_draw,2055,"",67.9460793231138,62.969101950749284,4.976977372364523
kernel,national_draw,2056,"",70.2724658772779,62.969101950749284,7.303363926528611
kernel,national_draw,2057,"",70.71116985519194,62.969101950749284,7.742067904442656
kernel,national_draw,2058,"",78.0735448531116,62.969101950749284,15.104442902362315
kernel,national_draw,2059,"",66.72650410080203,62.969101950749284,3.757402150052748
kernel,national_draw,2060,"",63.7777579112172,62.969101950749284,0.8086559604679167
kernel,national_draw,2061,"",69.0589360293441,62.969101950749284,6.089834078594812
kernel,national_draw,2062,"",62.927917693532024,62.969101950749284,-0.04118425721726027
kernel,national_draw,2063,"",72.55438349772989,62.969101950749284,9.585281546980603
kernel,national_draw,2064,"",64.09743795464233,62.969101950749284,1.1283360038930468
kernel,national_draw,2065,"",68.33545313843452,62.969101950749284,5.366351187685233
kernel,national_draw,2066,"",69.67829490619617,62.969101950749284,6.709192955446888
kernel,national_draw,2067,"",61.13468745564504,62.969101950749284,-1.834414495104241
kernel,national_draw,2068,"",66.7390126474818,62.969101950749284,3.7699106967325164
kernel,national_draw,2069,"",63.89575927951694,62.969101950749284,0.9266573287676536
kernel,national_draw,2070,"",67.38724574659209,62.969101950749284,4.418143795842802
kernel,national_draw,2071,"",70.99606187370273,62.969101950749284,8.026959922953445
kernel,national_draw,2072,"",70.55064542969812,62.969101950749284,7.581543478948838
kernel,national_draw,2073,"",76.45657686527326,62.969101950749284,13.487474914523979
kernel,national_draw,2074,"",66.28294581883418,62.969101950749284,3.313843868084895
kernel,national_draw,2075,"",64.21180378852233,62.969101950749284,1.2427018377730477
kernel,national_draw,2076,"",63.8893099568701,62.969101950749284,0.9202080061208164
kernel,national_draw,2077,"",67.14030178259601,62.969101950749284,4.171199831846728
kernel,national_draw,2078,"",67.05558344337462,62.969101950749284,4.086481492625332
kernel,national_draw,2079,"",67.98891168926804,62.969101950749284,5.019809738518752
kernel,national_draw,2080,"",70.03369320969193,62.969101950749284,7.064591258942649
kernel,national_draw,2081,"",61.3090269119339,62.969101950749284,-1.6600750388153855
kernel,national_draw,2082,"",69.15743477522321,62.969101950749284,6.188332824473925
kernel,national_draw,2083,"",62.50253477538711,62.969101950749284,-0.4665671753621723
kernel,national_draw,2084,"",62.19727683929823,62.969101950749284,-0.7718251114510508
kernel,national_draw,2085,"",70.64522472323138,62.969101950749284,7.6761227724820955
kernel,national_draw,2086,"",66.45052664351606,62.969101950749284,3.4814246927667725
kernel,national_draw,2087,"",64.84400360377255,62.969101950749284,1.8749016530232652
kernel,national_draw,2088,"",70.800562452953,62.969101950749284,7.8314605022037185
kernel,national_draw,2089,"",69.67542571934935,62.969101950749284,6.706323768600065
kernel,national_draw,2090,"",64.89620756976436,62.969101950749284,1.927105619015073
kernel,national_draw,2091,"",61.2415490848275,62.969101950749284,-1.727552865921787
kernel,national_draw,2092,"",62.082054635088255,62.969101950749284,-0.8870473156610288
kernel,national_draw,2093,"",68.04320233660299,62.969101950749284,5.074100385853704
kernel,national_draw,2094,"",62.11179446077972,62.969101950749284,-0.8573074899695641
kernel,national_draw,2095,"",71.11201118479667,62.969101950749284,8.142909234047387
kernel,national_draw,2096,"",76.71375572426436,62.969101950749284,13.744653773515076
kernel,national_draw,2097,"",70.89513943821044,62.969101950749284,7.926037487461151
kernel,national_draw,2098,"",60.200068883567084,62.969101950749284,-2.7690330671821997
kernel,national_draw,2099,"",64.27623699981943,62.969101950749284,1.3071350490701477
kernel,national_draw,2100,"",64.77211466157019,62.969101950749284,1.8030127108209015
kernel,national_draw,2101,"",75.40197642424022,62.969101950749284,12.432874473490934
kernel,national_draw,2102,"",69.54896682843756,62.969101950749284,6.579864877688273
kernel,national_draw,2103,"",71.66644287932571,62.969101950749284,8.69734092857643
kernel,national_draw,2104,"",69.36264511235638,62.969101950749284,6.3935431616070915
kernel,national_draw,2105,"",77.44521370813916,62.969101950749284,14.47611175738988
kernel,national_draw,2106,"",63.93894712014776,62.969101950749284,0.9698451693984751
kernel,national_draw,2107,"",71.69620347949959,62.969101950749284,8.727101528750303
kernel,national_draw,2108,"",72.83661407421785,62.969101950749284,9.867512123468565
kernel,national_draw,2109,"",65.02445768271406,62.969101950749284,2.0553557319647737
kernel,national_draw,2110,"",64.643961496205,62.969101950749284,1.6748595454557105
kernel,national_draw,2111,"",67.06174884809535,62.969101950749284,4.092646897346064
kernel,national_draw,2112,"",63.44386119700398,62.969101950749284,0.474759246254699
kernel,national_draw,2113,"",64.23643309154376,62.969101950749284,1.2673311407944752
kernel,national_draw,2114,"",68.87404544427258,62.969101950749284,5.904943493523298
kernel,national_draw,2115,"",63.8907433961556,62.969101950749284,0.9216414454063155
kernel,national_draw,2116,"",72.88005120863745,62.969101950749284,9.91094925788817
kernel,national_draw,2117,"",69.20137049722038,62.969101950749284,6.232268546471097
kernel,national_draw,2118,"",63.90203086492549,62.969101950749284,0.9329289141762089
kernel,national_draw,2119,"",62.98288928223448,62.969101950749284,0.013787331485197285
kernel,national_draw,2120,"",65.81574155934511,62.969101950749284,2.8466396085958294
kernel,national_draw,2121,"",68.97809559350377,62.969101950749284,6.008993642754483
kernel,national_draw,2122,"",72.17582395463555,62.969101950749284,9.206722003886263
kernel,national_draw,2123,"",69.41106812255163,62.969101950749284,6.441966171802342
kernel,national_draw,2124,"",62.37899354511441,62.969101950749284,-0.5901084056348722
kernel,national_draw,2125,"",63.60966464930284,62.969101950749284,0.6405626985535591
kernel,national_draw,2126,"",62.391395911106365,62.969101950749284,-0.5777060396429192
kernel,national_draw,2127,"",62.78805002836987,62.969101950749284,-0.18105192237941736
kernel,national_draw,2128,"",69.66258247267538,62.969101950749284,6.693480521926098
kernel,national_draw,2129,"",65.54767687157715,62.969101950749284,2.5785749208278688
kernel,national_draw,2130,"",62.00849450119071,62.969101950749284,-0.960607449558573
kernel,national_draw,2131,"",65.72719148225909,62.969101950749284,2.7580895315098033
kernel,national_draw,2132,"",70.62551204771096,62.969101950749284,7.656410096961672
kernel,national_draw,2133,"",68.76497941168005,62.969101950749284,5.795877460930761
kernel,national_draw,2134,"",63.31414532890726,62.969101950749284,0.3450433781579747
kernel,national_draw,2135,"",65.99098585975622,62.969101950749284,3.021883909006938
kernel,national_draw,2136,"",69.95431391244696,62.969101950749284,6.985211961697679
kernel,national_draw,2137,"",70.82976445037794,62.969101950749284,7.860662499628653
kernel,national_draw,2138,"",67.45073256480212,62.969101950749284,4.48163061405284
kernel,national_draw,2139,"",68.78963872228717,62.969101950749284,5.820536771537881
kernel,national_draw,2140,"",65.07220436809345,62.969101950749284,2.103102417344168
kernel,national_draw,2141,"",64.86090249106587,62.969101950749284,1.8918005403165878
kernel,national_draw,2142,"",73.00277992582079,62.969101950749284,10.033677975071505
kernel,national_draw,2143,"",62.75282573932517,62.969101950749284,-0.21627621142411613
kernel,national_draw,2144,"",73.08455521336906,62.969101950749284,10.115453262619774
kernel,national_draw,2145,"",63.51739363159166,62.969101950749284,0.5482916808423752
kernel,national_draw,2146,"",63.629578144819796,62.969101950749284,0.6604761940705117
kernel,national_draw,2147,"",65.24754561608908,62.969101950749284,2.2784436653398004
kernel,national_draw,2148,"",63.56752476589524,62.969101950749284,0.598422815145959
kernel,national_draw,2149,"",64.3444857910504,62.969101950749284,1.3753838403011187
kernel,national_draw,2150,"",66.21401377795989,62.969101950749284,3.2449118272106077
kernel,national_draw,2151,"",65.59692624451672,62.969101950749284,2.627824293767439
kernel,national_draw,2152,"",64.23251825574953,62.969101950749284,1.2634163050002414
kernel,national_draw,2153,"",73.82550482742418,62.969101950749284,10.856402876674899
kernel,national_draw,2154,"",74.17959664680464,62.969101950749284,11.210494696055356
kernel,national_draw,2155,"",77.53594510587703,62.969101950749284,14.56684315512775
kernel,national_draw,2156,"",59.63237845271608,62.969101950749284,-3.3367234980332015
kernel,national_draw,2157,"",70.8864303135338,62.969101950749284,7.9173283627845095
kernel,national_draw,2158,"",74.06713052392621,62.969101950749284,11.098028573176926
kernel,national_draw,2159,"",80.27398033704473,62.969101950749284,17.30487838629545
kernel,national_draw,2160,"",68.99530378975726,62.969101950749284,6.026201839007975
kernel,national_draw,2161,"",58.784442562584104,62.969101950749284,-4.18465938816518
kernel,national_draw,2162,"",71.01557603750247,62.969101950749284,8.046474086753186
kernel,national_draw,2163,"",61.05685239492503,62.969101950749284,-1.9122495558242534
kernel,national_draw,2164,"",65.65331973112556,62.969101950749284,2.6842177803762794
kernel,national_draw,2165,"",71.9470645875657,62.969101950749284,8.977962636816422
kernel,national_draw,2166,"",81.20627909192152,62.969101950749284,18.237177141172232
kernel,national_draw,2167,"",70.76104707915509,62.969101950749284,7.791945128405807
kernel,national_draw,2168,"",70.75608197786184,62.969101950749284,7.7869800271125555
kernel,national_draw,2169,"",80.03206379778914,62.969101950749284,17.06296184703985
kernel,national_draw,2170,"",63.34740527522739,62.969101950749284,0.3783033244781038
kernel,national_draw,2171,"",65.07920998521341,62.969101950749284,2.110108034464126
kernel,national_draw,2172,"",68.04940929028851,62.969101950749284,5.080307339539225
kernel,national_draw,2173,"",69.84880724117205,62.969101950749284,6.87970529042277
kernel,national_draw,2174,"",81.84428422086422,62.969101950749284,18.87518227011494
kernel,national_draw,2175,"",61.90980186014253,62.969101950749284,-1.0593000906067545
kernel,national_draw,2176,"",59.48279756289468,62.969101950749284,-3.4863043878546023
kernel,national_draw,2177,"",76.22014478937086,62.969101950749284,13.25104283862158
kernel,national_draw,2178,"",64.62867609371129,62.969101950749284,1.6595741429620077
kernel,national_draw,2179,"",64.94158827242613,62.969101950749284,1.972486321676847
kernel,national_draw,2180,"",67.71628354019987,62.969101950749284,4.747181589450584
kernel,national_draw,2181,"",62.36180150679167,62.969101950749284,-0.6073004439576124
kernel,national_draw,2182,"",70.14610624222645,62.969101950749284,7.177004291477168
kernel,national_draw,2183,"",77.74623364981872,62.969101950749284,14.777131699069436
kernel,national_draw,2184,"",76.23143918296823,62.969101950749284,13.262337232218947
kernel,national_draw,2185,"",64.54387927311194,62.969101950749284,1.5747773223626567
kernel,national_draw,2186,"",68.2945551074192,62.969101950749284,5.325453156669916
kernel,national_draw,2187,"",67.5309382247914,62.969101950749284,4.561836274042115
kernel,national_draw,2188,"",61.80929491429822,62.969101950749284,-1.1598070364510633
kernel,national_draw,2189,"",67.57303425095837,62.969101950749284,4.603932300209088
kernel,national_draw,2190,"",57.50517301923793,62.969101950749284,-5.463928931511354
kernel,national_draw,2191,"",67.954301401592,62.969101950749284,4.985199450842721
kernel,national_draw,2192,"",65.04983948365347,62.969101950749284,2.0807375329041875
kernel,national_draw,2193,"",62.80154190054983,62.969101950749284,-0.1675600501994552
kernel,national_draw,2194,"",68.83724460284141,62.969101950749284,5.868142652092125
kernel,national_draw,2195,"",76.98335772372981,62.969101950749284,14.014255772980526
kernel,national_draw,2196,"",64.84841471886851,62.969101950749284,1.8793127681192274
kernel,national_draw,2197,"",76.75451987528201,62.969101950749284,13.78541792453273
kernel,national_draw,2198,"",62.831572568994886,62.969101950749284,-0.13752938175439766
kernel,national_draw,2199,"",61.13708575422416,62.969101950749284,-1.8320161965251245
kernel,national_draw,2200,"",66.52283107536638,62.969101950749284,3.5537291246170994
kernel,national_draw,2201,"",85.22424403332052,62.969101950749284,22.255142082571233
kernel,national_draw,2202,"",70.68856260179064,62.969101950749284,7.719460651041352
kernel,national_draw,2203,"",61.08602438476428,62.969101950749284,-1.8830775659850048
kernel,national_draw,2204,"",64.09499579882258,62.969101950749284,1.1258938480732965
kernel,national_draw,2205,"",69.02162275068042,62.969101950749284,6.052520799931138
kernel,national_draw,2206,"",63.008187985244305,62.969101950749284,0.03908603449502124
kernel,national_draw,2207,"",67.16685387937721,62.969101950749284,4.19775192862793
kernel,national_draw,2208,"",68.50032866385293,62.969101950749284,5.531226713103642
kernel,national_draw,2209,"",73.51091914873834,62.969101950749284,10.541817197989054
kernel,national_draw,2210,"",71.9891929295942,62.969101950749284,9.020090978844912
kernel,national_draw,2211,"",65.12947730779051,62.969101950749284,2.160375357041225
kernel,national_draw,2212,"",73.31046385979865,62.969101950749284,10.341361909049361
kernel,national_draw,2213,"",60.942186485188174,62.969101950749284,-2.0269154655611104
kernel,national_draw,2214,"",63.573180041659306,62.969101950749284,0.6040780909100221
kernel,national_draw,2215,"",63.20509545424549,62.969101950749284,0.23599350349620352
kernel,national_draw,2216,"",68.64318554620465,62.969101950749284,5.674083595455365
kernel,national_draw,2217,"",61.495484816288595,62.969101950749284,-1.4736171344606888
kernel,national_draw,2218,"",68.92633019991816,62.969101950749284,5.957228249168871
kernel,national_draw,2219,"",68.94237040860568,62.969101950749284,5.973268457856399
kernel,national_draw,2220,"",71.13357971407804,62.969101950749284,8.164477763328755
kernel,national_draw,2221,"",65.77735031587254,62.969101950749284,2.808248365123255
kernel,national_draw,2222,"",70.75481704271135,62.969101950749284,7.785715091962068
kernel,national_draw,2223,"",63.07796947162112,62.969101950749284,0.10886752087183282
kernel,national_draw,2224,"",75.69521516812362,62.969101950749284,12.72611321737434
kernel,national_draw,2225,"",70.85588489958042,62.969101950749284,7.886782948831133
kernel,national_draw,2226,"",65.98572991570938,62.969101950749284,3.016627964960101
kernel,national_draw,2227,"",64.88496626651089,62.969101950749284,1.9158643157616027
kernel,national_draw,2228,"",66.00793322084182,62.969101950749284,3.038831270092537
kernel,national_draw,2229,"",64.16102402871273,62.969101950749284,1.1919220779634472
kernel,national_draw,2230,"",76.0553038880898,62.969101950749284,13.086201937340512
kernel,national_draw,2231,"",69.3358668045446,62.969101950749284,6.36676485379531
kernel,national_draw,2232,"",70.12778776530256,62.969101950749284,7.158685814553273
kernel,national_draw,2233,"",70.78158611741982,62.969101950749284,7.8124841666705365
kernel,national_draw,2234,"",58.86088342470759,62.969101950749284,-4.108218526041696
kernel,national_draw,2235,"",65.11522370458927,62.969101950749284,2.146121753839985
kernel,national_draw,2236,"",62.13595749208509,62.969101950749284,-0.8331444586641936
kernel,national_draw,2237,"",71.6583431394661,62.969101950749284,8.689241188716814
kernel,national_draw,2238,"",59.235105717532264,62.969101950749284,-3.7339962332170202
kernel,national_draw,2239,"",63.57041241894864,62.969101950749284,0.6013104681993582
kernel,national_draw,2240,"",66.10228630334451,62.969101950749284,3.1331843525952294
kernel,national_draw,2241,"",65.47137450600302,62.969101950749284,2.5022725552537324
kernel,national_draw,2242,"",71.15640625368242,62.969101950749284,8.187304302933136
kernel,national_draw,2243,"",69.52831468465756,62.969101950749284,6.559212733908275
kernel,national_draw,2244,"",66.49161856970042,62.969101950749284,3.522516618951137
kernel,national_draw,2245,"",62.7785122326731,62.969101950749284,-0.19058971807618263
kernel,national_draw,2246,"",62.0876983694732,62.969101950749284,-0.8814035812760821
kernel,national_draw,2247,"",79.61745821945743,62.969101950749284,16.64835626870815
kernel,national_draw,2248,"",72.9662907016256,62.969101950749284,9.997188750876312
kernel,national_draw,2249,"",61.52509076198239,62.969101950749284,-1.4440111887668934
kernel,national_draw,2250,"",67.05071298139006,62.969101950749284,4.081611030640779
kernel,national_draw,2251,"",60.15465817331961,62.969101950749284,-2.8144437774296733
kernel,national_draw,2252,"",65.29128282636556,62.969101950749284,2.322180875616276
kernel,national_draw,2253,"",73.73727790895325,62.969101950749284,10.768175958203962
kernel,national_draw,2254,"",69.2946271487076,62.969101950749284,6.325525197958321
kernel,national_draw,2255,"",65.57257162631812,62.969101950749284,2.6034696755688387
kernel,national_draw,2256,"",65.75452377626814,62.969101950749284,2.78542182551886
kernel,national_draw,2257,"",64.33221038022866,62.969101950749284,1.3631084294793752
kernel,national_draw,2258,"",61.47920685519141,62.969101950749284,-1.489895095557877
kernel,national_draw,2259,"",69.8541370500452,62.969101950749284,6.885035099295912
kernel,national_draw,2260,"",63.30489837596407,62.969101950749284,0.33579642521478803
kernel,national_draw,2261,"",68.90512176166503,62.969101950749284,5.936019810915745
kernel,national_draw,2262,"",76.07579676083809,62.969101950749284,13.106694810088804
kernel,national_draw,2263,"",82.68424501803098,62.969101950749284,19.715143067281694
kernel,national_draw,2264,"",64.99807409006786,62.969101950749284,2.028972139318576
kernel,national_draw,2265,"",69.57601751279633,62.969101950749284,6.606915562047043
kernel,national_draw,2266,"",61.19002606020321,62.969101950749284,-1.7790758905460748
kernel,national_draw,2267,"",67.81076588614859,62.969101950749284,4.841663935399303
kernel,national_draw,2268,"",59.43743070988784,62.969101950749284,-3.531671240861442
kernel,national_draw,2269,"",69.69713043690422,62.969101950749284,6.728028486154933
kernel,national_draw,2270,"",65.3662233092047,62.969101950749284,2.397121358455415
kernel,national_draw,2271,"",69.2128380115044,62.969101950749284,6.2437360607551184
kernel,national_draw,2272,"",65.9089104963511,62.969101950749284,2.9398085456018137
kernel,national_draw,2273,"",61.044175344110265,62.969101950749284,-1.9249266066390192
kernel,national_draw,2274,"",59.95193384924683,62.969101950749284,-3.017168101502456
kernel,national_draw,2275,"",65.04224987275052,62.969101950749284,2.073147922001233
kernel,national_draw,2276,"",68.10372071210587,62.969101950749284,5.134618761356585
kernel,national_draw,2277,"",73.13176868703354,62.969101950749284,10.162666736284258
kernel,national_draw,2278,"",66.4462124760046,62.969101950749284,3.47711052525532
kernel,national_draw,2279,"",70.25036182800581,62.969101950749284,7.281259877256524
kernel,national_draw,2280,"",65.78271936543466,62.969101950749284,2.8136174146853747
kernel,national_draw,2281,"",63.86718282483979,62.969101950749284,0.8980808740905033
kernel,national_draw,2282,"",70.5145393792894,62.969101950749284,7.545437428540119
kernel,national_draw,2283,"",60.18756956999061,62.969101950749284,-2.7815323807586765
kernel,national_draw,2284,"",65.7197957665252,62.969101950749284,2.750693815775911
kernel,national_draw,2285,"",59.095803579946526,62.969101950749284,-3.8732983708027575
kernel,national_draw,2286,"",67.48452110628551,62.969101950749284,4.515419155536229
kernel,national_draw,2287,"",67.96836803445167,62.969101950749284,4.999266083702388
kernel,national_draw,2288,"",73.89132300421451,62.969101950749284,10.922221053465229
kernel,national_draw,2289,"",72.42654887442815,62.969101950749284,9.457446923678866
kernel,national_draw,2290,"",67.16014141328665,62.969101950749284,4.191039462537368
kernel,national_draw,2291,"",67.57992907083889,62.969101950749284,4.610827120089603
kernel,national_draw,2292,"",70.42464357739911,62.969101950749284,7.455541626649826
kernel,national_draw,2293,"",70.86266430566982,62.969101950749284,7.89356235492054
kernel,national_draw,2294,"",72.80233848653602,62.969101950749284,9.833236535786732
kernel,national_draw,2295,"",66.78817661421594,62.969101950749284,3.819074663466658
kernel,national_draw,2296,"",65.57372345595333,62.969101950749284,2.604621505204044
kernel,national_draw,2297,"",71.83013887579904,62.969101950749284,8.861036925049753
kernel,national_draw,2298,"",65.1171534231765,62.969101950749284,2.1480514724272197
kernel,national_draw,2299,"",68.48122075659788,62.969101950749284,5.512118805848594
kernel,national_draw,2300,"",74.6356680920039,62.969101950749284,11.666566141254613
kernel,national_draw,2301,"",63.48977741965648,62.969101950749284,0.5206754689071929
kernel,national_draw,2302,"",74.2420885981354,62.969101950749284,11.272986647386112
kernel,national_draw,2303,"",69.39413461112096,62.969101950749284,6.425032660371677
kernel,national_draw,2304,"",62.42725035945048,62.969101950749284,-0.5418515912988013
kernel,national_draw,2305,"",65.0463378292314,62.969101950749284,2.0772358784821208
kernel,national_draw,2306,"",61.98259333819133,62.969101950749284,-0.9865086125579552
kernel,national_draw,2307,"",65.27421081838557,62.969101950749284,2.305108867636285
kernel,national_draw,2308,"",66.07641283965499,62.969101950749284,3.107310888905708
kernel,national_draw,2309,"",59.679483437416955,62.969101950749284,-3.2896185133323286
kernel,national_draw,2310,"",75.70677732171633,62.969101950749284,12.737675370967047
kernel,national_draw,2311,"",64.7339427043007,62.969101950749284,1.7648407535514181
kernel,national_draw,2312,"",62.70776588700265,62.969101950749284,-0.2613360637466329
kernel,national_draw,2313,"",66.30685724807495,62.969101950749284,3.337755297325664
kernel,national_draw,2314,"",72.99265351978939,62.969101950749284,10.023551569040102
kernel,national_draw,2315,"",68.92233688274598,62.969101950749284,5.953234931996697
kernel,national_draw,2316,"",59.99191318648498,62.969101950749284,-2.977188764264305
kernel,national_draw,2317,"",70.72759785421756,62.969101950749284,7.75849590346828
kernel,national_draw,2318,"",65.66405090542234,62.969101950749284,2.694948954673059
kernel,national_draw,2319,"",72.13998335594636,62.969101950749284,9.170881405197072
kernel,national_draw,2320,"",68.83960135245573,62.969101950749284,5.8704994017064465
kernel,national_draw,2321,"",60.90537641065372,62.969101950749284,-2.063725540095561
kernel,national_draw,2322,"",70.63301394413266,62.969101950749284,7.663911993383373
kernel,national_draw,2323,"",63.90533862417851,62.969101950749284,0.936236673429228
kernel,national_draw,2324,"",65.69255118699738,62.969101950749284,2.7234492362480935
kernel,national_draw,2325,"",65.25366485529338,62.969101950749284,2.284562904544096
kernel,national_draw,2326,"",66.36038847266444,62.969101950749284,3.3912865219151556
kernel,national_draw,2327,"",65.15208225291597,62.969101950749284,2.1829803021666905
kernel,national_draw,2328,"",74.66372056806945,62.969101950749284,11.694618617320167
kernel,national_draw,2329,"",69.38601178850313,62.969101950749284,6.416909837753842
kernel,national_draw,2330,"",67.26274889012906,62.969101950749284,4.2936469393797765
kernel,national_draw,2331,"",77.84122843299996,62.969101950749284,14.872126482250671
kernel,national_draw,2332,"",65.24646303472854,62.969101950749284,2.277361083979251
kernel,national_draw,2333,"",70.41461642722805,62.969101950749284,7.44551447647877
kernel,national_draw,2334,"",71.09157601894393,62.969101950749284,8.122474068194641
kernel,national_draw,2335,"",74.10407909501,62.969101950749284,11.13497714426071
kernel,national_draw,2336,"",70.95986118398531,62.969101950749284,7.990759233236027
kernel,national_draw,2337,"",68.38967684577064,62.969101950749284,5.420574895021353
kernel,national_draw,2338,"",58.08899829808515,62.969101950749284,-4.880103652664133
kernel,national_draw,2339,"",69.99349458625068,62.969101950749284,7.024392635501393
kernel,national_draw,2340,"",63.06900182005241,62.969101950749284,0.09989986930312256
kernel,national_draw,2341,"",70.98326710082104,62.969101950749284,8.014165150071754
kernel,national_draw,2342,"",76.06746619339626,62.969101950749284,13.098364242646973
kernel,national_draw,2343,"",64.29712458773328,62.969101950749284,1.3280226369839951
kernel,national_draw,2344,"",64.29182940299746,62.969101950749284,1.3227274522481807
kernel,national_draw,2345,"",69.02084486172839,62.969101950749284,6.051742910979108
kernel,national_draw,2346,"",70.01450220450728,62.969101950749284,7.045400253757997
kernel,national_draw,2347,"",63.355581188189134,62.969101950749284,0.38647923743985046
kernel,national_draw,2348,"",68.83286349533113,62.969101950749284,5.863761544581841
kernel,national_draw,2349,"",63.0057088970114,62.969101950749284,0.036606946262118356
kernel,national_draw,2350,"",70.25261008865648,62.969101950749284,7.283508137907198
kernel,national_draw,2351,"",69.30235525615987,62.969101950749284,6.333253305410587
kernel,national_draw,2352,"",69.69553080175952,62.969101950749284,6.726428851010233
kernel,national_draw,2353,"",63.440204888101825,62.969101950749284,0.4711029373525406
kernel,national_draw,2354,"",80.7176032507356,62.969101950749284,17.748501299986323
kernel,national_draw,2355,"",74.34275019845978,62.969101950749284,11.373648247710499
kernel,national_draw,2356,"",73.40085132443905,62.969101950749284,10.431749373689762
kernel,national_draw,2357,"",58.645181973963155,62.969101950749284,-4.323919976786129
kernel,national_draw,2358,"",67.272997634779,62.969101950749284,4.303895684029719
kernel,national_draw,2359,"",61.750978633929584,62.969101950749284,-1.2181233168196997
kernel,national_draw,2360,"",63.7763452464141,62.969101950749284,0.8072432956648186
kernel,national_draw,2361,"",68.9689455881451,62.969101950749284,5.99984363739582
kernel,national_draw,2362,"",73.07098485981113,62.969101950749284,10.10188290906185
kernel,national_draw,2363,"",74.7209519588017,62.969101950749284,11.751850008052422
kernel,national_draw,2364,"",63.95256825577377,62.969101950749284,0.9834663050244856
kernel,national_draw,2365,"",74.47085258175687,62.969101950749284,11.501750631007589
kernel,national_draw,2366,"",71.81194042921788,62.969101950749284,8.8428384784686
kernel,national_draw,2367,"",70.45965088851653,62.969101950749284,7.490548937767251
kernel,national_draw,2368,"",74.1950020796411,62.969101950749284,11.225900128891816
kernel,national_draw,2369,"",66.71393553895089,62.969101950749284,3.744833588201608
kernel,national_draw,2370,"",60.212600513005064,62.969101950749284,-2.7565014377442196
kernel,national_draw,2371,"",67.19085302309922,62.969101950749284,4.221751072349939
kernel,national_draw,2372,"",68.55423152084977,62.969101950749284,5.585129570100484
kernel,national_draw,2373,"",64.88016736107683,62.969101950749284,1.911065410327545
kernel,national_draw,2374,"",65.92836695325526,62.969101950749284,2.9592650025059797
kernel,national_draw,2375,"",63.521541603243904,62.969101950749284,0.5524396524946198
kernel,national_draw,2376,"",64.27334011366274,62.969101950749284,1.3042381629134567
kernel,national_draw,2377,"",74.22621689358287,62.969101950749284,11.257114942833589
kernel,national_draw,2378,"",68.55545259875964,62.969101950749284,5.5863506480103595
kernel,national_draw,2379,"",63.420277542929945,62.969101950749284,0.45117559218066106
kernel,national_draw,2380,"",75.27259063958607,62.969101950749284,12.303488688836786
kernel,national_draw,2381,"",72.30542440894116,62.969101950749284,9.33632245819188
kernel,national_draw,2382,"",67.47954908016479,62.969101950749284,4.510447129415503
kernel,national_draw,2383,"",67.55569217470722,62.969101950749284,4.586590223957934
kernel,national_draw,2384,"",66.54084947643342,62.969101950749284,3.5717475256841382
kernel,national_draw,2385,"",72.25460771671843,62.969101950749284,9.285505765969141
kernel,national_draw,2386,"",63.246579787319625,62.969101950749284,0.2774778365703412
kernel,national_draw,2387,"",66.49960289576894,62.969101950749284,3.5305009450196607
kernel,national_draw,2388,"",70.6581049023185,62.969101950749284,7.689002951569215
kernel,national_draw,2389,"",71.85173510439027,62.969101950749284,8.882633153640988
kernel,national_draw,2390,"",65.85477912004785,62.969101950749284,2.8856771692985674
kernel,national_draw,2391,"",71.7200779763272,62.969101950749284,8.75097602557792
kernel,national_draw,2392,"",64.57099458919373,62.969101950749284,1.601892638444447
kernel,national_draw,2393,"",65.88733504224226,62.969101950749284,2.918233091492972
kernel,national_draw,2394,"",70.06027993061046,62.969101950749284,7.091177979861179
kernel,national_draw,2395,"",74.77376761788635,62.969101950749284,11.804665667137066
kernel,national_draw,2396,"",69.23124420290954,62.969101950749284,6.2621422521602526
kernel,national_draw,2397,"",74.21857880888767,62.969101950749284,11.249476858138387
kernel,national_draw,2398,"",66.6381202195752,62.969101950749284,3.6690182688259156
kernel,national_draw,2399,"",68.07200961886234,62.969101950749284,5.102907668113055
kernel,national_draw,2400,"",59.080776704344885,62.969101950749284,-3.888325246404399
kernel,national_draw,2401,"",64.97768739800739,62.969101950749284,2.008585447258106
kernel,national_draw,2402,"",67.93786186118726,62.969101950749284,4.968759910437974
kernel,national_draw,2403,"",72.29906049249973,62.969101950749284,9.32995854175045
kernel,national_draw,2404,"",68.03128932508531,62.969101950749284,5.062187374336027
kernel,national_draw,2405,"",68.38593513066307,62.969101950749284,5.416833179913787
kernel,national_draw,2406,"",64.22466319312704,62.969101950749284,1.255561242377759
kernel,national_draw,2407,"",68.92442356408914,62.969101950749284,5.955321613339855
kernel,national_draw,2408,"",74.91879427951082,62.969101950749284,11.949692328761536
kernel,national_draw,2409,"",59.85677517848224,62.969101950749284,-3.1123267722670462
kernel,national_draw,2410,"",67.75412079747514,62.969101950749284,4.785018846725855
kernel,national_draw,2411,"",64.84646422579885,62.969101950749284,1.8773622750495704
kernel,national_draw,2412,"",65.78869779981382,62.969101950749284,2.819595849064534
kernel,national_draw,2413,"",70.94913924279182,62.969101950749284,7.980037292042532
kernel,national_draw,2414,"",67.65519732884475,62.969101950749284,4.686095378095466
kernel,national_draw,2415,"",68.64522375375553,62.969101950749284,5.676121803006247
kernel,national_draw,2416,"",66.90020416468818,62.969101950749284,3.9311022139388925
kernel,national_draw,2417,"",66.4419329326305,62.969101950749284,3.4728309818812093
kernel,national_draw,2418,"",63.961992945955245,62.969101950749284,0.9928909952059612
kernel,national_draw,2419,"",71.34410831870521,62.969101950749284,8.375006367955926
kernel,national_draw,2420,"",68.96333416962166,62.969101950749284,5.9942322188723764
kernel,national_draw,2421,"",71.6105225892604,62.969101950749284,8.641420638511114
kernel,national_draw,2422,"",73.03621991765503,62.969101950749284,10.067117966905748
kernel,national_draw,2423,"",67.15088061068853,62.969101950749284,4.181778659939248
kernel,national_draw,2424,"",68.75748213180998,62.969101950749284,5.788380181060695
kernel,national_draw,2425,"",71.44438674524315,62.969101950749284,8.475284794493867
kernel,national_draw,2426,"",62.304817101572375,62.969101950749284,-0.6642848491769087
kernel,national_draw,2427,"",68.60113799382994,62.969101950749284,5.632036043080653
kernel,national_draw,2428,"",71.82440511865703,62.969101950749284,8.855303167907742
kernel,national_draw,2429,"",66.2134828745208,62.969101950749284,3.244380923771523
kernel,national_draw,2430,"",63.606474612116756,62.969101950749284,0.637372661367472
kernel,national_draw,2431,"",71.28997463412617,62.969101950749284,8.320872683376884
kernel,national_draw,2432,"",72.07464760880283,62.969101950749284,9.10554565805355
kernel,national_draw,2433,"",63.42971377449055,62.969101950749284,0.4606118237412673
kernel,national_draw,2434,"",60.50776435892406,62.969101950749284,-2.4613375918252274
kernel,national_draw,2435,"",67.25118904481215,62.969101950749284,4.282087094062867
kernel,national_draw,2436,"",66.17603571585946,62.969101950749284,3.206933765110172
kernel,national_draw,2437,"",67.52643016211091,62.969101950749284,4.557328211361629
kernel,national_draw,2438,"",64.605861095486,62.969101950749284,1.6367591447367218
kernel,national_draw,2439,"",71.87682144602446,62.969101950749284,8.907719495275181
kernel,national_draw,2440,"",59.803435540785976,62.969101950749284,-3.1656664099633076
kernel,national_draw,2441,"",74.35437005894806,62.969101950749284,11.38526810819878
kernel,national_draw,2442,"",65.58448232955996,62.969101950749284,2.615380378810677
kernel,national_draw,2443,"",59.58397852527904,62.969101950749284,-3.3851234254702405
kernel,national_draw,2444,"",64.51492195292414,62.969101950749284,1.5458200021748567
kernel,national_draw,2445,"",66.95271743964014,62.969101950749284,3.9836154888908553
kernel,national_draw,2446,"",68.7655495558081,62.969101950749284,5.796447605058809
kernel,national_draw,2447,"",68.4814538924559,62.969101950749284,5.512351941706619
kernel,national_draw,2448,"",71.90485545588344,62.969101950749284,8.935753505134151
kernel,national_draw,2449,"",71.18619224489034,62.969101950749284,8.217090294141052
kernel,national_draw,2450,"",71.52191018872716,62.969101950749284,8.552808237977878
kernel,national_draw,2451,"",64.00152447768393,62.969101950749284,1.0324225269346456
kernel,national_draw,2452,"",67.54591201004912,62.969101950749284,4.576810059299838
kernel,national_draw,2453,"",65.90418545574333,62.969101950749284,2.935083504994047
kernel,national_draw,2454,"",66.43275984451363,62.969101950749284,3.463657893764342
kernel,national_draw,2455,"",73.70121109923349,62.969101950749284,10.732109148484206
kernel,national_draw,2456,"",64.71135391710598,62.969101950749284,1.7422519663566973
kernel,national_draw,2457,"",66.29733561030893,62.969101950749284,3.3282336595596504
kernel,national_draw,2458,"",76.7400908431183,62.969101950749284,13.770988892369012
kernel,national_draw,2459,"",61.947098980875445,62.969101950749284,-1.0220029698738387
kernel,national_draw,2460,"",73.14785736951333,62.969101950749284,10.178755418764048
kernel,national_draw,2461,"",61.56841709916253,62.969101950749284,-1.4006848515867532
kernel,national_draw,2462,"",74.98168325428296,62.969101950749284,12.012581303533672
kernel,national_draw,2463,"",63.40606318041768,62.969101950749284,0.43696122966839823
kernel,national_draw,2464,"",66.33607078687899,62.969101950749284,3.3669688361297077
kernel,national_draw,2465,"",62.60459980741131,62.969101950749284,-0.3645021433379725
kernel,national_draw,2466,"",73.61066436356138,62.969101950749284,10.6415624128121
kernel,national_draw,2467,"",63.496416020920734,62.969101950749284,0.5273140701714496
kernel,national_draw,2468,"",67.7168836919136,62.969101950749284,4.74778174116431
kernel,national_draw,2469,"",64.19995540872767,62.969101950749284,1.230853457978391
kernel,national_draw,2470,"",66.3358838165374,62.969101950749284,3.36678186578812
kernel,national_draw,2471,"",71.56100776460129,62.969101950749284,8.591905813852001
kernel,national_draw,2472,"",73.87904066856532,62.969101950749284,10.90993871781604
kernel,national_draw,2473,"",66.44131662298601,62.969101950749284,3.472214672236724
kernel,national_draw,2474,"",68.86865331195223,62.969101950749284,5.8995513612029455
kernel,national_draw,2475,"",63.308517752453064,62.969101950749284,0.3394158017037796
kernel,national_draw,2476,"",65.23808399349444,62.969101950749284,2.268982042745158
kernel,national_draw,2477,"",61.49198316186653,62.969101950749284,-1.4771187888827555
kernel,national_draw,2478,"",69.78074542028267,62.969101950749284,6.8116434695333865
kernel,national_draw,2479,"",69.22503494094818,62.969101950749284,6.255932990198893
kernel,national_draw,2480,"",60.35505344708794,62.969101950749284,-2.614048503661344
kernel,national_draw,2481,"",71.6915499954423,62.969101950749284,8.722448044693017
kernel,national_draw,2482,"",67.77992962944164,62.969101950749284,4.810827678692355
kernel,national_draw,2483,"",72.04523786655392,62.969101950749284,9.076135915804635
kernel,national_draw,2484,"",67.55558830229522,62.969101950749284,4.586486351545936
kernel,national_draw,2485,"",68.79912342764001,62.969101950749284,5.830021476890728
kernel,national_draw,2486,"",61.80466451299916,62.969101950749284,-1.1644374377501236
kernel,national_draw,2487,"",61.444564251653865,62.969101950749284,-1.5245376990954185
kernel,national_draw,2488,"",64.82144944071516,62.969101950749284,1.8523474899658723
kernel,national_draw,2489,"",72.59165753570458,62.969101950749284,9.6225555849553
kernel,national_draw,2490,"",68.69919816730287,62.969101950749284,5.730096216553584
kernel,national_draw,2491,"",66.8355101182232,62.969101950749284,3.8664081674739137
kernel,national_draw,2492,"",64.19312291229437,62.969101950749284,1.2240209615450865
kernel,national_draw,2493,"",66.55715282856465,62.969101950749284,3.5880508778153697
kernel,national_draw,2494,"",65.22667880265763,62.969101950749284,2.257576851908347
kernel,national_draw,2495,"",64.5051348634386,62.969101950749284,1.5360329126893149
kernel,national_draw,2496,"",64.88618965269659,62.969101950749284,1.9170877019473025
kernel,national_draw,2497,"",78.5294431776242,62.969101950749284,15.560341226874918
kernel,national_draw,2498,"",60.96912406403167,62.969101950749284,-1.9999778867176161
kernel,national_draw,2499,"",67.17108033240741,62.969101950749284,4.2019783816581295
kernel,national_draw,2500,"",65.09338972358836,62.969101950749284,2.124287772839075
kernel,national_draw,2501,"",70.53091890452276,62.969101950749284,7.56181695377348
kernel,national_draw,2502,"",65.63830670517886,62.969101950749284,2.669204754429579
kernel,national_draw,2503,"",67.96946446546714,62.969101950749284,5.000362514717857
kernel,national_draw,2504,"",65.63516975833667,62.969101950749284,2.666067807587389
kernel,national_draw,2505,"",68.85904857625663,62.969101950749284,5.889946625507342
kernel,national_draw,2506,"",73.10397473786009,62.969101950749284,10.134872787110801
kernel,national_draw,2507,"",73.21775426968127,62.969101950749284,10.248652318931981
kernel,national_draw,2508,"",64.60724606097925,62.969101950749284,1.638144110229966
kernel,national_draw,2509,"",69.7571156006922,62.969101950749284,6.7880136499429184
kernel,national_draw,2510,"",75.77233235506296,62.969101950749284,12.803230404313673
kernel,national_draw,2511,"",75.7174554056692,62.969101950749284,12.748353454919915
kernel,national_draw,2512,"",64.59188448538342,62.969101950749284,1.6227825346341334
kernel,national_draw,2513,"",68.72434452410843,62.969101950749284,5.755242573359148
kernel,national_draw,2514,"",72.6084502423101,62.969101950749284,9.639348291560815
kernel,national_draw,2515,"",66.78912993213045,62.969101950749284,3.820027981381166
kernel,national_draw,2516,"",58.74921596526359,62.969101950749284,-4.219885985485696
kernel,national_draw,2517,"",67.55235902442016,62.969101950749284,4.583257073670872
kernel,national_draw,2518,"",68.00693932343836,62.969101950749284,5.037837372689076
kernel,national_draw,2519,"",77.21099296047431,62.969101950749284,14.24189100972503
kernel,national_draw,2520,"",64.42183149729613,62.969101950749284,1.4527295465468413
kernel,national_draw,2521,"",67.81151607579076,62.969101950749284,4.842414125041479
kernel,national_draw,2522,"",62.44524336948347,62.969101950749284,-0.523858581265813
kernel,national_draw,2523,"",60.745092045845404,62.969101950749284,-2.2240099049038804
kernel,national_draw,2524,"",65.25551609250267,62.969101950749284,2.28641414175339
kernel,national_draw,2525,"",62.87734337027059,62.969101950749284,-0.09175858047869667
kernel,national_draw,2526,"",67.26223414462072,62.969101950749284,4.293132193871436
kernel,national_draw,2527,"",71.95607378809922,62.969101950749284,8.986971837349934
kernel,national_draw,2528,"",69.49813167000825,62.969101950749284,6.529029719258965
kernel,national_draw,2529,"",63.365409826639485,62.969101950749284,0.39630787589020144
kernel,national_draw,2530,"",68.59587743323145,62.969101950749284,5.6267754824821665
kernel,national_draw,2531,"",66.27310563900473,62.969101950749284,3.3040036882554418
kernel,national_draw,2532,"",71.85703952222939,62.969101950749284,8.887937571480101
kernel,national_draw,2533,"",68.8478534385196,62.969101950749284,5.878751487770323
kernel,national_draw,2534,"",60.47037029060661,62.969101950749284,-2.498731660142674
kernel,national_draw,2535,"",62.688410994234644,62.969101950749284,-0.2806909565146398
kernel,national_draw,2536,"",59.449851542086364,62.969101950749284,-3.51925040866292
kernel,national_draw,2537,"",69.88211796956026,62.969101950749284,6.913016018810971
kernel,national_draw,2538,"",66.75482664513876,62.969101950749284,3.7857246943894793
kernel,national_draw,2539,"",62.9372269699224,62.969101950749284,-0.03187498082688478
kernel,national_draw,2540,"",62.444135397088885,62.969101950749284,-0.5249665536603985
kernel,national_draw,2541,"",58.94332349569261,62.969101950749284,-4.025778455056674
kernel,national_draw,2542,"",68.72343506343454,62.969101950749284,5.754333112685252
kernel,national_draw,2543,"",61.6233263644178,62.969101950749284,-1.3457755863314844
kernel,national_draw,2544,"",76.20630205926595,62.969101950749284,13.237200108516667
kernel,national_draw,2545,"",65.12517468165818,62.969101950749284,2.156072730908896
kernel,national_draw,2546,"",71.71842986739024,62.969101950749284,8.749327916640958
kernel,national_draw,2547,"",69.78155331682039,62.969101950749284,6.812451366071109
kernel,national_draw,2548,"",81.98750811907168,62.969101950749284,19.018406168322393
kernel,national_draw,2549,"",67.38944784172632,62.969101950749284,4.420345890977039
kernel,national_draw,2550,"",65.51732766106866,62.969101950749284,2.548225710319379
kernel,national_draw,2551,"",64.46534249654204,62.969101950749284,1.4962405457927517
kernel,national_draw,2552,"",73.36165680098038,62.969101950749284,10.3925548502311
kernel,national_draw,2553,"",61.37826595349254,62.969101950749284,-1.5908359972567467
kernel,national_draw,2554,"",62.27203496834742,62.969101950749284,-0.6970669824018643
kernel,national_draw,2555,"",62.78105826090483,62.969101950749284,-0.18804368984445574
kernel,national_draw,2556,"",67.56632870969528,62.969101950749284,4.597226758946
kernel,national_draw,2557,"",63.56711389279892,62.969101950749284,0.5980119420496379
kernel,national_draw,2558,"",73.98333318675782,62.969101950749284,11.014231236008534
kernel,national_draw,2559,"",76.10030372524095,62.969101950749284,13.131201774491664
kernel,national_draw,2560,"",63.46253284012866,62.969101950749284,0.4934308893793755
kernel,national_draw,2561,"",63.722163088042784,62.969101950749284,0.7530611372934999
kernel,national_draw,2562,"",65.5464050115992,62.969101950749284,2.5773030608499212
kernel,national_draw,2563,"",76.9414994499725,62.969101950749284,13.972397499223213
kernel,national_draw,2564,"",73.39632479555198,62.969101950749284,10.427222844802692
kernel,national_draw,2565,"",68.55550338082772,62.969101950749284,5.586401430078432
kernel,national_draw,2566,"",63.64746728244079,62.969101950749284,0.6783653316915093
kernel,national_draw,2567,"",63.15717564817943,62.969101950749284,0.18807369743014846
kernel,national_draw,2568,"",61.893932463865845,62.969101950749284,-1.0751694868834392
kernel,national_draw,2569,"",65.56052011825112,62.969101950749284,2.5914181675018355
kernel,national_draw,2570,"",57.05161297813308,62.969101950749284,-5.917488972616205
kernel,national_draw,2571,"",66.87025197762108,62.969101950749284,3.9011500268717967
kernel,national_draw,2572,"",64.60023351903182,62.969101950749284,1.6311315682825338
kernel,national_draw,2573,"",70.25926946440315,62.969101950749284,7.290167513653863
kernel,national_draw,2574,"",73.77155580491089,62.969101950749284,10.802453854161605
kernel,national_draw,2575,"",65.07303303911357,62.969101950749284,2.103931088364284
kernel,national_draw,2576,"",67.73745042948819,62.969101950749284,4.768348478738908
kernel,national_draw,2577,"",71.48701829140084,62.969101950749284,8.51791634065156
kernel,national_draw,2578,"",64.45368339536478,62.969101950749284,1.4845814446154932
kernel,national_draw,2579,"",64.66715043511346,62.969101950749284,1.6980484843641719
kernel,national_draw,2580,"",62.61267646451272,62.969101950749284,-0.3564254862365672
kernel,national_draw,2581,"",64.85544803529834,62.969101950749284,1.8863460845490536
kernel,national_draw,2582,"",65.57213767046358,62.969101950749284,2.603035719714292
kernel,national_draw,2583,"",71.77528962571516,62.969101950749284,8.806187674965877
kernel,national_draw,2584,"",71.14774098624639,62.969101950749284,8.178639035497106
kernel,national_draw,2585,"",63.099962723653746,62.969101950749284,0.1308607729044624
kernel,national_draw,2586,"",71.85027396579491,62.969101950749284,8.881172015045628
kernel,national_draw,2587,"",63.484029812859546,62.969101950749284,0.5149278621102624
kernel,national_draw,2588,"",62.68330970466788,62.969101950749284,-0.28579224608140663
kernel,national_draw,2589,"",76.57422045082059,62.969101950749284,13.605118500071306
kernel,national_draw,2590,"",64.53627581255405,62.969101950749284,1.5671738618047684
kernel,national_draw,2591,"",62.93978453953325,62.969101950749284,-0.029317411216034373
kernel,national_draw,2592,"",67.16999775104686,62.969101950749284,4.20089580029758
kernel,national_draw,2593,"",68.07480032433122,62.969101950749284,5.105698373581937
kernel,national_draw,2594,"",63.39692933298977,62.969101950749284,0.427827382240487
kernel,national_draw,2595,"",62.685006287397094,62.969101950749284,-0.28409566335218983
kernel,national_draw,2596,"",61.99376539317012,62.969101950749284,-0.9753365575791619
kernel,national_draw,2597,"",68.35478725672014,62.969101950749284,5.38568530597086
kernel,national_draw,2598,"",65.01413507323778,62.969101950749284,2.0450331224884977
kernel,national_draw,2599,"",64.68780950372093,62.969101950749284,1.7187075529716438
kernel,national_draw,2600,"",65.98596766811906,62.969101950749284,3.0168657173697753
kernel,national_draw,2601,"",66.83529544857174,62.969101950749284,3.866193497822458
kernel,national_draw,2602,"",70.24951007422746,62.969101950749284,7.280408123478175
kernel,national_draw,2603,"",67.09212344963788,62.969101950749284,4.123021498888598
kernel,national_draw,2604,"",65.98126109371788,62.969101950749284,3.012159142968592
kernel,national_draw,2605,"",66.91562344717957,62.969101950749284,3.946521496430286
kernel,national_draw,2606,"",70.50497157600694,62.969101950749284,7.535869625257654
kernel,national_draw,2607,"",69.27520762421658,62.969101950749284,6.306105673467293
kernel,national_draw,2608,"",69.43956609585084,62.969101950749284,6.470464145101552
kernel,national_draw,2609,"",68.0318525443859,62.969101950749284,5.062750593636615
kernel,national_draw,2610,"",76.05656420668865,62.969101950749284,13.087462255939364
kernel,national_draw,2611,"",66.91263422999,62.969101950749284,3.9435322792407206
kernel,national_draw,2612,"",67.0492426096914,62.969101950749284,4.0801406589421205
kernel,national_draw,2613,"",69.37616237557037,62.969101950749284,6.40706042482109
kernel,national_draw,2614,"",75.34882606516138,62.969101950749284,12.379724114412092
kernel,national_draw,2615,"",66.15237127213166,62.969101950749284,3.183269321382376
kernel,national_draw,2616,"",64.72056162936019,62.969101950749284,1.7514596786109067
kernel,national_draw,2617,"",66.68825827870626,62.969101950749284,3.7191563279569735
kernel,national_draw,2618,"",71.96002324803077,62.969101950749284,8.990921297281481
kernel,national_draw,2619,"",69.83328408626866,62.969101950749284,6.864182135519378
kernel,national_draw,2620,"",69.98600423120807,62.969101950749284,7.016902280458787
kernel,national_draw,2621,"",69.85718628240615,62.969101950749284,6.888084331656863
kernel,national_draw,2622,"",62.90299293120537,62.969101950749284,-0.06610901954391579
kernel,national_draw,2623,"",70.16111695989733,62.969101950749284,7.192015009148044
kernel,national_draw,2624,"",62.61918811060676,62.969101950749284,-0.349913840142527
kernel,national_draw,2625,"",68.93804931626677,62.969101950749284,5.9689473655174865
kernel,national_draw,2626,"",69.97471676243818,62.969101950749284,7.005614811688893
kernel,national_draw,2627,"",71.78014392976895,62.969101950749284,8.81104197901967
kernel,national_draw,2628,"",60.823317205179336,62.969101950749284,-2.145784745569948
kernel,national_draw,2629,"",72.15563577429577,62.969101950749284,9.18653382354649
kernel,national_draw,2630,"",64.46490161586001,62.969101950749284,1.4957996651107308
kernel,national_draw,2631,"",66.88388696290201,62.969101950749284,3.914785012152727
kernel,national_draw,2632,"",73.04279619547209,62.969101950749284,10.073694244722809
kernel,national_draw,2633,"",65.28293379271716,62.969101950749284,2.3138318419678754
kernel,national_draw,2634,"",69.67293047318569,62.969101950749284,6.703828522436403
kernel,national_draw,2635,"",63.13190233620365,62.969101950749284,0.1628003854543678
kernel,national_draw,2636,"",68.53996406799358,62.969101950749284,5.570862117244296
kernel,national_draw,2637,"",67.79781184223516,62.969101950749284,4.828709891485879
kernel,national_draw,2638,"",70.05425302243906,62.969101950749284,7.085151071689772
kernel,national_draw,2639,"",62.75156772900215,62.969101950749284,-0.21753422174713677
kernel,national_draw,2640,"",68.86290339687947,62.969101950749284,5.89380144613019
kernel,national_draw,2641,"",65.090695965704,62.969101950749284,2.1215940149547166
kernel,national_draw,2642,"",66.2980003937457,62.969101950749284,3.3288984429964117
kernel,national_draw,2643,"",66.67528807686207,62.969101950749284,3.70618612611279
kernel,national_draw,2644,"",67.4757011843694,62.969101950749284,4.506599233620115
kernel,national_draw,2645,"",68.18444342587927,62.969101950749284,5.215341475129982
kernel,national_draw,2646,"",62.90935915592263,62.969101950749284,-0.05974279482665423
kernel,national_draw,2647,"",63.495377296800804,62.969101950749284,0.5262753460515199
kernel,national_draw,2648,"",70.90407477391766,62.969101950749284,7.934972823168373
kernel,national_draw,2649,"",59.640367395336256,62.969101950749284,-3.3287345554130283
kernel,national_draw,2650,"",69.64727398742345,62.969101950749284,6.678172036674162
kernel,national_draw,2651,"",65.89113446424537,62.969101950749284,2.9220325134960845
kernel,national_draw,2652,"",65.2952830683652,62.969101950749284,2.32618111761591
kernel,national_draw,2653,"",63.191795168958755,62.969101950749284,0.2226932182094714
kernel,national_draw,2654,"",68.59092156504147,62.969101950749284,5.6218196142921855
kernel,national_draw,2655,"",67.50622351556456,62.969101950749284,4.537121564815273
kernel,national_draw,2656,"",79.40335178730605,62.969101950749284,16.434249836556766
kernel,national_draw,2657,"",65.94205733715593,62.969101950749284,2.972955386406646
kernel,national_draw,2658,"",75.0937408123409,62.969101950749284,12.124638861591613
kernel,national_draw,2659,"",75.24034402635183,62.969101950749284,12.27124207560255
kernel,national_draw,2660,"",68.72304265654479,62.969101950749284,5.753940705795507
kernel,national_draw,2661,"",64.5865800675443,62.969101950749284,1.61747811679502
kernel,national_draw,2662,"",61.035955573907884,62.969101950749284,-1.9331463768413997
kernel,national_draw,2663,"",73.16604889126704,62.969101950749284,10.196946940517755
kernel,national_draw,2664,"",71.86006105528045,62.969101950749284,8.89095910453117
kernel,national_draw,2665,"",66.79756206370845,62.969101950749284,3.8284601129591707
kernel,national_draw,2666,"",74.141323125399,62.969101950749284,11.172221174649714
kernel,national_draw,2667,"",64.01406995677684,62.969101950749284,1.0449680060275526
kernel,national_draw,2668,"",69.59081817736741,62.969101950749284,6.621716226618126
kernel,national_draw,2669,"",64.92456704651423,62.969101950749284,1.9554650957649429
kernel,national_draw,2670,"",69.73871171756288,62.969101950749284,6.769609766813595
kernel,national_draw,2671,"",63.265890822847005,62.969101950749284,0.2967888720977214
kernel,national_draw,2672,"",66.63929744024445,62.969101950749284,3.670195489495164
kernel,national_draw,2673,"",65.71808995069269,62.969101950749284,2.7489879999434024
kernel,national_draw,2674,"",52.29195746614007,62.969101950749284,-10.677144484609215
kernel,national_draw,2675,"",69.27768671244947,62.969101950749284,6.308584761700182
kernel,national_draw,2676,"",65.86801246533575,62.969101950749284,2.8989105145864684
kernel,national_draw,2677,"",66.40971863525778,62.969101950749284,3.440616684508491
kernel,national_draw,2678,"",74.82002084880888,62.969101950749284,11.850918898059597
kernel,national_draw,2679,"",63.177144542316114,62.969101950749284,0.20804259156683003
kernel,national_draw,2680,"",63.79388814266179,62.969101950749284,0.8247861919125086
kernel,national_draw,2681,"",72.82549280130715,62.969101950749284,9.856390850557865
kernel,national_draw,2682,"",78.55321380203982,62.969101950749284,15.584111851290537
kernel,national_draw,2683,"",66.35070987214252,62.969101950749284,3.3816079213932326
kernel,national_draw,2684,"",69.98171314645487,62.969101950749284,7.012611195705581
kernel,national_draw,2685,"",63.78710412002074,62.969101950749284,0.818002169271459
kernel,national_draw,2686,"",67.55355009474432,62.969101950749284,4.58444814399504
kernel,national_draw,2687,"",66.74977613764008,62.969101950749284,3.780674186890799
kernel,national_draw,2688,"",58.45765533790285,62.969101950749284,-4.511446612846434
kernel,national_draw,2689,"",65.51390910457619,62.969101950749284,2.544807153826902
kernel,national_draw,2690,"",69.82304688299782,62.969101950749284,6.853944932248531
kernel,national_draw,2691,"",69.0328871366921,62.969101950749284,6.0637851859428125
kernel,national_draw,2692,"",67.3133993864926,62.969101950749284,4.3442974357433215
kernel,national_draw,2693,"",78.39259012068565,62.969101950749284,15.42348816993637
kernel,national_draw,2694,"",65.97115777044469,62.969101950749284,3.002055819695407
kernel,national_draw,2695,"",68.7471064319898,62.969101950749284,5.778004481240522
kernel,national_draw,2696,"",63.97716985948533,62.969101950749284,1.0080679087360451
kernel,national_draw,2697,"",65.83133627079899,62.969101950749284,2.8622343200497014
kernel,national_draw,2698,"",73.97909750062433,62.969101950749284,11.00999554987505
kernel,national_draw,2699,"",72.09661085324977,62.969101950749284,9.127508902500487
kernel,national_draw,2700,"",68.28157798074754,62.969101950749284,5.312476029998258
kernel,national_draw,2701,"",63.210095179676074,62.969101950749284,0.24099322892678998
kernel,national_draw,2702,"",66.82366635498018,62.969101950749284,3.854564404230892
kernel,national_draw,2703,"",65.08510532166298,62.969101950749284,2.1160033709136954
kernel,national_draw,2704,"",66.86836380799863,62.969101950749284,3.89926185724935
kernel,national_draw,2705,"",62.54996291870306,62.969101950749284,-0.4191390320462247
kernel,national_draw,2706,"",75.1366239605632,62.969101950749284,12.167522009813915
kernel,national_draw,2707,"",67.13152571792052,62.969101950749284,4.162423767171241
kernel,national_draw,2708,"",70.16028828887721,62.969101950749284,7.1911863381279275
kernel,national_draw,2709,"",63.862688611814235,62.969101950749284,0.8935866610649512
kernel,national_draw,2710,"",62.79481096825269,62.969101950749284,-0.17429098249659347
kernel,national_draw,2711,"",68.47151214849028,62.969101950749284,5.502410197740993
kernel,national_draw,2712,"",64.30005840630312,62.969101950749284,1.3309564555538387
kernel,national_draw,2713,"",68.26191147074357,62.969101950749284,5.292809519994286
kernel,national_draw,2714,"",74.38666745425037,62.969101950749284,11.417565503501088
kernel,national_draw,2715,"",60.152885417488264,62.969101950749284,-2.81621653326102
kernel,national_draw,2716,"",78.32627335631776,62.969101950749284,15.357171405568472
kernel,national_draw,2717,"",60.67212744710996,62.969101950749284,-2.2969745036393263
kernel,national_draw,2718,"",59.32553011458581,62.969101950749284,-3.643571836163474
kernel,national_draw,2719,"",62.63862148475272,62.969101950749284,-0.33048046599656544
kernel,national_draw,2720,"",77.22633606986356,62.969101950749284,14.25723411911428
kernel,national_draw,2721,"",74.52379750428757,62.969101950749284,11.554695553538288
kernel,national_draw,2722,"",64.2037040486627,62.969101950749284,1.2346020979134167
kernel,national_draw,2723,"",75.97714336047888,62.969101950749284,13.008041409729593
kernel,national_draw,2724,"",70.12106375783287,62.969101950749284,7.1519618070835875
kernel,national_draw,2725,"",75.2054821366112,62.969101950749284,12.236380185861911
kernel,national_draw,2726,"",63.54011399050823,62.969101950749284,0.5710120397589478
kernel,national_draw,2727,"",62.74079269746474,62.969101950749284,-0.228309253284543
kernel,national_draw,2728,"",73.21227673115551,62.969101950749284,10.243174780406228
kernel,national_draw,2729,"",64.40322217761863,62.969101950749284,1.4341202268693465
kernel,national_draw,2730,"",63.20758146730585,62.969101950749284,0.2384795165565663
kernel,national_draw,2731,"",69.95314130832935,62.969101950749284,6.984039357580066
kernel,national_draw,2732,"",63.27470612821148,62.969101950749284,0.30560417746219315
kernel,national_draw,2733,"",66.95973690641505,62.969101950749284,3.9906349556657617
kernel,national_draw,2734,"",64.49034574024662,62.969101950749284,1.5212437894973405
kernel,national_draw,2735,"",65.07572218044628,62.969101950749284,2.1066202296969934
kernel,national_draw,2736,"",63.00066069778855,62.969101950749284,0.03155874703926287
kernel,national_draw,2737,"",58.07450463419841,62.969101950749284,-4.894597316550872
kernel,national_draw,2738,"",68.8205996258885,62.969101950749284,5.851497675139221
kernel,national_draw,2739,"",53.7351030514737,62.969101950749284,-9.233998899275583
kernel,national_draw,2740,"",75.22276419769099,62.969101950749284,12.253662246941708
kernel,national_draw,2741,"",72.0258414248211,62.969101950749284,9.056739474071811
kernel,national_draw,2742,"",64.95928582315389,62.969101950749284,1.9901838724046073
kernel,national_draw,2743,"",66.7258624001235,62.969101950749284,3.7567604493742195
kernel,national_draw,2744,"",69.379890241023,62.969101950749284,6.410788290273722
kernel,national_draw,2745,"",64.16039617768914,62.969101950749284,1.1912942269398528
kernel,national_draw,2746,"",69.6644983416077,62.969101950749284,6.695396390858413
kernel,national_draw,2747,"",70.57648196097449,62.969101950749284,7.6073800102252065
kernel,national_draw,2748,"",71.64992485754303,62.969101950749284,8.680822906793743
kernel,national_draw,2749,"",71.6754797791691,62.969101950749284,8.70637782841981
kernel,national_draw,2750,"",67.8494225813407,62.969101950749284,4.88032063059142
kernel,national_draw,2751,"",61.71923060827292,62.969101950749284,-1.2498713424763608
kernel,national_draw,2752,"",68.59391078223105,62.969101950749284,5.624808831481765
kernel,national_draw,2753,"",70.29725906788268,62.969101950749284,7.328157117133394
kernel,national_draw,2754,"",62.06509342434773,62.969101950749284,-0.9040085264015545
kernel,national_draw,2755,"",74.95605677610641,62.969101950749284,11.986954825357124
kernel,national_draw,2756,"",71.09781298021515,62.969101950749284,8.128711029465869
kernel,national_draw,2757,"",78.88847239898806,62.969101950749284,15.919370448238773
kernel,national_draw,2758,"",62.55822423787022,62.969101950749284,-0.4108777128790635
kernel,national_draw,2759,"",67.25165069997657,62.969101950749284,4.282548749227281
kernel,national_draw,2760,"",70.45546136789949,62.969101950749284,7.486359417150204
kernel,national_draw,2761,"",72.19053228817374,62.969101950749284,9.221430337424458
kernel,national_draw,2762,"",70.23978761646492,62.969101950749284,7.270685665715639
kernel,national_draw,2763,"",64.32676054101276,62.969101950749284,1.3576585902634761
kernel,national_draw,2764,"",59.418449757803,62.969101950749284,-3.5506521929462806
kernel,national_draw,2765,"",70.24181197436087,62.969101950749284,7.272710023611587
kernel,national_draw,2766,"",63.83329964404771,62.969101950749284,0.8641976932984292
kernel,national_draw,2767,"",71.14810107727465,62.969101950749284,8.178999126525362
kernel,national_draw,2768,"",67.1998899229426,62.969101950749284,4.230787972193319
kernel,national_draw,2769,"",62.06278976507731,62.969101950749284,-0.9063121856719718
kernel,national_draw,2770,"",69.00518090199986,62.969101950749284,6.03607895125058
kernel,national_draw,2771,"",75.94496599551931,62.969101950749284,12.975864044770027
kernel,national_draw,2772,"",60.70565746170126,62.969101950749284,-2.2634444890480268
kernel,national_draw,2773,"",70.77158666655863,62.969101950749284,7.802484715809349
kernel,national_draw,2774,"",70.87310925376467,62.969101950749284,7.9040073030153835
kernel,national_draw,2775,"",60.422060385926635,62.969101950749284,-2.547041564822649
kernel,national_draw,2776,"",73.7689105208188,62.969101950749284,10.799808570069523
kernel,national_draw,2777,"",69.63643201588722,62.969101950749284,6.667330065137939
kernel,national_draw,2778,"",67.3398983929299,62.969101950749284,4.3707964421806125
kernel,national_draw,2779,"",70.66478274427172,62.969101950749284,7.695680793522435
kernel,national_draw,2780,"",65.94934225565036,62.969101950749284,2.9802403049010806
kernel,national_draw,2781,"",64.65323384018224,62.969101950749284,1.6841318894329547
kernel,national_draw,2782,"",74.94124918670786,62.969101950749284,11.97214723595858
kernel,national_draw,2783,"",58.828445224580115,62.969101950749284,-4.140656726169169
kernel,national_draw,2784,"",69.61238209009713,62.969101950749284,6.643280139347844
kernel,national_draw,2785,"",68.0794122594237,62.969101950749284,5.110310308674421
kernel,national_draw,2786,"",65.33114905808843,62.969101950749284,2.3620471073391442
kernel,national_draw,2787,"",64.92616206510728,62.969101950749284,1.9570601143579935
kernel,national_draw,2788,"",66.25764942410018,62.969101950749284,3.2885474733508957
kernel,national_draw,2789,"",69.57519345832786,62.969101950749284,6.606091507578576
kernel,national_draw,2790,"",59.38005620605461,62.969101950749284,-3.5890457446946726
kernel,national_draw,2791,"",61.21733757972987,62.969101950749284,-1.7517643710194122
kernel,national_draw,2792,"",67.99966132977138,62.969101950749284,5.030559379022101
kernel,national_draw,2793,"",67.58920833964358,62.969101950749284,4.620106388894293
kernel,national_draw,2794,"",57.57448361734705,62.969101950749284,-5.394618333402235
kernel,national_draw,2795,"",70.84585544113355,62.969101950749284,7.876753490384267
kernel,national_draw,2796,"",71.97293805125523,62.969101950749284,9.003836100505943
kernel,national_draw,2797,"",71.33971336154,62.969101950749284,8.370611410790723
kernel,national_draw,2798,"",74.35814408991713,62.969101950749284,11.389042139167849
kernel,national_draw,2799,"",66.67094621004077,62.969101950749284,3.7018442592914838
kernel,national_draw,2800,"",68.75212462362697,62.969101950749284,5.783022672877685
kernel,national_draw,2801,"",61.00501313651312,62.969101950749284,-1.9640888142361632
kernel,national_draw,2802,"",65.42776886744839,62.969101950749284,2.4586669166991086
kernel,national_draw,2803,"",63.55829397088281,62.969101950749284,0.5891920201335239
kernel,national_draw,2804,"",57.66225349720522,62.969101950749284,-5.306848453544063
kernel,national_draw,2805,"",61.20269618619051,62.969101950749284,-1.766405764558776
kernel,national_draw,2806,"",66.41149139108911,62.969101950749284,3.4423894403398307
kernel,national_draw,2807,"",66.74639451356076,62.969101950749284,3.777292562811475
kernel,national_draw,2808,"",65.57044108773435,62.969101950749284,2.601339136985068
kernel,national_draw,2809,"",62.90000140573998,62.969101950749284,-0.06910054500930585
kernel,national_draw,2810,"",65.38466874129881,62.969101950749284,2.4155667905495264
kernel,national_draw,2811,"",67.09863278745611,62.969101950749284,4.129530836706827
kernel,national_draw,2812,"",68.87323985601068,62.969101950749284,5.9041379052614005
kernel,national_draw,2813,"",68.6598351397092,62.969101950749284,5.690733188959918
kernel,national_draw,2814,"",64.59209684675903,62.969101950749284,1.6229948960097502
kernel,national_draw,2815,"",58.641687244368555,62.969101950749284,-4.327414706380729
kernel,national_draw,2816,"",63.11422325168247,62.969101950749284,0.14512130093318376
kernel,national_draw,2817,"",65.10927989434745,62.969101950749284,2.140177943598168
kernel,national_draw,2818,"",72.87836616728734,62.969101950749284,9.909264216538055
kernel,national_draw,2819,"",69.459502674126,62.969101950749284,6.490400723376716
kernel,national_draw,2820,"",72.68867436850594,62.969101950749284,9.719572417756659
kernel,national_draw,2821,"",64.68884361128922,62.969101950749284,1.7197416605399312
kernel,national_draw,2822,"",66.0065805712101,62.969101950749284,3.03747862046081
kernel,national_draw,2823,"",63.98648606070317,62.969101950749284,1.0173841099538876
kernel,national_draw,2824,"",71.80473168382558,62.969101950749284,8.835629733076296
kernel,national_draw,2825,"",66.36132794092401,62.969101950749284,3.3922259901747296
kernel,national_draw,2826,"",64.64125619694154,62.969101950749284,1.6721542461922567
kernel,national_draw,2827,"",65.3406129889589,62.969101950749284,2.3715110382096114
kernel,national_draw,2828,"",64.09465417400092,62.969101950749284,1.1255522232516384
kernel,national_draw,2829,"",61.84621347779632,62.969101950749284,-1.1228884729529653
kernel,national_draw,2830,"",64.76592617409122,62.969101950749284,1.796824223341936
kernel,national_draw,2831,"",71.80863036168905,62.969101950749284,8.83952841093977
kernel,national_draw,2832,"",70.7078597876631,62.969101950749284,7.738757836913813
kernel,national_draw,2833,"",71.62042278426122,62.969101950749284,8.651320833511939
kernel,national_draw,2834,"",62.7834404015532,62.969101950749284,-0.1856615491960838
kernel,national_draw,2835,"",67.72555819245292,62.969101950749284,4.7564562417036385
kernel,national_draw,2836,"",70.40689062805161,62.969101950749284,7.437788677302329
kernel,national_draw,2837,"",68.119636273899,62.969101950749284,5.150534323149721
kernel,national_draw,2838,"",64.67997752385666,62.969101950749284,1.71087557310738
kernel,national_draw,2839,"",82.17449000203798,62.969101950749284,19.2053880512887
kernel,national_draw,2840,"",64.0982504677317,62.969101950749284,1.1291485169824185
kernel,national_draw,2841,"",71.84119090043508,62.969101950749284,8.872088949685796
kernel,national_draw,2842,"",66.14980677769336,62.969101950749284,3.1807048269440727
kernel,national_draw,2843,"",64.77417595187929,62.969101950749284,1.8050740011300022
kernel,national_draw,2844,"",64.93027079607054,62.969101950749284,1.9611688453212608
kernel,national_draw,2845,"",63.69189928373971,62.969101950749284,0.7227973329904245
kernel,national_draw,2846,"",78.23025831522318,62.969101950749284,15.261156364473898
kernel,national_draw,2847,"",67.23340608787896,62.969101950749284,4.2643041371296775
kernel,national_draw,2848,"",65.71868548585478,62.969101950749284,2.7495835351054936
kernel,national_draw,2849,"",70.3670405542595,62.969101950749284,7.3979386035102195
kernel,national_draw,2850,"",76.09651353634112,62.969101950749284,13.127411585591837
kernel,national_draw,2851,"",63.41383283683475,62.969101950749284,0.4447308860854662
kernel,national_draw,2852,"",64.44550055757557,62.969101950749284,1.4763986068262867
kernel,national_draw,2853,"",65.27635059007262,62.969101950749284,2.3072486393233405
kernel,national_draw,2854,"",64.91033883434703,62.969101950749284,1.941236883597746
kernel,national_draw,2855,"",71.47249692820424,62.969101950749284,8.503394977454953
kernel,national_draw,2856,"",65.48261350098063,62.969101950749284,2.5135115502313496
kernel,national_draw,2857,"",63.0569503119854,62.969101950749284,0.08784836123611939
kernel,national_draw,2858,"",68.64029558487543,62.969101950749284,5.671193634126148
kernel,national_draw,2859,"",63.243078132897544,62.969101950749284,0.27397618214826025
kernel,national_draw,2860,"",62.64740447425567,62.969101950749284,-0.32169747649361113
kernel,national_draw,2861,"",68.41108379574446,62.969101950749284,5.441981844995176
kernel,national_draw,2862,"",69.74967141116603,62.969101950749284,6.78056946041675
kernel,national_draw,2863,"",65.23174085153542,62.969101950749284,2.2626389007861363
kernel,national_draw,2864,"",66.55263322450506,62.969101950749284,3.5835312737557743
kernel,national_draw,2865,"",61.44696024195716,62.969101950749284,-1.5221417087921267
kernel,national_draw,2866,"",66.33209362763758,62.969101950749284,3.362991676888292
kernel,national_draw,2867,"",68.55587732151089,62.969101950749284,5.5867753707616075
kernel,national_draw,2868,"",64.28193151627246,62.969101950749284,1.312829565523181
kernel,national_draw,2869,"",74.81782337022628,62.969101950749284,11.848721419476995
kernel,national_draw,2870,"",72.70473535167586,62.969101950749284,9.73563340092658
kernel,national_draw,2871,"",63.9522058564697,62.969101950749284,0.9831039057204194
kernel,national_draw,2872,"",73.01233157117248,62.969101950749284,10.043229620423197
kernel,national_draw,2873,"",69.83414968970195,62.969101950749284,6.865047738952661
kernel,national_draw,2874,"",74.05503054206696,62.969101950749284,11.085928591317675
kernel,national_draw,2875,"",64.19524883432648,62.969101950749284,1.2261468835771936
kernel,national_draw,2876,"",63.05347866514902,62.969101950749284,0.08437671439973826
kernel,national_draw,2877,"",58.15954382375907,62.969101950749284,-4.809558126990211
kernel,national_draw,2878,"",64.02974545788447,62.969101950749284,1.0606435071351896
kernel,national_draw,2879,"",66.88832577730784,62.969101950749284,3.9192238265585573
kernel,national_draw,2880,"",64.28604717206319,62.969101950749284,1.3169452213139081
kernel,national_draw,2881,"",64.94215610827835,62.969101950749284,1.97305415752907
kernel,national_draw,2882,"",67.10133808671957,62.969101950749284,4.132236135970281
kernel,national_draw,2883,"",78.71351432477888,62.969101950749284,15.7444123740296
kernel,national_draw,2884,"",67.8155809495134,62.969101950749284,4.84647899876412
kernel,national_draw,2885,"",66.72303014568983,62.969101950749284,3.753928194940549
kernel,national_draw,2886,"",66.73531709789067,62.969101950749284,3.766215147141388
kernel,national_draw,2887,"",75.61783483774056,62.969101950749284,12.648732886991276
kernel,national_draw,2888,"",67.2786459857156,62.969101950749284,4.309544034966315
kernel,national_draw,2889,"",67.84133669113601,62.969101950749284,4.872234740386723
kernel,national_draw,2890,"",60.899527239720605,62.969101950749284,-2.069574711028679
kernel,national_draw,2891,"",64.32027428595276,62.969101950749284,1.3511723352034792
kernel,national_draw,2892,"",66.00221331335474,62.969101950749284,3.03311136260546
kernel,national_draw,2893,"",65.57881089586516,62.969101950749284,2.6097089451158766
kernel,national_draw,2894,"",64.75558048185674,62.969101950749284,1.7864785311074556
kernel,national_draw,2895,"",66.13574706966115,62.969101950749284,3.166645118911866
kernel,national_draw,2896,"",63.393515393048936,62.969101950749284,0.4244134422996524
kernel,national_draw,2897,"",69.69566237348138,62.969101950749284,6.726560422732099
kernel,national_draw,2898,"",71.83565565501378,62.969101950749284,8.866553704264497
kernel,national_draw,2899,"",63.10563184907274,62.969101950749284,0.13652989832345952
kernel,national_draw,2900,"",65.17093855810643,62.969101950749284,2.2018366073571443
kernel,national_draw,2901,"",63.32028765086978,62.969101950749284,0.3511857001204959
kernel,national_draw,2902,"",63.99903153979609,62.969101950749284,1.0299295890468088
kernel,national_draw,2903,"",67.25941573984198,62.969101950749284,4.2903137890927
kernel,national_draw,2904,"",67.4909127220368,62.969101950749284,4.521810771287512
kernel,national_draw,2905,"",63.66111611737666,62.969101950749284,0.6920141666273736
kernel,national_draw,2906,"",64.19211188748429,62.969101950749284,1.2230099367350036
kernel,national_draw,2907,"",72.24468443895937,62.969101950749284,9.275582488210084
kernel,national_draw,2908,"",64.98442756340782,62.969101950749284,2.015325612658536
kernel,national_draw,2909,"",69.2173783900464,62.969101950749284,6.248276439297122
kernel,national_draw,2910,"",72.99205105979983,62.969101950749284,10.02294910905055
kernel,national_draw,2911,"",75.35788604776297,62.969101950749284,12.38878409701369
kernel,national_draw,2912,"",62.112293048357294,62.969101950749284,-0.8568089023919896
kernel,national_draw,2913,"",67.11191460653627,62.969101950749284,4.14281265578699
kernel,national_draw,2914,"",68.24032447525562,62.969101950749284,5.271222524506335
kernel,national_draw,2915,"",77.12707328468734,62.969101950749284,14.157971333938058
kernel,national_draw,2916,"",66.5497086390385,62.969101950749284,3.5806066882892154
kernel,national_draw,2917,"",70.9707308548314,62.969101950749284,8.001628904082118
kernel,national_draw,2918,"",67.90645315207644,62.969101950749284,4.937351201327154
kernel,national_draw,2919,"",68.83267652498955,62.969101950749284,5.863574574240268
kernel,national_draw,2920,"",61.95317667111494,62.969101950749284,-1.0159252796343452
kernel,national_draw,2921,"",68.45053453781935,62.969101950749284,5.481432587070067
kernel,national_draw,2922,"",65.00545133959518,62.969101950749284,2.036349388845899
kernel,national_draw,2923,"",69.7293078018638,62.969101950749284,6.760205851114513
kernel,national_draw,2924,"",74.89529603164222,62.969101950749284,11.926194080892934
kernel,national_draw,2925,"",66.46393541776642,62.969101950749284,3.4948334670171377
kernel,national_draw,2926,"",69.29914213621555,62.969101950749284,6.330040185466267
kernel,national_draw,2927,"",70.26552489188094,62.969101950749284,7.2964229411316595
kernel,national_draw,2928,"",72.6373244645683,62.969101950749284,9.66822251381901
kernel,national_draw,2929,"",68.70048618521157,62.969101950749284,5.73138423446229
kernel,national_draw,2930,"",67.1824208915212,62.969101950749284,4.21331894077192
kernel,national_draw,2931,"",70.67293557447526,62.969101950749284,7.703833623725977
kernel,national_draw,2932,"",63.68172902046769,62.969101950749284,0.7126270697184083
kernel,national_draw,2933,"",65.54112829306996,62.969101950749284,2.572026342320676
kernel,national_draw,2934,"",65.61482923179265,62.969101950749284,2.6457272810433707
kernel,national_draw,2935,"",67.27569139266336,62.969101950749284,4.3065894419140776
kernel,national_draw,2936,"",65.40050351343817,62.969101950749284,2.431401562688883
kernel,national_draw,2937,"",63.284377803905926,62.969101950749284,0.31527585315664197
kernel,national_draw,2938,"",75.85484167432264,62.969101950749284,12.885739723573359
kernel,national_draw,2939,"",62.1553423924388,62.969101950749284,-0.8137595583104869
kernel,national_draw,2940,"",62.5595191806064,62.969101950749284,-0.40958277014288313
kernel,national_draw,2941,"",65.3373606283256,62.969101950749284,2.368258677576314
kernel,national_draw,2942,"",68.70550206857293,62.969101950749284,5.736400117823642
kernel,national_draw,2943,"",62.26242330782434,62.969101950749284,-0.7066786429249419
kernel,national_draw,2944,"",68.87578126769077,62.969101950749284,5.906679316941485
kernel,national_draw,2945,"",61.31431748011808,62.969101950749284,-1.6547844706312063
kernel,national_draw,2946,"",67.61697920605883,62.969101950749284,4.647877255309545
kernel,national_draw,2947,"",65.60518756368388,62.969101950749284,2.6360856129346004
kernel,national_draw,2948,"",79.94907666543428,62.969101950749284,16.979974714684992
kernel,national_draw,2949,"",65.1104871226024,62.969101950749284,2.141385171853109
kernel,national_draw,2950,"",63.562642762531574,62.969101950749284,0.5935408117822902
kernel,national_draw,2951,"",70.99433066683619,62.969101950749284,8.025228716086907
kernel,national_draw,2952,"",70.27386238415023,62.969101950749284,7.304760433400951
kernel,national_draw,2953,"",75.72550205518492,62.969101950749284,12.756400104435635
kernel,national_draw,2954,"",68.02511930381293,62.969101950749284,5.056017353063645
kernel,national_draw,2955,"",79.05023175204667,62.969101950749284,16.081129801297386
kernel,national_draw,2956,"",70.02961448631434,62.969101950749284,7.06051253556506
kernel,national_draw,2957,"",63.08610614389389,62.969101950749284,0.1170041931446093
kernel,national_draw,2958,"",69.35370516009752,62.969101950749284,6.384603209348235
kernel,national_draw,2959,"",60.14420630039731,62.969101950749284,-2.8248956503519764
kernel,national_draw,2960,"",62.55079620627482,62.969101950749284,-0.4183057444744662
kernel,national_draw,2961,"",64.14192766283679,62.969101950749284,1.1728257120875085
kernel,national_draw,2962,"",69.71436633246756,62.969101950749284,6.745264381718279
kernel,national_draw,2963,"",80.07082898194487,62.969101950749284,17.101727031195587
kernel,national_draw,2964,"",66.9580172409276,62.969101950749284,3.988915290178319
kernel,national_draw,2965,"",74.74605676664248,62.969101950749284,11.776954815893198
kernel,national_draw,2966,"",60.69463313637509,62.969101950749284,-2.2744688143741953
kernel,national_draw,2967,"",67.4883274531161,62.969101950749284,4.519225502366815
kernel,national_draw,2968,"",69.7790857699666,62.969101950749284,6.809983819217315
kernel,national_draw,2969,"",71.84976845338987,62.969101950749284,8.880666502640587
kernel,national_draw,2970,"",63.36363245425649,62.969101950749284,0.3945305035072053
kernel,national_draw,2971,"",66.77575578201743,62.969101950749284,3.806653831268143
kernel,national_draw,2972,"",72.50295742069012,62.969101950749284,9.533855469940839
kernel,national_draw,2973,"",68.64762897716213,62.969101950749284,5.678527026412844
kernel,national_draw,2974,"",66.14685449291693,62.969101950749284,3.177752542167646
kernel,national_draw,2975,"",67.92299425661736,62.969101950749284,4.953892305868074
kernel,national_draw,2976,"",68.68558626478016,62.969101950749284,5.716484314030872
kernel,national_draw,2977,"",65.1510804612092,62.969101950749284,2.1819785104599205
kernel,national_draw,2978,"",67.23405009683331,62.969101950749284,4.264948146084031
kernel,national_draw,2979,"",67.49397349577686,62.969101950749284,4.5248715450275725
kernel,national_draw,2980,"",66.2512254924874,62.969101950749284,3.282123541738109
kernel,national_draw,2981,"",60.07850584567389,62.969101950749284,-2.890596105075396
kernel,national_draw,2982,"",71.20763381900149,62.969101950749284,8.238531868252203
kernel,national_draw,2983,"",63.78716413519211,62.969101950749284,0.8180621844428231
kernel,national_draw,2984,"",65.58601271642999,62.969101950749284,2.616910765680707
kernel,national_draw,2985,"",66.0068229401714,62.969101950749284,3.0377209894221195
kernel,national_draw,2986,"",73.81115889319005,62.969101950749284,10.84205694244077
kernel,national_draw,2987,"",62.178076601010304,62.969101950749284,-0.7910253497389803
kernel,national_draw,2988,"",68.13541795569445,62.969101950749284,5.166316004945166
kernel,national_draw,2989,"",65.62581200815403,62.969101950749284,2.6567100574047444
kernel,national_draw,2990,"",81.92375354086626,62.969101950749284,18.954651590116974
kernel,national_draw,2991,"",65.32646556644546,62.969101950749284,2.3573636156961797
kernel,national_draw,2992,"",73.04580849541989,62.969101950749284,10.076706544670607
kernel,national_draw,2993,"",74.25179720624298,62.969101950749284,11.2826952554937
kernel,national_draw,2994,"",61.09094793709274,62.969101950749284,-1.878154013656541
kernel,national_draw,2995,"",64.90948708056868,62.969101950749284,1.940385129819397
kernel,national_draw,2996,"",63.49839882985189,62.969101950749284,0.5292968791026027
kernel,national_draw,2997,"",67.09583054060812,62.969101950749284,4.1267285898588355
kernel,national_draw,2998,"",66.02967717908567,62.969101950749284,3.0605752283363827
kernel,national_draw,2999,"",65.74560229021587,62.969101950749284,2.776500339466587
kernel,district,-1,0101,69.41952719275014,69.09595476895086,0.323572423799277
kernel,district,-1,0102,71.13591299055696,69.43773681214049,1.6981761784164746
kernel,district,-1,0103,65.85046951147034,62.18590276952336,3.6645667419469774
kernel,district,-1,0104,69.36349733143291,67.23228498007678,2.131212351356126
kernel,district,-1,0105,64.75224646983312,60.33889602053916,4.413350449293965
kernel,district,-1,0202,65.22927629330965,61.97225449326864,3.2570218000410094
kernel,district,-1,0301,66.44098614295234,63.525585282392406,2.9154008605599344
kernel,district,-1,0302,67.8092567322258,66.51977415275987,1.2894825794659397
kernel,district,-1,0303,68.28945396413049,65.69790677923764,2.591547184892846
kernel,district,-1,0401,68.77409594456103,64.64952092788704,4.124575016673987
kernel,district,-1,0402,68.74353167044143,63.72935759175654,5.0141740786848885
kernel,district,-1,0501,68.64705980315419,65.27719952703715,3.3698602761170378
kernel,district,-1,0502,70.59541060586605,66.7736669295816,3.8217436762844557
kernel,district,-1,0601,65.61022972923459,61.10968624433616,4.500543484898429
kernel,district,-1,0602,66.45644549186223,57.71788318341245,8.73856230844978
kernel,district,-1,0603,65.73034320352362,58.63350922332214,7.096833980201474
kernel,district,-1,0607,68.45893398695526,67.12122471023223,1.3377092767230323
kernel,district,-1,0608,65.52882223327885,63.12933873528088,2.399483497997963
kernel,district,-1,0609,67.24200713713495,65.07537688442211,2.166630252712835
kernel,district,-1,0701,69.22960952811698,67.49334137393839,1.736268154178589
kernel,district,-1,0702,67.96413350079268,66.19242726842225,1.771706232370434
kernel,district,-1,0703,72.72407494260818,72.71852089555924,0.005554047048946131
kernel,district,-1,0801,67.65821351749123,64.59017321408355,3.0680403034076846
kernel,district,-1,0802,63.602130024385794,60.87324364227534,2.7288863821104528
kernel,district,-1,0803,67.12979957418692,65.75691946259452,1.3728801115923943
kernel,district,-1,0902,68.61452676024561,66.66774105171552,1.9467857085300864
kernel,district,-1,1002,68.35122201795177,65.86730831621065,2.483913701741116
kernel,district,-1,1003,64.2462154193972,59.91781617096681,4.328399248430394
kernel,district,-1,1101,68.98729074068476,60.774650016629884,8.212640724054872
kernel,district,-1,1102,66.88264822475008,62.11758876249569,4.765059462254392
kernel,district,-1,1103,70.21355917113668,67.34848316232278,2.865076008813901
kernel,district,-1,1201,72.41368306847917,67.97370604378071,4.4399770246984644
kernel,district,-1,1202,71.01822126449419,63.39035724232962,7.627864022164566
kernel,district,-1,1203,71.60340938965837,68.15596850742345,3.4474408822349147
kernel,district,-1,1301,66.78362643733695,61.202773214803365,5.580853222533584
kernel,district,-1,1302,68.88027001421128,63.3183325438181,5.561937470393175
kernel,district,-1,1303,62.784244199491255,57.68776176160743,5.096482437883822
kernel,district,-1,1305,67.33875776891375,60.8592517989425,6.47950596997125
kernel,district,-1,1306,64.53096567735459,59.33613603564033,5.194829641714257
kernel,district,-1,1308,68.78466093766576,65.78609801028134,2.9985629273844268
kernel,district,-1,1309,66.69476403142961,61.24042471385053,5.454339317579084
kernel,district,-1,1310,70.83167816257989,67.10844678776498,3.7232313748149153
kernel,district,-1,1311,68.18972973550171,62.861322598212475,5.32840713728924
kernel,district,-1,1313,65.39889073999873,61.990974082118974,3.4079166578797597
kernel,district,-1,1314,70.9149280899326,69.46472506150862,1.450203028423985
kernel,district,-1,1315,68.06767474210974,60.62273047531299,7.444944266796753
kernel,district,-1,1316,66.744470136556,62.884472754242836,3.8599973823131677
kernel,district,-1,1401,72.02575856799825,65.37873826675398,6.647020301244268
kernel,district,-1,1402,66.56016344983482,63.154234046252824,3.405929403581993
kernel,district,-1,1403,68.26736697305071,65.16225848808854,3.105108484962173
kernel,district,-1,1404,69.7055514236131,67.22638594885291,2.479165474760194
kernel,district,-1,1405,71.09612032793234,68.74314117874894,2.3529791491833976
kernel,district,-1,1406,70.66322028795948,66.24209772352152,4.421122564437951
kernel,district,-1,1501,70.45848444972236,69.00215039958918,1.4563340501331794
kernel,district,-1,1502,69.85280061173772,67.9640604090996,1.8887402026381181
kernel,district,-1,1601,68.73262197295563,67.4386273438057,1.2939946291499211
kernel,district,-1,1602,67.88387715930902,64.78286948176584,3.10100767754318
kernel,district,-1,1603,68.3580393973485,63.59384995477908,4.764189442569425
kernel,district,-1,1701,70.53815627178633,65.02297062977065,5.51518564201568
kernel,district,-1,1702,67.58162457097598,62.606705975534624,4.974918595441352
kernel,district,-1,1703,68.1443040393665,63.0855409311325,5.058763108234004
kernel,district,-1,1704,68.42528346589947,65.36956337789812,3.055720088001351
kernel,district,-1,1705,70.62204894593336,68.15189199973399,2.470156946199367
kernel,district,-1,1801,66.98271331373134,63.98630701268447,2.996406301046868
kernel,district,-1,1802,63.988112623400895,59.815117705473455,4.17299491792744
kernel,district,-1,1803,67.49476956183872,64.77374618925221,2.721023372586515
kernel,district,-1,1901,73.59972528670474,72.72598438930798,0.8737408973967575
kernel,district,-1,1902,69.09505173430547,66.8139173323326,2.281134401972878
kernel,district,-1,2101,72.64983332151216,71.474572664728,1.175260656784161
kernel,district,-1,2102,68.62423796364445,63.434753023843584,5.189484939800863
kernel,district,-1,2103,67.9707563582139,63.78786623588214,4.182890122331763
kernel,district,-1,2104,70.23069966047416,69.1787625839548,1.0519370765193514
kernel,district,-1,2105,70.1195428624848,66.96971113396279,3.1498317285220168
kernel,district,-1,2201,73.80377100365185,72.36509670230255,1.4386743013492946
kernel,district,-1,2202,72.96037965115724,70.85354535625783,2.1068342948994143
kernel,district,-1,2203,70.61875845718568,68.47943995258385,2.1393185046018317
kernel,district,-1,2204,71.08905671480764,63.221195105803886,7.867861609003754
kernel,district,-1,2205,74.19056987221722,73.09416208090124,1.0964077913159826
kernel,district,-1,2301,70.29728828628583,69.33874194265393,0.9585463436319088
kernel,district,-1,2401,68.13409809620137,61.798558387852566,6.335539708348804
kernel,district,-1,2402,68.01307453195074,64.4033410056237,3.609733526327034
kernel,district,-1,2403,70.6372204878486,67.37120408681494,3.266016401033653
kernel,district,-1,2404,69.97364939237946,66.63701760042696,3.336631791952499
kernel,district,-1,2501,71.41292731518742,70.47484596202816,0.9380813531592622
kernel,district,-1,2502,70.2041204437401,65.67606973058638,4.528050713153718
kernel,district,-1,2503,67.95653919812196,65.55260394143448,2.4039352566874754
kernel,district,-1,2504,66.3986008645313,62.02477508439108,4.373825780140223
kernel,district,-1,2505,68.45583664661106,66.55759239060319,1.898244256007871
kernel,district,-1,2601,65.86140271784633,62.847942294068396,3.0134604237779357
kernel,district,-1,2602,65.76121093548886,59.63445399783761,6.126756937651251
kernel,district,-1,2603,71.5869622091712,69.32438406091279,2.262578148258413
kernel,district,-1,2604,71.36104546086473,70.611308613533,0.7497368473317323
kernel,district,-1,2701,66.47423647744047,62.792507237587394,3.6817292398530768
kernel,district,-1,2702,66.16758519567196,62.54044898371929,3.627136211952674
kernel,district,-1,2703,69.25672914112221,64.58574181117534,4.670987329946868
kernel,district,-1,2704,68.03276935252723,64.60717417809245,3.4255951744347755
kernel,district,-1,2705,67.29223266378656,63.87899167149156,3.4132409922950018
kernel,district,-1,2801,68.36782613444001,64.60656364331349,3.761262491126516
kernel,district,-1,2802,63.741513703796834,61.07354128343236,2.667972420364471
kernel,district,-1,2803,66.09602518693427,63.66025749142632,2.4357676955079484
kernel,district,-1,2804,67.77553414203203,64.68649314783745,3.0890409941945762
kernel,district,-1,2901,74.59441604574596,73.83577369606654,0.7586423496794197
kernel,district,-1,2902,70.91062610342092,68.97628124760125,1.934344855819674
kernel,district,-1,2903,71.89541090854847,68.50819899204075,3.3872119165077237
kernel,district,-1,2904,73.15205537907164,72.34128301171116,0.8107723673604852
kernel,district,-1,2905,71.51826310619639,68.83373332928274,2.6845297769136494
kernel,district,-1,2906,71.81098493120768,67.15221664118803,4.658768290019651
kernel,district,-1,2907,73.86172208217346,73.39816728593446,0.463554796238995
kernel,district,-1,2908,71.4418077371674,67.67677868736305,3.7650290498043404
kernel,district,-1,2A01,62.38712135644885,62.977710040007615,-0.5905886835587637
kernel,district,-1,2A02,62.89463157052565,64.76998159852788,-1.8753500280022308
kernel,district,-1,2B01,62.39253630421483,61.73165469942364,0.6608816047911859
kernel,district,-1,2B02,67.06464292549354,66.09301161541066,0.9716313100828842
kernel,district,-1,3001,64.59905712578296,57.67357960204511,6.925477523737854
kernel,district,-1,3003,68.73736004837062,63.400954902737524,5.336405145633094
kernel,district,-1,3004,68.51557650425579,64.1535240459983,4.362052458257494
kernel,district,-1,3005,68.19169251598953,63.921754857483506,4.269937658506024
kernel,district,-1,3006,65.88935762448435,61.02275250371029,4.866605120774061
kernel,district,-1,3101,71.88137979584653,68.23184324768275,3.6495365481637805
kernel,district,-1,3102,72.67324596377009,69.84905766578797,2.8241882979821185
kernel,district,-1,3103,75.386052075831,73.24552301663839,2.140529059192616
kernel,district,-1,3105,70.94662916184068,67.90487746585039,3.0417516959902855
kernel,district,-1,3106,72.91435922776765,67.24317140082131,5.671187826946337
kernel,district,-1,3107,69.96692198948526,64.09834702344104,5.868574966044221
kernel,district,-1,3108,69.66525738710277,66.76036052778294,2.904896859319834
kernel,district,-1,3109,71.14037459443516,68.04763543407728,3.0927391603578798
kernel,district,-1,3110,74.59772519780888,69.97299147900182,4.6247337188070645
kernel,district,-1,3201,71.67544841519015,68.12225285975593,3.5531955554342147
kernel,district,-1,3202,70.40776145343943,70.69766178746978,-0.2899003340303494
kernel,district,-1,3301,72.69584274014528,69.45675070610127,3.239092034044006
kernel,district,-1,3302,71.04563968386697,63.80789253634721,7.237747147519755
kernel,district,-1,3303,70.07802695476619,65.92786599006931,4.15016096469688
kernel,district,-1,3304,65.66650295187787,60.54807701945533,5.1184259324225465
kernel,district,-1,3305,69.10484873601325,65.26819596466851,3.8366527713447454
kernel,district,-1,3306,73.71547303433661,71.6766505517893,2.0388224825473173
kernel,district,-1,3307,72.77487235413672,70.16556783819958,2.60930451593714
kernel,district,-1,3308,70.60374471445729,68.19213873212787,2.4116059823294194
kernel,district,-1,3309,70.97845869404027,67.91433551282175,3.0641231812185197
kernel,district,-1,3310,70.14559331969518,66.4142411082798,3.731352211415384
kernel,district,-1,3312,70.38861644465891,63.4579344862026,6.930681958456304
kernel,district,-1,3401,67.54826635145784,63.186235881271344,4.362030470186497
kernel,district,-1,3403,72.39835842476822,67.23547673726291,5.162881687505305
kernel,district,-1,3404,71.78157387722561,66.09918947648154,5.68238440074407
kernel,district,-1,3405,68.98460153984601,65.33646635336467,3.6481351864813405
kernel,district,-1,3406,68.73637311593515,65.2731696527317,3.463203463203456
kernel,district,-1,3408,68.11352515578604,61.98716072100707,6.126364434778964
kernel,district,-1,3409,66.6721828732817,60.44217912226121,6.23000375102049
kernel,district,-1,3501,72.87466344421124,70.09370561173652,2.780957832474712
kernel,district,-1,3502,76.09059059059058,74.5005005005005,1.5900900900900865
kernel,district,-1,3503,73.33733159123526,71.8433396877075,1.493991903527757
kernel,district,-1,3504,69.7562648431742,64.35386127262305,5.402403570551144
kernel,district,-1,3505,71.32576979603542,66.51611284367495,4.80965695236047
kernel,district,-1,3506,72.24924984555645,67.99819080398906,4.2510590415673875
kernel,district,-1,3507,70.37712496132173,67.88343069320855,2.493694268113174
kernel,district,-1,3601,66.57606227700293,63.24878365228673,3.3272786247162003
kernel,district,-1,3602,67.98308363186871,66.000160236234,1.9829233956347139
kernel,district,-1,3701,64.61494636206993,56.685287087988435,7.929659274081494
kernel,district,-1,3702,69.82871563573883,66.8481529209622,2.9805627147766245
kernel,district,-1,3703,68.53718401384153,66.31459295249017,2.222591061351352
kernel,district,-1,3704,66.76893048935665,62.32234132033558,4.446589169021067
kernel,district,-1,3705,69.33916534552961,66.8476339290806,2.491531416449007
kernel,district,-1,3801,75.60354796790615,74.42029590243088,1.1832520654752727
kernel,district,-1,3802,67.50047339519031,62.752004039638955,4.748469355551357
kernel,district,-1,3803,69.61345678582617,62.099272512095794,7.514184273730379
kernel,district,-1,3804,69.43445535145409,66.95068087817626,2.4837744732778333
kernel,district,-1,3805,72.25916573138795,67.52244668911335,4.736719042274601
kernel,district,-1,3806,67.05471478463329,60.276319546642654,6.778395237990637
kernel,district,-1,3807,69.97113402061856,69.13092783505155,0.8402061855670127
kernel,district,-1,3808,67.87499094662128,64.69665145699042,3.178339489630858
kernel,district,-1,3809,69.23657718120806,62.663837347019346,6.572739834188717
kernel,district,-1,3810,67.09391820514111,60.68413904119926,6.409779163941849
kernel,district,-1,3901,70.70080862533692,67.99691952252599,2.7038891028109333
kernel,district,-1,3902,68.30752113131024,64.47786371875168,3.8296574125585607
kernel,district,-1,3903,69.71227120575458,67.99658144006837,1.7156897656862071
kernel,district,-1,4001,70.1641795126576,67.00639032972643,3.157789182931168
kernel,district,-1,4002,70.1922691125609,67.5919015864609,2.600367526099987
kernel,district,-1,4003,70.29244151169766,68.0143971205759,2.2780443911217674
kernel,district,-1,4101,67.54769907866418,64.94933862113994,2.5983604575242367
kernel,district,-1,4102,65.74302441454907,64.83183856502242,0.911185849526646
kernel,district,-1,4103,70.0810570730624,67.772102548918,2.308954524144397
kernel,district,-1,4201,66.8050279067586,62.21409252223942,4.590935384519177
kernel,district,-1,4202,66.24123091434298,62.84265754878264,3.3985733655603383
kernel,district,-1,4203,68.25742855788826,65.44476565091702,2.8126629069712408
kernel,district,-1,4204,68.09690601284296,66.34224302106361,1.7546629917793553
kernel,district,-1,4205,72.3232830326118,70.51550856884111,1.8077744637706843
kernel,district,-1,4206,69.8396166534057,69.05960288582745,0.7800137675782537
kernel,district,-1,4301,71.19533470929554,67.67397484325713,3.5213598660384093
kernel,district,-1,4302,70.32119914346895,67.59289583070915,2.7283033127597918
kernel,district,-1,4401,73.00367200227561,69.91544051097722,3.0882314912983873
kernel,district,-1,4403,69.51709125260552,65.98383801045293,3.533253242152597
kernel,district,-1,4404,71.96979448234437,68.82910713519543,3.1406873471489405
kernel,district,-1,4405,73.76345934457485,71.99127975120724,1.7721795933676106
kernel,district,-1,4406,70.14272559852671,68.49549826069163,1.6472273378350764
kernel,district,-1,4407,69.86867990516706,68.06113698653171,1.8075429186353489
kernel,district,-1,4408,66.36751621007824,58.56034757040825,7.807168639669989
kernel,district,-1,4409,68.97193725643905,67.18324828329577,1.7886889731432802
kernel,district,-1,4410,72.6781233426475,71.86043013987066,0.8176932027768373
kernel,district,-1,4501,69.41347737807915,65.86216143738267,3.551315940696483
kernel,district,-1,4502,65.85535151973454,60.16749246622498,5.687859053509563
kernel,district,-1,4503,68.01334374334587,66.27865710838242,1.7346866349634524
kernel,district,-1,4504,64.13379397832628,58.099299585689415,6.034494392636866
kernel,district,-1,4505,66.92896263981191,64.32910669874016,2.599855941071752
kernel,district,-1,4506,68.67343988223541,65.88638872824772,2.78705115398769
kernel,district,-1,4601,73.6744835516859,71.39649814502991,2.2779854066559864
kernel,district,-1,4602,72.96743063932448,72.03709288299156,0.9303377563329178
kernel,district,-1,4701,69.62216852232436,66.80367668646537,2.8184918358589925
kernel,district,-1,4702,68.6115876481597,64.08037013932211,4.531217508837585
kernel,district,-1,4703,67.97099728181986,67.49663526244953,0.4743620193703322
kernel,district,-1,4801,73.62208018204939,73.6680945050532,-0.046014323003817026
kernel,district,-1,4901,70.55709049901326,68.75556808570623,1.8015224133070262
kernel,district,-1,4902,70.83529497923271,68.88881914147913,1.9464758377535816
kernel,district,-1,4903,67.18329026227525,64.35915764007258,2.8241326222026686
kernel,district,-1,4904,69.39022147492315,66.68549510022856,2.7047263746945873
kernel,district,-1,4905,68.26472901606802,63.16840830493027,5.09632071113775
kernel,district,-1,4906,68.93664204864734,65.40499317652724,3.531648872120101
kernel,district,-1,4907,70.683268040383,68.9824951770011,1.7007728633819
kernel,district,-1,5001,68.62107532832913,66.38878319323855,2.2322921350905744
kernel,district,-1,5002,69.95660260384378,66.4827443686712,3.473858235172571
kernel,district,-1,5003,68.61059605033394,67.17402653513115,1.436569515202791
kernel,district,-1,5004,65.51041584426423,61.93564395520116,3.574771889063072
kernel,district,-1,5101,66.17323252420745,60.464252553389045,5.708979970818405
kernel,district,-1,5102,67.1305291650475,63.475685743765666,3.6548434212818393
kernel,district,-1,5103,66.64457923441563,63.258830725317296,3.3857485090983346
kernel,district,-1,5104,65.77143297301461,62.81356715536498,2.9578658176496333
kernel,district,-1,5105,69.91283299383613,69.23097272558927,0.6818602682468651
kernel,district,-1,5201,67.1509736739385,63.765161700712724,3.3858119732257705
kernel,district,-1,5301,67.86306578397401,62.71926867744415,5.14379710652986
kernel,district,-1,5302,68.35592221567472,65.17634373550321,3.1795784801715143
kernel,district,-1,5303,68.34147684261234,62.67978803936411,5.661688803248225
kernel,district,-1,5401,66.5866048589511,61.085157741776655,5.50144711717445
kernel,district,-1,5402,69.22742799929324,67.11378762000118,2.1136403792920646
kernel,district,-1,5403,60.186360130377444,53.93744868254087,6.248911447836576
kernel,district,-1,5404,67.23270766359016,65.68806388053511,1.5446437830550508
kernel,district,-1,5405,66.22518239825101,65.19307522180135,1.0321071764496565
kernel,district,-1,5406,63.73820889386292,58.5706781170774,5.167530776785519
kernel,district,-1,5501,67.83236839998932,67.13935060430617,0.6930177956831471
kernel,district,-1,5601,73.32594983257334,69.56728647694531,3.7586633556280304
kernel,district,-1,5602,72.46495963983611,70.06225489334014,2.4027047464959708
kernel,district,-1,5603,70.156590663651,66.86431525969395,3.292275403957049
kernel,district,-1,5604,69.944027880452,70.00387228500018,-0.05984440454818696
kernel,district,-1,5605,70.96077703538728,69.2563721851027,1.7044048502845754
kernel,district,-1,5606,70.87392092081424,67.49333901737185,3.3805819034423905
kernel,district,-1,5701,63.41530927286277,60.243798573405726,3.171510699457045
kernel,district,-1,5702,65.5630519159134,62.98028080960692,2.582771106306488
kernel,district,-1,5703,65.97288875448677,63.115821028965115,2.8570677255216594
kernel,district,-1,5704,66.67491984104386,66.12525842752268,0.5496614135211786
kernel,district,-1,5705,63.8463138913933,62.14439281503572,1.7019210763575785
kernel,district,-1,5708,59.337448289447764,53.16829732746733,6.169150961980435
kernel,district,-1,5709,66.26535333776846,63.31979624867194,2.9455570890965177
kernel,district,-1,5801,65.37237643872714,62.1299932295193,3.242383209207844
kernel,district,-1,5802,67.57062146892656,63.74404875261855,3.826572716308007
kernel,district,-1,5901,66.252107925801,58.240368400570766,8.011739525230233
kernel,district,-1,5902,67.18676664186366,63.62543643752504,3.561330204338617
kernel,district,-1,5904,69.54425382734478,67.12755197234688,2.4167018549978962
kernel,district,-1,5905,67.96241799712561,64.56302611382145,3.399391883304162
kernel,district,-1,5906,72.05390393233606,68.84744051000442,3.2064634223316375
kernel,district,-1,5907,67.34791133380534,64.11279342083765,3.235117912967695
kernel,district,-1,5908,57.62987248487662,49.80198163434059,7.827890850536029
kernel,district,-1,5909,68.2709544244663,65.23765549459503,3.0332989298712647
kernel,district,-1,5910,62.230743340705835,56.019809597076645,6.210933743629191
kernel,district,-1,5911,65.94681889882071,59.11193140968548,6.834887489135227
kernel,district,-1,5913,60.91986751118601,57.865070602591665,3.054796908594348
kernel,district,-1,5914,67.57131796197046,64.77390421220927,2.7974137497611906
kernel,district,-1,5915,68.0618026454647,65.77596541019048,2.285837235274215
kernel,district,-1,5917,63.651438240270735,57.91675126903554,5.734686971235199
kernel,district,-1,5921,63.784499753573186,58.47585017249877,5.30864958107442
kernel,district,-1,6001,65.66996564894666,62.329145547575,3.340820101371655
kernel,district,-1,6003,63.702261896771596,56.676286999127456,7.02597489764414
kernel,district,-1,6004,68.23577503371098,63.918116857607,4.317658176103983
kernel,district,-1,6005,64.25079774594337,60.07739832982551,4.17339941611786
kernel,district,-1,6006,66.82859628770302,62.991721155874295,3.8368751318287266
kernel,district,-1,6007,67.03947197800773,64.05119427371042,2.988277704297303
kernel,district,-1,6101,67.32591223747508,62.060014079549454,5.265898157925626
kernel,district,-1,6102,68.72443287467459,66.7131523490765,2.011280525598096
kernel,district,-1,6103,68.28514005067018,65.11825400195322,3.166886048716961
kernel,district,-1,6202,69.12671000948124,63.96451307056752,5.162196938913723
kernel,district,-1,6204,68.20303902715561,66.09939641852762,2.103642608627993
kernel,district,-1,6205,63.60471256022704,59.25131454469452,4.35339801553252
kernel,district,-1,6207,62.95756346464678,59.64461910647694,3.312944358169844
kernel,district,-1,6208,65.9484998051695,61.65411092349656,4.294388881672944
kernel,district,-1,6209,67.83945419875684,61.900398702360015,5.939055496396826
kernel,district,-1,6301,68.0067551439347,65.61918174440254,2.387573399532158
kernel,district,-1,6302,69.50699467230818,67.56421474696232,1.9427799253458602
kernel,district,-1,6303,72.64840233274941,71.1388784176331,1.5095239151163184
kernel,district,-1,6304,69.72377207519048,66.72125199792119,3.0025200772692955
kernel,district,-1,6305,68.5187476208603,65.93642938713361,2.5823182337266815
kernel,district,-1,6401,69.83814995608161,66.80922142065172,3.028928535429884
kernel,district,-1,6402,71.66536753590324,69.19524754346182,2.4701199924414254
kernel,district,-1,6403,70.43215098476094,68.90705238951972,1.525098595241218
kernel,district,-1,6404,72.24663333003268,71.70759481136746,0.5390385186652225
kernel,district,-1,6405,68.46968438538205,64.0998259769024,4.369858408479658
kernel,district,-1,6406,70.07512873181575,70.1032668336194,-0.028138101803648397
kernel,district,-1,6501,64.71292139978014,60.89913887871015,3.813782521069996
kernel,district,-1,6502,68.43868649430482,64.11589224371723,4.322794250587592
kernel,district,-1,6601,65.89632450241703,58.97404736827892,6.922277134138113
kernel,district,-1,6603,66.78809106830123,60.40980735551664,6.378283712784587
kernel,district,-1,6604,67.95857585018786,63.69352358334469,4.265052266843163
kernel,district,-1,6701,67.9730097056331,63.659039669976494,4.3139700356566095
kernel,district,-1,6702,69.44185664182376,67.64713941253837,1.7947172292853963
kernel,district,-1,6703,67.49947142152371,65.63817041370076,1.861301007822945
kernel,district,-1,6704,69.47419963856272,68.40957505880928,1.064624579753442
kernel,district,-1,6705,67.59717084595795,65.89772663903192,1.6994442069260316
kernel,district,-1,6706,67.77096780761947,66.408747531103,1.3622202765164673
kernel,district,-1,6707,66.09609714192845,65.64045413387198,0.4556430080564695
kernel,district,-1,6708,65.14501784997572,63.68850208073681,1.456515769238905
kernel,district,-1,6709,66.30446079654112,65.45273135445248,0.8517294420886401
kernel,district,-1,6801,64.39414080798106,61.731677364629626,2.6624634433514345
kernel,district,-1,6802,67.01252216791384,65.28180284614386,1.7307193217699819
kernel,district,-1,6803,65.71274854336703,64.00141943016747,1.7113291131995538
kernel,district,-1,6804,65.530473824074,64.9500657156288,0.580408108445198
kernel,district,-1,6805,65.23084808579426,62.31518353507077,2.9156645507234913
kernel,district,-1,6806,64.93431776776298,62.96012188235795,1.9741958854050239
kernel,district,-1,6901,74.34473073125965,71.52411808056509,2.8206126506945566
kernel,district,-1,6902,73.83026631461848,69.19086997895752,4.639396335660962
kernel,district,-1,6904,76.69522674846003,74.15777332758752,2.5374534208725095
kernel,district,-1,6905,74.73815488869514,72.00878519319699,2.72936969549815
kernel,district,-1,6906,62.19404834362229,54.48982697156769,7.7042213720546044
kernel,district,-1,6907,64.32231052102415,60.463867120250114,3.8584434007740356
kernel,district,-1,6908,74.51441885913195,72.9791428867905,1.5352759723414522
kernel,district,-1,6909,69.81696442220479,69.00318987393374,0.8137745482710557
kernel,district,-1,6910,73.88837284439239,72.35269173296717,1.5356811114252196
kernel,district,-1,6911,70.83707406651703,68.64211385431544,2.194960212201593
kernel,district,-1,6912,73.49450735374093,72.28781708098178,1.2066902727591469
kernel,district,-1,6913,68.13565550494982,61.988173851070705,6.147481653879119
kernel,district,-1,6914,61.78825158021209,54.17384944888472,7.614402131327374
kernel,district,-1,7001,69.98924792032142,67.74489276215267,2.2443551581687444
kernel,district,-1,7101,69.12636194525645,66.1453627424927,2.980999202763755
kernel,district,-1,7102,68.81860064473186,67.00121376646089,1.8173868782709661
kernel,district,-1,7103,68.45712661153756,65.48868369983066,2.9684429117069016
kernel,district,-1,7104,65.50680786686839,64.81694402420575,0.689863842662632
kernel,district,-1,7105,68.63444375923578,64.97445981638992,3.659983942845855
kernel,district,-1,7201,67.87883306672451,64.6585147628989,3.220318303825607
kernel,district,-1,7202,64.79812329879184,59.70225872689938,5.095864571892456
kernel,district,-1,7203,67.05267938237967,64.26675050653252,2.785928875847148
kernel,district,-1,7204,65.35320915040705,58.997531895038,6.355677255369052
kernel,district,-1,7205,67.47272107297113,63.77358490566037,3.699136167310755
kernel,district,-1,7301,71.70194228398998,68.86608015640275,2.8358621275872338
kernel,district,-1,7302,67.54885885806469,65.73136222992093,1.8174966281437577
kernel,district,-1,7303,71.04903262137483,68.90444203102584,2.1445905903489972
kernel,district,-1,7304,69.77402904084812,62.38632366979853,7.3877053710495915
kernel,district,-1,7401,71.62914242347584,69.15814390517147,2.47099851830437
kernel,district,-1,7402,70.68824796200329,67.41171958738556,3.276528374617726
kernel,district,-1,7403,67.87143683016853,66.75745986570018,1.1139769644683497
kernel,district,-1,7404,63.28182568050591,59.78883695353313,3.492988726972783
kernel,district,-1,7405,66.73754146416724,64.57610121113939,2.1614402530278483
kernel,district,-1,7406,67.97146960734194,65.17928868765063,2.7921809196913188
kernel,district,-1,7501,72.59663855578883,65.67626232074868,6.920376235040152
kernel,district,-1,7502,73.48985639389105,67.14758846324033,6.342267930650721
kernel,district,-1,7503,71.61168657246714,66.08406898248107,5.527617589986065
kernel,district,-1,7504,72.36079995628654,63.19600021856729,9.16479973771925
kernel,district,-1,7511,74.04078384015808,68.39938522340542,5.641398616752667
kernel,district,-1,7512,71.59239886115341,64.33158975038073,7.2608091107726835
kernel,district,-1,7513,70.2016694319044,64.51621201013492,5.685457421769485
kernel,district,-1,7514,72.14885875824521,62.825882106585695,9.322976651659516
kernel,district,-1,7515,68.88678107490138,48.866805698635645,20.019975376265734
kernel,district,-1,7601,70.20014714493777,66.79929730784822,3.4008498370895524
kernel,district,-1,7602,71.73456815903775,69.27413965920482,2.460428499832929
kernel,district,-1,7603,63.640740268750974,57.859337609560626,5.7814026591903485
kernel,district,-1,7604,64.58330918910148,57.81519811790884,6.768111071192642
kernel,district,-1,7605,68.9988827286717,65.24653751291186,3.7523452157598456
kernel,district,-1,7606,65.76729116519161,64.8465600717548,0.9207310934368138
kernel,district,-1,7607,68.07840248792863,63.68653034501304,4.391872142915588
kernel,district,-1,7608,61.96879459023512,56.64898566908617,5.319808921148947
kernel,district,-1,7609,69.32979158152841,65.66910817012983,3.66068341139858
kernel,district,-1,7610,69.92830409884114,67.38603057221447,2.5422735266266727
kernel,district,-1,7701,65.90434404743549,63.046860763397305,2.8574832840381816
kernel,district,-1,7702,68.83235542737805,65.25906220476357,3.573293222614481
kernel,district,-1,7703,65.84824293451754,62.645994301409246,3.2022486331082973
kernel,district,-1,7704,66.47068108278748,63.49820174301273,2.9724793397747504
kernel,district,-1,7705,66.29841637525892,61.48851816379713,4.8098982114617925
kernel,district,-1,7706,61.80522049599537,55.97196757695648,5.833252919038891
kernel,district,-1,7707,65.83168017215293,57.38430673705211,8.447373435100822
kernel,district,-1,7708,67.57249344692006,64.88470674967235,2.6877866972477165
kernel,district,-1,7709,64.15170684447484,58.90921525047017,5.242491594004676
kernel,district,-1,7710,63.165124349334874,56.32109118951224,6.8440331598226365
kernel,district,-1,7801,72.49786243587307,69.38295648869466,3.114905947178414
kernel,district,-1,7802,73.090056220467,68.97067108152542,4.119385138941581
kernel,district,-1,7803,71.65802612516612,67.61413297254583,4.043893152620285
kernel,district,-1,7804,73.16715723861584,69.0815998416978,4.085557396918048
kernel,district,-1,7805,71.85537868327123,67.38269546413777,4.472683219133458
kernel,district,-1,7806,70.53349071287745,65.95932344090485,4.574167271972598
kernel,district,-1,7807,69.0269932486246,65.86940805999045,3.157585188634158
kernel,district,-1,7808,63.2958180153158,58.06336018686875,5.232457828447053
kernel,district,-1,7809,66.57033881198006,61.110461842482714,5.459876969497351
kernel,district,-1,7810,73.33855968858131,70.65095155709342,2.6876081314878917
kernel,district,-1,7811,65.01982160555005,62.59379866912077,2.426022936429277
kernel,district,-1,7812,72.19795410561238,68.86922864252143,3.3287254630909473
kernel,district,-1,7901,71.08656319483804,68.57152199502985,2.5150411998081807
kernel,district,-1,7902,67.6601668468395,65.1232994064495,2.5368674403899973
kernel,district,-1,7903,67.12790397824509,64.18290081346555,2.9450031647795356
kernel,district,-1,8001,65.8909318444359,61.59871967654986,4.292212167886035
kernel,district,-1,8002,69.2181378570228,67.02266585640217,2.195472000620626
kernel,district,-1,8003,69.20802701681237,67.3701278909574,1.8378991258549604
kernel,district,-1,8004,68.84520451339915,64.3441466854725,4.501057827926658
kernel,district,-1,8101,70.36229846269217,67.78566741657292,2.576631046119246
kernel,district,-1,8102,69.09573021484906,63.34149215846252,5.754238056386534
kernel,district,-1,8103,70.81981294140103,67.6169116243558,3.2029013170452316
kernel,district,-1,8201,69.36172717931152,67.65606268196609,1.705664497345424
kernel,district,-1,8202,69.90143424491224,61.91843117887935,7.983003066032886
kernel,district,-1,8301,66.83286684763499,61.514226641724925,5.318640205910064
kernel,district,-1,8303,68.65074754047563,65.14156789836548,3.509179642110155
kernel,district,-1,8307,67.37274251681669,62.24293121060849,5.129811306208197
kernel,district,-1,8401,63.45668004161094,56.2315081262919,7.225171915319038
kernel,district,-1,8402,67.758646607847,63.30554238601279,4.453104221834209
kernel,district,-1,8404,67.63680494263019,60.457855251544565,7.178949691085627
kernel,district,-1,8405,67.40635227085443,63.05182115697031,4.354531113884114
kernel,district,-1,8501,69.26170771512125,65.94096644050667,3.3207412746145764
kernel,district,-1,8502,70.26971354440587,67.29865712983415,2.97105641457172
kernel,district,-1,8503,70.10365760119217,67.95526433053553,2.1483932706566407
kernel,district,-1,8504,70.96841964532979,68.41964532979364,2.54877431553615
kernel,district,-1,8505,68.79582896866964,66.42938767736406,2.366441291305577
kernel,district,-1,8601,70.64328279027303,68.79696001381812,1.8463227764549117
kernel,district,-1,8602,72.72494919396063,71.10850673881332,1.6164424551473076
kernel,district,-1,8603,69.1883345530869,66.23676107098966,2.9515734820972455
kernel,district,-1,8604,66.69200179155527,63.27447440926179,3.4175273822934784
kernel,district,-1,8701,71.29711249821318,69.76461619097537,1.5324963072378068
kernel,district,-1,8702,71.50389473041957,66.53582541845472,4.968069311964854
kernel,district,-1,8703,70.87771675696928,69.61286597127517,1.264850785694108
kernel,district,-1,8801,66.9614655716993,65.57959570435882,1.381869867340484
kernel,district,-1,8802,68.23954044731278,66.02592633804385,2.2136141092689314
kernel,district,-1,8803,68.71428571428572,66.73243883188634,1.9818468823993811
kernel,district,-1,8804,68.20620389575959,66.85797164735422,1.3482322484053668
kernel,district,-1,8901,66.9541034772518,61.61684873221026,5.337254745041548
kernel,district,-1,8902,67.80929975089953,65.15084417381676,2.658455577082762
kernel,district,-1,9001,67.7065589973293,66.49422749353353,1.2123315037957667
kernel,district,-1,9002,66.45021179607372,61.82940202550154,4.62080977057218
kernel,district,-1,9101,64.00836748144539,59.90629567011491,4.102071811330482
kernel,district,-1,9102,67.23347467659657,59.28991153490174,7.943563141694831
kernel,district,-1,9103,68.64143482558961,62.90475517985756,5.736679645732053
kernel,district,-1,9104,69.68769136558481,65.91308363366227,3.7746077319225435
kernel,district,-1,9105,70.83806363345269,65.39603528076151,5.442028352691182
kernel,district,-1,9106,67.06111084441459,63.01425759685084,4.046853247563746
kernel,district,-1,9107,66.43402384420348,63.24243405081729,3.1915897933861928
kernel,district,-1,9108,67.9429243126755,65.06497747012342,2.8779468425520776
kernel,district,-1,9109,65.81523305801697,59.556068031132895,6.259165026884077
kernel,district,-1,9110,62.445084681013626,55.10155354641538,7.343531134598244
kernel,district,-1,9202,73.56641698400078,68.76734876065336,4.799068223347419
kernel,district,-1,9204,66.33303732208489,59.62529909469894,6.707738227385953
kernel,district,-1,9205,68.65643712574851,63.6459838942804,5.010453231468112
kernel,district,-1,9206,74.08793020000785,66.71681033918925,7.371119860818595
kernel,district,-1,9208,71.59372480023458,64.46594824426361,7.127776555970968
kernel,district,-1,9209,70.9216393804264,60.69835967414083,10.223279706285567
kernel,district,-1,9210,71.26416011365478,64.04296948020388,7.221190633450902
kernel,district,-1,9212,72.97570958080641,67.61668247657823,5.359027104228176
kernel,district,-1,9213,71.5977523562202,66.4375741565739,5.160178199646296
kernel,district,-1,9303,63.97235344226749,56.82000051627559,7.152352925991899
kernel,district,-1,9304,53.09029167964174,41.29335527974257,11.796936399899167
kernel,district,-1,9305,58.51945135643625,51.394367906779145,7.1250834496571045
kernel,district,-1,9307,66.24908635584792,52.47253076434571,13.776555591502209
kernel,district,-1,9308,62.034409082211866,57.046048855156585,4.988360227055281
kernel,district,-1,9312,60.80166932835146,53.59026124687377,7.2114080814776855
kernel,district,-1,9401,72.35338608331395,69.55666744240168,2.7967186409122746
kernel,district,-1,9403,65.65306835905986,61.5944172538052,4.058651105254661
kernel,district,-1,9404,69.5798779429243,67.28229371152331,2.2975842314009896
kernel,district,-1,9405,69.41171978968956,65.94236097475839,3.4693588149311694
kernel,district,-1,9406,71.29599301233759,66.58053402239449,4.715458989943102
kernel,district,-1,9407,66.5848180865399,60.968707890402754,5.616110196137143
kernel,district,-1,9408,73.2093717549325,67.90109034267913,5.308281412253379
kernel,district,-1,9501,69.2118167968006,66.71705389449627,2.4947629023043305
kernel,district,-1,9502,65.685888729516,60.44985466038766,5.236034069128337
kernel,district,-1,9503,66.54258301663448,60.58708699354142,5.955496023093062
kernel,district,-1,9504,64.46198631035116,58.80779418321052,5.654192127140647
kernel,district,-1,9506,67.80853563555239,64.50437606431429,3.3041595712381024
kernel,district,-1,9507,65.28618742613695,59.529610878477946,5.756576547659002
kernel,district,-1,9509,60.90149970676124,55.41095316558214,5.4905465411791
kernel,district,-1,9510,64.40028155092628,57.759873002560916,6.6404085483653645
kernel,district,-1,97101,39.0980371450823,30.695513285900972,8.40252385918133
kernel,district,-1,97102,38.12677548811832,30.84051043874284,7.28626504937548
kernel,district,-1,97103,43.62509619196418,36.61357647552643,7.011519716437753
kernel,district,-1,97104,41.23381347301033,30.83806198166739,10.395751491342939
kernel,district,-1,97201,37.870356538193406,28.17572950901305,9.694627029180356
kernel,district,-1,97202,41.65296517100722,32.92500784436774,8.727957326639476
kernel,district,-1,97203,37.98250854658302,31.17262438182482,6.8098841647581985
kernel,district,-1,97204,39.304328255667954,29.577598256378668,9.726729999289287
kernel,district,-1,97301,44.39361971474386,31.719132416237656,12.674487298506207
kernel,district,-1,97302,36.880475279428055,16.961031114691373,19.91944416473668
kernel,district,-1,97401,52.135024337357564,47.59506250917592,4.539961828181646
kernel,district,-1,97402,45.594782933469624,41.525215493940614,4.06956743952901
kernel,district,-1,97403,47.438660393585266,44.91323923711236,2.525421156472909
kernel,district,-1,97404,51.8164204407847,47.971439591686625,3.8449808490980715
kernel,district,-1,97405,46.79873339511894,41.64018712211484,5.158546273004099
kernel,district,-1,97406,50.198808329892046,44.525986667453246,5.6728216624388
kernel,district,-1,97407,48.28636521222327,42.0278011655358,6.258564046687468
kernel,district,-1,97501,59.33122903925823,53.205760505030575,6.125468534227657
kernel,district,-1,97602,49.78741253408073,46.000877042460296,3.786535491620434
kernel,district,-1,98702,47.27633764170698,46.10296772330132,1.1733699184056618
kernel,district,-1,98703,50.55991771455062,49.290143130323926,1.2697745842266954
kernel,district,-1,98801,61.81931393637496,67.90239082778425,-6.083076891409284
kernel,district,-1,98802,63.620939408248034,72.0634488719578,-8.442509463709769
kernel,district,-1,ZX01,37.907797201411185,27.89471597891148,10.013081222499704
kernel,district,-1,ZZ01,43.62844636974866,34.88560985515094,8.74283651459772
kernel,district,-1,ZZ02,34.89235020111745,22.828359395058257,12.063990806059195
kernel,district,-1,ZZ03,49.763437379384186,46.976356188602665,2.787081190781521
kernel,district,-1,ZZ04,52.55759654262555,45.93992622074298,6.617670321882564
kernel,district,-1,ZZ05,44.249017333033194,36.47036414953854,7.778653183494654
kernel,district,-1,ZZ06,46.38801597536089,36.59434352033853,9.793672455022353
kernel,district,-1,ZZ07,50.444108114719015,45.32807435944475,5.116033755274266
kernel,district,-1,ZZ08,34.353873936773695,23.31545345300993,11.038420483763765
kernel,district,-1,ZZ09,37.95470407325884,26.968946290657815,10.985757782601024
kernel,district,-1,ZZ10,40.1431645514031,28.14193491721927,12.001229634183833
kernel,district,-1,ZZ11,46.14505969279003,35.97816840153318,10.166891291256846
