model,scope,draw,district_id,predicted_share,actual_share,error
national_anchored,national_draw,0,"",62.59288992416599,62.969101950749284,-0.3762120265832962
national_anchored,national_draw,1,"",53.80740979159986,62.969101950749284,-9.161692159149425
national_anchored,national_draw,2,"",58.96766195596045,62.969101950749284,-4.001439994788832
national_anchored,national_draw,3,"",65.2212151137868,62.969101950749284,2.2521131630375137
national_anchored,national_draw,4,"",69.15194800359417,62.969101950749284,6.182846052844887
national_anchored,national_draw,5,"",73.87335076866393,62.969101950749284,10.904248817914642
national_anchored,national_draw,6,"",58.12143880648845,62.969101950749284,-4.847663144260835
national_anchored,national_draw,7,"",69.16036166896559,62.969101950749284,6.191259718216308
national_anchored,national_draw,8,"",67.54415772042435,62.969101950749284,4.5750557696750676
national_anchored,national_draw,9,"",76.31646221459815,62.969101950749284,13.347360263848863
national_anchored,national_draw,10,"",56.12352682663156,62.969101950749284,-6.8455751241177225
national_anchored,national_draw,11,"",59.37384463581744,62.969101950749284,-3.5952573149318425
national_anchored,national_draw,12,"",59.074380472041945,62.969101950749284,-3.894721478707339
national_anchored,national_draw,13,"",56.04026962600553,62.969101950749284,-6.928832324743752
national_anchored,national_draw,14,"",67.0676972748888,62.969101950749284,4.0985953241395165
national_anchored,national_draw,15,"",62.58940673595049,62.969101950749284,-0.37969521479879376
national_anchored,national_draw,16,"",58.80262254295868,62.969101950749284,-4.166479407790604
national_anchored,national_draw,17,"",56.49261782230381,62.969101950749284,-6.4764841284454775
national_anchored,national_draw,18,"",58.17022652426359,62.969101950749284,-4.798875426485694
national_anchored,national_draw,19,"",67.19122234723075,62.969101950749284,4.222120396481465
national_anchored,national_draw,20,"",60.33568701294082,62.969101950749284,-2.6334149378084675
national_anchored,national_draw,21,"",55.4440881466828,62.969101950749284,-7.525013804066482
national_anchored,national_draw,22,"",61.182134065167574,62.969101950749284,-1.78696788558171
national_anchored,national_draw,23,"",55.99288764820602,62.969101950749284,-6.976214302543262
national_anchored,national_draw,24,"",59.377992607469686,62.969101950749284,-3.591109343279598
national_anchored,national_draw,25,"",58.51125811904282,62.969101950749284,-4.457843831706462
national_anchored,national_draw,26,"",69.3711649584156,62.969101950749284,6.402063007666321
national_anchored,national_draw,27,"",63.998341365325295,62.969101950749284,1.0292394145760113
national_anchored,national_draw,28,"",53.09614460461647,62.969101950749284,-9.872957346132814
national_anchored,national_draw,29,"",59.83884449189644,62.969101950749284,-3.130257458852846
national_anchored,national_draw,30,"",56.1995337329005,62.969101950749284,-6.769568217848786
national_anchored,national_draw,31,"",67.0595467529611,62.969101950749284,4.090444802211813
national_anchored,national_draw,32,"",63.38995141517967,62.969101950749284,0.4208494644303826
national_anchored,national_draw,33,"",64.91885637213043,62.969101950749284,1.9497544213811508
national_anchored,national_draw,34,"",51.75726152988966,62.969101950749284,-11.211840420859623
national_anchored,national_draw,35,"",57.37118222431875,62.969101950749284,-5.597919726430533
national_anchored,national_draw,36,"",54.721272347485815,62.969101950749284,-8.247829603263469
national_anchored,national_draw,37,"",59.98134589977157,62.969101950749284,-2.9877560509777155
national_anchored,national_draw,38,"",53.47806499730774,62.969101950749284,-9.491036953441544
national_anchored,national_draw,39,"",54.49651091413978,62.969101950749284,-8.4725910366095
national_anchored,national_draw,40,"",59.51487105544226,62.969101950749284,-3.4542308953070204
national_anchored,national_draw,41,"",65.03117476535625,62.969101950749284,2.062072814606971
national_anchored,national_draw,42,"",54.60040640889089,62.969101950749284,-8.368695541858393
national_anchored,national_draw,43,"",56.45134815888112,62.969101950749284,-6.5177537918681665
national_anchored,national_draw,44,"",52.5509275471691,62.969101950749284,-10.418174403580181
national_anchored,national_draw,45,"",64.09854131048527,62.969101950749284,1.12943935973599
national_anchored,national_draw,46,"",70.10303381538672,62.969101950749284,7.1339318646374394
national_anchored,national_draw,47,"",54.67607169033815,62.969101950749284,-8.293030260411136
national_anchored,national_draw,48,"",62.329259434252215,62.969101950749284,-0.6398425164970689
national_anchored,national_draw,49,"",52.1715577992612,62.969101950749284,-10.797544151488083
national_anchored,national_draw,50,"",60.272786496789564,62.969101950749284,-2.69631545395972
national_anchored,national_draw,51,"",58.83571167686797,62.969101950749284,-4.133390273881311
national_anchored,national_draw,52,"",64.98489152684806,62.969101950749284,2.0157895760987756
national_anchored,national_draw,53,"",58.49171625593323,62.969101950749284,-4.477385694816057
national_anchored,national_draw,54,"",69.65448504109159,62.969101950749284,6.685383090342306
national_anchored,national_draw,55,"",62.8904936176289,62.969101950749284,-0.07860833312038551
national_anchored,national_draw,56,"",59.200728565714265,62.969101950749284,-3.7683733850350194
national_anchored,national_draw,57,"",60.62811786028648,62.969101950749284,-2.340984090462804
national_anchored,national_draw,58,"",53.808173830896955,62.969101950749284,-9.16092811985233
national_anchored,national_draw,59,"",63.97471154573483,62.969101950749284,1.0056095949855433
national_anchored,national_draw,60,"",64.15250649092931,62.969101950749284,1.1834045401800282
national_anchored,national_draw,61,"",55.611412752748414,62.969101950749284,-7.35768919800087
national_anchored,national_draw,62,"",64.8412267479586,62.969101950749284,1.8721247972093167
national_anchored,national_draw,63,"",59.482580584967415,62.969101950749284,-3.4865213657818686
national_anchored,national_draw,64,"",51.88941262897866,62.969101950749284,-11.079689321770623
national_anchored,national_draw,65,"",56.951593078487214,62.969101950749284,-6.01750887226207
national_anchored,national_draw,66,"",59.52342783391467,62.969101950749284,-3.445674116834617
national_anchored,national_draw,67,"",66.42514945912828,62.969101950749284,3.456047508378994
national_anchored,national_draw,68,"",62.07272689249129,62.969101950749284,-0.8963750582579948
national_anchored,national_draw,69,"",50.48342566782863,62.969101950749284,-12.485676282920657
national_anchored,national_draw,70,"",62.78013725885183,62.969101950749284,-0.18896469189745346
national_anchored,national_draw,71,"",65.09212478843787,62.969101950749284,2.1230228376885876
national_anchored,national_draw,72,"",64.81464002704007,62.969101950749284,1.8455380762907865
national_anchored,national_draw,73,"",59.24803667868748,62.969101950749284,-3.721065272061807
national_anchored,national_draw,74,"",60.48251182143068,62.969101950749284,-2.486590129318607
national_anchored,national_draw,75,"",55.44807684730333,62.969101950749284,-7.521025103445957
national_anchored,national_draw,76,"",48.70994965442687,62.969101950749284,-14.259152296322412
national_anchored,national_draw,77,"",57.22361415101419,62.969101950749284,-5.745487799735095
national_anchored,national_draw,78,"",53.00488461171534,62.969101950749284,-9.964217339033944
national_anchored,national_draw,79,"",50.955387283786976,62.969101950749284,-12.013714666962308
national_anchored,national_draw,80,"",52.27317502577594,62.969101950749284,-10.695926924973342
national_anchored,national_draw,81,"",63.97873025394104,62.969101950749284,1.0096283031917537
national_anchored,national_draw,82,"",56.09450718299658,62.969101950749284,-6.874594767752704
national_anchored,national_draw,83,"",54.93524720791534,62.969101950749284,-8.033854742833945
national_anchored,national_draw,84,"",58.182561950256705,62.969101950749284,-4.786540000492579
national_anchored,national_draw,85,"",56.873845732248455,62.969101950749284,-6.095256218500829
national_anchored,national_draw,86,"",59.19399994169295,62.969101950749284,-3.775102009056333
national_anchored,national_draw,87,"",69.70961359254993,62.969101950749284,6.740511641800644
national_anchored,national_draw,88,"",60.05574393779251,62.969101950749284,-2.9133580129567704
national_anchored,national_draw,89,"",62.32933329907851,62.969101950749284,-0.6397686516707708
national_anchored,national_draw,90,"",60.12803913653957,62.969101950749284,-2.841062814209714
national_anchored,national_draw,91,"",60.2100406351184,62.969101950749284,-2.7590613156308805
national_anchored,national_draw,92,"",65.57186529391656,62.969101950749284,2.6027633431672754
national_anchored,national_draw,93,"",63.64819669760057,62.969101950749284,0.679094746851284
national_anchored,national_draw,94,"",67.89231496266629,62.969101950749284,4.9232130119170066
national_anchored,national_draw,95,"",65.60693031192955,62.969101950749284,2.6378283611802615
national_anchored,national_draw,96,"",58.497438471696114,62.969101950749284,-4.47166347905317
national_anchored,national_draw,97,"",58.669732795606635,62.969101950749284,-4.299369155142649
national_anchored,national_draw,98,"",61.25059060122252,62.969101950749284,-1.7185113495267643
national_anchored,national_draw,99,"",63.44761445349065,62.969101950749284,0.47851250274136703
national_anchored,national_draw,100,"",56.410154668560565,62.969101950749284,-6.5589472821887185
national_anchored,national_draw,101,"",68.88071405312252,62.969101950749284,5.911612102373233
national_anchored,national_draw,102,"",61.01961759763932,62.969101950749284,-1.9494843531099662
national_anchored,national_draw,103,"",59.270803203120494,62.969101950749284,-3.6982987476287903
national_anchored,national_draw,104,"",49.03143476954486,62.969101950749284,-13.937667181204425
national_anchored,national_draw,105,"",55.73557260094142,62.969101950749284,-7.233529349807867
national_anchored,national_draw,106,"",63.40238148048149,62.969101950749284,0.4332795297322036
national_anchored,national_draw,107,"",59.19634284165235,62.969101950749284,-3.7727591090969312
national_anchored,national_draw,108,"",59.304414007365565,62.969101950749284,-3.6646879433837185
national_anchored,national_draw,109,"",55.60387623218938,62.969101950749284,-7.3652257185599055
national_anchored,national_draw,110,"",66.02461974675951,62.969101950749284,3.0555177960102284
national_anchored,national_draw,111,"",60.99289238017146,62.969101950749284,-1.9762095705778222
national_anchored,national_draw,112,"",70.93311057548341,62.969101950749284,7.964008624734127
national_anchored,national_draw,113,"",56.95741685838629,62.969101950749284,-6.011685092362995
national_anchored,national_draw,114,"",62.89217404242735,62.969101950749284,-0.07692790832193452
national_anchored,national_draw,115,"",53.19500574979966,62.969101950749284,-9.774096200949622
national_anchored,national_draw,116,"",66.28945977320406,62.969101950749284,3.320357822454774
national_anchored,national_draw,117,"",65.9867778729326,62.969101950749284,3.0176759221833223
national_anchored,national_draw,118,"",55.36126490191132,62.969101950749284,-7.607837048837965
national_anchored,national_draw,119,"",62.73622923616452,62.969101950749284,-0.2328727145847651
national_anchored,national_draw,120,"",52.343863664550824,62.969101950749284,-10.62523828619846
national_anchored,national_draw,121,"",63.527677000378944,62.969101950749284,0.5585750496296598
national_anchored,national_draw,122,"",58.27028566459843,62.969101950749284,-4.698816286150851
national_anchored,national_draw,123,"",70.06674541118805,62.969101950749284,7.097643460438768
national_anchored,national_draw,124,"",69.64606675916852,62.969101950749284,6.6769648084192355
national_anchored,national_draw,125,"",64.5497861509406,62.969101950749284,1.580684200191321
national_anchored,national_draw,126,"",66.97433444271378,62.969101950749284,4.005232491964499
national_anchored,national_draw,127,"",60.40318099797798,62.969101950749284,-2.5659209527713074
national_anchored,national_draw,128,"",52.0256170604112,62.969101950749284,-10.943484890338084
national_anchored,national_draw,129,"",59.15299803826562,62.969101950749284,-3.816103912483662
national_anchored,national_draw,130,"",56.697629647716255,62.969101950749284,-6.271472303033029
national_anchored,national_draw,131,"",56.94778442338081,62.969101950749284,-6.021317527368474
national_anchored,national_draw,132,"",58.38155610060103,62.969101950749284,-4.587545850148253
national_anchored,national_draw,133,"",65.4667187136699,62.969101950749284,2.4976167629206216
national_anchored,national_draw,134,"",63.45586423127871,62.969101950749284,0.48676228052942605
national_anchored,national_draw,135,"",67.34417562802818,62.969101950749284,4.375073677278898
national_anchored,national_draw,136,"",63.24218944670606,62.969101950749284,0.27308749595677284
national_anchored,national_draw,137,"",56.06648471451672,62.969101950749284,-6.902617236232565
national_anchored,national_draw,138,"",62.87895223851857,62.969101950749284,-0.090149712230712
national_anchored,national_draw,139,"",58.16049021684613,62.969101950749284,-4.808611733903156
national_anchored,national_draw,140,"",57.236321209414655,62.969101950749284,-5.732780741334629
national_anchored,national_draw,141,"",64.95224327362078,62.969101950749284,1.9831413228714965
national_anchored,national_draw,142,"",58.92771493458381,62.969101950749284,-4.041387016165473
national_anchored,national_draw,143,"",56.134992032639765,62.969101950749284,-6.834109918109519
national_anchored,national_draw,144,"",60.85975795558226,62.969101950749284,-2.1093439951670234
national_anchored,national_draw,145,"",56.16309529077339,62.969101950749284,-6.806006659975893
national_anchored,national_draw,146,"",57.92593015263543,62.969101950749284,-5.043171798113853
national_anchored,national_draw,147,"",63.31682985368832,62.969101950749284,0.34772790293903455
national_anchored,national_draw,148,"",57.16800316990902,62.969101950749284,-5.801098780840263
national_anchored,national_draw,149,"",62.929551952814045,62.969101950749284,-0.03954999793523939
national_anchored,national_draw,150,"",58.36615759259204,62.969101950749284,-4.602944358157245
national_anchored,national_draw,151,"",66.00547721536715,62.969101950749284,3.0363752646178668
national_anchored,national_draw,152,"",68.14809962306086,62.969101950749284,5.178997672311574
national_anchored,national_draw,153,"",50.605748128467276,62.969101950749284,-12.363353822282008
national_anchored,national_draw,154,"",65.17278979531572,62.969101950749284,2.2036878445664385
national_anchored,national_draw,155,"",60.50522063896814,62.969101950749284,-2.463881311781144
national_anchored,national_draw,156,"",65.2830953720247,62.969101950749284,2.31399342127542
national_anchored,national_draw,157,"",65.03201959430713,62.969101950749284,2.062917643557846
national_anchored,national_draw,158,"",67.71001426306714,62.969101950749284,4.740912312317853
national_anchored,national_draw,159,"",66.97724748680122,62.969101950749284,4.008145536051934
national_anchored,national_draw,160,"",60.90738691889474,62.969101950749284,-2.061715031854547
national_anchored,national_draw,161,"",56.52188214317593,62.969101950749284,-6.4472198075733544
national_anchored,national_draw,162,"",68.37018576472913,62.969101950749284,5.401083813979845
national_anchored,national_draw,163,"",62.9569673447527,62.969101950749284,-0.01213460599658589
national_anchored,national_draw,164,"",51.490623356579746,62.969101950749284,-11.478478594169538
national_anchored,national_draw,165,"",53.51919847245693,62.969101950749284,-9.449903478292356
national_anchored,national_draw,166,"",60.41331432883683,62.969101950749284,-2.555787621912451
national_anchored,national_draw,167,"",61.47028075258748,62.969101950749284,-1.4988211981618065
national_anchored,national_draw,168,"",61.082248045519385,62.969101950749284,-1.8868539052298985
national_anchored,national_draw,169,"",62.42285540228527,62.969101950749284,-0.546246548464012
national_anchored,national_draw,170,"",60.760949900742986,62.969101950749284,-2.208152050006298
national_anchored,national_draw,171,"",65.01878394074342,62.969101950749284,2.0496819899941343
national_anchored,national_draw,172,"",45.13496592604021,62.969101950749284,-17.834136024709075
national_anchored,national_draw,173,"",64.05946220081773,62.969101950749284,1.09036025006845
national_anchored,national_draw,174,"",49.95738576591096,62.969101950749284,-13.01171618483832
national_anchored,national_draw,175,"",57.75755989762242,62.969101950749284,-5.211542053126863
national_anchored,national_draw,176,"",58.77965519852915,62.969101950749284,-4.189446752220135
national_anchored,national_draw,177,"",61.89934767894441,62.969101950749284,-1.0697542718048751
national_anchored,national_draw,178,"",69.83233076835415,62.969101950749284,6.86322881760487
national_anchored,national_draw,179,"",54.00694869503819,62.969101950749284,-8.962153255711094
national_anchored,national_draw,180,"",54.71391125588924,62.969101950749284,-8.25519069486004
national_anchored,national_draw,181,"",60.46929925062518,62.969101950749284,-2.499802700124107
national_anchored,national_draw,182,"",59.35875774504442,62.969101950749284,-3.6103442057048625
national_anchored,national_draw,183,"",59.903711659048085,62.969101950749284,-3.065390291701199
national_anchored,national_draw,184,"",56.779393393885414,62.969101950749284,-6.18970855686387
national_anchored,national_draw,185,"",62.18081883268691,62.969101950749284,-0.7882831180623739
national_anchored,national_draw,186,"",58.07880726033075,62.969101950749284,-4.890294690418536
national_anchored,national_draw,187,"",53.24592169788275,62.969101950749284,-9.723180252866534
national_anchored,national_draw,188,"",59.026063642534496,62.969101950749284,-3.9430383082147884
national_anchored,national_draw,189,"",58.10062739167672,62.969101950749284,-4.868474559072567
national_anchored,national_draw,190,"",60.761628533834674,62.969101950749284,-2.2074734169146097
national_anchored,national_draw,191,"",57.38814112678345,62.969101950749284,-5.580960823965832
national_anchored,national_draw,192,"",62.45501660931409,62.969101950749284,-0.5140853414351909
national_anchored,national_draw,193,"",54.350270099432905,62.969101950749284,-8.61883185131638
national_anchored,national_draw,194,"",58.287249183614776,62.969101950749284,-4.681852767134508
national_anchored,national_draw,195,"",59.94330551422395,62.969101950749284,-3.025796436525333
national_anchored,national_draw,196,"",56.21506612090717,62.969101950749284,-6.754035829842117
national_anchored,national_draw,197,"",56.68092927214362,62.969101950749284,-6.288172678605662
national_anchored,national_draw,198,"",60.97073062400382,62.969101950749284,-1.9983713267454633
national_anchored,national_draw,199,"",61.40183344963581,62.969101950749284,-1.5672685011134746
national_anchored,national_draw,200,"",52.29102723098379,62.969101950749284,-10.678074719765497
national_anchored,national_draw,201,"",65.78849005498982,62.969101950749284,2.819388104240538
national_anchored,national_draw,202,"",59.723913130440046,62.969101950749284,-3.245188820309238
national_anchored,national_draw,203,"",61.80377582680766,62.969101950749284,-1.1653261239416253
national_anchored,national_draw,204,"",61.5346539487132,62.969101950749284,-1.4344480020360848
national_anchored,national_draw,205,"",55.54170743947372,62.969101950749284,-7.4273945112755655
national_anchored,national_draw,206,"",53.4560071135521,62.969101950749284,-9.513094837197187
national_anchored,national_draw,207,"",62.176190739663674,62.969101950749284,-0.7929112110856096
national_anchored,national_draw,208,"",67.45187746960988,62.969101950749284,4.482775518860599
national_anchored,national_draw,209,"",65.83793332309844,62.969101950749284,2.868831372349156
national_anchored,national_draw,210,"",71.72074506803978,62.969101950749284,8.751643117290492
national_anchored,national_draw,211,"",61.44614542059198,62.969101950749284,-1.5229565301573018
national_anchored,national_draw,212,"",57.994262041796,62.969101950749284,-4.974839908953285
national_anchored,national_draw,213,"",53.93049167498396,62.969101950749284,-9.038610275765322
national_anchored,national_draw,214,"",60.98553128857489,62.969101950749284,-1.9835706621743938
national_anchored,national_draw,215,"",57.92934640085209,62.969101950749284,-5.039755549897194
national_anchored,national_draw,216,"",50.11860959897886,62.969101950749284,-12.850492351770427
national_anchored,national_draw,217,"",54.772409890047825,62.969101950749284,-8.196692060701459
national_anchored,national_draw,218,"",65.29286399530368,62.969101950749284,2.3237620445543925
national_anchored,national_draw,219,"",63.679372270853364,62.969101950749284,0.7102703201040796
national_anchored,national_draw,220,"",64.084807069344,62.969101950749284,1.115705118594711
national_anchored,national_draw,221,"",68.72284876137573,62.969101950749284,5.7537468106264456
national_anchored,national_draw,222,"",61.58161351203728,62.969101950749284,-1.3874884387120048
national_anchored,national_draw,223,"",53.7430966106455,62.969101950749284,-9.226005340103782
national_anchored,national_draw,224,"",65.67270693975509,62.969101950749284,2.703604989005804
national_anchored,national_draw,225,"",64.25491545605102,62.969101950749284,1.2858135053017392
national_anchored,national_draw,226,"",63.24480703148827,62.969101950749284,0.27570508073898736
national_anchored,national_draw,227,"",58.758275947865194,62.969101950749284,-4.21082600288409
national_anchored,national_draw,228,"",56.219091753940845,62.969101950749284,-6.750010196808439
national_anchored,national_draw,229,"",66.26190357644025,62.969101950749284,3.292801625690963
national_anchored,national_draw,230,"",59.261974048101095,62.969101950749284,-3.707127902648189
national_anchored,national_draw,231,"",68.7635621303253,62.969101950749284,5.794460179576014
national_anchored,national_draw,232,"",62.3945605572584,62.969101950749284,-0.5745413934908825
national_anchored,national_draw,233,"",59.502170921869265,62.969101950749284,-3.466931028880019
national_anchored,national_draw,234,"",64.8341541908398,62.969101950749284,1.8650522400905132
national_anchored,national_draw,235,"",52.0229071445961,62.969101950749284,-10.946194806153187
national_anchored,national_draw,236,"",55.31855256609985,62.969101950749284,-7.6505493846494375
national_anchored,national_draw,237,"",59.78894649345088,62.969101950749284,-3.1801554572984045
national_anchored,national_draw,238,"",67.41872139570174,62.969101950749284,4.449619444952454
national_anchored,national_draw,239,"",52.2876086744913,62.969101950749284,-10.681493276257982
national_anchored,national_draw,240,"",60.46750341203562,62.969101950749284,-2.501598538713665
national_anchored,national_draw,241,"",57.571434384986105,62.969101950749284,-5.397667565763179
national_anchored,national_draw,242,"",55.93498916576118,62.969101950749284,-7.034112784988103
national_anchored,national_draw,243,"",62.01103360459498,62.969101950749284,-0.958068346154306
national_anchored,national_draw,244,"",59.156931340266425,62.969101950749284,-3.812170610482859
national_anchored,national_draw,245,"",62.14815211325306,62.969101950749284,-0.8209498374962223
national_anchored,national_draw,246,"",65.42316154890754,62.969101950749284,2.45405959815826
national_anchored,national_draw,247,"",67.2851322407756,62.969101950749284,4.316030290026312
national_anchored,national_draw,248,"",62.461105840932696,62.969101950749284,-0.5079961098165882
national_anchored,national_draw,249,"",61.92614214468692,62.969101950749284,-1.0429598060623633
national_anchored,national_draw,250,"",72.14402514691079,62.969101950749284,9.174923196161508
national_anchored,national_draw,251,"",67.47416618094772,62.969101950749284,4.505064230198435
national_anchored,national_draw,252,"",52.813029958488656,62.969101950749284,-10.156071992260628
national_anchored,national_draw,253,"",66.10029426131008,62.969101950749284,3.131192310560799
national_anchored,national_draw,254,"",55.198307553701056,62.969101950749284,-7.770794397048228
national_anchored,national_draw,255,"",71.74780729377765,62.969101950749284,8.77870534302837
national_anchored,national_draw,256,"",62.93589047822144,62.969101950749284,-0.03321147252784584
national_anchored,national_draw,257,"",49.9279714071104,62.969101950749284,-13.041130543638886
national_anchored,national_draw,258,"",58.07849333481894,62.969101950749284,-4.890608615930347
national_anchored,national_draw,259,"",65.9711485373414,62.969101950749284,3.0020465865921224
national_anchored,national_draw,260,"",56.782114851079626,62.969101950749284,-6.186987099669658
national_anchored,national_draw,261,"",60.74722720098082,62.969101950749284,-2.2218747497684674
national_anchored,national_draw,262,"",68.32163349108782,62.969101950749284,5.352531540338539
national_anchored,national_draw,263,"",60.063984482477295,62.969101950749284,-2.905117468271989
national_anchored,national_draw,264,"",65.17675079662638,62.969101950749284,2.2076488458770953
national_anchored,national_draw,265,"",56.97782432492916,62.969101950749284,-5.991277625820125
national_anchored,national_draw,266,"",66.48642494910078,62.969101950749284,3.5173229983514958
national_anchored,national_draw,267,"",50.07147229841649,62.969101950749284,-12.897629652332796
national_anchored,national_draw,268,"",52.75320637400822,62.969101950749284,-10.215895576741062
national_anchored,national_draw,269,"",62.21349478522406,62.969101950749284,-0.7556071655252268
national_anchored,national_draw,270,"",55.196061601326186,62.969101950749284,-7.773040349423098
national_anchored,national_draw,271,"",59.112409316210446,62.969101950749284,-3.856692634538838
national_anchored,national_draw,272,"",59.074860593412936,62.969101950749284,-3.894241357336348
national_anchored,national_draw,273,"",61.417989072114445,62.969101950749284,-1.5511128786348394
national_anchored,national_draw,274,"",56.63554856948184,62.969101950749284,-6.333553381267443
national_anchored,national_draw,275,"",54.992439357958624,62.969101950749284,-7.97666259279066
national_anchored,national_draw,276,"",64.4039816003641,62.969101950749284,1.434879649614821
national_anchored,national_draw,277,"",57.03856198663513,62.969101950749284,-5.930539964114153
national_anchored,national_draw,278,"",58.55128823834905,62.969101950749284,-4.417813712400232
national_anchored,national_draw,279,"",64.48285307692821,62.969101950749284,1.5137511261789243
national_anchored,national_draw,280,"",53.511541921555136,62.969101950749284,-9.457560029194148
national_anchored,national_draw,281,"",68.99296319807368,62.969101950749284,6.0238612473243975
national_anchored,national_draw,282,"",65.46159434134492,62.969101950749284,2.492492390595636
national_anchored,national_draw,283,"",64.96826963265336,62.969101950749284,1.9991676819040762
national_anchored,national_draw,284,"",60.89524307979486,62.969101950749284,-2.0738588709544246
national_anchored,national_draw,285,"",50.89885530062881,62.969101950749284,-12.070246650120474
national_anchored,national_draw,286,"",56.86387167242132,62.969101950749284,-6.105230278327966
national_anchored,national_draw,287,"",69.60840262257989,62.969101950749284,6.639300671830604
national_anchored,national_draw,288,"",58.461867941278115,62.969101950749284,-4.507234009471169
national_anchored,national_draw,289,"",63.14868580970588,62.969101950749284,0.17958385895659745
national_anchored,national_draw,290,"",56.599532541830165,62.969101950749284,-6.369569408919119
national_anchored,national_draw,291,"",55.270111089698005,62.969101950749284,-7.6989908610512785
national_anchored,national_draw,292,"",48.713015044718574,62.969101950749284,-14.25608690603071
national_anchored,national_draw,293,"",57.07110175089877,62.969101950749284,-5.8980001998505145
national_anchored,national_draw,294,"",64.88960820918906,62.969101950749284,1.9205062584397794
national_anchored,national_draw,295,"",64.22408150761989,62.969101950749284,1.2549795568706017
national_anchored,national_draw,296,"",60.9140162870557,62.969101950749284,-2.055085663693582
national_anchored,national_draw,297,"",51.64913958210836,62.969101950749284,-11.319962368640923
national_anchored,national_draw,298,"",58.31734910033449,62.969101950749284,-4.651752850414795
national_anchored,national_draw,299,"",65.54602414608857,62.969101950749284,2.576922195339286
national_anchored,national_draw,300,"",60.237275981542936,62.969101950749284,-2.731825969206348
national_anchored,national_draw,301,"",63.14952602210511,62.969101950749284,0.18042407135582295
national_anchored,national_draw,302,"",54.95312942070887,62.969101950749284,-8.015972530040415
national_anchored,national_draw,303,"",63.49219187616636,62.969101950749284,0.5230899254170751
national_anchored,national_draw,304,"",59.74962270654619,62.969101950749284,-3.219479244203093
national_anchored,national_draw,305,"",59.601025142225,62.969101950749284,-3.368076808524286
national_anchored,national_draw,306,"",56.69341011951352,62.969101950749284,-6.275691831235761
national_anchored,national_draw,307,"",55.44315329497487,62.969101950749284,-7.525948655774414
national_anchored,national_draw,308,"",62.695622047902766,62.969101950749284,-0.2734799028465176
national_anchored,national_draw,309,"",64.91650193079194,62.969101950749284,1.947399980042654
national_anchored,national_draw,310,"",62.18544923398597,62.969101950749284,-0.7836527167633136
national_anchored,national_draw,311,"",61.78773100156849,62.969101950749284,-1.1813709491807955
national_anchored,national_draw,312,"",61.90714965122298,62.969101950749284,-1.061952299526304
national_anchored,national_draw,313,"",60.75080733678083,62.969101950749284,-2.218294613968453
national_anchored,national_draw,314,"",64.04070515148764,62.969101950749284,1.071603200738359
national_anchored,national_draw,315,"",53.40558744477075,62.969101950749284,-9.563514505978532
national_anchored,national_draw,316,"",59.63493602232693,62.969101950749284,-3.334165928422351
national_anchored,national_draw,317,"",59.508724116928114,62.969101950749284,-3.4603778338211697
national_anchored,national_draw,318,"",58.61774119099046,62.969101950749284,-4.351360759758826
national_anchored,national_draw,319,"",52.93747834115943,62.969101950749284,-10.031623609589857
national_anchored,national_draw,320,"",68.23760763461306,62.969101950749284,5.268505683863772
national_anchored,national_draw,321,"",57.98147188546594,62.969101950749284,-4.987630065283341
national_anchored,national_draw,322,"",61.189615187106874,62.969101950749284,-1.77948676364241
national_anchored,national_draw,323,"",55.197264213029484,62.969101950749284,-7.7718377377198
national_anchored,national_draw,324,"",56.67858637218423,62.969101950749284,-6.290515578565056
national_anchored,national_draw,325,"",63.38169240428832,62.969101950749284,0.412590453539039
national_anchored,national_draw,326,"",51.84664027799582,62.969101950749284,-11.122461672753467
national_anchored,national_draw,327,"",59.225974178380184,62.969101950749284,-3.7431277723690997
national_anchored,national_draw,328,"",62.01249474319035,62.969101950749284,-0.9566072075589318
national_anchored,national_draw,329,"",59.57338584753159,62.969101950749284,-3.395716103217694
national_anchored,national_draw,330,"",57.96280024234126,62.969101950749284,-5.006301708408024
national_anchored,national_draw,331,"",59.55043466103282,62.969101950749284,-3.418667289716467
national_anchored,national_draw,332,"",67.24021780982989,62.969101950749284,4.271115859080602
national_anchored,national_draw,333,"",69.91535021657052,62.969101950749284,6.946248265821232
national_anchored,national_draw,334,"",58.4811166533583,62.969101950749284,-4.487985297390985
national_anchored,national_draw,335,"",68.00898907236835,62.969101950749284,5.039887121619067
national_anchored,national_draw,336,"",57.33281868015605,62.969101950749284,-5.636283270593232
national_anchored,national_draw,337,"",63.11594060889407,62.969101950749284,0.14683865814478736
national_anchored,national_draw,338,"",65.17696546627784,62.969101950749284,2.207863515528551
national_anchored,national_draw,339,"",63.60306759700338,62.969101950749284,0.6339656462540972
national_anchored,national_draw,340,"",66.32301517882941,62.969101950749284,3.353913228080124
national_anchored,national_draw,341,"",58.10116983649489,62.969101950749284,-4.867932114254394
national_anchored,national_draw,342,"",51.63754972920578,62.969101950749284,-11.331552221543504
national_anchored,national_draw,343,"",54.3914774394084,62.969101950749284,-8.577624511340886
national_anchored,national_draw,344,"",57.10565433167925,62.969101950749284,-5.863447619070037
national_anchored,national_draw,345,"",61.39642285110889,62.969101950749284,-1.5726790996403963
national_anchored,national_draw,346,"",71.08442498044717,62.969101950749284,8.115323029697883
national_anchored,national_draw,347,"",66.98420463012891,62.969101950749284,4.0151026793796305
national_anchored,national_draw,348,"",62.5700749259407,62.969101950749284,-0.3990270248085821
national_anchored,national_draw,349,"",69.9487509677158,62.969101950749284,6.979649016966512
national_anchored,national_draw,350,"",56.87609630117496,62.969101950749284,-6.093005649574323
national_anchored,national_draw,351,"",62.41688620100941,62.969101950749284,-0.5522157497398723
national_anchored,national_draw,352,"",61.885897355729234,62.969101950749284,-1.0832045950200495
national_anchored,national_draw,353,"",61.04879420403021,62.969101950749284,-1.9203077467190752
national_anchored,national_draw,354,"",49.75967963347534,62.969101950749284,-13.20942231727394
national_anchored,national_draw,355,"",62.40546254396602,62.969101950749284,-0.5636394067832668
national_anchored,national_draw,356,"",67.26791942797047,62.969101950749284,4.298817477221185
national_anchored,national_draw,357,"",58.1704573518458,62.969101950749284,-4.798644598903486
national_anchored,national_draw,358,"",65.29611404766113,62.969101950749284,2.327012096911851
national_anchored,national_draw,359,"",61.64661455918661,62.969101950749284,-1.3224873915626745
national_anchored,national_draw,360,"",60.52030752974116,62.969101950749284,-2.448794421008124
national_anchored,national_draw,361,"",47.710867863466135,62.969101950749284,-15.25823408728315
national_anchored,national_draw,362,"",50.85169722558403,62.969101950749284,-12.117404725165251
national_anchored,national_draw,363,"",70.38586223531262,62.969101950749284,7.416760284563331
national_anchored,national_draw,364,"",71.05360026511933,62.969101950749284,8.084498314370045
national_anchored,national_draw,365,"",62.69049767557778,62.969101950749284,-0.278604275171503
national_anchored,national_draw,366,"",59.44187644912113,62.969101950749284,-3.527225501628152
national_anchored,national_draw,367,"",55.818176559509816,62.969101950749284,-7.150925391239468
national_anchored,national_draw,368,"",52.14595209556705,62.969101950749284,-10.823149855182237
national_anchored,national_draw,369,"",62.59875063647821,62.969101950749284,-0.37035131427107615
national_anchored,national_draw,370,"",59.44334220426815,62.969101950749284,-3.5257597464811354
national_anchored,national_draw,371,"",58.86366028052152,62.969101950749284,-4.105441670227762
national_anchored,national_draw,372,"",63.41446761268581,62.969101950749284,0.4453656619365276
national_anchored,national_draw,373,"",59.86905751413144,62.969101950749284,-3.100044436617843
national_anchored,national_draw,374,"",56.5294740623547,62.969101950749284,-6.4396278883945826
national_anchored,national_draw,375,"",56.83052862817159,62.969101950749284,-6.138573322577692
national_anchored,national_draw,376,"",60.21709472603063,62.969101950749284,-2.7520072247186533
national_anchored,national_draw,377,"",58.7387871750995,62.969101950749284,-4.230314775649781
national_anchored,national_draw,378,"",58.40979785528398,62.969101950749284,-4.559304095465301
national_anchored,national_draw,379,"",63.87921125014857,62.969101950749284,0.9101092993992879
national_anchored,national_draw,380,"",66.24564638982545,62.969101950749284,3.2765444390761687
national_anchored,national_draw,381,"",56.26787254688853,62.969101950749284,-6.701229403860751
national_anchored,national_draw,382,"",64.10097423320174,62.969101950749284,1.1318722824524556
national_anchored,national_draw,383,"",59.561232775328435,62.969101950749284,-3.407869175420849
national_anchored,national_draw,384,"",66.06211768748895,62.969101950749284,3.093015736739666
national_anchored,national_draw,385,"",57.70664394953934,62.969101950749284,-5.262458001209943
national_anchored,national_draw,386,"",60.35852509392432,62.969101950749284,-2.610576856824963
national_anchored,national_draw,387,"",64.97744272077026,62.969101950749284,2.008340770020972
national_anchored,national_draw,388,"",65.3326309711662,62.969101950749284,2.3635290204169124
national_anchored,national_draw,389,"",55.546963383520556,62.969101950749284,-7.422138567228728
national_anchored,national_draw,390,"",58.90350804603782,62.969101950749284,-4.065593904711463
national_anchored,national_draw,391,"",62.2009146819938,62.969101950749284,-0.7681872687554829
national_anchored,national_draw,392,"",68.66555504719628,62.969101950749284,5.696453096446994
national_anchored,national_draw,393,"",63.725360050056345,62.969101950749284,0.7562580993070611
national_anchored,national_draw,394,"",58.973164885520255,62.969101950749284,-3.995937065229029
national_anchored,national_draw,395,"",58.72237533400463,62.969101950749284,-4.2467266167446525
national_anchored,national_draw,396,"",60.516161866364726,62.969101950749284,-2.452940084384558
national_anchored,national_draw,397,"",61.933277025252934,62.969101950749284,-1.0358249254963496
national_anchored,national_draw,398,"",61.774396092144435,62.969101950749284,-1.1947058586048485
national_anchored,national_draw,399,"",67.85719454603358,62.969101950749284,4.888092595284299
national_anchored,national_draw,400,"",62.65961063680274,62.969101950749284,-0.3094913139465447
national_anchored,national_draw,401,"",59.04434287876942,62.969101950749284,-3.9247590719798637
national_anchored,national_draw,402,"",67.71563029814222,62.969101950749284,4.746528347392932
national_anchored,national_draw,403,"",61.419242465885816,62.969101950749284,-1.5498594848634681
national_anchored,national_draw,404,"",56.4003975866607,62.969101950749284,-6.568704364088582
national_anchored,national_draw,405,"",64.34061481249678,62.969101950749284,1.3715128617474974
national_anchored,national_draw,406,"",58.41844465651344,62.969101950749284,-4.550657294235847
national_anchored,national_draw,407,"",51.15907646715338,62.969101950749284,-11.8100254835959
national_anchored,national_draw,408,"",62.638065190279605,62.969101950749284,-0.33103676046967934
national_anchored,national_draw,409,"",57.108301924047154,62.969101950749284,-5.86080002670213
national_anchored,national_draw,410,"",60.02072970184763,62.969101950749284,-2.9483722489016557
national_anchored,national_draw,411,"",59.10400026739067,62.969101950749284,-3.865101683358617
national_anchored,national_draw,412,"",54.91090874764749,62.969101950749284,-8.058193203101794
national_anchored,national_draw,413,"",57.66967691224898,62.969101950749284,-5.299425038500303
national_anchored,national_draw,414,"",59.070214034183124,62.969101950749284,-3.89888791656616
national_anchored,national_draw,415,"",66.00484705606772,62.969101950749284,3.0357451053184334
national_anchored,national_draw,416,"",56.26053222977436,62.969101950749284,-6.708569720974921
national_anchored,national_draw,417,"",52.64661942964859,62.969101950749284,-10.322482521100696
national_anchored,national_draw,418,"",67.57629122814332,62.969101950749284,4.607189277394035
national_anchored,national_draw,419,"",53.386982741644914,62.969101950749284,-9.58211920910437
national_anchored,national_draw,420,"",65.87395165902593,62.969101950749284,2.9048497082766502
national_anchored,national_draw,421,"",64.87307402947562,62.969101950749284,1.9039720787263335
national_anchored,national_draw,422,"",60.71694262219533,62.969101950749284,-2.252159328553951
national_anchored,national_draw,423,"",67.11374506926316,62.969101950749284,4.144643118513876
national_anchored,national_draw,424,"",60.75757058493948,62.969101950749284,-2.2115313658098046
national_anchored,national_draw,425,"",66.5190662775006,62.969101950749284,3.549964326751315
national_anchored,national_draw,426,"",53.02714793201916,62.969101950749284,-9.941954018730122
national_anchored,national_draw,427,"",58.93991186402759,62.969101950749284,-4.029190086721691
national_anchored,national_draw,428,"",60.08697721794087,62.969101950749284,-2.882124732808414
national_anchored,national_draw,429,"",67.32035191326867,62.969101950749284,4.351249962519383
national_anchored,national_draw,430,"",56.36706146723844,62.969101950749284,-6.602040483510841
national_anchored,national_draw,431,"",67.24647785385932,62.969101950749284,4.277375903110034
national_anchored,national_draw,432,"",65.84436648781453,62.969101950749284,2.8752645370652417
national_anchored,national_draw,433,"",64.22499558484543,62.969101950749284,1.2558936340961466
national_anchored,national_draw,434,"",68.03474019743929,62.969101950749284,5.065638246690007
national_anchored,national_draw,435,"",65.44249797546898,62.969101950749284,2.4733960247196976
national_anchored,national_draw,436,"",62.47188548902174,62.969101950749284,-0.49721646172754674
national_anchored,national_draw,437,"",65.63414950042332,62.969101950749284,2.6650475496740356
national_anchored,national_draw,438,"",53.28156378485124,62.969101950749284,-9.687538165898047
national_anchored,national_draw,439,"",66.93443127857776,62.969101950749284,3.965329327828478
national_anchored,national_draw,440,"",63.935990218819704,62.969101950749284,0.96688826807042
national_anchored,national_draw,441,"",60.898825523870705,62.969101950749284,-2.0702764268785785
national_anchored,national_draw,442,"",57.84334696854945,62.969101950749284,-5.125754982199837
national_anchored,national_draw,443,"",64.2957973291356,62.969101950749284,1.3266953783863116
national_anchored,national_draw,444,"",55.85656549470656,62.969101950749284,-7.112536456042726
national_anchored,national_draw,445,"",63.45858799674875,62.969101950749284,0.4894860459994632
national_anchored,national_draw,446,"",51.2214506964172,62.969101950749284,-11.747651254332084
national_anchored,national_draw,447,"",57.80238892236274,62.969101950749284,-5.166713028386546
national_anchored,national_draw,448,"",65.83112852597499,62.969101950749284,2.8620265752257055
national_anchored,national_draw,449,"",57.115900768053386,62.969101950749284,-5.853201182695898
national_anchored,national_draw,450,"",65.45193882358123,62.969101950749284,2.482836872831946
national_anchored,national_draw,451,"",56.51891831702041,62.969101950749284,-6.4501836337288765
national_anchored,national_draw,452,"",53.989892844988965,62.969101950749284,-8.979209105760319
national_anchored,national_draw,453,"",51.06280520744255,62.969101950749284,-11.906296743306733
national_anchored,national_draw,454,"",64.77566940633615,62.969101950749284,1.8065674555868654
national_anchored,national_draw,455,"",63.28562196457401,62.969101950749284,0.3165200138247286
national_anchored,national_draw,456,"",60.2166515370728,62.969101950749284,-2.7524504136764847
national_anchored,national_draw,457,"",59.599469364320925,62.969101950749284,-3.3696325864283594
national_anchored,national_draw,458,"",59.05557956547123,62.969101950749284,-3.913522385278057
national_anchored,national_draw,459,"",52.802291859364416,62.969101950749284,-10.166810091384868
national_anchored,national_draw,460,"",63.85563682917782,62.969101950749284,0.8865348784285345
national_anchored,national_draw,461,"",61.59659422212247,62.969101950749284,-1.3725077286268146
national_anchored,national_draw,462,"",60.867793063718864,62.969101950749284,-2.10130888703042
national_anchored,national_draw,463,"",70.23871888475931,62.969101950749284,7.269616934010024
national_anchored,national_draw,464,"",61.44696024195716,62.969101950749284,-1.5221417087921267
national_anchored,national_draw,465,"",60.67950238836145,62.969101950749284,-2.289599562387835
national_anchored,national_draw,466,"",64.29142083817696,62.969101950749284,1.3223188874276772
national_anchored,national_draw,467,"",60.867677649927764,62.969101950749284,-2.1014243008215203
national_anchored,national_draw,468,"",63.94562034554935,62.969101950749284,0.9765183948000669
national_anchored,national_draw,469,"",56.1333439237028,62.969101950749284,-6.835758027046481
national_anchored,national_draw,470,"",75.68829495720907,62.969101950749284,12.719193006459783
national_anchored,national_draw,471,"",58.86960870731499,62.969101950749284,-4.099493243434296
national_anchored,national_draw,472,"",64.09738948085007,62.969101950749284,1.1282875301007849
national_anchored,national_draw,473,"",54.963853670178175,62.969101950749284,-8.00524828057111
national_anchored,national_draw,474,"",61.08418007238245,62.969101950749284,-1.884921878366832
national_anchored,national_draw,475,"",63.67296680544713,62.969101950749284,0.7038648546978479
national_anchored,national_draw,476,"",55.41563403062422,62.969101950749284,-7.553467920125065
national_anchored,national_draw,477,"",63.01924462643199,62.969101950749284,0.05014267568270725
national_anchored,national_draw,478,"",51.08454685741057,62.969101950749284,-11.884555093338712
national_anchored,national_draw,479,"",51.53410665651579,62.969101950749284,-11.434995294233495
national_anchored,national_draw,480,"",45.00052732561155,62.969101950749284,-17.968574625137734
national_anchored,national_draw,481,"",65.53823833174074,62.969101950749284,2.569136380991459
national_anchored,national_draw,482,"",56.99206869502711,62.969101950749284,-5.977033255722176
national_anchored,national_draw,483,"",60.65582409497872,62.969101950749284,-2.313277855770565
national_anchored,national_draw,484,"",54.890492048001335,62.969101950749284,-8.07860990274795
national_anchored,national_draw,485,"",58.79454126930565,62.969101950749284,-4.174560681443637
national_anchored,national_draw,486,"",53.7927153077166,62.969101950749284,-9.176386643032686
national_anchored,national_draw,487,"",61.083342168259044,62.969101950749284,-1.88575978249024
national_anchored,national_draw,488,"",60.623914490014506,62.969101950749284,-2.3451874607347776
national_anchored,national_draw,489,"",60.35598368224423,62.969101950749284,-2.6131182685050547
national_anchored,national_draw,490,"",63.212832794801045,62.969101950749284,0.24373084405176115
national_anchored,national_draw,491,"",64.57416616017323,62.969101950749284,1.6050642094239507
national_anchored,national_draw,492,"",61.719966948260165,62.969101950749284,-1.249135002489119
national_anchored,national_draw,493,"",64.65032772092225,62.969101950749284,1.681225770172965
national_anchored,national_draw,494,"",57.7173012590098,62.969101950749284,-5.251800691739483
national_anchored,national_draw,495,"",63.12296469222062,62.969101950749284,0.15386274147133605
national_anchored,national_draw,496,"",59.215000635122095,62.969101950749284,-3.7541013156271887
national_anchored,national_draw,497,"",64.1959620915555,62.969101950749284,1.2268601408062167
national_anchored,national_draw,498,"",63.99111646200224,62.969101950749284,1.022014511252955
national_anchored,national_draw,499,"",61.88047059927156,62.969101950749284,-1.0886313514777228
national_anchored,national_draw,500,"",60.69525637084704,62.969101950749284,-2.2738455799022432
national_anchored,national_draw,501,"",59.79303675820758,62.969101950749284,-3.1760651925417065
national_anchored,national_draw,502,"",62.80243058674132,62.969101950749284,-0.16667136400796068
national_anchored,national_draw,503,"",62.718397805439075,62.969101950749284,-0.250704145310209
national_anchored,national_draw,504,"",64.64886427405106,62.969101950749284,1.6797623233017802
national_anchored,national_draw,505,"",64.29335055676421,62.969101950749284,1.324248606014926
national_anchored,national_draw,506,"",53.66608560439398,62.969101950749284,-9.303016346355307
national_anchored,national_draw,507,"",63.40646943696237,62.969101950749284,0.4373674862130841
national_anchored,national_draw,508,"",63.346565062828155,62.969101950749284,0.3774631120788712
national_anchored,national_draw,509,"",59.97529821711777,62.969101950749284,-2.993803733631516
national_anchored,national_draw,510,"",53.235280546343034,62.969101950749284,-9.73382140440625
national_anchored,national_draw,511,"",61.01681765906716,62.969101950749284,-1.9522842916821261
national_anchored,national_draw,512,"",56.91816231975626,62.969101950749284,-6.050939630993021
national_anchored,national_draw,513,"",55.82279541942976,62.969101950749284,-7.146306531319524
national_anchored,national_draw,514,"",65.90448783987601,62.969101950749284,2.935385889126728
national_anchored,national_draw,515,"",65.52828042984436,62.969101950749284,2.559178479095074
national_anchored,national_draw,516,"",57.07505121083032,62.969101950749284,-5.894050739918967
national_anchored,national_draw,517,"",57.30515630270443,62.969101950749284,-5.663945648044852
national_anchored,national_draw,518,"",62.52636079842245,62.969101950749284,-0.44274115232683187
national_anchored,national_draw,519,"",63.34573177525639,62.969101950749284,0.3766298245071056
national_anchored,national_draw,520,"",62.52283606124216,62.969101950749284,-0.4462658895071243
national_anchored,national_draw,521,"",60.309058743057484,62.969101950749284,-2.6600432076917997
national_anchored,national_draw,522,"",66.3906084197269,62.969101950749284,3.4215064689776185
national_anchored,national_draw,523,"",52.2120010999396,62.969101950749284,-10.757100850809685
national_anchored,national_draw,524,"",69.11008511328521,62.969101950749284,6.140983162535925
national_anchored,national_draw,525,"",64.18477387864596,62.969101950749284,1.2156719278966719
national_anchored,national_draw,526,"",73.96029659405362,62.969101950749284,10.991194643304333
national_anchored,national_draw,527,"",62.55774180822341,62.969101950749284,-0.41136014252587216
national_anchored,national_draw,528,"",60.55808477184505,62.969101950749284,-2.411017178904231
national_anchored,national_draw,529,"",61.64891129362956,62.969101950749284,-1.3201906571197242
national_anchored,national_draw,530,"",64.7214618569308,62.969101950749284,1.7523599061815176
national_anchored,national_draw,531,"",63.794495219202986,62.969101950749284,0.825393268453702
national_anchored,national_draw,532,"",51.58858658246815,62.969101950749284,-11.38051536828113
national_anchored,national_draw,533,"",64.83018395642584,62.969101950749284,1.8610820056765576
national_anchored,national_draw,534,"",58.344787575031376,62.969101950749284,-4.624314375717908
national_anchored,national_draw,535,"",63.584109727676775,62.969101950749284,0.6150077769274915
national_anchored,national_draw,536,"",63.83782155638313,62.969101950749284,0.8687196056338493
national_anchored,national_draw,537,"",61.20492598063463,62.969101950749284,-1.7641759701146569
national_anchored,national_draw,538,"",65.41904127656517,62.969101950749284,2.4499393258158833
national_anchored,national_draw,539,"",50.152758231490466,62.969101950749284,-12.816343719258818
national_anchored,national_draw,540,"",66.7323786627692,62.969101950749284,3.763276712019909
national_anchored,national_draw,541,"",53.06097802246733,62.969101950749284,-9.908123928281952
national_anchored,national_draw,542,"",60.50124347972673,62.969101950749284,-2.467858471022552
national_anchored,national_draw,543,"",68.30748837685022,62.969101950749284,5.338386426100932
national_anchored,national_draw,544,"",62.71635959788819,62.969101950749284,-0.25274235286109104
national_anchored,national_draw,545,"",58.71071161627574,62.969101950749284,-4.258390334473546
national_anchored,national_draw,546,"",62.23584812828492,62.969101950749284,-0.7332538224643628
national_anchored,national_draw,547,"",52.01829520950362,62.969101950749284,-10.950806741245664
national_anchored,national_draw,548,"",61.92629218261536,62.969101950749284,-1.042809768133921
national_anchored,national_draw,549,"",57.302684139299,62.969101950749284,-5.6664178114502874
national_anchored,national_draw,550,"",63.4958481850685,62.969101950749284,0.5267462343192193
national_anchored,national_draw,551,"",66.72898088075911,62.969101950749284,3.759878930009826
national_anchored,national_draw,552,"",57.98614845228144,62.969101950749284,-4.982953498467843
national_anchored,national_draw,553,"",51.38692868182516,62.969101950749284,-11.582173268924123
national_anchored,national_draw,554,"",66.22672545291199,62.969101950749284,3.2576235021627085
national_anchored,national_draw,555,"",60.951147211929424,62.969101950749284,-2.01795473881986
national_anchored,national_draw,556,"",62.17336079350583,62.969101950749284,-0.7957411572434552
national_anchored,national_draw,557,"",49.59113625777569,62.969101950749284,-13.377965692973596
national_anchored,national_draw,558,"",65.00461112719594,62.969101950749284,2.0355091764466593
national_anchored,national_draw,559,"",75.20604073936013,62.969101950749284,12.23693878861085
national_anchored,national_draw,560,"",57.07108097641637,62.969101950749284,-5.8980209743329155
national_anchored,national_draw,561,"",64.37452569259874,62.969101950749284,1.4054237418494537
national_anchored,national_draw,562,"",51.13760488545655,62.969101950749284,-11.831497065292737
national_anchored,national_draw,563,"",60.07266359956825,62.969101950749284,-2.8964383511810325
national_anchored,national_draw,564,"",60.75130823263423,62.969101950749284,-2.217793718115054
national_anchored,national_draw,565,"",63.90988131099633,62.969101950749284,0.9407793602470491
national_anchored,national_draw,566,"",66.10790003014377,62.969101950749284,3.1387980793944834
national_anchored,national_draw,567,"",62.86342677533937,62.969101950749284,-0.10567517540991389
national_anchored,national_draw,568,"",60.885352117897305,62.969101950749284,-2.0837498328519786
national_anchored,national_draw,569,"",50.64613833880175,62.969101950749284,-12.322963611947536
national_anchored,national_draw,570,"",62.33087522732767,62.969101950749284,-0.6382267234216172
national_anchored,national_draw,571,"",60.6479759571837,62.969101950749284,-2.3211259935655875
national_anchored,national_draw,572,"",64.93599301183345,62.969101950749284,1.9668910610841621
national_anchored,national_draw,573,"",53.345812334082574,62.969101950749284,-9.62328961666671
national_anchored,national_draw,574,"",67.0532290020361,62.969101950749284,4.084127051286821
national_anchored,national_draw,575,"",61.19344461669568,62.969101950749284,-1.775657334053605
national_anchored,national_draw,576,"",55.43103946346067,62.969101950749284,-7.538062487288613
national_anchored,national_draw,577,"",68.8827222530877,62.969101950749284,5.913620302338423
national_anchored,national_draw,578,"",71.93407361123913,62.969101950749284,8.964971660489844
national_anchored,national_draw,579,"",60.793942087067755,62.969101950749284,-2.175159863681529
national_anchored,national_draw,580,"",60.5826956086599,62.969101950749284,-2.386406342089387
national_anchored,national_draw,581,"",59.76483655248942,62.969101950749284,-3.2042653982598637
national_anchored,national_draw,582,"",63.05553533890647,62.969101950749284,0.08643338815718948
national_anchored,national_draw,583,"",53.53582267492744,62.969101950749284,-9.433279275821846
national_anchored,national_draw,584,"",59.607511397284995,62.969101950749284,-3.361590553464289
national_anchored,national_draw,585,"",54.4561207038053,62.969101950749284,-8.512981246943987
national_anchored,national_draw,586,"",66.5160216616913,62.969101950749284,3.5469197109420136
national_anchored,national_draw,587,"",57.5670301947176,62.969101950749284,-5.402071756031681
national_anchored,national_draw,588,"",60.89501917704011,62.969101950749284,-2.074082773709172
national_anchored,national_draw,589,"",61.36862197710795,62.969101950749284,-1.6004799736413347
national_anchored,national_draw,590,"",55.7217391039398,62.969101950749284,-7.247362846809487
national_anchored,national_draw,591,"",54.046814926761066,62.969101950749284,-8.922287023988218
national_anchored,national_draw,592,"",61.94908640635825,62.969101950749284,-1.0200155443910361
national_anchored,national_draw,593,"",53.10541002376624,62.969101950749284,-9.863691926983044
national_anchored,national_draw,594,"",56.87073186816449,62.969101950749284,-6.098370082584793
national_anchored,national_draw,595,"",54.942509043651555,62.969101950749284,-8.02659290709773
national_anchored,national_draw,596,"",63.190654880702645,62.969101950749284,0.2215529299533614
national_anchored,national_draw,597,"",61.86935394291251,62.969101950749284,-1.099748007836773
national_anchored,national_draw,598,"",58.16080875890957,62.969101950749284,-4.8082931918397165
national_anchored,national_draw,599,"",61.90182215062566,62.969101950749284,-1.0672798001236217
national_anchored,national_draw,600,"",66.42715073426601,62.969101950749284,3.4580487835167233
national_anchored,national_draw,601,"",56.57238952643851,62.969101950749284,-6.3967124243107705
national_anchored,national_draw,602,"",58.03553863004615,62.969101950749284,-4.933563320703136
national_anchored,national_draw,603,"",64.03323557092745,62.969101950749284,1.0641336201781613
national_anchored,national_draw,604,"",58.583862626750026,62.969101950749284,-4.385239323999258
national_anchored,national_draw,605,"",66.99209662516455,62.969101950749284,4.022994674415266
national_anchored,national_draw,606,"",55.183121407067695,62.969101950749284,-7.785980543681589
national_anchored,national_draw,607,"",72.13580999326007,62.969101950749284,9.166708042510784
national_anchored,national_draw,608,"",50.93346558830484,62.969101950749284,-12.035636362444443
national_anchored,national_draw,609,"",61.13439199633981,62.969101950749284,-1.834709954409476
national_anchored,national_draw,610,"",63.300094853978365,62.969101950749284,0.33099290322908104
national_anchored,national_draw,611,"",60.914217107052224,62.969101950749284,-2.05488484369706
national_anchored,national_draw,612,"",54.98475972429861,62.969101950749284,-7.984342226450671
national_anchored,national_draw,613,"",53.8823202668533,62.969101950749284,-9.086781683895985
national_anchored,national_draw,614,"",64.88351666929464,62.969101950749284,1.914414718545352
national_anchored,national_draw,615,"",48.79927069563747,62.969101950749284,-14.169831255111816
national_anchored,national_draw,616,"",62.45341697416939,62.969101950749284,-0.515684976579891
national_anchored,national_draw,617,"",58.37599084759404,62.969101950749284,-4.593111103155245
national_anchored,national_draw,618,"",65.20379917270932,62.969101950749284,2.2346972219600403
national_anchored,national_draw,619,"",57.03884590456124,62.969101950749284,-5.930256046188042
national_anchored,national_draw,620,"",70.13335071003372,62.969101950749284,7.16424875928444
national_anchored,national_draw,621,"",56.80802755545812,62.969101950749284,-6.161074395291166
national_anchored,national_draw,622,"",60.60439109311149,62.969101950749284,-2.364710857637796
national_anchored,national_draw,623,"",58.25309593455151,62.969101950749284,-4.716006016197774
national_anchored,national_draw,624,"",56.82426396759052,62.969101950749284,-6.144837983158766
national_anchored,national_draw,625,"",58.469450627353595,62.969101950749284,-4.499651323395689
national_anchored,national_draw,626,"",60.82107356108028,62.969101950749284,-2.148028389669001
national_anchored,national_draw,627,"",56.69078791817965,62.969101950749284,-6.278314032569632
national_anchored,national_draw,628,"",60.95487046083041,62.969101950749284,-2.0142314899188705
national_anchored,national_draw,629,"",61.697094243139325,62.969101950749284,-1.2720077076099585
national_anchored,national_draw,630,"",64.13437729262283,62.969101950749284,1.1652753418735458
national_anchored,national_draw,631,"",62.165240279163804,62.969101950749284,-0.80386167158548
national_anchored,national_draw,632,"",56.90586382617631,62.969101950749284,-6.063238124572976
national_anchored,national_draw,633,"",56.31686800948766,62.969101950749284,-6.6522339412616205
national_anchored,national_draw,634,"",64.11103139095847,62.969101950749284,1.1419294402091893
national_anchored,national_draw,635,"",63.13145683896999,62.969101950749284,0.16235488822070465
national_anchored,national_draw,636,"",62.92128370881941,62.969101950749284,-0.047818241929874716
national_anchored,national_draw,637,"",64.27556067500356,62.969101950749284,1.3064587242542771
national_anchored,national_draw,638,"",61.12018455865501,62.969101950749284,-1.8489173920942719
national_anchored,national_draw,639,"",64.398677182525,62.969101950749284,1.429575231775722
national_anchored,national_draw,640,"",54.724099985367836,62.969101950749284,-8.245001965381448
national_anchored,national_draw,641,"",49.63024537502892,62.969101950749284,-13.338856575720364
national_anchored,national_draw,642,"",63.473596406143805,62.969101950749284,0.5044944553945214
national_anchored,national_draw,643,"",66.95187953551674,62.969101950749284,3.9827775847674545
national_anchored,national_draw,644,"",58.36007297752508,62.969101950749284,-4.609028973224206
national_anchored,national_draw,645,"",64.89954764487888,62.969101950749284,1.9304456941295953
national_anchored,national_draw,646,"",56.66340253382669,62.969101950749284,-6.305699416922593
national_anchored,national_draw,647,"",63.85555142297241,62.969101950749284,0.8864494722231271
national_anchored,national_draw,648,"",59.328653211773066,62.969101950749284,-3.640448738976218
national_anchored,national_draw,649,"",62.937155413371926,62.969101950749284,-0.0319465373773582
national_anchored,national_draw,650,"",60.61218152401096,62.969101950749284,-2.356920426738327
national_anchored,national_draw,651,"",59.25743828611074,62.969101950749284,-3.711663664638543
national_anchored,national_draw,652,"",51.23375611482462,62.969101950749284,-11.735345835924662
national_anchored,national_draw,653,"",59.54463396389197,62.969101950749284,-3.424467986857316
national_anchored,national_draw,654,"",64.65793348975595,62.969101950749284,1.6888315390066637
national_anchored,national_draw,655,"",65.9408201013153,62.969101950749284,2.971718150566012
national_anchored,national_draw,656,"",64.10342100557313,62.969101950749284,1.134319054823841
national_anchored,national_draw,657,"",56.39548557571135,62.969101950749284,-6.573616375037936
national_anchored,national_draw,658,"",62.271310169739294,62.969101950749284,-0.6977917810099896
national_anchored,national_draw,659,"",58.24346580782187,62.969101950749284,-4.725636142927414
national_anchored,national_draw,660,"",64.21804305806937,62.969101950749284,1.2489411073200856
national_anchored,national_draw,661,"",60.9573380076842,62.969101950749284,-2.011763943065084
national_anchored,national_draw,662,"",66.23908396166333,62.969101950749284,3.269982010914042
national_anchored,national_draw,663,"",52.35229348785301,62.969101950749284,-10.616808462896273
national_anchored,national_draw,664,"",66.11760171342391,62.969101950749284,3.148499762674625
national_anchored,national_draw,665,"",62.89630123959721,62.969101950749284,-0.07280071115207676
national_anchored,national_draw,666,"",59.868757438274564,62.969101950749284,-3.10034451247472
national_anchored,national_draw,667,"",47.77553421062126,62.969101950749284,-15.193567740128024
national_anchored,national_draw,668,"",49.329084628524214,62.969101950749284,-13.64001732222507
national_anchored,national_draw,669,"",65.24613756783762,62.969101950749284,2.2770356170883375
national_anchored,national_draw,670,"",67.5343706309388,62.969101950749284,4.5652686801895115
national_anchored,national_draw,671,"",64.77257400845878,62.969101950749284,1.8034720577094916
national_anchored,national_draw,672,"",55.18764562767894,62.969101950749284,-7.781456323070344
national_anchored,national_draw,673,"",63.36799740383602,62.969101950749284,0.39889545308673746
national_anchored,national_draw,674,"",63.80098839909045,62.969101950749284,0.8318864483411659
national_anchored,national_draw,675,"",64.30308917245749,62.969101950749284,1.333987221708206
national_anchored,national_draw,676,"",65.86917814462589,62.969101950749284,2.9000761938766075
national_anchored,national_draw,677,"",56.71648826118252,62.969101950749284,-6.252613689566765
national_anchored,national_draw,678,"",56.53401905744835,62.969101950749284,-6.435082893300937
national_anchored,national_draw,679,"",66.5185238326824,62.969101950749284,3.549421881933121
national_anchored,national_draw,680,"",66.09716193101953,62.969101950749284,3.128059980270244
national_anchored,national_draw,681,"",63.09683039336321,62.969101950749284,0.1277284426139289
national_anchored,national_draw,682,"",61.71054687463031,62.969101950749284,-1.2585550761189737
national_anchored,national_draw,683,"",55.14891506766053,62.969101950749284,-7.820186883088752
national_anchored,national_draw,684,"",67.62297379836873,62.969101950749284,4.653871847619449
national_anchored,national_draw,685,"",60.51001723612639,62.969101950749284,-2.4590847146228967
national_anchored,national_draw,686,"",55.448607750742404,62.969101950749284,-7.52049420000688
national_anchored,national_draw,687,"",56.96165946934724,62.969101950749284,-6.007442481402045
national_anchored,national_draw,688,"",64.82356382136817,62.969101950749284,1.8544618706188842
national_anchored,national_draw,689,"",67.03771046368438,62.969101950749284,4.068608512935093
national_anchored,national_draw,690,"",54.48014985511299,62.969101950749284,-8.488952095636293
national_anchored,national_draw,691,"",59.155548683049005,62.969101950749284,-3.8135532677002786
national_anchored,national_draw,692,"",62.66305920088091,62.969101950749284,-0.3060427498683751
national_anchored,national_draw,693,"",61.67533412696473,62.969101950749284,-1.293767823784556
national_anchored,national_draw,694,"",57.016123237368845,62.969101950749284,-5.952978713380439
national_anchored,national_draw,695,"",60.99639634286935,62.969101950749284,-1.9727056078799308
national_anchored,national_draw,696,"",60.85336633983097,62.969101950749284,-2.115735610918314
national_anchored,national_draw,697,"",54.122417884761134,62.969101950749284,-8.84668406598815
national_anchored,national_draw,698,"",59.97216127027558,62.969101950749284,-2.996940680473706
national_anchored,national_draw,699,"",60.653356548124925,62.969101950749284,-2.3157454026243585
national_anchored,national_draw,700,"",66.16542226362961,62.969101950749284,3.1963203128803244
national_anchored,national_draw,701,"",60.15512906158732,62.969101950749284,-2.813972889161967
national_anchored,national_draw,702,"",64.42065889317851,62.969101950749284,1.451556942429228
national_anchored,national_draw,703,"",57.77749647589759,62.969101950749284,-5.191605474851691
national_anchored,national_draw,704,"",61.8719369035574,62.969101950749284,-1.0971650471918863
national_anchored,national_draw,705,"",65.86003968064634,62.969101950749284,2.890937729897054
national_anchored,national_draw,706,"",59.91176061683963,62.969101950749284,-3.0573413339096547
national_anchored,national_draw,707,"",58.74503336947401,62.969101950749284,-4.224068581275276
national_anchored,national_draw,708,"",57.64394886993626,62.969101950749284,-5.325153080813024
national_anchored,national_draw,709,"",60.950729414005636,62.969101950749284,-2.018372536743648
national_anchored,national_draw,710,"",61.49465614526848,62.969101950749284,-1.474445805480805
national_anchored,national_draw,711,"",60.63019530852634,62.969101950749284,-2.3389066422229448
national_anchored,national_draw,712,"",57.33280713877693,62.969101950749284,-5.6362948119723555
national_anchored,national_draw,713,"",58.31385437073989,62.969101950749284,-4.655247580009394
national_anchored,national_draw,714,"",66.40904692699355,62.969101950749284,3.43994497624427
national_anchored,national_draw,715,"",61.94944188083484,62.969101950749284,-1.019660069914444
national_anchored,national_draw,716,"",70.03190660420564,62.969101950749284,7.062804653456361
national_anchored,national_draw,717,"",65.81862459584687,62.969101950749284,2.8495226450975863
national_anchored,national_draw,718,"",58.38624190051982,62.969101950749284,-4.582860050229463
national_anchored,national_draw,719,"",59.229722818315224,62.969101950749284,-3.7393791324340597
national_anchored,national_draw,720,"",56.180331186336744,62.969101950749284,-6.78877076441254
national_anchored,national_draw,721,"",58.91766239337872,62.969101950749284,-4.051439557370564
national_anchored,national_draw,722,"",61.97726352931818,62.969101950749284,-0.9918384214311047
national_anchored,national_draw,723,"",64.22751853031895,62.969101950749284,1.258416579569662
national_anchored,national_draw,724,"",61.390670627760315,62.969101950749284,-1.578431322988969
national_anchored,national_draw,725,"",70.0247878815704,62.969101950749284,7.05568593082112
national_anchored,national_draw,726,"",57.346786057155356,62.969101950749284,-5.622315893593928
national_anchored,national_draw,727,"",64.67288188397964,62.969101950749284,1.7037799332303578
national_anchored,national_draw,728,"",56.98029418005876,62.969101950749284,-5.988807770690521
national_anchored,national_draw,729,"",65.94461490676677,62.969101950749284,2.9755129560174893
national_anchored,national_draw,730,"",54.07637701521424,62.969101950749284,-8.892724935535043
national_anchored,national_draw,731,"",57.84610997470845,62.969101950749284,-5.1229919760408364
national_anchored,national_draw,732,"",64.14394047935363,62.969101950749284,1.1748385286043472
national_anchored,national_draw,733,"",55.87285499718286,62.969101950749284,-7.096246953566421
national_anchored,national_draw,734,"",58.758691437513164,62.969101950749284,-4.21041051323612
national_anchored,national_draw,735,"",70.92213010739783,62.969101950749284,7.95302815664855
national_anchored,national_draw,736,"",58.047781725006374,62.969101950749284,-4.92132022574291
national_anchored,national_draw,737,"",55.12213445157293,62.969101950749284,-7.846967499176351
national_anchored,national_draw,738,"",59.99243024026912,62.969101950749284,-2.9766717104801614
national_anchored,national_draw,739,"",67.01569874544516,62.969101950749284,4.04659679469588
national_anchored,national_draw,740,"",56.12376227076542,62.969101950749284,-6.845339679983866
national_anchored,national_draw,741,"",66.13331645522052,62.969101950749284,3.1642145044712393
national_anchored,national_draw,742,"",55.991687344778555,62.969101950749284,-6.977414605970729
national_anchored,national_draw,743,"",58.617958168917724,62.969101950749284,-4.35114378183156
national_anchored,national_draw,744,"",58.81882202267793,62.969101950749284,-4.150279928071356
national_anchored,national_draw,745,"",59.510339910003566,62.969101950749284,-3.458762040745718
national_anchored,national_draw,746,"",59.01979898195342,62.969101950749284,-3.9493029687958625
national_anchored,national_draw,747,"",64.26774946962169,62.969101950749284,1.2986475188724071
national_anchored,national_draw,748,"",55.346665057336764,62.969101950749284,-7.6224368934125195
national_anchored,national_draw,749,"",66.32872123666154,62.969101950749284,3.3596192859122525
national_anchored,national_draw,750,"",60.79462995326273,62.969101950749284,-2.174471997486556
national_anchored,national_draw,751,"",67.5984691422417,62.969101950749284,4.629367191492413
national_anchored,national_draw,752,"",59.29748917989938,62.969101950749284,-3.6716127708499045
national_anchored,national_draw,753,"",67.61282661785494,62.969101950749284,4.643724667105651
national_anchored,national_draw,754,"",57.07940923558238,62.969101950749284,-5.889692715166902
national_anchored,national_draw,755,"",53.96438178060351,62.969101950749284,-9.004720170145774
national_anchored,national_draw,756,"",67.80803981240273,62.969101950749284,4.8389378616534415
national_anchored,national_draw,757,"",48.732079094733,62.969101950749284,-14.237022856016281
national_anchored,national_draw,758,"",49.207893223038376,62.969101950749284,-13.761208727710908
national_anchored,national_draw,759,"",57.76265426236172,62.969101950749284,-5.206447688387563
national_anchored,national_draw,760,"",59.51755558022332,62.969101950749284,-3.4515463705259606
national_anchored,national_draw,761,"",56.87559309704575,62.969101950749284,-6.093508853703533
national_anchored,national_draw,762,"",59.67596100851248,62.969101950749284,-3.2931409422368034
national_anchored,national_draw,763,"",58.520232695439,62.969101950749284,-4.448869255310285
national_anchored,national_draw,764,"",65.46142122065827,62.969101950749284,2.4923192699089824
national_anchored,national_draw,765,"",66.90850934109596,62.969101950749284,3.9394073903466804
national_anchored,national_draw,766,"",68.51330117397293,62.969101950749284,5.54419922322365
national_anchored,national_draw,767,"",68.62568419892176,62.969101950749284,5.656582248172477
national_anchored,national_draw,768,"",76.76716230195946,62.969101950749284,13.798060351210175
national_anchored,national_draw,769,"",62.739647792657,62.969101950749284,-0.2294541580922811
national_anchored,national_draw,770,"",69.42436840783836,62.969101950749284,6.455266457089074
national_anchored,national_draw,771,"",64.22422692899667,62.969101950749284,1.2551249782473874
national_anchored,national_draw,772,"",61.86724648708696,62.969101950749284,-1.101855463662325
national_anchored,national_draw,773,"",63.33676412368767,62.969101950749284,0.3676621729383882
national_anchored,national_draw,774,"",59.66134269773134,62.969101950749284,-3.3077592530179416
national_anchored,national_draw,775,"",62.106903224312774,62.969101950749284,-0.8621987264365103
national_anchored,national_draw,776,"",65.83904591204467,62.969101950749284,2.869943961295384
national_anchored,national_draw,777,"",56.445997575525574,62.969101950749284,-6.52310437522371
national_anchored,national_draw,778,"",63.90128529183497,62.969101950749284,0.9321833410856826
national_anchored,national_draw,779,"",56.95358281224584,62.969101950749284,-6.015519138503443
national_anchored,national_draw,780,"",61.06753971198119,62.969101950749284,-1.9015622387680935
national_anchored,national_draw,781,"",56.548251886167186,62.969101950749284,-6.420850064582098
national_anchored,national_draw,782,"",54.72361755572103,62.969101950749284,-8.245484395028257
national_anchored,national_draw,783,"",55.86829846071011,62.969101950749284,-7.100803490039176
national_anchored,national_draw,784,"",61.437955657975294,62.969101950749284,-1.5311462927739896
national_anchored,national_draw,785,"",53.77360047563408,62.969101950749284,-9.1955014751152
national_anchored,national_draw,786,"",53.34922858229923,62.969101950749284,-9.619873368450051
national_anchored,national_draw,787,"",57.44682211473198,62.969101950749284,-5.522279836017304
national_anchored,national_draw,788,"",70.86598360630195,62.969101950749284,7.896881655552669
national_anchored,national_draw,789,"",66.91984297538231,62.969101950749284,3.9507410246330252
national_anchored,national_draw,790,"",67.01824939022855,62.969101950749284,4.049147439479263
national_anchored,national_draw,791,"",67.42584242661282,62.969101950749284,4.456740475863533
national_anchored,national_draw,792,"",60.0231857073223,62.969101950749284,-2.9459162434269857
national_anchored,national_draw,793,"",60.52530033034428,62.969101950749284,-2.4438016204050044
national_anchored,national_draw,794,"",62.15713130620089,62.969101950749284,-0.8119706445483956
national_anchored,national_draw,795,"",52.64319856488029,62.969101950749284,-10.325903385868997
national_anchored,national_draw,796,"",58.80447378016799,62.969101950749284,-4.164628170581295
national_anchored,national_draw,797,"",55.76118522946304,62.969101950749284,-7.207916721286246
national_anchored,national_draw,798,"",58.95969609609851,62.969101950749284,-4.0094058546507725
national_anchored,national_draw,799,"",48.696187713975725,62.969101950749284,-14.272914236773559
national_anchored,national_draw,800,"",60.847985748889734,62.969101950749284,-2.12111620185955
national_anchored,national_draw,801,"",60.32717870826069,62.969101950749284,-2.641923242488595
national_anchored,national_draw,802,"",54.71838469443241,62.969101950749284,-8.250717256316875
national_anchored,national_draw,803,"",69.24891636260327,62.969101950749284,6.279814411853984
national_anchored,national_draw,804,"",64.88468234858478,62.969101950749284,1.915580397835491
national_anchored,national_draw,805,"",62.537512078918844,62.969101950749284,-0.4315898718304396
national_anchored,national_draw,806,"",66.23046947629538,62.969101950749284,3.261367525546099
national_anchored,national_draw,807,"",65.77269914009108,62.969101950749284,2.8035971893417937
national_anchored,national_draw,808,"",55.823365563557815,62.969101950749284,-7.145736387191469
national_anchored,national_draw,809,"",62.41277054521868,62.969101950749284,-0.5563314055306066
national_anchored,national_draw,810,"",60.152959282314576,62.969101950749284,-2.8161426684347077
national_anchored,national_draw,811,"",61.80316875026646,62.969101950749284,-1.1659332004828258
national_anchored,national_draw,812,"",68.94602902578364,62.969101950749284,5.976927075034361
national_anchored,national_draw,813,"",65.35036314603128,62.969101950749284,2.3812611952820006
national_anchored,national_draw,814,"",64.18830092410207,62.969101950749284,1.219198973352782
national_anchored,national_draw,815,"",62.373696052102765,62.969101950749284,-0.5954058986465185
national_anchored,national_draw,816,"",55.56685610455511,62.969101950749284,-7.402245846194177
national_anchored,national_draw,817,"",61.22901283883787,62.969101950749284,-1.7400891119114164
national_anchored,national_draw,818,"",58.66868483838341,62.969101950749284,-4.300417112365871
national_anchored,national_draw,819,"",65.82769611982758,62.969101950749284,2.8585941690782946
national_anchored,national_draw,820,"",57.71251620323067,62.969101950749284,-5.2565857475186135
national_anchored,national_draw,821,"",63.40118348532984,62.969101950749284,0.4320815345805542
national_anchored,national_draw,822,"",68.38023599765839,62.969101950749284,5.411134046909105
national_anchored,national_draw,823,"",59.875774596773645,62.969101950749284,-3.0933273539756385
national_anchored,national_draw,824,"",65.76417006092855,62.969101950749284,2.7950681101792654
national_anchored,national_draw,825,"",60.6249393644795,62.969101950749284,-2.344162586269782
national_anchored,national_draw,826,"",61.65373328182186,62.969101950749284,-1.3153686689274267
national_anchored,national_draw,827,"",72.30225052968582,62.969101950749284,9.333148578936537
national_anchored,national_draw,828,"",51.705383030788774,62.969101950749284,-11.26371891996051
national_anchored,national_draw,829,"",61.13508909563807,62.969101950749284,-1.8340128551112116
national_anchored,national_draw,830,"",50.453367300073715,62.969101950749284,-12.515734650675569
national_anchored,national_draw,831,"",55.18886439731298,62.969101950749284,-7.780237553436301
national_anchored,national_draw,832,"",65.76063609064498,62.969101950749284,2.7915341398956954
national_anchored,national_draw,833,"",64.5670058885732,62.969101950749284,1.5979039378239221
national_anchored,national_draw,834,"",56.70352729244163,62.969101950749284,-6.265574658307656
national_anchored,national_draw,835,"",58.83687273960647,62.969101950749284,-4.132229211142814
national_anchored,national_draw,836,"",63.22902996624447,62.969101950749284,0.2599280154951842
national_anchored,national_draw,837,"",63.32554821146825,62.969101950749284,0.35644626071896823
national_anchored,national_draw,838,"",50.21990597515432,62.969101950749284,-12.749195975594965
national_anchored,national_draw,839,"",61.277191171795984,62.969101950749284,-1.6919107789533
national_anchored,national_draw,840,"",69.80576020536637,62.969101950749284,6.836658254617085
national_anchored,national_draw,841,"",59.00587777047055,62.969101950749284,-3.9632241802787362
national_anchored,national_draw,842,"",66.31004959353687,62.969101950749284,3.34094764278759
national_anchored,national_draw,843,"",62.797525500619436,62.969101950749284,-0.171576450129848
national_anchored,national_draw,844,"",57.886599440903275,62.969101950749284,-5.082502509846009
national_anchored,national_draw,845,"",58.138088399992995,62.969101950749284,-4.831013550756289
national_anchored,national_draw,846,"",59.59651477126868,62.969101950749284,-3.372587179480604
national_anchored,national_draw,847,"",59.58553199490729,62.969101950749284,-3.383569955841992
national_anchored,national_draw,848,"",67.73177207096592,62.969101950749284,4.762670120216633
national_anchored,national_draw,849,"",63.70480716213669,62.969101950749284,0.7357052113874047
national_anchored,national_draw,850,"",53.28583409512206,62.969101950749284,-9.683267855627221
national_anchored,national_draw,851,"",71.7431768924786,62.969101950749284,8.774074941729317
national_anchored,national_draw,852,"",55.654547503035324,62.969101950749284,-7.3145544477139595
national_anchored,national_draw,853,"",58.884868718774655,62.969101950749284,-4.084233231974629
national_anchored,national_draw,854,"",51.41211889587135,62.969101950749284,-11.556983054877932
national_anchored,national_draw,855,"",60.9647129489357,62.969101950749284,-2.0043890018135855
national_anchored,national_draw,856,"",57.12128828382209,62.969101950749284,-5.847813666927195
national_anchored,national_draw,857,"",59.400392116046994,62.969101950749284,-3.5687098347022896
national_anchored,national_draw,858,"",56.46291262074966,62.969101950749284,-6.506189329999621
national_anchored,national_draw,859,"",70.42165666848535,62.969101950749284,7.452554717736071
national_anchored,national_draw,860,"",65.44966517189648,62.969101950749284,2.4805632211472
national_anchored,national_draw,861,"",64.50488326137399,62.969101950749284,1.5357813106247065
national_anchored,national_draw,862,"",62.3144957020943,62.969101950749284,-0.6546062486549857
national_anchored,national_draw,863,"",64.0385446053182,62.969101950749284,1.0694426545689097
national_anchored,national_draw,864,"",60.26388809349551,62.969101950749284,-2.7052138572537743
national_anchored,national_draw,865,"",76.7188662469344,62.969101950749284,13.749764296185113
national_anchored,national_draw,866,"",54.107192497438795,62.969101950749284,-8.861909453310489
national_anchored,national_draw,867,"",60.60486659793083,62.969101950749284,-2.3642353528184543
national_anchored,national_draw,868,"",57.101822593814624,62.969101950749284,-5.8672793569346595
national_anchored,national_draw,869,"",67.90781734308727,62.969101950749284,4.93871539233799
national_anchored,national_draw,870,"",58.46104619508545,62.969101950749284,-4.5080557556638325
national_anchored,national_draw,871,"",59.125988902871654,62.969101950749284,-3.8431130478776296
national_anchored,national_draw,872,"",62.86619439805003,62.969101950749284,-0.10290755269925711
national_anchored,national_draw,873,"",66.20614255740665,62.969101950749284,3.2370406066573665
national_anchored,national_draw,874,"",73.43648187002843,62.969101950749284,10.467379919279146
national_anchored,national_draw,875,"",62.27928987925617,62.969101950749284,-0.6898120714931153
national_anchored,national_draw,876,"",62.47136843523759,62.969101950749284,-0.4977335155116904
national_anchored,national_draw,877,"",66.16478748777854,62.969101950749284,3.195685537029256
national_anchored,national_draw,878,"",54.24678778605395,62.969101950749284,-8.722314164695334
national_anchored,national_draw,879,"",60.88348703103308,62.969101950749284,-2.085614919716207
national_anchored,national_draw,880,"",51.92064129257537,62.969101950749284,-11.048460658173916
national_anchored,national_draw,881,"",65.48423391060773,62.969101950749284,2.5151319598584436
national_anchored,national_draw,882,"",64.81241715742343,62.969101950749284,1.8433152066741414
national_anchored,national_draw,883,"",64.28531775690342,62.969101950749284,1.3162158061541405
national_anchored,national_draw,884,"",56.8764771666856,62.969101950749284,-6.0926247840636805
national_anchored,national_draw,885,"",69.33360007768734,62.969101950749284,6.364498126938052
national_anchored,national_draw,886,"",58.77156700004863,62.969101950749284,-4.197534950700657
national_anchored,national_draw,887,"",57.891557617369074,62.969101950749284,-5.07754433338021
national_anchored,national_draw,888,"",65.2064952388695,62.969101950749284,2.2373932881202094
national_anchored,national_draw,889,"",59.07407808790926,62.969101950749284,-3.895023862840027
national_anchored,national_draw,890,"",61.47929456967264,62.969101950749284,-1.4898073810766448
national_anchored,national_draw,891,"",61.02521054995618,62.969101950749284,-1.943891400793106
national_anchored,national_draw,892,"",58.411852220765624,62.969101950749284,-4.55724972998366
national_anchored,national_draw,893,"",65.72205787683082,62.969101950749284,2.7529559260815333
national_anchored,national_draw,894,"",62.27050458147739,62.969101950749284,-0.6985973692718943
national_anchored,national_draw,895,"",47.01667699273855,62.969101950749284,-15.952424958010731
national_anchored,national_draw,896,"",58.56277883539129,62.969101950749284,-4.406323115357992
national_anchored,national_draw,897,"",63.491462461006584,62.969101950749284,0.5223605102573003
national_anchored,national_draw,898,"",67.96684688068493,62.969101950749284,4.997744929935642
national_anchored,national_draw,899,"",70.00222910196136,62.969101950749284,7.033127151212078
national_anchored,national_draw,900,"",63.658106125704684,62.969101950749284,0.6890041749554001
national_anchored,national_draw,901,"",50.77528175449459,62.969101950749284,-12.193820196254691
national_anchored,national_draw,902,"",58.579970873714025,62.969101950749284,-4.389131077035259
national_anchored,national_draw,903,"",63.94816406550527,62.969101950749284,0.9790621147559833
national_anchored,national_draw,904,"",60.62278805141334,62.969101950749284,-2.3463138993359465
national_anchored,national_draw,905,"",73.00122876446837,62.969101950749284,10.032126813719081
national_anchored,national_draw,906,"",61.048907309545484,62.969101950749284,-1.9201946412037998
national_anchored,national_draw,907,"",64.67660974943227,62.969101950749284,1.7075077986829896
national_anchored,national_draw,908,"",61.164067190308266,62.969101950749284,-1.8050347604410177
national_anchored,national_draw,909,"",62.347873370481345,62.969101950749284,-0.6212285802679389
national_anchored,national_draw,910,"",65.87288985214778,62.969101950749284,2.903787901398495
national_anchored,national_draw,911,"",56.69369865399128,62.969101950749284,-6.275403296758007
national_anchored,national_draw,912,"",69.19842052071978,62.969101950749284,6.229318569970495
national_anchored,national_draw,913,"",54.97678924788503,62.969101950749284,-7.992312702864254
national_anchored,national_draw,914,"",63.59884576052484,62.969101950749284,0.6297438097755546
national_anchored,national_draw,915,"",62.51566193998719,62.969101950749284,-0.45344001076209395
national_anchored,national_draw,916,"",61.47758413728849,62.969101950749284,-1.4915178134607956
national_anchored,national_draw,917,"",60.64843992062393,62.969101950749284,-2.320662030125355
national_anchored,national_draw,918,"",63.124137296338226,62.969101950749284,0.15503534558894216
national_anchored,national_draw,919,"",66.86003785710845,62.969101950749284,3.890935906359168
national_anchored,national_draw,920,"",61.68293297097096,62.969101950749284,-1.2861689797783242
national_anchored,national_draw,921,"",65.83298437973593,62.969101950749284,2.863882428986649
national_anchored,national_draw,922,"",58.343612662637945,62.969101950749284,-4.625489288111339
national_anchored,national_draw,923,"",66.2865051801518,62.969101950749284,3.3174032294025224
national_anchored,national_draw,924,"",61.53002816396579,62.969101950749284,-1.4390737867834957
national_anchored,national_draw,925,"",64.15112845026356,62.969101950749284,1.1820264995142722
national_anchored,national_draw,926,"",67.32951115173061,62.969101950749284,4.36040920098133
national_anchored,national_draw,927,"",65.06358064962222,62.969101950749284,2.0944786988729405
national_anchored,national_draw,928,"",60.153993389882864,62.969101950749284,-2.8151085608664204
national_anchored,national_draw,929,"",68.21413016122683,62.969101950749284,5.24502821047755
national_anchored,national_draw,930,"",68.3799543880081,62.969101950749284,5.410852437258818
national_anchored,national_draw,931,"",58.66197929712031,62.969101950749284,-4.307122653628973
national_anchored,national_draw,932,"",56.52977182993575,62.969101950749284,-6.439330120813537
national_anchored,national_draw,933,"",64.93414177462415,62.969101950749284,1.9650398238748679
national_anchored,national_draw,934,"",52.925736142052585,62.969101950749284,-10.043365808696699
national_anchored,national_draw,935,"",65.57183990288252,62.969101950749284,2.602737952133232
national_anchored,national_draw,936,"",66.12648857533885,62.969101950749284,3.15738662458957
national_anchored,national_draw,937,"",58.82132650194487,62.969101950749284,-4.147775448804417
national_anchored,national_draw,938,"",59.893979968182265,62.969101950749284,-3.075121982567019
national_anchored,national_draw,939,"",54.43293407317267,62.969101950749284,-8.536167877576617
national_anchored,national_draw,940,"",66.26947933768827,62.969101950749284,3.300377386938983
national_anchored,national_draw,941,"",64.85586583322214,62.969101950749284,1.8867638824728559
national_anchored,national_draw,942,"",63.47445739302544,62.969101950749284,0.505355442276155
national_anchored,national_draw,943,"",59.196481338201664,62.969101950749284,-3.7726206125476196
national_anchored,national_draw,944,"",63.93528388641815,62.969101950749284,0.9661819356688639
national_anchored,national_draw,945,"",54.22063040443832,62.969101950749284,-8.748471546310967
national_anchored,national_draw,946,"",67.38429577009148,62.969101950749284,4.4151938193422
national_anchored,national_draw,947,"",52.234105149211686,62.969101950749284,-10.734996801537598
national_anchored,national_draw,948,"",63.615823129196116,62.969101950749284,0.6467211784468319
national_anchored,national_draw,949,"",61.122361262755206,62.969101950749284,-1.8467406879940782
national_anchored,national_draw,950,"",58.46524956535744,62.969101950749284,-4.503852385391845
national_anchored,national_draw,951,"",61.868379850515595,62.969101950749284,-1.100722100233689
national_anchored,national_draw,952,"",50.816161319303355,62.969101950749284,-12.15294063144593
national_anchored,national_draw,953,"",63.952729835081314,62.969101950749284,0.9836278843320301
national_anchored,national_draw,954,"",62.01779916102945,62.969101950749284,-0.9513027897198327
national_anchored,national_draw,955,"",50.95268890935098,62.969101950749284,-12.016413041398302
national_anchored,national_draw,956,"",64.33632834429523,62.969101950749284,1.3672263935459412
national_anchored,national_draw,957,"",66.57018997040768,62.969101950749284,3.6010880196583983
national_anchored,national_draw,958,"",54.96882800457472,62.969101950749284,-8.000273946174566
national_anchored,national_draw,959,"",58.95356069896346,62.969101950749284,-4.015541251785827
national_anchored,national_draw,960,"",63.378737811236086,62.969101950749284,0.40963586048680156
national_anchored,national_draw,961,"",64.85621899942291,62.969101950749284,1.8871170486736233
national_anchored,national_draw,962,"",66.85114868691768,62.969101950749284,3.882046736168398
national_anchored,national_draw,963,"",55.801951688756525,62.969101950749284,-7.167150261992759
national_anchored,national_draw,964,"",66.27306409003994,62.969101950749284,3.303962139290654
national_anchored,national_draw,965,"",55.33335553894674,62.969101950749284,-7.635746411802543
national_anchored,national_draw,966,"",55.168886270073024,62.969101950749284,-7.80021568067626
national_anchored,national_draw,967,"",61.90871697050617,62.969101950749284,-1.0603849802431142
national_anchored,national_draw,968,"",54.57519311208648,62.969101950749284,-8.393908838662803
national_anchored,national_draw,969,"",65.8683933308464,62.969101950749284,2.899291380097118
national_anchored,national_draw,970,"",56.67122758886348,62.969101950749284,-6.297874361885803
national_anchored,national_draw,971,"",63.97202471267794,62.969101950749284,1.0029227619286587
national_anchored,national_draw,972,"",60.26983190373733,62.969101950749284,-2.6992700470119573
national_anchored,national_draw,973,"",58.32406618297669,62.969101950749284,-4.64503576777259
national_anchored,national_draw,974,"",64.71451394670639,62.969101950749284,1.745411995957106
national_anchored,national_draw,975,"",66.15254670109414,62.969101950749284,3.1834447503448544
national_anchored,national_draw,976,"",61.130280957100716,62.969101950749284,-1.838820993648568
national_anchored,national_draw,977,"",53.825358944392235,62.969101950749284,-9.143743006357049
national_anchored,national_draw,978,"",63.498020272617076,62.969101950749284,0.528918321867792
national_anchored,national_draw,979,"",60.40355724693697,62.969101950749284,-2.5655447038123143
national_anchored,national_draw,980,"",54.951061205572294,62.969101950749284,-8.01804074517699
national_anchored,national_draw,981,"",65.92192224716007,62.969101950749284,2.952820296410785
national_anchored,national_draw,982,"",61.09336931843009,62.969101950749284,-1.8757326323191919
national_anchored,national_draw,983,"",61.425950315424735,62.969101950749284,-1.5431516353245485
national_anchored,national_draw,984,"",65.11285310532,62.969101950749284,2.1437511545707153
national_anchored,national_draw,985,"",60.596877655310664,62.969101950749284,-2.3722242954386203
national_anchored,national_draw,986,"",62.562953895029636,62.969101950749284,-0.4061480557196475
national_anchored,national_draw,987,"",57.7451390654239,62.969101950749284,-5.223962885325385
national_anchored,national_draw,988,"",57.30529249097793,62.969101950749284,-5.66380945977135
national_anchored,national_draw,989,"",53.6463983199076,62.969101950749284,-9.322703630841687
national_anchored,national_draw,990,"",47.807780823855495,62.969101950749284,-15.161321126893789
national_anchored,national_draw,991,"",56.13769733190321,62.969101950749284,-6.831404618846072
national_anchored,national_draw,992,"",65.23331278737025,62.969101950749284,2.2642108366209683
national_anchored,national_draw,993,"",52.34774849275936,62.969101950749284,-10.621353457989926
national_anchored,national_draw,994,"",59.873904893357775,62.969101950749284,-3.095197057391509
national_anchored,national_draw,995,"",63.83204855855216,62.969101950749284,0.8629466078028756
national_anchored,national_draw,996,"",61.8356046421181,62.969101950749284,-1.1334973086311848
national_anchored,national_draw,997,"",66.69699279441694,62.969101950749284,3.7278908436676588
national_anchored,national_draw,998,"",61.87513386557095,62.969101950749284,-1.0939680851783322
national_anchored,national_draw,999,"",61.817327714159,62.969101950749284,-1.1517742365902848
national_anchored,national_draw,1000,"",61.39412380839011,62.969101950749284,-1.5749781423591713
national_anchored,national_draw,1001,"",65.4554081621418,62.969101950749284,2.4863062113925096
national_anchored,national_draw,1002,"",64.59459670947435,62.969101950749284,1.6254947587250612
national_anchored,national_draw,1003,"",62.67951951576806,62.969101950749284,-0.28958243498122727
national_anchored,national_draw,1004,"",59.39483609614329,62.969101950749284,-3.574265854605997
national_anchored,national_draw,1005,"",57.96803310362988,62.969101950749284,-5.001068847119406
national_anchored,national_draw,1006,"",59.884980000752044,62.969101950749284,-3.0841219499972397
national_anchored,national_draw,1007,"",60.598858155966,62.969101950749284,-2.370243794783285
national_anchored,national_draw,1008,"",57.08119353279283,62.969101950749284,-5.887908417956453
national_anchored,national_draw,1009,"",57.86534022058207,62.969101950749284,-5.103761730167214
national_anchored,national_draw,1010,"",51.61895887573487,62.969101950749284,-11.350143075014415
national_anchored,national_draw,1011,"",66.3176899865079,62.969101950749284,3.348588035758617
national_anchored,national_draw,1012,"",59.70851000587941,62.969101950749284,-3.260591944869873
national_anchored,national_draw,1013,"",56.74897493510225,62.969101950749284,-6.220127015647037
national_anchored,national_draw,1014,"",65.99731515206032,62.969101950749284,3.02821320131104
national_anchored,national_draw,1015,"",55.05100493211603,62.969101950749284,-7.918097018633254
national_anchored,national_draw,1016,"",59.43412525891064,62.969101950749284,-3.5349766918386436
national_anchored,national_draw,1017,"",59.156301180967,62.969101950749284,-3.812800769782285
national_anchored,national_draw,1018,"",58.01520502832959,62.969101950749284,-4.953896922419695
national_anchored,national_draw,1019,"",50.86977102527079,62.969101950749284,-12.09933092547849
national_anchored,national_draw,1020,"",58.00247950372255,62.969101950749284,-4.966622447026737
national_anchored,national_draw,1021,"",57.177049302855686,62.969101950749284,-5.792052647893598
national_anchored,national_draw,1022,"",64.4510704271342,62.969101950749284,1.481968476384914
national_anchored,national_draw,1023,"",61.98669283605132,62.969101950749284,-0.9824091146979654
national_anchored,national_draw,1024,"",61.6702374539496,62.969101950749284,-1.2988644967996805
national_anchored,national_draw,1025,"",69.23304696632657,62.969101950749284,6.263945015577285
national_anchored,national_draw,1026,"",59.51227655341826,62.969101950749284,-3.4568253973310235
national_anchored,national_draw,1027,"",62.75884341439328,62.969101950749284,-0.210258536356001
national_anchored,national_draw,1028,"",58.086627698815896,62.969101950749284,-4.882474251933388
national_anchored,national_draw,1029,"",53.78687075333512,62.969101950749284,-9.182231197414161
national_anchored,national_draw,1030,"",61.00868791162184,62.969101950749284,-1.9604140391274427
national_anchored,national_draw,1031,"",57.05661732011531,62.969101950749284,-5.912484630633976
national_anchored,national_draw,1032,"",59.93738940329201,62.969101950749284,-3.031712547457275
national_anchored,national_draw,1033,"",53.504503988573674,62.969101950749284,-9.46459796217561
national_anchored,national_draw,1034,"",51.352041401050485,62.969101950749284,-11.617060549698799
national_anchored,national_draw,1035,"",60.99596007873899,62.969101950749284,-1.9731418720102951
national_anchored,national_draw,1036,"",62.36878865770507,62.969101950749284,-0.6003132930442163
national_anchored,national_draw,1037,"",52.711731274037376,62.969101950749284,-10.257370676711908
national_anchored,national_draw,1038,"",51.39919716781943,62.969101950749284,-11.569904782929854
national_anchored,national_draw,1039,"",57.21192042569962,62.969101950749284,-5.757181525049667
national_anchored,national_draw,1040,"",56.66601781033308,62.969101950749284,-6.303084140416203
national_anchored,national_draw,1041,"",57.617087464194896,62.969101950749284,-5.352014486554388
national_anchored,national_draw,1042,"",53.943182575453676,62.969101950749284,-9.025919375295608
national_anchored,national_draw,1043,"",65.16535253061703,62.969101950749284,2.196250579867744
national_anchored,national_draw,1044,"",54.81397732105155,62.969101950749284,-8.155124629697731
national_anchored,national_draw,1045,"",57.1756274049493,62.969101950749284,-5.793474545799981
national_anchored,national_draw,1046,"",58.17971815444392,62.969101950749284,-4.789383796305366
national_anchored,national_draw,1047,"",64.98058428416408,62.969101950749284,2.011482333414797
national_anchored,national_draw,1048,"",57.606167011280704,62.969101950749284,-5.36293493946858
national_anchored,national_draw,1049,"",59.39370273271466,62.969101950749284,-3.575399218034626
national_anchored,national_draw,1050,"",63.115167336493684,62.969101950749284,0.1460653857444001
national_anchored,national_draw,1051,"",64.58974471369635,62.969101950749284,1.6206427629470639
national_anchored,national_draw,1052,"",62.09248804180398,62.969101950749284,-0.876613908945302
national_anchored,national_draw,1053,"",67.35221304444062,62.969101950749284,4.383111093691333
national_anchored,national_draw,1054,"",57.72747383055764,62.969101950749284,-5.241628120191642
national_anchored,national_draw,1055,"",59.08466384082924,62.969101950749284,-3.8844381099200405
national_anchored,national_draw,1056,"",57.29904629660343,62.969101950749284,-5.670055654145855
national_anchored,national_draw,1057,"",64.1113683992285,62.969101950749284,1.1422664484792122
national_anchored,national_draw,1058,"",63.349205730368595,62.969101950749284,0.3801037796193114
national_anchored,national_draw,1059,"",66.28883423045627,62.969101950749284,3.31973227970699
national_anchored,national_draw,1060,"",61.55751742073075,62.969101950749284,-1.411584530018537
national_anchored,national_draw,1061,"",55.526237374914245,62.969101950749284,-7.4428645758350385
national_anchored,national_draw,1062,"",61.016356003902736,62.969101950749284,-1.952745946846548
national_anchored,national_draw,1063,"",53.15321210776537,62.969101950749284,-9.815889842983914
national_anchored,national_draw,1064,"",64.09131640716222,62.969101950749284,1.1222144564129408
national_anchored,national_draw,1065,"",51.99425682509264,62.969101950749284,-10.974845125656643
national_anchored,national_draw,1066,"",66.97781301437763,62.969101950749284,4.008711063628347
national_anchored,national_draw,1067,"",61.92670767226333,62.969101950749284,-1.0423942784859506
national_anchored,national_draw,1068,"",56.29149544165153,62.969101950749284,-6.677606509097757
national_anchored,national_draw,1069,"",61.92282284405481,62.969101950749284,-1.0462791066944774
national_anchored,national_draw,1070,"",63.117893410239546,62.969101950749284,0.14879145949026196
national_anchored,national_draw,1071,"",62.53413507139116,62.969101950749284,-0.4349668793581216
national_anchored,national_draw,1072,"",61.69179675012769,62.969101950749284,-1.2773052006215906
national_anchored,national_draw,1073,"",60.57231298401226,62.969101950749284,-2.3967889667370272
national_anchored,national_draw,1074,"",63.33039789897042,62.969101950749284,0.36129594822113376
national_anchored,national_draw,1075,"",61.567468397799665,62.969101950749284,-1.4016335529496189
national_anchored,national_draw,1076,"",55.66461620217117,62.969101950749284,-7.3044857485781165
national_anchored,national_draw,1077,"",54.84762044115814,62.969101950749284,-8.121481509591142
national_anchored,national_draw,1078,"",51.15439759206206,62.969101950749284,-11.814704358687223
national_anchored,national_draw,1079,"",60.35499804846821,62.969101950749284,-2.614103902281073
national_anchored,national_draw,1080,"",66.40613849945775,62.969101950749284,3.4370365487084698
national_anchored,national_draw,1081,"",56.39952505839996,62.969101950749284,-6.569576892349325
national_anchored,national_draw,1082,"",63.23119974551721,62.969101950749284,0.26209779476792505
national_anchored,national_draw,1083,"",67.98763521273843,62.969101950749284,5.018533261989141
national_anchored,national_draw,1084,"",70.07382489313433,62.969101950749284,7.104722942385045
national_anchored,national_draw,1085,"",50.596658138279984,62.969101950749284,-12.3724438124693
national_anchored,national_draw,1086,"",63.17214712516134,62.969101950749284,0.20304517441205405
national_anchored,national_draw,1087,"",61.907731336730144,62.969101950749284,-1.0613706140191397
national_anchored,national_draw,1088,"",58.682084379530494,62.969101950749284,-4.28701757121879
national_anchored,national_draw,1089,"",68.23085823610934,62.969101950749284,5.2617562853600575
national_anchored,national_draw,1090,"",56.87634559496375,62.969101950749284,-6.092756355785532
national_anchored,national_draw,1091,"",58.007479229153134,62.969101950749284,-4.96162272159615
national_anchored,national_draw,1092,"",64.98018495244686,62.969101950749284,2.0110830016975783
national_anchored,national_draw,1093,"",52.79915952907388,62.969101950749284,-10.169942421675401
national_anchored,national_draw,1094,"",59.504453806657295,62.969101950749284,-3.4646481440919885
national_anchored,national_draw,1095,"",61.89724253139469,62.969101950749284,-1.0718594193545954
national_anchored,national_draw,1096,"",49.90586735783831,62.969101950749284,-13.063234592910973
national_anchored,national_draw,1097,"",61.849726673597495,62.969101950749284,-1.1193752771517893
national_anchored,national_draw,1098,"",64.5645360334436,62.969101950749284,1.595434082694318
national_anchored,national_draw,1099,"",63.606165303156594,62.969101950749284,0.6370633524073099
national_anchored,national_draw,1100,"",59.24985560003526,62.969101950749284,-3.719246350714023
national_anchored,national_draw,1101,"",65.41433470216398,62.969101950749284,2.4452327514147
national_anchored,national_draw,1102,"",63.25457796304307,62.969101950749284,0.2854760122937847
national_anchored,national_draw,1103,"",57.541602228261745,62.969101950749284,-5.427499722487539
national_anchored,national_draw,1104,"",62.29828237272012,62.969101950749284,-0.6708195780291675
national_anchored,national_draw,1105,"",58.44874539322967,62.969101950749284,-4.520356557519612
national_anchored,national_draw,1106,"",57.210456978828425,62.969101950749284,-5.758644971920859
national_anchored,national_draw,1107,"",56.22554569313933,62.969101950749284,-6.743556257609953
national_anchored,national_draw,1108,"",65.79334435904363,62.969101950749284,2.824242408294346
national_anchored,national_draw,1109,"",61.72866683983352,62.969101950749284,-1.2404351109157616
national_anchored,national_draw,1110,"",63.57386329130264,62.969101950749284,0.6047613405533525
national_anchored,national_draw,1111,"",63.29498202303249,62.969101950749284,0.3258800722832049
national_anchored,national_draw,1112,"",63.96077879287285,62.969101950749284,0.9916768421235673
national_anchored,national_draw,1113,"",58.202396964395696,62.969101950749284,-4.766704986353588
national_anchored,national_draw,1114,"",59.6397857098291,62.969101950749284,-3.3293162409201855
national_anchored,national_draw,1115,"",59.92005425186831,62.969101950749284,-3.049047698880976
national_anchored,national_draw,1116,"",61.449896368802825,62.969101950749284,-1.5192055819464585
national_anchored,national_draw,1117,"",58.081397145803095,62.969101950749284,-4.887704804946189
national_anchored,national_draw,1118,"",57.17801185387349,62.969101950749284,-5.7910900968757915
national_anchored,national_draw,1119,"",60.40264547798725,62.969101950749284,-2.5664564727620345
national_anchored,national_draw,1120,"",52.538693685312154,62.969101950749284,-10.43040826543713
national_anchored,national_draw,1121,"",61.02019697487066,62.969101950749284,-1.9489049758786265
national_anchored,national_draw,1122,"",58.60477098914628,62.969101950749284,-4.364330961603002
national_anchored,national_draw,1123,"",51.65743552541285,62.969101950749284,-11.311666425336433
national_anchored,national_draw,1124,"",72.85621133594718,62.969101950749284,9.887109385197896
national_anchored,national_draw,1125,"",64.56451295068537,62.969101950749284,1.5954109999360853
national_anchored,national_draw,1126,"",56.88404369483033,62.969101950749284,-6.085058255918952
national_anchored,national_draw,1127,"",55.75406881510362,62.969101950749284,-7.215033135645662
national_anchored,national_draw,1128,"",60.64593082480535,62.969101950749284,-2.3231711259439365
national_anchored,national_draw,1129,"",61.025381362367014,62.969101950749284,-1.94372058838227
national_anchored,national_draw,1130,"",63.10637742216326,62.969101950749284,0.13727547141397878
national_anchored,national_draw,1131,"",63.172701111358634,62.969101950749284,0.20359916060935035
national_anchored,national_draw,1132,"",60.346113494829076,62.969101950749284,-2.6229884559202077
national_anchored,national_draw,1133,"",62.07192361250521,62.969101950749284,-0.8971783382440748
national_anchored,national_draw,1134,"",63.138947194012594,62.969101950749284,0.1698452432633104
national_anchored,national_draw,1135,"",61.927390921906664,62.969101950749284,-1.0417110288426201
national_anchored,national_draw,1136,"",52.450390593739094,62.969101950749284,-10.51871135701019
national_anchored,national_draw,1137,"",61.41457051562196,62.969101950749284,-1.5545314351273234
national_anchored,national_draw,1138,"",64.191077779916,62.969101950749284,1.2219758291667162
national_anchored,national_draw,1139,"",62.65844957406424,62.969101950749284,-0.31065237668504153
national_anchored,national_draw,1140,"",57.31549276183563,62.969101950749284,-5.653609188913656
national_anchored,national_draw,1141,"",67.51675386986481,62.969101950749284,4.5476519191155305
national_anchored,national_draw,1142,"",57.988322848105824,62.969101950749284,-4.98077910264346
national_anchored,national_draw,1143,"",64.14010412493737,62.969101950749284,1.1710021741880823
national_anchored,national_draw,1144,"",58.019246819294025,62.969101950749284,-4.949855131455259
national_anchored,national_draw,1145,"",60.629239682336,62.969101950749284,-2.3398622684132846
national_anchored,national_draw,1146,"",61.74676833883015,62.969101950749284,-1.222333611919133
national_anchored,national_draw,1147,"",56.54726625239117,62.969101950749284,-6.421835698358116
national_anchored,national_draw,1148,"",59.678176953301666,62.969101950749284,-3.2909249974476182
national_anchored,national_draw,1149,"",63.03533100063595,62.969101950749284,0.06622904988666534
national_anchored,national_draw,1150,"",58.05856368137123,62.969101950749284,-4.910538269378051
national_anchored,national_draw,1151,"",60.547150469275934,62.969101950749284,-2.42195148147335
national_anchored,national_draw,1152,"",56.99050368401976,62.969101950749284,-5.978598266729527
national_anchored,national_draw,1153,"",56.64765316789274,62.969101950749284,-6.321448782856542
national_anchored,national_draw,1154,"",63.7367583160657,62.969101950749284,0.7676563653164195
national_anchored,national_draw,1155,"",58.72346945674428,62.969101950749284,-4.245632494005001
national_anchored,national_draw,1156,"",61.60314510890549,62.969101950749284,-1.365956841843797
national_anchored,national_draw,1157,"",60.92399034688284,62.969101950749284,-2.045111603866445
national_anchored,national_draw,1158,"",62.045175312279135,62.969101950749284,-0.9239266384701494
national_anchored,national_draw,1159,"",55.30803836973034,62.969101950749284,-7.661063581018944
national_anchored,national_draw,1160,"",53.26833043956335,62.969101950749284,-9.700771511185934
national_anchored,national_draw,1161,"",59.93537889505098,62.969101950749284,-3.033723055698303
national_anchored,national_draw,1162,"",65.98976247357054,62.969101950749284,3.0206605228212524
national_anchored,national_draw,1163,"",67.05748546265198,62.969101950749284,4.088383511902698
national_anchored,national_draw,1164,"",67.47193407822779,62.969101950749284,4.502832127478506
national_anchored,national_draw,1165,"",66.44592394152686,62.969101950749284,3.476821990777573
national_anchored,national_draw,1166,"",63.64606385074097,62.969101950749284,0.6769618999916887
national_anchored,national_draw,1167,"",61.09429724531056,62.969101950749284,-1.8748047054387271
national_anchored,national_draw,1168,"",60.07035763202201,62.969101950749284,-2.8987443187272746
national_anchored,national_draw,1169,"",67.68174480907432,62.969101950749284,4.712642858325033
national_anchored,national_draw,1170,"",54.21189819700345,62.969101950749284,-8.757203753745834
national_anchored,national_draw,1171,"",56.87521223153511,62.969101950749284,-6.093889719214175
national_anchored,national_draw,1172,"",57.90348217026585,62.969101950749284,-5.065619780483431
national_anchored,national_draw,1173,"",59.91378959128721,62.969101950749284,-3.0553123594620715
national_anchored,national_draw,1174,"",59.12103995950915,62.969101950749284,-3.8480619912401366
national_anchored,national_draw,1175,"",50.49333047938111,62.969101950749284,-12.475771471368176
national_anchored,national_draw,1176,"",61.55953716207505,62.969101950749284,-1.4095647886742313
national_anchored,national_draw,1177,"",55.61264075548576,62.969101950749284,-7.3564611952635275
national_anchored,national_draw,1178,"",64.91444525703449,62.969101950749284,1.9453433062852028
national_anchored,national_draw,1179,"",68.67550371598938,62.969101950749284,5.706401765240095
national_anchored,national_draw,1180,"",54.92599794669633,62.969101950749284,-8.043104004052957
national_anchored,national_draw,1181,"",52.93054658886577,62.969101950749284,-10.038555361883517
national_anchored,national_draw,1182,"",59.4835731435709,62.969101950749284,-3.485528807178383
national_anchored,national_draw,1183,"",60.831834742962755,62.969101950749284,-2.137267207786529
national_anchored,national_draw,1184,"",60.98328071964838,62.969101950749284,-1.985821231100907
national_anchored,national_draw,1185,"",74.22429871637473,62.969101950749284,11.255196765625449
national_anchored,national_draw,1186,"",57.07675010183536,62.969101950749284,-5.8923518489139255
national_anchored,national_draw,1187,"",54.50853933944856,62.969101950749284,-8.460562611300723
national_anchored,national_draw,1188,"",62.31937539718213,62.969101950749284,-0.6497265535671559
national_anchored,national_draw,1189,"",51.50056971709702,62.969101950749284,-11.468532233652262
national_anchored,national_draw,1190,"",59.577732330904546,62.969101950749284,-3.3913696198447383
national_anchored,national_draw,1191,"",63.45477934164234,62.969101950749284,0.48567739089305917
national_anchored,national_draw,1192,"",59.86758714243279,62.969101950749284,-3.1015148083164945
national_anchored,national_draw,1193,"",58.18793792464629,62.969101950749284,-4.781164026102992
national_anchored,national_draw,1194,"",53.09106870608375,62.969101950749284,-9.87803324466553
national_anchored,national_draw,1195,"",63.45313354098121,62.969101950749284,0.484031590231929
national_anchored,national_draw,1196,"",62.73237441554168,62.969101950749284,-0.23672753520760637
national_anchored,national_draw,1197,"",58.63331974451357,62.969101950749284,-4.335782206235713
national_anchored,national_draw,1198,"",58.48814073668485,62.969101950749284,-4.480961214064436
national_anchored,national_draw,1199,"",63.51771217365509,62.969101950749284,0.5486102229058076
national_anchored,national_draw,1200,"",56.440056073559575,62.969101950749284,-6.529045877189709
national_anchored,national_draw,1201,"",58.28863876565966,62.969101950749284,-4.6804631850896214
national_anchored,national_draw,1202,"",63.38699682212743,62.969101950749284,0.4178948713781452
national_anchored,national_draw,1203,"",56.56907945890968,62.969101950749284,-6.400022491839607
national_anchored,national_draw,1204,"",68.68903482885831,62.969101950749284,5.719932878109027
national_anchored,national_draw,1205,"",55.735724947145684,62.969101950749284,-7.2333770036036
national_anchored,national_draw,1206,"",60.04869677170775,62.969101950749284,-2.9204051790415306
national_anchored,national_draw,1207,"",60.14953380099464,62.969101950749284,-2.8195681497546445
national_anchored,national_draw,1208,"",61.25242798877688,62.969101950749284,-1.716673961972404
national_anchored,national_draw,1209,"",57.38853353367321,62.969101950749284,-5.580568417076073
national_anchored,national_draw,1210,"",56.36987987201718,62.969101950749284,-6.5992220787321045
national_anchored,national_draw,1211,"",63.36089022257988,62.969101950749284,0.39178827183059894
national_anchored,national_draw,1212,"",57.67741425280454,62.969101950749284,-5.291687697944745
national_anchored,national_draw,1213,"",55.0268672918447,62.969101950749284,-7.942234658904582
national_anchored,national_draw,1214,"",56.72030614939221,62.969101950749284,-6.248795801357076
national_anchored,national_draw,1215,"",52.273915982314826,62.969101950749284,-10.695185968434458
national_anchored,national_draw,1216,"",52.539693168743106,62.969101950749284,-10.429408782006178
national_anchored,national_draw,1217,"",58.197706547925264,62.969101950749284,-4.7713954028240195
national_anchored,national_draw,1218,"",59.54579964318211,62.969101950749284,-3.4233023075671767
national_anchored,national_draw,1219,"",65.95617013553203,62.969101950749284,2.98706818478275
national_anchored,national_draw,1220,"",60.24583737656697,62.969101950749284,-2.7232645741823163
national_anchored,national_draw,1221,"",64.39216322815513,62.969101950749284,1.4230612774058429
national_anchored,national_draw,1222,"",63.930348792710575,62.969101950749284,0.961246841961291
national_anchored,national_draw,1223,"",53.15138164503846,62.969101950749284,-9.817720305710822
national_anchored,national_draw,1224,"",73.44225948441104,62.969101950749284,10.473157533661755
national_anchored,national_draw,1225,"",58.09748813655871,62.969101950749284,-4.8716138141905745
national_anchored,national_draw,1226,"",67.45488053645438,62.969101950749284,4.4857785857050985
national_anchored,national_draw,1227,"",62.35274152419007,62.969101950749284,-0.6163604265592113
national_anchored,national_draw,1228,"",56.96160868727915,62.969101950749284,-6.007493263470131
national_anchored,national_draw,1229,"",57.186277789592296,62.969101950749284,-5.782824161156988
national_anchored,national_draw,1230,"",57.05932261937877,62.969101950749284,-5.909779331370515
national_anchored,national_draw,1231,"",59.44458867321206,62.969101950749284,-3.524513277537224
national_anchored,national_draw,1232,"",64.4563956194557,62.969101950749284,1.487293668706421
national_anchored,national_draw,1233,"",65.46607239643973,62.969101950749284,2.496970445690444
national_anchored,national_draw,1234,"",60.06483392797981,62.969101950749284,-2.9042680227694717
national_anchored,national_draw,1235,"",61.035304640126064,62.969101950749284,-1.9337973106232198
national_anchored,national_draw,1236,"",62.19659128137908,62.969101950749284,-0.772510669370206
national_anchored,national_draw,1237,"",61.31256319049329,62.969101950749284,-1.656538760255991
national_anchored,national_draw,1238,"",60.30805464307488,62.969101950749284,-2.6610473076744015
national_anchored,national_draw,1239,"",59.17763195783869,62.969101950749284,-3.791469992910592
national_anchored,national_draw,1240,"",49.881995169286526,62.969101950749284,-13.087106781462758
national_anchored,national_draw,1241,"",62.50090744093255,62.969101950749284,-0.4681945098167333
national_anchored,national_draw,1242,"",60.28609832345542,62.969101950749284,-2.683003627293864
national_anchored,national_draw,1243,"",59.9751666453959,62.969101950749284,-2.993935305353382
national_anchored,national_draw,1244,"",68.00369850418417,62.969101950749284,5.034596553434888
national_anchored,national_draw,1245,"",60.23570866225975,62.969101950749284,-2.7333932884895304
national_anchored,national_draw,1246,"",62.382174349197214,62.969101950749284,-0.5869276015520697
national_anchored,national_draw,1247,"",69.91324506902079,62.969101950749284,6.944143118271505
national_anchored,national_draw,1248,"",58.22668464259546,62.969101950749284,-4.742417308153826
national_anchored,national_draw,1249,"",57.28155649069965,62.969101950749284,-5.687545460049634
national_anchored,national_draw,1250,"",60.32190198973145,62.969101950749284,-2.647199961017833
national_anchored,national_draw,1251,"",66.2519295166131,62.969101950749284,3.282827565863819
national_anchored,national_draw,1252,"",68.72694825923573,62.969101950749284,5.757846308486442
national_anchored,national_draw,1253,"",63.81035307410057,62.969101950749284,0.8412511233512845
national_anchored,national_draw,1254,"",54.711766867650546,62.969101950749284,-8.257335083098738
national_anchored,national_draw,1255,"",56.46246019868853,62.969101950749284,-6.506641752060752
national_anchored,national_draw,1256,"",62.100347720978114,62.969101950749284,-0.8687542297711701
national_anchored,national_draw,1257,"",55.437294890938475,62.969101950749284,-7.531807059810809
national_anchored,national_draw,1258,"",58.43563438656035,62.969101950749284,-4.533467564188932
national_anchored,national_draw,1259,"",61.17745288180042,62.969101950749284,-1.791649068948864
national_anchored,national_draw,1260,"",56.20560911486416,62.969101950749284,-6.763492835885124
national_anchored,national_draw,1261,"",69.11780167935837,62.969101950749284,6.148699728609081
national_anchored,national_draw,1262,"",62.57704361064751,62.969101950749284,-0.39205834010177654
national_anchored,national_draw,1263,"",58.585838510853705,62.969101950749284,-4.383263439895579
national_anchored,national_draw,1264,"",55.55908644813804,62.969101950749284,-7.410015502611245
national_anchored,national_draw,1265,"",52.804145404849535,62.969101950749284,-10.164956545899749
national_anchored,national_draw,1266,"",63.09797529817095,62.969101950749284,0.128873347421667
national_anchored,national_draw,1267,"",59.63869158708943,62.969101950749284,-3.330410363659851
national_anchored,national_draw,1268,"",55.80016277499442,62.969101950749284,-7.168939175754865
national_anchored,national_draw,1269,"",55.19517983996216,62.969101950749284,-7.773922110787126
national_anchored,national_draw,1270,"",63.18637764560437,62.969101950749284,0.2172756948550827
national_anchored,national_draw,1271,"",59.407797064884186,62.969101950749284,-3.5613048858650984
national_anchored,national_draw,1272,"",64.80315404654947,62.969101950749284,1.8340520958001818
national_anchored,national_draw,1273,"",45.10785522651007,62.969101950749284,-17.861246724239216
national_anchored,national_draw,1274,"",60.88892994542151,62.969101950749284,-2.080172005327775
national_anchored,national_draw,1275,"",70.65839343679625,62.969101950749284,7.689291486046962
national_anchored,national_draw,1276,"",70.80969630038092,62.969101950749284,7.840594349631637
national_anchored,national_draw,1277,"",53.67906734761727,62.969101950749284,-9.290034603132014
national_anchored,national_draw,1278,"",61.66701279262619,62.969101950749284,-1.3020891581230956
national_anchored,national_draw,1279,"",67.06966161761339,62.969101950749284,4.1005596668641076
national_anchored,national_draw,1280,"",58.12054088719366,62.969101950749284,-4.848561063555621
national_anchored,national_draw,1281,"",56.66605705102206,62.969101950749284,-6.303044899727226
national_anchored,national_draw,1282,"",64.89243815534692,62.969101950749284,1.9233362045976392
national_anchored,national_draw,1283,"",53.38373961411491,62.969101950749284,-9.585362336634375
national_anchored,national_draw,1284,"",63.0579959609328,62.969101950749284,0.08889401018351606
national_anchored,national_draw,1285,"",65.92131517061887,62.969101950749284,2.9522132198695843
national_anchored,national_draw,1286,"",63.64637315970113,62.969101950749284,0.6772712089518436
national_anchored,national_draw,1287,"",72.20139041764074,62.969101950749284,9.232288466891454
national_anchored,national_draw,1288,"",53.888700341225494,62.969101950749284,-9.08040160952379
national_anchored,national_draw,1289,"",63.81084935340231,62.969101950749284,0.8417474026530272
national_anchored,national_draw,1290,"",67.53962657498565,62.969101950749284,4.570524624236363
national_anchored,national_draw,1291,"",49.40014028315481,62.969101950749284,-13.568961667594472
national_anchored,national_draw,1292,"",65.93358827316477,62.969101950749284,2.964486322415489
national_anchored,national_draw,1293,"",50.645051140889564,62.969101950749284,-12.32405080985972
national_anchored,national_draw,1294,"",61.69156130599384,62.969101950749284,-1.2775406447554474
national_anchored,national_draw,1295,"",61.133484843941744,62.969101950749284,-1.8356171068075398
national_anchored,national_draw,1296,"",67.45616624608726,62.969101950749284,4.48706429533798
national_anchored,national_draw,1297,"",56.69108799403653,62.969101950749284,-6.278013956712755
national_anchored,national_draw,1298,"",65.72711992570859,62.969101950749284,2.7580179749593086
national_anchored,national_draw,1299,"",64.66038949523063,62.969101950749284,1.691287544481348
national_anchored,national_draw,1300,"",61.32805864608682,62.969101950749284,-1.6410433046624675
national_anchored,national_draw,1301,"",54.43146139319819,62.969101950749284,-8.537640557551093
national_anchored,national_draw,1302,"",52.640617912511225,62.969101950749284,-10.32848403823806
national_anchored,national_draw,1303,"",66.61158889727639,62.969101950749284,3.6424869465271072
national_anchored,national_draw,1304,"",61.11833793799736,62.969101950749284,-1.8507640127519238
national_anchored,national_draw,1305,"",51.831511838258,62.969101950749284,-11.137590112491282
national_anchored,national_draw,1306,"",65.37992292620865,62.969101950749284,2.410820975459366
national_anchored,national_draw,1307,"",64.50308973106024,62.969101950749284,1.5339877803109587
national_anchored,national_draw,1308,"",69.14957740432492,62.969101950749284,6.180475453575632
national_anchored,national_draw,1309,"",64.8938808277357,62.969101950749284,1.9247788769864158
national_anchored,national_draw,1310,"",54.42828058911539,62.969101950749284,-8.540821361633895
national_anchored,national_draw,1311,"",69.24896483639552,62.969101950749284,6.2798628856462315
national_anchored,national_draw,1312,"",62.18097579544282,62.969101950749284,-0.7881261553064647
national_anchored,national_draw,1313,"",61.159148254531445,62.969101950749284,-1.809953696217839
national_anchored,national_draw,1314,"",59.855699521949155,62.969101950749284,-3.1134024288001285
national_anchored,national_draw,1315,"",65.0317125936228,62.969101950749284,2.0626106428735156
national_anchored,national_draw,1316,"",59.63166981203871,62.969101950749284,-3.337432138710575
national_anchored,national_draw,1317,"",66.16733120773446,62.969101950749284,3.1982292569851793
national_anchored,national_draw,1318,"",60.19076653200416,62.969101950749284,-2.7783354187451224
national_anchored,national_draw,1319,"",60.61853851562492,62.969101950749284,-2.3505634351243643
national_anchored,national_draw,1320,"",54.967466121839706,62.969101950749284,-8.001635828909578
national_anchored,national_draw,1321,"",60.94195796588179,62.969101950749284,-2.027143984867493
national_anchored,national_draw,1322,"",61.16203359930903,62.969101950749284,-1.8070683514402575
national_anchored,national_draw,1323,"",60.290006234422165,62.969101950749284,-2.6790957163271187
national_anchored,national_draw,1324,"",57.7080519977908,62.969101950749284,-5.261049952958487
national_anchored,national_draw,1325,"",58.36630301396883,62.969101950749284,-4.602798936780452
national_anchored,national_draw,1326,"",59.01154689588953,62.969101950749284,-3.9575550548597533
national_anchored,national_draw,1327,"",65.70995097014409,62.969101950749284,2.7408490193948083
national_anchored,national_draw,1328,"",52.531152548201476,62.969101950749284,-10.437949402547808
national_anchored,national_draw,1329,"",53.326221997180724,62.969101950749284,-9.64287995356856
national_anchored,national_draw,1330,"",52.04870212690766,62.969101950749284,-10.92039982384162
national_anchored,national_draw,1331,"",53.48695416749851,62.969101950749284,-9.482147783250774
national_anchored,national_draw,1332,"",52.32437950833679,62.969101950749284,-10.644722442412494
national_anchored,national_draw,1333,"",57.96611492642174,62.969101950749284,-5.002987024327545
national_anchored,national_draw,1334,"",61.50990923190067,62.969101950749284,-1.4591927188486125
national_anchored,national_draw,1335,"",53.662537784455466,62.969101950749284,-9.306564166293818
national_anchored,national_draw,1336,"",67.30189955634708,62.969101950749284,4.332797605597797
national_anchored,national_draw,1337,"",62.122871876449814,62.969101950749284,-0.84623007429947
national_anchored,national_draw,1338,"",55.06692511046081,62.969101950749284,-7.902176840288476
national_anchored,national_draw,1339,"",64.10623479380023,62.969101950749284,1.1371328430509422
national_anchored,national_draw,1340,"",57.52657535266012,62.969101950749284,-5.442526598089167
national_anchored,national_draw,1341,"",52.63059768716764,62.969101950749284,-10.33850426358164
national_anchored,national_draw,1342,"",59.70415428940318,62.969101950749284,-3.264947661346106
national_anchored,national_draw,1343,"",59.425270712857206,62.969101950749284,-3.5438312378920784
national_anchored,national_draw,1344,"",65.55908206241398,62.969101950749284,2.589980111664694
national_anchored,national_draw,1345,"",62.348344258749044,62.969101950749284,-0.6207576920002396
national_anchored,national_draw,1346,"",61.640107529644204,62.969101950749284,-1.3289944211050795
national_anchored,national_draw,1347,"",54.35076637873465,62.969101950749284,-8.618335572014637
national_anchored,national_draw,1348,"",55.11753174958375,62.969101950749284,-7.851570201165536
national_anchored,national_draw,1349,"",59.210397933132896,62.969101950749284,-3.758704017616388
national_anchored,national_draw,1350,"",66.84912432902172,62.969101950749284,3.880022378272436
national_anchored,national_draw,1351,"",59.427502815577135,62.969101950749284,-3.5415991351721487
national_anchored,national_draw,1352,"",60.04499198901334,62.969101950749284,-2.924109961735944
national_anchored,national_draw,1353,"",54.355223659347054,62.969101950749284,-8.61387829140223
national_anchored,national_draw,1354,"",54.67864080132811,62.969101950749284,-8.290461149421176
national_anchored,national_draw,1355,"",65.74147970959766,62.969101950749284,2.7723777588483713
national_anchored,national_draw,1356,"",55.26917162143843,62.969101950749284,-7.6999303293108525
national_anchored,national_draw,1357,"",66.21727075514482,62.969101950749284,3.24816880439554
national_anchored,national_draw,1358,"",57.45508343389915,62.969101950749284,-5.514018516850136
national_anchored,national_draw,1359,"",55.775055658877825,62.969101950749284,-7.194046291871459
national_anchored,national_draw,1360,"",49.465780722706846,62.969101950749284,-13.503321228042438
national_anchored,national_draw,1361,"",68.76304045998951,62.969101950749284,5.793938509240228
national_anchored,national_draw,1362,"",70.07302161314826,62.969101950749284,7.103919662398972
national_anchored,national_draw,1363,"",61.22407774513029,62.969101950749284,-1.7450242056189964
national_anchored,national_draw,1364,"",55.92381249423075,62.969101950749284,-7.045289456518532
national_anchored,national_draw,1365,"",63.87392760679186,62.969101950749284,0.9048256560425756
national_anchored,national_draw,1366,"",66.94073979639946,62.969101950749284,3.9716378456501715
national_anchored,national_draw,1367,"",51.19804016302982,62.969101950749284,-11.77106178771946
national_anchored,national_draw,1368,"",64.08664214862254,62.969101950749284,1.1175401978732609
national_anchored,national_draw,1369,"",60.567430980648595,62.969101950749284,-2.401670970100689
national_anchored,national_draw,1370,"",63.66287040700143,62.969101950749284,0.693768456252144
national_anchored,national_draw,1371,"",63.387163017986616,62.969101950749284,0.41806106723733194
national_anchored,national_draw,1372,"",63.571552707204745,62.969101950749284,0.6024507564554611
national_anchored,national_draw,1373,"",57.005627507205915,62.969101950749284,-5.963474443543369
national_anchored,national_draw,1374,"",56.9968999163227,62.969101950749284,-5.972202034426587
national_anchored,national_draw,1375,"",55.90757608209835,62.969101950749284,-7.061525868650932
national_anchored,national_draw,1376,"",51.94312620735809,62.969101950749284,-11.025975743391193
national_anchored,national_draw,1377,"",68.88348398410899,62.969101950749284,5.914382033359708
national_anchored,national_draw,1378,"",60.841483335898985,62.969101950749284,-2.1276186148502987
national_anchored,national_draw,1379,"",63.838694084643876,62.969101950749284,0.8695921338945922
national_anchored,national_draw,1380,"",59.903563929395474,62.969101950749284,-3.0655380213538095
national_anchored,national_draw,1381,"",56.88129453832625,62.969101950749284,-6.087807412423032
national_anchored,national_draw,1382,"",58.5350679841474,62.969101950749284,-4.434033966601881
national_anchored,national_draw,1383,"",62.722776604673534,62.969101950749284,-0.24632534607574996
national_anchored,national_draw,1384,"",59.91891627188802,62.969101950749284,-3.0501856788612614
national_anchored,national_draw,1385,"",62.96095835364904,62.969101950749284,-0.008143597100243483
national_anchored,national_draw,1386,"",65.05753758352006,62.969101950749284,2.088435632770775
national_anchored,national_draw,1387,"",60.37684357084822,62.969101950749284,-2.592258379901061
national_anchored,national_draw,1388,"",63.08126568949503,62.969101950749284,0.11216373874574259
national_anchored,national_draw,1389,"",55.77825031261556,62.969101950749284,-7.190851638133722
national_anchored,national_draw,1390,"",56.52676876309124,62.969101950749284,-6.442333187658043
national_anchored,national_draw,1391,"",68.90448467753814,62.969101950749284,5.935382726788852
national_anchored,national_draw,1392,"",66.05661706620496,62.969101950749284,3.0875151154556804
national_anchored,national_draw,1393,"",65.11728961145002,62.969101950749284,2.148187660700735
national_anchored,national_draw,1394,"",61.6646075692196,62.969101950749284,-1.304494381529686
national_anchored,national_draw,1395,"",66.01826044686973,62.969101950749284,3.049158496120448
national_anchored,national_draw,1396,"",58.217915502747445,62.969101950749284,-4.751186448001839
national_anchored,national_draw,1397,"",55.0539202844793,62.969101950749284,-7.915181666269987
national_anchored,national_draw,1398,"",64.44846900028274,62.969101950749284,1.479367049533458
national_anchored,national_draw,1399,"",60.65248863641584,62.969101950749284,-2.316613314333445
national_anchored,national_draw,1400,"",62.09697533000208,62.969101950749284,-0.8721266207472027
national_anchored,national_draw,1401,"",59.48670316558562,62.969101950749284,-3.4823987851636673
national_anchored,national_draw,1402,"",62.69235352933873,62.969101950749284,-0.2767484214105522
national_anchored,national_draw,1403,"",50.982274080562384,62.969101950749284,-11.9868278701869
national_anchored,national_draw,1404,"",55.914401653704196,62.969101950749284,-7.054700297045088
national_anchored,national_draw,1405,"",66.90582712459073,62.969101950749284,3.9367251738414453
national_anchored,national_draw,1406,"",54.58430849330781,62.969101950749284,-8.384793457441475
national_anchored,national_draw,1407,"",53.19318221190022,62.969101950749284,-9.775919738849062
national_anchored,national_draw,1408,"",60.74384326862566,62.969101950749284,-2.2252586821236235
national_anchored,national_draw,1409,"",57.47478225976464,62.969101950749284,-5.494319690984646
national_anchored,national_draw,1410,"",61.439259833814766,62.969101950749284,-1.5298421169345175
national_anchored,national_draw,1411,"",59.72227194633055,62.969101950749284,-3.246830004418733
national_anchored,national_draw,1412,"",63.43518438818884,62.969101950749284,0.46608243743955313
national_anchored,national_draw,1413,"",54.900251438177015,62.969101950749284,-8.068850512572268
national_anchored,national_draw,1414,"",56.82865430820409,62.969101950749284,-6.1404476425451975
national_anchored,national_draw,1415,"",53.985437872652376,62.969101950749284,-8.983664078096908
national_anchored,national_draw,1416,"",64.55902848733214,62.969101950749284,1.5899265365828583
national_anchored,national_draw,1417,"",61.486736450922976,62.969101950749284,-1.482365499826308
national_anchored,national_draw,1418,"",58.2863097153552,62.969101950749284,-4.682792235394082
national_anchored,national_draw,1419,"",55.490715318288494,62.969101950749284,-7.47838663246079
national_anchored,national_draw,1420,"",71.2074468486599,62.969101950749284,8.238344897910615
national_anchored,national_draw,1421,"",59.19255726930416,62.969101950749284,-3.776544681445124
national_anchored,national_draw,1422,"",59.95304643819307,62.969101950749284,-3.016055512556214
national_anchored,national_draw,1423,"",62.27308754212228,62.969101950749284,-0.6960144086270006
national_anchored,national_draw,1424,"",53.631703836024336,62.969101950749284,-9.337398114724948
national_anchored,national_draw,1425,"",51.29694978200527,62.969101950749284,-11.672152168744013
national_anchored,national_draw,1426,"",62.40278956056407,62.969101950749284,-0.5663123901852174
national_anchored,national_draw,1427,"",68.5594551490351,62.969101950749284,5.590353198285818
national_anchored,national_draw,1428,"",60.6805226462748,62.969101950749284,-2.2885793044744815
national_anchored,national_draw,1429,"",58.86823528320087,62.969101950749284,-4.1008666675484164
national_anchored,national_draw,1430,"",57.14464341858974,62.969101950749284,-5.824458532159547
national_anchored,national_draw,1431,"",61.86407953265909,62.969101950749284,-1.1050224180901935
national_anchored,national_draw,1432,"",66.28168550023534,62.969101950749284,3.3125835494860567
national_anchored,national_draw,1433,"",57.259653261424084,62.969101950749284,-5.7094486893252
national_anchored,national_draw,1434,"",58.65441507725141,62.969101950749284,-4.314686873497877
national_anchored,national_draw,1435,"",59.83837360362874,62.969101950749284,-3.130728347120545
national_anchored,national_draw,1436,"",72.78252424687942,62.969101950749284,9.813422296130135
national_anchored,national_draw,1437,"",64.06845755169633,62.969101950749284,1.0993556009470424
national_anchored,national_draw,1438,"",54.558107254451556,62.969101950749284,-8.410994696297728
national_anchored,national_draw,1439,"",61.13904086384545,62.969101950749284,-1.8300610869038323
national_anchored,national_draw,1440,"",53.940331854813415,62.969101950749284,-9.028770095935869
national_anchored,national_draw,1441,"",60.97220099570247,62.969101950749284,-1.9969009550468115
national_anchored,national_draw,1442,"",64.20510055553505,62.969101950749284,1.2359986047857703
national_anchored,national_draw,1443,"",68.63980853867697,62.969101950749284,5.67070658792769
national_anchored,national_draw,1444,"",70.70494443529982,62.969101950749284,7.735842484550538
national_anchored,national_draw,1445,"",60.24196870628919,62.969101950749284,-2.7271332444600915
national_anchored,national_draw,1446,"",53.81093452878015,62.969101950749284,-9.158167421969132
national_anchored,national_draw,1447,"",61.98257487198475,62.969101950749284,-0.9865270787645315
national_anchored,national_draw,1448,"",59.47664139127724,62.969101950749284,-3.4924605594720433
national_anchored,national_draw,1449,"",57.782680863393956,62.969101950749284,-5.186421087355328
national_anchored,national_draw,1450,"",55.872912704078416,62.969101950749284,-7.096189246670868
national_anchored,national_draw,1451,"",55.04454868464171,62.969101950749284,-7.924553266107573
national_anchored,national_draw,1452,"",62.92934651626588,62.969101950749284,-0.03975543448340346
national_anchored,national_draw,1453,"",59.51845349951811,62.969101950749284,-3.4506484512311744
national_anchored,national_draw,1454,"",61.16158348552373,62.969101950749284,-1.8075184652255558
national_anchored,national_draw,1455,"",56.60272488729209,62.969101950749284,-6.366377063457193
national_anchored,national_draw,1456,"",63.15625926267807,62.969101950749284,0.18715731192878593
national_anchored,national_draw,1457,"",68.42163492452711,62.969101950749284,5.452532973777828
national_anchored,national_draw,1458,"",67.55625308573198,62.969101950749284,4.587151134982697
national_anchored,national_draw,1459,"",54.97981308921192,62.969101950749284,-7.989288861537361
national_anchored,national_draw,1460,"",64.62701644339522,62.969101950749284,1.6579144926459364
national_anchored,national_draw,1461,"",51.04419819604089,62.969101950749284,-11.924903754708396
national_anchored,national_draw,1462,"",61.037993781458766,62.969101950749284,-1.9311081692905177
national_anchored,national_draw,1463,"",71.3828873525159,62.969101950749284,8.41378540176661
national_anchored,national_draw,1464,"",62.43060890077159,62.969101950749284,-0.5384930499776956
national_anchored,national_draw,1465,"",53.39219713672696,62.969101950749284,-9.57690481402232
national_anchored,national_draw,1466,"",62.796682979944386,62.969101950749284,-0.1724189708048982
national_anchored,national_draw,1467,"",56.06875144137399,62.969101950749284,-6.9003505093752935
national_anchored,national_draw,1468,"",63.11066389036484,62.969101950749284,0.1415619396155563
national_anchored,national_draw,1469,"",68.35472954982458,62.969101950749284,5.385627599075299
national_anchored,national_draw,1470,"",61.00397672066901,62.969101950749284,-1.9651252300802753
national_anchored,national_draw,1471,"",63.47756664055776,62.969101950749284,0.508464689808477
national_anchored,national_draw,1472,"",54.54306883747081,62.969101950749284,-8.426033113278471
national_anchored,national_draw,1473,"",54.601022718535376,62.969101950749284,-8.368079232213908
national_anchored,national_draw,1474,"",64.70782456337405,62.969101950749284,1.7387226126247626
national_anchored,national_draw,1475,"",52.13508473299677,62.969101950749284,-10.83401721775251
national_anchored,national_draw,1476,"",64.68502803135534,62.969101950749284,1.7159260806060601
national_anchored,national_draw,1477,"",58.77271190485638,62.969101950749284,-4.196390045892905
national_anchored,national_draw,1478,"",64.56738675408384,62.969101950749284,1.5982848033345576
national_anchored,national_draw,1479,"",67.39609105954223,62.969101950749284,4.426989108792945
national_anchored,national_draw,1480,"",60.73499795567552,62.969101950749284,-2.2341039950737667
national_anchored,national_draw,1481,"",64.03206065853401,62.969101950749284,1.0629587077847233
national_anchored,national_draw,1482,"",59.181673748803135,62.969101950749284,-3.787428201946149
national_anchored,national_draw,1483,"",58.42993294527985,62.969101950749284,-4.539169005469432
national_anchored,national_draw,1484,"",54.63121958283962,62.969101950749284,-8.337882367909664
national_anchored,national_draw,1485,"",60.645171402059894,62.969101950749284,-2.3239305486893898
national_anchored,national_draw,1486,"",61.366719957830576,62.969101950749284,-1.6023819929187084
national_anchored,national_draw,1487,"",50.74957217838845,62.969101950749284,-12.219529772360836
national_anchored,national_draw,1488,"",57.745856939204565,62.969101950749284,-5.223245011544719
national_anchored,national_draw,1489,"",57.145619819262464,62.969101950749284,-5.82348213148682
national_anchored,national_draw,1490,"",62.30919359253101,62.969101950749284,-0.6599083582182743
national_anchored,national_draw,1491,"",64.21951573804384,62.969101950749284,1.2504137872945549
national_anchored,national_draw,1492,"",57.191279823298714,62.969101950749284,-5.77782212745057
national_anchored,national_draw,1493,"",60.278857262201605,62.969101950749284,-2.690244688547679
national_anchored,national_draw,1494,"",56.88483774171312,62.969101950749284,-6.084264209036164
national_anchored,national_draw,1495,"",49.927546684359136,62.969101950749284,-13.041555266390148
national_anchored,national_draw,1496,"",57.01017250229956,62.969101950749284,-5.958929448449723
national_anchored,national_draw,1497,"",58.49616199516652,62.969101950749284,-4.472939955582767
national_anchored,national_draw,1498,"",66.81628910545287,62.969101950749284,3.847187154703583
national_anchored,national_draw,1499,"",64.9344926325491,62.969101950749284,1.9653906817998106
national_anchored,national_draw,1500,"",66.58344639845379,62.969101950749284,3.6143444477045037
national_anchored,national_draw,1501,"",52.400831911839376,62.969101950749284,-10.568270038909908
national_anchored,national_draw,1502,"",63.206519660427695,62.969101950749284,0.23741770967841092
national_anchored,national_draw,1503,"",66.410831224204,62.969101950749284,3.441729273454719
national_anchored,national_draw,1504,"",62.644805355680035,62.969101950749284,-0.32429659506924935
national_anchored,national_draw,1505,"",56.0315304937432,62.969101950749284,-6.9375714570060865
national_anchored,national_draw,1506,"",68.02559480863228,62.969101950749284,5.0564928578829935
national_anchored,national_draw,1507,"",61.658901511387455,62.969101950749284,-1.3102004393618287
national_anchored,national_draw,1508,"",60.55958976768105,62.969101950749284,-2.4095121830682373
national_anchored,national_draw,1509,"",65.8176228041401,62.969101950749284,2.8485208533908164
national_anchored,national_draw,1510,"",58.416519554477844,62.969101950749284,-4.55258239627144
national_anchored,national_draw,1511,"",63.29400562235975,62.969101950749284,0.3249036716104641
national_anchored,national_draw,1512,"",69.82358240298854,62.969101950749284,6.854480452239251
national_anchored,national_draw,1513,"",66.03523319898937,62.969101950749284,3.06613124824009
national_anchored,national_draw,1514,"",63.07770863645323,62.969101950749284,0.10860668570394694
national_anchored,national_draw,1515,"",67.42846693622249,62.969101950749284,4.459364985473208
national_anchored,national_draw,1516,"",67.65015605444937,62.969101950749284,4.681054103700085
national_anchored,national_draw,1517,"",48.87414423847776,62.969101950749284,-14.094957712271523
national_anchored,national_draw,1518,"",66.64144182848315,62.969101950749284,3.6723398777338687
national_anchored,national_draw,1519,"",64.58965238266347,62.969101950749284,1.6205504319141895
national_anchored,national_draw,1520,"",64.59361338397413,62.969101950749284,1.6245114332248463
national_anchored,national_draw,1521,"",59.35039717001691,62.969101950749284,-3.6187047807323722
national_anchored,national_draw,1522,"",54.89622580514334,62.969101950749284,-8.072876145605946
national_anchored,national_draw,1523,"",67.23646686161902,62.969101950749284,4.267364910869738
national_anchored,national_draw,1524,"",52.097487536406994,62.969101950749284,-10.87161441434229
national_anchored,national_draw,1525,"",53.85074305360747,62.969101950749284,-9.118358897141817
national_anchored,national_draw,1526,"",62.91460355859036,62.969101950749284,-0.05449839215892638
national_anchored,national_draw,1527,"",58.32394846090978,62.969101950749284,-4.645153489839501
national_anchored,national_draw,1528,"",49.84842591400624,62.969101950749284,-13.120676036743042
national_anchored,national_draw,1529,"",55.315507950290545,62.969101950749284,-7.653594000458739
national_anchored,national_draw,1530,"",61.29256659704676,62.969101950749284,-1.6765353537025263
national_anchored,national_draw,1531,"",53.04141076832368,62.969101950749284,-9.927691182425605
national_anchored,national_draw,1532,"",58.78004529714308,62.969101950749284,-4.189056653606201
national_anchored,national_draw,1533,"",56.9518008233112,62.969101950749284,-6.017301127438081
national_anchored,national_draw,1534,"",56.13058322581962,62.969101950749284,-6.8385187249296635
national_anchored,national_draw,1535,"",61.678660352424316,62.969101950749284,-1.2904415983249677
national_anchored,national_draw,1536,"",60.40989808062018,62.969101950749284,-2.559203870129103
national_anchored,national_draw,1537,"",64.69613083805947,62.969101950749284,1.7270288873101904
national_anchored,national_draw,1538,"",61.46744849815381,62.969101950749284,-1.5016534525954768
national_anchored,national_draw,1539,"",63.77782946776769,62.969101950749284,0.8087275170184043
national_anchored,national_draw,1540,"",60.34891574167707,62.969101950749284,-2.620186209072216
national_anchored,national_draw,1541,"",57.74153584686565,62.969101950749284,-5.227566103883632
national_anchored,national_draw,1542,"",55.01769420372783,62.969101950749284,-7.951407747021456
national_anchored,national_draw,1543,"",56.680227556293715,62.969101950749284,-6.2888743944555685
national_anchored,national_draw,1544,"",59.58839656520249,62.969101950749284,-3.380705385546797
national_anchored,national_draw,1545,"",64.55528677222459,62.969101950749284,1.5861848214753067
national_anchored,national_draw,1546,"",71.5076542772501,62.969101950749284,8.538552326500813
national_anchored,national_draw,1547,"",63.28341986943976,62.969101950749284,0.3143179186904774
national_anchored,national_draw,1548,"",67.6962338564094,62.969101950749284,4.727131905660123
national_anchored,national_draw,1549,"",57.89718057727163,62.969101950749284,-5.071921373477657
national_anchored,national_draw,1550,"",57.8019457334049,62.969101950749284,-5.167156217344385
national_anchored,national_draw,1551,"",62.58569041187697,62.969101950749284,-0.38341153887231627
national_anchored,national_draw,1552,"",62.4566808761818,62.969101950749284,-0.5124210745674844
national_anchored,national_draw,1553,"",50.348873961884685,62.969101950749284,-12.620227988864599
national_anchored,national_draw,1554,"",60.042554449745246,62.969101950749284,-2.9265475010040376
national_anchored,national_draw,1555,"",61.68226587925838,62.969101950749284,-1.286836071490903
national_anchored,national_draw,1556,"",70.84174671017028,62.969101950749284,7.872644759421
national_anchored,national_draw,1557,"",67.18628494524735,62.969101950749284,4.217182994498067
national_anchored,national_draw,1558,"",66.97378045651648,62.969101950749284,4.004678505767195
national_anchored,national_draw,1559,"",65.5398333503338,62.969101950749284,2.57073139958451
national_anchored,national_draw,1560,"",62.23639518965475,62.969101950749284,-0.7327067610945335
national_anchored,national_draw,1561,"",61.63374822975442,62.969101950749284,-1.335353720994867
national_anchored,national_draw,1562,"",68.58166999554665,62.969101950749284,5.612568044797364
national_anchored,national_draw,1563,"",52.837400734618015,62.969101950749284,-10.131701216131269
national_anchored,national_draw,1564,"",59.08046739538473,62.969101950749284,-3.888634555364554
national_anchored,national_draw,1565,"",57.675219082497755,62.969101950749284,-5.293882868251529
national_anchored,national_draw,1566,"",52.3791572018702,62.969101950749284,-10.589944748879084
national_anchored,national_draw,1567,"",64.57327747398175,62.969101950749284,1.6041755232324633
national_anchored,national_draw,1568,"",64.41470123328176,62.969101950749284,1.445599282532477
national_anchored,national_draw,1569,"",61.8386908068922,62.969101950749284,-1.1304111438570814
national_anchored,national_draw,1570,"",59.984284334893054,62.969101950749284,-2.9848176158562296
national_anchored,national_draw,1571,"",67.78070521011784,62.969101950749284,4.81160325936856
national_anchored,national_draw,1572,"",55.069605018690226,62.969101950749284,-7.8994969320590585
national_anchored,national_draw,1573,"",62.37349061555461,62.969101950749284,-0.5956113351946755
national_anchored,national_draw,1574,"",69.76400349574524,62.969101950749284,6.794901544995959
national_anchored,national_draw,1575,"",63.940659860807735,62.969101950749284,0.9715579100584506
national_anchored,national_draw,1576,"",50.10444601853467,62.969101950749284,-12.864655932214617
national_anchored,national_draw,1577,"",73.16133077548673,62.969101950749284,10.192228824737448
national_anchored,national_draw,1578,"",62.799199000590434,62.969101950749284,-0.16990295015884982
national_anchored,national_draw,1579,"",63.15097792759718,62.969101950749284,0.18187597684789836
national_anchored,national_draw,1580,"",64.70201924968156,62.969101950749284,1.7329172989322714
national_anchored,national_draw,1581,"",63.06174690914366,62.969101950749284,0.09264495839437359
national_anchored,national_draw,1582,"",63.01715794508884,62.969101950749284,0.04805599433955621
national_anchored,national_draw,1583,"",62.532699323829846,62.969101950749284,-0.4364026269194383
national_anchored,national_draw,1584,"",68.13349747021049,62.969101950749284,5.164395519461202
national_anchored,national_draw,1585,"",48.02610447593379,62.969101950749284,-14.942997474815492
national_anchored,national_draw,1586,"",65.53382721664477,62.969101950749284,2.5647252658954827
national_anchored,national_draw,1587,"",63.999140028759726,62.969101950749284,1.030038078010442
national_anchored,national_draw,1588,"",57.821995417195346,62.969101950749284,-5.147106533553938
national_anchored,national_draw,1589,"",63.148902787633155,62.969101950749284,0.17980083688387083
national_anchored,national_draw,1590,"",61.89358853076836,62.969101950749284,-1.075513419980922
national_anchored,national_draw,1591,"",62.563205497094245,62.969101950749284,-0.4058964536550391
national_anchored,national_draw,1592,"",51.10506512119291,62.969101950749284,-11.864036829556376
national_anchored,national_draw,1593,"",58.115121055563456,62.969101950749284,-4.853980895185828
national_anchored,national_draw,1594,"",65.2568064186872,62.969101950749284,2.287704467937921
national_anchored,national_draw,1595,"",66.23092189835651,62.969101950749284,3.261819947607229
national_anchored,national_draw,1596,"",65.2366459376573,62.969101950749284,2.2675439869080165
national_anchored,national_draw,1597,"",51.96406688561586,62.969101950749284,-11.005035065133427
national_anchored,national_draw,1598,"",62.11676879517628,62.969101950749284,-0.8523331555730067
national_anchored,national_draw,1599,"",59.70303477562947,62.969101950749284,-3.266067175119815
national_anchored,national_draw,1600,"",63.249538996923505,62.969101950749284,0.28043704617422094
national_anchored,national_draw,1601,"",66.99878600849691,62.969101950749284,4.029684057747623
national_anchored,national_draw,1602,"",63.37737131194942,62.969101950749284,0.4082693612001336
national_anchored,national_draw,1603,"",60.50864381201227,62.969101950749284,-2.4604581387370175
national_anchored,national_draw,1604,"",69.16664479575326,62.969101950749284,6.197542845003973
national_anchored,national_draw,1605,"",67.30227580530608,62.969101950749284,4.333173854556797
national_anchored,national_draw,1606,"",59.82281582458803,62.969101950749284,-3.1462861261612574
national_anchored,national_draw,1607,"",54.899999836112414,62.969101950749284,-8.06910211463687
national_anchored,national_draw,1608,"",55.34146682018547,62.969101950749284,-7.627635130563817
national_anchored,national_draw,1609,"",55.26849760489838,62.969101950749284,-7.7006043458509055
national_anchored,national_draw,1610,"",62.92120291916563,62.969101950749284,-0.04789903158365405
national_anchored,national_draw,1611,"",64.38926865027426,62.969101950749284,1.4201666995249767
national_anchored,national_draw,1612,"",63.158475207467255,62.969101950749284,0.18937325671797112
national_anchored,national_draw,1613,"",61.33924685899637,62.969101950749284,-1.6298550917529155
national_anchored,national_draw,1614,"",61.30583456647199,62.969101950749284,-1.6632673842772974
national_anchored,national_draw,1615,"",56.30033844632586,62.969101950749284,-6.668763504423424
national_anchored,national_draw,1616,"",61.0681791043839,62.969101950749284,-1.9009228463653827
national_anchored,national_draw,1617,"",64.93914611660638,62.969101950749284,1.9700441658570966
national_anchored,national_draw,1618,"",62.464376667772555,62.969101950749284,-0.5047252829767288
national_anchored,national_draw,1619,"",66.66329658396646,62.969101950749284,3.6941946332171725
national_anchored,national_draw,1620,"",67.1868966383402,62.969101950749284,4.217794687590917
national_anchored,national_draw,1621,"",66.67701466717698,62.969101950749284,3.7079127164276926
national_anchored,national_draw,1622,"",65.24396778856489,62.969101950749284,2.2748658378156037
national_anchored,national_draw,1623,"",59.731763576510886,62.969101950749284,-3.237338374238398
national_anchored,national_draw,1624,"",68.08718191584077,62.969101950749284,5.118079965091489
national_anchored,national_draw,1625,"",65.05315185945814,62.969101950749284,2.084049908708856
national_anchored,national_draw,1626,"",65.98843752324866,62.969101950749284,3.0193355724993793
national_anchored,national_draw,1627,"",59.00388803671193,62.969101950749284,-3.9652139140373563
national_anchored,national_draw,1628,"",60.502716159701194,62.969101950749284,-2.46638579104809
national_anchored,national_draw,1629,"",66.7120219782944,62.969101950749284,3.742920027545118
national_anchored,national_draw,1630,"",65.59059695221262,62.969101950749284,2.6214950014633374
national_anchored,national_draw,1631,"",66.00740000912693,62.969101950749284,3.0382980583776416
national_anchored,national_draw,1632,"",65.67040558876049,62.969101950749284,2.701303638011204
national_anchored,national_draw,1633,"",59.44244428497336,62.969101950749284,-3.5266576657759217
national_anchored,national_draw,1634,"",56.94690266201678,62.969101950749284,-6.0221992887325015
national_anchored,national_draw,1635,"",64.074325188836,62.969101950749284,1.1052232380867153
national_anchored,national_draw,1636,"",70.70975257383718,62.969101950749284,7.740650623087895
national_anchored,national_draw,1637,"",77.53194948042903,62.969101950749284,14.56284752967975
national_anchored,national_draw,1638,"",63.057702809903404,62.969101950749284,0.08860085915411986
national_anchored,national_draw,1639,"",58.55103432800862,62.969101950749284,-4.418067622740665
national_anchored,national_draw,1640,"",58.13004867530475,62.969101950749284,-4.839053275444535
national_anchored,national_draw,1641,"",63.87657981571141,62.969101950749284,0.9074778649621251
national_anchored,national_draw,1642,"",63.440908912227556,62.969101950749284,0.47180696147827206
national_anchored,national_draw,1643,"",65.47511852938639,62.969101950749284,2.5060165786371087
national_anchored,national_draw,1644,"",60.255901459151175,62.969101950749284,-2.7132004915981085
national_anchored,national_draw,1645,"",59.65259433236573,62.969101950749284,-3.316507618383554
national_anchored,national_draw,1646,"",66.4199212143913,62.969101950749284,3.4508192636420105
national_anchored,national_draw,1647,"",61.01886509972132,62.969101950749284,-1.9502368510279666
national_anchored,national_draw,1648,"",53.08620286065084,62.969101950749284,-9.88289909009844
national_anchored,national_draw,1649,"",59.77642178884036,62.969101950749284,-3.1926801619089247
national_anchored,national_draw,1650,"",58.3535774893618,62.969101950749284,-4.615524461387487
national_anchored,national_draw,1651,"",63.92327161904012,62.969101950749284,0.954169668290838
national_anchored,national_draw,1652,"",51.47211560103844,62.969101950749284,-11.496986349710845
national_anchored,national_draw,1653,"",58.19018618529698,62.969101950749284,-4.778915765452304
national_anchored,national_draw,1654,"",53.23936157799645,62.969101950749284,-9.729740372752836
national_anchored,national_draw,1655,"",60.38064530112715,62.969101950749284,-2.588456649622131
national_anchored,national_draw,1656,"",58.811297043498,62.969101950749284,-4.157804907251283
national_anchored,national_draw,1657,"",59.2000730153808,62.969101950749284,-3.769028935368482
national_anchored,national_draw,1658,"",66.73840787921642,62.969101950749284,3.7693059284671406
national_anchored,national_draw,1659,"",65.89054585391074,62.969101950749284,2.921443903161453
national_anchored,national_draw,1660,"",64.00714282103482,62.969101950749284,1.0380408702855348
national_anchored,national_draw,1661,"",63.02915174626029,62.969101950749284,0.060049795511005755
national_anchored,national_draw,1662,"",66.62957498248193,62.969101950749284,3.660473031732643
national_anchored,national_draw,1663,"",60.00674847519338,62.969101950749284,-2.9623534755559007
national_anchored,national_draw,1664,"",66.61950397507024,62.969101950749284,3.650402024320961
national_anchored,national_draw,1665,"",58.766805027027715,62.969101950749284,-4.202296923721569
national_anchored,national_draw,1666,"",56.731071947826315,62.969101950749284,-6.238030002922969
national_anchored,national_draw,1667,"",57.746036984718685,62.969101950749284,-5.2230649660305986
national_anchored,national_draw,1668,"",63.96868002101177,62.969101950749284,0.999578070262487
national_anchored,national_draw,1669,"",54.249594649453584,62.969101950749284,-8.7195073012957
national_anchored,national_draw,1670,"",61.499600472079344,62.969101950749284,-1.4695014786699403
national_anchored,national_draw,1671,"",57.173976987736516,62.969101950749284,-5.795124963012768
national_anchored,national_draw,1672,"",60.0484290117124,62.969101950749284,-2.9206729390368835
national_anchored,national_draw,1673,"",54.596600062060304,62.969101950749284,-8.37250188868898
national_anchored,national_draw,1674,"",63.869883507551606,62.969101950749284,0.9007815568023219
national_anchored,national_draw,1675,"",65.15674035352491,62.969101950749284,2.187638402775626
national_anchored,national_draw,1676,"",74.73346512203311,62.969101950749284,11.764363171283826
national_anchored,national_draw,1677,"",64.91497846874937,62.969101950749284,1.9458765180000839
national_anchored,national_draw,1678,"",54.052834910105005,62.969101950749284,-8.916267040644279
national_anchored,national_draw,1679,"",70.4090765652551,62.969101950749284,7.439974614505822
national_anchored,national_draw,1680,"",55.20957655626437,62.969101950749284,-7.7595253944849105
national_anchored,national_draw,1681,"",55.342115445691476,62.969101950749284,-7.626986505057808
national_anchored,national_draw,1682,"",55.93101431479559,62.969101950749284,-7.038087635953694
national_anchored,national_draw,1683,"",62.443738373647484,62.969101950749284,-0.5253635771017997
national_anchored,national_draw,1684,"",60.998111391805146,62.969101950749284,-1.9709905589441377
national_anchored,national_draw,1685,"",50.137729047613014,62.969101950749284,-12.83137290313627
national_anchored,national_draw,1686,"",53.328269437834884,62.969101950749284,-9.6408325129144
national_anchored,national_draw,1687,"",53.58560064303024,62.969101950749284,-9.383501307719044
national_anchored,national_draw,1688,"",63.70459480076106,62.969101950749284,0.7354928500117737
national_anchored,national_draw,1689,"",51.06944842525846,62.969101950749284,-11.899653525490827
national_anchored,national_draw,1690,"",56.848205404416966,62.969101950749284,-6.120896546332318
national_anchored,national_draw,1691,"",55.30506992702316,62.969101950749284,-7.664032023726122
national_anchored,national_draw,1692,"",48.49528923607819,62.969101950749284,-14.47381271467109
national_anchored,national_draw,1693,"",55.98214954908178,62.969101950749284,-6.9869524016675015
national_anchored,national_draw,1694,"",65.35499585560618,62.969101950749284,2.385893904856893
national_anchored,national_draw,1695,"",63.403888784593285,62.969101950749284,0.43478683384400085
national_anchored,national_draw,1696,"",59.20308300705277,62.969101950749284,-3.7660189436965155
national_anchored,national_draw,1697,"",62.7729677541485,62.969101950749284,-0.1961341966007808
national_anchored,national_draw,1698,"",57.856665720042756,62.969101950749284,-5.112436230706528
national_anchored,national_draw,1699,"",56.30851666756344,62.969101950749284,-6.660585283185846
national_anchored,national_draw,1700,"",72.00553090586277,62.969101950749284,9.036428955113486
national_anchored,national_draw,1701,"",66.16575003879635,62.969101950749284,3.1966480880470627
national_anchored,national_draw,1702,"",70.81253778791789,62.969101950749284,7.843435837168606
national_anchored,national_draw,1703,"",59.57975899707632,62.969101950749284,-3.3893429536729656
national_anchored,national_draw,1704,"",60.730833826092514,62.969101950749284,-2.23826812465677
national_anchored,national_draw,1705,"",63.622394790461534,62.969101950749284,0.6532928397122504
national_anchored,national_draw,1706,"",60.120479533222316,62.969101950749284,-2.8486224175269683
national_anchored,national_draw,1707,"",59.08786311111862,62.969101950749284,-3.8812388396306616
national_anchored,national_draw,1708,"",59.26568344734715,62.969101950749284,-3.7034185034021334
national_anchored,national_draw,1709,"",70.63756124750212,62.969101950749284,7.668459296752836
national_anchored,national_draw,1710,"",65.10250510480968,62.969101950749284,2.133403154060396
national_anchored,national_draw,1711,"",52.36107878563179,62.969101950749284,-10.608023165117494
national_anchored,national_draw,1712,"",62.20955686667161,62.969101950749284,-0.7595450840776721
national_anchored,national_draw,1713,"",62.43445679656696,62.969101950749284,-0.5346451541823214
national_anchored,national_draw,1714,"",65.33470841940606,62.969101950749284,2.3656064686567717
national_anchored,national_draw,1715,"",55.51486911649059,62.969101950749284,-7.454232834258697
national_anchored,national_draw,1716,"",70.07503212138927,62.969101950749284,7.105930170639986
national_anchored,national_draw,1717,"",53.71992844621944,62.969101950749284,-9.249173504529843
national_anchored,national_draw,1718,"",60.733068237088276,62.969101950749284,-2.2360337136610084
national_anchored,national_draw,1719,"",50.51552685968608,62.969101950749284,-12.453575091063207
national_anchored,national_draw,1720,"",59.417561071611516,62.969101950749284,-3.551540879137768
national_anchored,national_draw,1721,"",67.57721684674796,62.969101950749284,4.608114895998675
national_anchored,national_draw,1722,"",55.25516962030178,62.969101950749284,-7.713932330447506
national_anchored,national_draw,1723,"",54.86594122635786,62.969101950749284,-8.103160724391422
national_anchored,national_draw,1724,"",57.25559300425307,62.969101950749284,-5.713508946496212
national_anchored,national_draw,1725,"",56.55081407232968,62.969101950749284,-6.418287878419605
national_anchored,national_draw,1726,"",57.79816477760836,62.969101950749284,-5.170937173140921
national_anchored,national_draw,1727,"",58.89740265648846,62.969101950749284,-4.071699294260824
national_anchored,national_draw,1728,"",58.22431635160202,62.969101950749284,-4.744785599147264
national_anchored,national_draw,1729,"",50.528448587738,62.969101950749284,-12.440653363011286
national_anchored,national_draw,1730,"",63.777197000192444,62.969101950749284,0.8080950494431605
national_anchored,national_draw,1731,"",66.77511638961471,62.969101950749284,3.806014438865425
national_anchored,national_draw,1732,"",61.995616630379416,62.969101950749284,-0.9734853203698677
national_anchored,national_draw,1733,"",67.05209333033166,62.969101950749284,4.082991379582374
national_anchored,national_draw,1734,"",60.721517624874664,62.969101950749284,-2.2475843258746195
national_anchored,national_draw,1735,"",65.9713885980269,62.969101950749284,3.0022866472776215
national_anchored,national_draw,1736,"",57.402537843085675,62.969101950749284,-5.566564107663609
national_anchored,national_draw,1737,"",60.929901841263145,62.969101950749284,-2.0392001094861385
national_anchored,national_draw,1738,"",65.07124412535147,62.969101950749284,2.1021421746021858
national_anchored,national_draw,1739,"",57.214990432542955,62.969101950749284,-5.754111518206329
national_anchored,national_draw,1740,"",64.32662666101508,62.969101950749284,1.3575247102657997
national_anchored,national_draw,1741,"",57.442431774118404,62.969101950749284,-5.52667017663088
national_anchored,national_draw,1742,"",72.16546441274613,62.969101950749284,9.196362461996848
national_anchored,national_draw,1743,"",55.34668121526751,62.969101950749284,-7.622420735481775
national_anchored,national_draw,1744,"",58.93793367164809,62.969101950749284,-4.031168279101195
national_anchored,national_draw,1745,"",63.27056046483504,62.969101950749284,0.3014585140857591
national_anchored,national_draw,1746,"",57.11666942390213,62.969101950749284,-5.852432526847153
national_anchored,national_draw,1747,"",61.06623322786591,62.969101950749284,-1.902868722883376
national_anchored,national_draw,1748,"",64.5597971431809,62.969101950749284,1.5906951924316175
national_anchored,national_draw,1749,"",56.010742161689684,62.969101950749284,-6.9583597890596
national_anchored,national_draw,1750,"",62.71438602206033,62.969101950749284,-0.25471592868895243
national_anchored,national_draw,1751,"",56.250144988575066,62.969101950749284,-6.718956962174218
national_anchored,national_draw,1752,"",62.37482018242812,62.969101950749284,-0.5942817683211672
national_anchored,national_draw,1753,"",62.37518950655965,62.969101950749284,-0.593912444189634
national_anchored,national_draw,1754,"",63.44901788519047,62.969101950749284,0.47991593444118763
national_anchored,national_draw,1755,"",53.01592278669646,62.969101950749284,-9.953179164052827
national_anchored,national_draw,1756,"",60.744665014818324,62.969101950749284,-2.22443693593096
national_anchored,national_draw,1757,"",55.24629429976595,62.969101950749284,-7.722807650983334
national_anchored,national_draw,1758,"",60.37055351923309,62.969101950749284,-2.5985484315161926
national_anchored,national_draw,1759,"",53.675780362846645,62.969101950749284,-9.29332158790264
national_anchored,national_draw,1760,"",55.21704844510039,62.969101950749284,-7.752053505648895
national_anchored,national_draw,1761,"",64.93646390010115,62.969101950749284,1.9673619493518615
national_anchored,national_draw,1762,"",63.41201160721114,62.969101950749284,0.44290965646185754
national_anchored,national_draw,1763,"",56.086248172105236,62.969101950749284,-6.882853778644048
national_anchored,national_draw,1764,"",62.897806235433194,62.969101950749284,-0.07129571531609002
national_anchored,national_draw,1765,"",63.81833278361745,62.969101950749284,0.8492308328681659
national_anchored,national_draw,1766,"",53.78675764781985,62.969101950749284,-9.182344302929437
national_anchored,national_draw,1767,"",62.825335607723666,62.969101950749284,-0.14376634302561797
national_anchored,national_draw,1768,"",57.91629310107831,62.969101950749284,-5.052808849670974
national_anchored,national_draw,1769,"",55.2569285264782,62.969101950749284,-7.712173424271086
national_anchored,national_draw,1770,"",57.54849473986643,62.969101950749284,-5.4206072108828565
national_anchored,national_draw,1771,"",58.4312140383611,62.969101950749284,-4.537887912388186
national_anchored,national_draw,1772,"",65.74065796340501,62.969101950749284,2.7715560126557293
national_anchored,national_draw,1773,"",58.65056948973185,62.969101950749284,-4.318532461017433
national_anchored,national_draw,1774,"",61.3730423253072,62.969101950749284,-1.5960596254420807
national_anchored,national_draw,1775,"",56.78337286140265,62.969101950749284,-6.185729089346637
national_anchored,national_draw,1776,"",53.36886739299336,62.969101950749284,-9.600234557755925
national_anchored,national_draw,1777,"",65.19204543222338,62.969101950749284,2.222943481474097
national_anchored,national_draw,1778,"",52.640846431817614,62.969101950749284,-10.32825551893167
national_anchored,national_draw,1779,"",61.94807768982401,62.969101950749284,-1.021024260925273
national_anchored,national_draw,1780,"",58.045898171935576,62.969101950749284,-4.923203778813708
national_anchored,national_draw,1781,"",62.003781001962054,62.969101950749284,-0.9653209487872303
national_anchored,national_draw,1782,"",56.954942386705035,62.969101950749284,-6.014159564044249
national_anchored,national_draw,1783,"",47.8675166938547,62.969101950749284,-15.101585256894587
national_anchored,national_draw,1784,"",58.224537946080936,62.969101950749284,-4.744564004668348
national_anchored,national_draw,1785,"",64.66939638748832,62.969101950749284,1.7002944367390356
national_anchored,national_draw,1786,"",66.9558728526889,62.969101950749284,3.9867709019396145
national_anchored,national_draw,1787,"",58.63169241005901,62.969101950749284,-4.337409540690274
national_anchored,national_draw,1788,"",56.01493629885837,62.969101950749284,-6.954165651890911
national_anchored,national_draw,1789,"",55.609005221066,62.969101950749284,-7.360096729683285
national_anchored,national_draw,1790,"",43.646141870463765,62.969101950749284,-19.32296008028552
national_anchored,national_draw,1791,"",58.410091006313394,62.969101950749284,-4.55901094443589
national_anchored,national_draw,1792,"",58.41844234823762,62.969101950749284,-4.550659602511665
national_anchored,national_draw,1793,"",54.473949826254916,62.969101950749284,-8.495152124494368
national_anchored,national_draw,1794,"",52.45531414606756,62.969101950749284,-10.513787804681726
national_anchored,national_draw,1795,"",47.830468866910564,62.969101950749284,-15.13863308383872
national_anchored,national_draw,1796,"",68.99944483658203,62.969101950749284,6.030342885832745
national_anchored,national_draw,1797,"",56.52820451065257,62.969101950749284,-6.4408974400967125
national_anchored,national_draw,1798,"",57.28424563203235,62.969101950749284,-5.684856318716932
national_anchored,national_draw,1799,"",64.8430156617207,62.969101950749284,1.873913710971415
national_anchored,national_draw,1800,"",56.768082842357295,62.969101950749284,-6.201019108391989
national_anchored,national_draw,1801,"",55.16688730321112,62.969101950749284,-7.802214647538165
national_anchored,national_draw,1802,"",59.28929710900687,62.969101950749284,-3.679804841742417
national_anchored,national_draw,1803,"",63.64679095762492,62.969101950749284,0.6776890068756387
national_anchored,national_draw,1804,"",58.550953538354854,62.969101950749284,-4.41814841239443
national_anchored,national_draw,1805,"",58.666967481171795,62.969101950749284,-4.302134469577489
national_anchored,national_draw,1806,"",62.66184735607433,62.969101950749284,-0.3072545946749514
national_anchored,national_draw,1807,"",69.56032585375794,62.969101950749284,6.591223903008661
national_anchored,national_draw,1808,"",63.71092409306516,62.969101950749284,0.7418221423158755
national_anchored,national_draw,1809,"",63.538479731226204,62.969101950749284,0.5693777804769198
national_anchored,national_draw,1810,"",58.59245633763557,62.969101950749284,-4.376645613113716
national_anchored,national_draw,1811,"",69.4338715793978,62.969101950749284,6.464769628648519
national_anchored,national_draw,1812,"",52.83329200365474,62.969101950749284,-10.135809947094543
national_anchored,national_draw,1813,"",63.55039274274388,62.969101950749284,0.5812907919945971
national_anchored,national_draw,1814,"",69.86449890021045,62.969101950749284,6.8953969494611655
national_anchored,national_draw,1815,"",65.69620287934788,62.969101950749284,2.7271009285985954
national_anchored,national_draw,1816,"",69.37359557285625,62.969101950749284,6.404493622106962
national_anchored,national_draw,1817,"",65.39898697622307,62.969101950749284,2.429885025473787
national_anchored,national_draw,1818,"",60.460398539055305,62.969101950749284,-2.508703411693979
national_anchored,national_draw,1819,"",64.55274997709614,62.969101950749284,1.5836480263468573
national_anchored,national_draw,1820,"",65.39697185143041,62.969101950749284,2.4278699006811237
national_anchored,national_draw,1821,"",50.00500780439597,62.969101950749284,-12.964094146353311
national_anchored,national_draw,1822,"",69.1974902855635,62.969101950749284,6.22838833481422
national_anchored,national_draw,1823,"",52.42395391074899,62.969101950749284,-10.545148040000292
national_anchored,national_draw,1824,"",60.90188629761075,62.969101950749284,-2.0672156531385326
national_anchored,national_draw,1825,"",64.81202705880949,62.969101950749284,1.8429251080602072
national_anchored,national_draw,1826,"",50.696747286200505,62.969101950749284,-12.272354664548779
national_anchored,national_draw,1827,"",60.773354575010764,62.969101950749284,-2.19574737573852
national_anchored,national_draw,1828,"",58.826180805998675,62.969101950749284,-4.142921144750609
national_anchored,national_draw,1829,"",55.896168582985716,62.969101950749284,-7.072933367763568
national_anchored,national_draw,1830,"",58.224976518487125,62.969101950749284,-4.744125432262159
national_anchored,national_draw,1831,"",61.97656643001992,62.969101950749284,-0.992535520729362
national_anchored,national_draw,1832,"",59.13433793652006,62.969101950749284,-3.834764014229222
national_anchored,national_draw,1833,"",59.139633121255876,62.969101950749284,-3.8294688294934076
national_anchored,national_draw,1834,"",57.27126158053324,62.969101950749284,-5.697840370216042
national_anchored,national_draw,1835,"",54.46620786914772,62.969101950749284,-8.50289408160156
national_anchored,national_draw,1836,"",62.19854177444872,62.969101950749284,-0.7705601763005632
national_anchored,national_draw,1837,"",63.19614396060752,62.969101950749284,0.22704200985823775
national_anchored,national_draw,1838,"",61.92639374675153,62.969101950749284,-1.0427082039977549
national_anchored,national_draw,1839,"",61.82806812155906,62.969101950749284,-1.1410338291902207
national_anchored,national_draw,1840,"",63.75987800669949,62.969101950749284,0.7907760559502037
national_anchored,national_draw,1841,"",59.847784444155295,62.969101950749284,-3.1213175065939893
national_anchored,national_draw,1842,"",56.99825025767859,62.969101950749284,-5.970851693070692
national_anchored,national_draw,1843,"",59.34319073290043,62.969101950749284,-3.625911217848852
national_anchored,national_draw,1844,"",65.37003196431111,62.969101950749284,2.400930013561826
national_anchored,national_draw,1845,"",58.109036440496496,62.969101950749284,-4.860065510252788
national_anchored,national_draw,1846,"",52.64868302823351,62.969101950749284,-10.32041892251577
national_anchored,national_draw,1847,"",63.94589272209635,62.969101950749284,0.9767907713470692
national_anchored,national_draw,1848,"",57.162304036904345,62.969101950749284,-5.806797913844939
national_anchored,national_draw,1849,"",60.64326707450669,62.969101950749284,-2.3258348762425953
national_anchored,national_draw,1850,"",61.09122262191556,62.969101950749284,-1.8778793288337212
national_anchored,national_draw,1851,"",56.35105126613661,62.969101950749284,-6.618050684612676
national_anchored,national_draw,1852,"",67.48517665661898,62.969101950749284,4.516074705869691
national_anchored,national_draw,1853,"",68.0319887326594,62.969101950749284,5.062886781910116
national_anchored,national_draw,1854,"",64.81560488633369,62.969101950749284,1.8465029355844038
national_anchored,national_draw,1855,"",60.946740713385104,62.969101950749284,-2.02236123736418
national_anchored,national_draw,1856,"",58.256759168281135,62.969101950749284,-4.7123427824681485
national_anchored,national_draw,1857,"",65.75010804462053,62.969101950749284,2.781006093871248
national_anchored,national_draw,1858,"",65.91116568182925,62.969101950749284,2.942063731079962
national_anchored,national_draw,1859,"",63.02553698632294,62.969101950749284,0.05643503557365648
national_anchored,national_draw,1860,"",67.33097690687761,62.969101950749284,4.361874956128325
national_anchored,national_draw,1861,"",62.31975164614113,62.969101950749284,-0.6493503046081557
national_anchored,national_draw,1862,"",58.69169604005358,62.969101950749284,-4.277405910695705
national_anchored,national_draw,1863,"",66.4058915139448,62.969101950749284,3.4367895631955108
national_anchored,national_draw,1864,"",65.67935015757098,62.969101950749284,2.7102482068216958
national_anchored,national_draw,1865,"",70.73163272035453,62.969101950749284,7.762530769605242
national_anchored,national_draw,1866,"",70.02322748711468,62.969101950749284,7.054125536365397
national_anchored,national_draw,1867,"",59.16230269810436,62.969101950749284,-3.8067992526449217
national_anchored,national_draw,1868,"",64.34860606339278,62.969101950749284,1.3795041126434953
national_anchored,national_draw,1869,"",53.22736085199753,62.969101950749284,-9.741741098751753
national_anchored,national_draw,1870,"",59.43096061275859,62.969101950749284,-3.5381413379906945
national_anchored,national_draw,1871,"",52.56200496283918,62.969101950749284,-10.407096987910101
national_anchored,national_draw,1872,"",64.31403732468155,62.969101950749284,1.344935373932266
national_anchored,national_draw,1873,"",62.71159531659145,62.969101950749284,-0.2575066341578349
national_anchored,national_draw,1874,"",59.743960505954675,62.969101950749284,-3.225141444794609
national_anchored,national_draw,1875,"",62.1449759257219,62.969101950749284,-0.8241260250273825
national_anchored,national_draw,1876,"",61.717104686240795,62.969101950749284,-1.2519972645084891
national_anchored,national_draw,1877,"",58.9415761308953,62.969101950749284,-4.0275258198539845
national_anchored,national_draw,1878,"",53.319795757292084,62.969101950749284,-9.6493061934572
national_anchored,national_draw,1879,"",67.28143438290866,62.969101950749284,4.312332432159373
national_anchored,national_draw,1880,"",63.30828923314669,62.969101950749284,0.33918728239740403
national_anchored,national_draw,1881,"",62.16283505575721,62.969101950749284,-0.8062668949920706
national_anchored,national_draw,1882,"",60.059021689459854,62.969101950749284,-2.91008026128943
national_anchored,national_draw,1883,"",62.62313295398667,62.969101950749284,-0.3459689967626147
national_anchored,national_draw,1884,"",51.48507656977933,62.969101950749284,-11.484025380969953
national_anchored,national_draw,1885,"",63.719328525333296,62.969101950749284,0.750226574584012
national_anchored,national_draw,1886,"",62.25809529065798,62.969101950749284,-0.7110066600913072
national_anchored,national_draw,1887,"",48.421140491846025,62.969101950749284,-14.54796145890326
national_anchored,national_draw,1888,"",60.432715387121284,62.969101950749284,-2.5363865636279996
national_anchored,national_draw,1889,"",56.821692548324734,62.969101950749284,-6.14740940242455
national_anchored,national_draw,1890,"",66.96475740632803,62.969101950749284,3.995655455578749
national_anchored,national_draw,1891,"",63.302495460833306,62.969101950749284,0.3333935100840222
national_anchored,national_draw,1892,"",56.98432212136827,62.969101950749284,-5.9847798293810115
national_anchored,national_draw,1893,"",64.11366282539562,62.969101950749284,1.1445608746463378
national_anchored,national_draw,1894,"",69.24274864960671,62.969101950749284,6.273646698857426
national_anchored,national_draw,1895,"",59.42828070452918,62.969101950749284,-3.540821246220105
national_anchored,national_draw,1896,"",59.42743818385412,62.969101950749284,-3.5416637668951623
national_anchored,national_draw,1897,"",69.53549803901582,62.969101950749284,6.566396088266536
national_anchored,national_draw,1898,"",55.758073673654906,62.969101950749284,-7.211028277094378
national_anchored,national_draw,1899,"",62.45527744448198,62.969101950749284,-0.513824506267305
national_anchored,national_draw,1900,"",67.47257808718214,62.969101950749284,4.503476136432859
national_anchored,national_draw,1901,"",58.179932824095374,62.969101950749284,-4.78916912665391
national_anchored,national_draw,1902,"",60.50098264455883,62.969101950749284,-2.4681193061904523
national_anchored,national_draw,1903,"",51.06938841008708,62.969101950749284,-11.899713540662205
national_anchored,national_draw,1904,"",56.680806933525055,62.969101950749284,-6.288295017224229
national_anchored,national_draw,1905,"",64.04848634928382,62.969101950749284,1.0793843985345362
national_anchored,national_draw,1906,"",59.38263455014786,62.969101950749284,-3.586467400601421
national_anchored,national_draw,1907,"",56.506922207573126,62.969101950749284,-6.462179743176158
national_anchored,national_draw,1908,"",56.433008907474814,62.969101950749284,-6.5360930432744695
national_anchored,national_draw,1909,"",57.855266904894584,62.969101950749284,-5.1138350458546995
national_anchored,national_draw,1910,"",53.27758200905818,62.969101950749284,-9.691519941691105
national_anchored,national_draw,1911,"",54.56508055571002,62.969101950749284,-8.404021395039265
national_anchored,national_draw,1912,"",59.2119675606919,62.969101950749284,-3.757134390057381
national_anchored,national_draw,1913,"",61.605972746787515,62.969101950749284,-1.363129203961769
national_anchored,national_draw,1914,"",54.900447641621895,62.969101950749284,-8.068654309127389
national_anchored,national_draw,1915,"",56.92345057966462,62.969101950749284,-6.045651371084666
national_anchored,national_draw,1916,"",58.184837910217254,62.969101950749284,-4.78426404053203
national_anchored,national_draw,1917,"",65.6307147860001,62.969101950749284,2.661612835250814
national_anchored,national_draw,1918,"",58.14021432202511,62.969101950749284,-4.828887628724175
national_anchored,national_draw,1919,"",56.2324358964682,62.969101950749284,-6.736666054281081
national_anchored,national_draw,1920,"",60.53708177014009,62.969101950749284,-2.432020180609193
national_anchored,national_draw,1921,"",56.068548313101644,62.969101950749284,-6.90055363764764
national_anchored,national_draw,1922,"",52.08657862487192,62.969101950749284,-10.882523325877365
national_anchored,national_draw,1923,"",67.77802299361261,62.969101950749284,4.808921042863325
national_anchored,national_draw,1924,"",63.307132786959826,62.969101950749284,0.3380308362105424
national_anchored,national_draw,1925,"",59.697947335717636,62.969101950749284,-3.271154615031648
national_anchored,national_draw,1926,"",67.79995161392222,62.969101950749284,4.830849663172934
national_anchored,national_draw,1927,"",59.920878306336775,62.969101950749284,-3.0482236444125093
national_anchored,national_draw,1928,"",51.01466380689759,62.969101950749284,-11.954438143851696
national_anchored,national_draw,1929,"",59.82096689565455,62.969101950749284,-3.148135055094734
national_anchored,national_draw,1930,"",49.85913169726898,62.969101950749284,-13.109970253480306
national_anchored,national_draw,1931,"",62.969637470740004,62.969101950749284,0.0005355199907199903
national_anchored,national_draw,1932,"",65.13918129934646,62.969101950749284,2.170079348597177
national_anchored,national_draw,1933,"",60.83748540217516,62.969101950749284,-2.1316165485741223
national_anchored,national_draw,1934,"",63.149209788317485,62.969101950749284,0.18010783756820103
national_anchored,national_draw,1935,"",53.611926528780884,62.969101950749284,-9.3571754219684
national_anchored,national_draw,1936,"",61.33485651838279,62.969101950749284,-1.634245432366491
national_anchored,national_draw,1937,"",61.984813899532156,62.969101950749284,-0.9842880512171277
national_anchored,national_draw,1938,"",59.992162480273755,62.969101950749284,-2.9769394704755285
national_anchored,national_draw,1939,"",62.89616735959953,62.969101950749284,-0.0729345911497532
national_anchored,national_draw,1940,"",55.76150838807813,62.969101950749284,-7.207593562671157
national_anchored,national_draw,1941,"",56.344498071077766,62.969101950749284,-6.624603879671518
national_anchored,national_draw,1942,"",58.558605472705,62.969101950749284,-4.410496478044287
national_anchored,national_draw,1943,"",55.99842751017897,62.969101950749284,-6.970674440570313
national_anchored,national_draw,1944,"",66.5666975490889,62.969101950749284,3.597595598339616
national_anchored,national_draw,1945,"",58.43216966455144,62.969101950749284,-4.536932286197846
national_anchored,national_draw,1946,"",66.7643829070421,62.969101950749284,3.795280956292821
national_anchored,national_draw,1947,"",55.69244015893033,62.969101950749284,-7.2766617918189525
national_anchored,national_draw,1948,"",64.28964808234562,62.969101950749284,1.3205461315963376
national_anchored,national_draw,1949,"",59.235371169251806,62.969101950749284,-3.733730781497478
national_anchored,national_draw,1950,"",55.61566459681265,62.969101950749284,-7.353437353936634
national_anchored,national_draw,1951,"",70.5121341558828,62.969101950749284,7.543032205133521
national_anchored,national_draw,1952,"",65.26356966684585,62.969101950749284,2.2944677160965696
national_anchored,national_draw,1953,"",65.43740591900551,62.969101950749284,2.4683039682562296
national_anchored,national_draw,1954,"",63.79550855228887,62.969101950749284,0.8264066015395883
national_anchored,national_draw,1955,"",57.870416119114786,62.969101950749284,-5.098685831634498
national_anchored,national_draw,1956,"",67.68867194481632,62.969101950749284,4.719569994067037
national_anchored,national_draw,1957,"",59.787736956920114,62.969101950749284,-3.1813649938291704
national_anchored,national_draw,1958,"",63.05512677408598,62.969101950749284,0.08602482333669315
national_anchored,national_draw,1959,"",54.23029053875366,62.969101950749284,-8.738811411995627
national_anchored,national_draw,1960,"",60.30845859134375,62.969101950749284,-2.660643359405533
national_anchored,national_draw,1961,"",58.87362279896956,62.969101950749284,-4.09547915177972
national_anchored,national_draw,1962,"",58.54940468527825,62.969101950749284,-4.4196972654710365
national_anchored,national_draw,1963,"",60.39225823678797,62.969101950749284,-2.576843713961317
national_anchored,national_draw,1964,"",69.30926161741948,62.969101950749284,6.340159666670196
national_anchored,national_draw,1965,"",50.848765715290014,62.969101950749284,-12.12033623545927
national_anchored,national_draw,1966,"",56.482625296270086,62.969101950749284,-6.486476654479198
national_anchored,national_draw,1967,"",61.77917191482029,62.969101950749284,-1.1899300359289953
national_anchored,national_draw,1968,"",61.34145587895807,62.969101950749284,-1.6276460717912116
national_anchored,national_draw,1969,"",61.60425308130009,62.969101950749284,-1.3648488694491974
national_anchored,national_draw,1970,"",65.84977939461727,62.969101950749284,2.880677443867988
national_anchored,national_draw,1971,"",59.166372188378666,62.969101950749284,-3.8027297623706176
national_anchored,national_draw,1972,"",57.24154945415163,62.969101950749284,-5.727552496597653
national_anchored,national_draw,1973,"",62.13205650594581,62.969101950749284,-0.8370454448034721
national_anchored,national_draw,1974,"",68.92900549159593,62.969101950749284,5.959903540846646
national_anchored,national_draw,1975,"",63.45750310711238,62.969101950749284,0.48840115636309633
national_anchored,national_draw,1976,"",55.6169664643763,62.969101950749284,-7.352135486372987
national_anchored,national_draw,1977,"",61.8343073911061,62.969101950749284,-1.1347945596431828
national_anchored,national_draw,1978,"",65.29043568913886,62.969101950749284,2.3213337383895762
national_anchored,national_draw,1979,"",59.618944287431674,62.969101950749284,-3.35015766331761
national_anchored,national_draw,1980,"",54.29680350656644,62.969101950749284,-8.672298444182843
national_anchored,national_draw,1981,"",62.5646758687929,62.969101950749284,-0.4044260819563874
national_anchored,national_draw,1982,"",64.32877104925379,62.969101950749284,1.3596690985045043
national_anchored,national_draw,1983,"",57.428226644709426,62.969101950749284,-5.540875306039858
national_anchored,national_draw,1984,"",57.93888650482468,62.969101950749284,-5.030215445924604
national_anchored,national_draw,1985,"",61.596261830404096,62.969101950749284,-1.372840120345188
national_anchored,national_draw,1986,"",53.10159675210819,62.969101950749284,-9.86750519864109
national_anchored,national_draw,1987,"",60.87595974357733,62.969101950749284,-2.093142207171951
national_anchored,national_draw,1988,"",61.1757562990712,62.969101950749284,-1.7933456516780808
national_anchored,national_draw,1989,"",62.27236505178998,62.969101950749284,-0.6967368989593012
national_anchored,national_draw,1990,"",56.40289975765182,62.969101950749284,-6.566202193097467
national_anchored,national_draw,1991,"",64.69018471954183,62.969101950749284,1.7210827687925487
national_anchored,national_draw,1992,"",62.88752055837008,62.969101950749284,-0.08158139237920636
national_anchored,national_draw,1993,"",56.491759143698,62.969101950749284,-6.477342807051286
national_anchored,national_draw,1994,"",67.06534745010194,62.969101950749284,4.096245499352655
national_anchored,national_draw,1995,"",54.14761271535896,62.969101950749284,-8.821489235390324
national_anchored,national_draw,1996,"",68.11585762637827,62.969101950749284,5.146755675628988
national_anchored,national_draw,1997,"",54.23539875314788,62.969101950749284,-8.733703197601407
national_anchored,national_draw,1998,"",67.48805738484491,62.969101950749284,4.5189554340956235
national_anchored,national_draw,1999,"",66.12125109749859,62.969101950749284,3.152149146749302
national_anchored,district,-1,0101,65.52744608085857,69.09595476895086,-3.568508688092294
national_anchored,district,-1,0102,66.36678642244343,69.43773681214049,-3.0709503896970602
national_anchored,district,-1,0103,59.2095566385356,62.18590276952336,-2.976346130987757
national_anchored,district,-1,0104,63.85990282878515,67.23228498007678,-3.3723821512916317
national_anchored,district,-1,0105,61.740051347881895,60.33889602053916,1.4011553273427353
national_anchored,district,-1,0202,57.695619490193394,61.97225449326864,-4.276635003075249
national_anchored,district,-1,0301,62.499576496098115,63.525585282392406,-1.026008786294291
national_anchored,district,-1,0302,60.52117630857444,66.51977415275987,-5.998597844185426
national_anchored,district,-1,0303,62.664859869111254,65.69790677923764,-3.0330469101263873
national_anchored,district,-1,0401,64.09643258015714,64.64952092788704,-0.5530883477298971
national_anchored,district,-1,0402,62.80541764785289,63.72935759175654,-0.9239399439036475
national_anchored,district,-1,0501,64.28880710110414,65.27719952703715,-0.9883924259330144
national_anchored,district,-1,0502,66.75165544692481,66.7736669295816,-0.022011482656779435
national_anchored,district,-1,0601,57.371853588832295,61.10968624433616,-3.7378326555038655
national_anchored,district,-1,0602,61.69051017359843,57.71788318341245,3.9726269901859865
national_anchored,district,-1,0603,58.4241856002791,58.63350922332214,-0.20932362304304064
national_anchored,district,-1,0607,64.18771550828797,67.12122471023223,-2.9335092019442612
national_anchored,district,-1,0608,59.06129315042528,63.12933873528088,-4.068045584855604
national_anchored,district,-1,0609,61.48860243245211,65.07537688442211,-3.586774451970001
national_anchored,district,-1,0701,63.97369214533393,67.49334137393839,-3.5196492286044645
national_anchored,district,-1,0702,66.0899956762544,66.19242726842225,-0.10243159216784647
national_anchored,district,-1,0703,66.689294265755,72.71852089555924,-6.029226629804242
national_anchored,district,-1,0801,61.324719800747204,64.59017321408355,-3.2654534133363455
national_anchored,district,-1,0802,56.76083674789734,60.87324364227534,-4.1124068943779974
national_anchored,district,-1,0803,60.22226708758535,65.75691946259452,-5.534652375009173
national_anchored,district,-1,0902,62.02800921822373,66.66774105171552,-4.639731833491794
national_anchored,district,-1,1002,62.69465772683033,65.86730831621065,-3.172650589380325
national_anchored,district,-1,1003,59.1586086797122,59.91781617096681,-0.7592074912546067
national_anchored,district,-1,1101,62.832219635352104,60.774650016629884,2.057569618722219
national_anchored,district,-1,1102,60.917571527059636,62.11758876249569,-1.2000172354360572
national_anchored,district,-1,1103,65.24071312515302,67.34848316232278,-2.1077700371697574
national_anchored,district,-1,1201,67.1044738017742,67.97370604378071,-0.869232242006504
national_anchored,district,-1,1202,66.46730287171819,63.39035724232962,3.076945629388568
national_anchored,district,-1,1203,66.24648890979785,68.15596850742345,-1.9094795976256052
national_anchored,district,-1,1301,59.84877765967727,61.202773214803365,-1.3539955551260974
national_anchored,district,-1,1302,65.20902415916628,63.3183325438181,1.8906916153481745
national_anchored,district,-1,1303,55.10932963334105,57.68776176160743,-2.5784321282663853
national_anchored,district,-1,1305,62.01017744265249,60.8592517989425,1.1509256437099893
national_anchored,district,-1,1306,58.127000062747065,59.33613603564033,-1.2091359728932645
national_anchored,district,-1,1308,62.610071082048165,65.78609801028134,-3.1760269282331706
national_anchored,district,-1,1309,61.486892825806194,61.24042471385053,0.24646811195566443
national_anchored,district,-1,1310,65.41159582535842,67.10844678776498,-1.6968509624065575
national_anchored,district,-1,1311,63.14162457687748,62.861322598212475,0.2803019786650083
national_anchored,district,-1,1313,57.063097070794406,61.990974082118974,-4.9278770113245685
national_anchored,district,-1,1314,64.52103294461224,69.46472506150862,-4.943692116896372
national_anchored,district,-1,1315,64.01685545498889,60.62273047531299,3.394124979675894
national_anchored,district,-1,1316,60.7477858732167,62.884472754242836,-2.1366868810261366
national_anchored,district,-1,1401,67.58349705304519,65.37873826675398,2.204758786291208
national_anchored,district,-1,1402,62.87457253810931,63.154234046252824,-0.2796615081435121
national_anchored,district,-1,1403,61.2049021446883,65.16225848808854,-3.9573563434002423
national_anchored,district,-1,1404,64.4926292503385,67.22638594885291,-2.733756698514412
national_anchored,district,-1,1405,66.65321799754696,68.74314117874894,-2.089923181201982
national_anchored,district,-1,1406,64.51683223817383,66.24209772352152,-1.7252654853476912
national_anchored,district,-1,1501,66.77472157139647,69.00215039958918,-2.227428828192714
national_anchored,district,-1,1502,64.77251003632192,67.9640604090996,-3.1915503727776837
national_anchored,district,-1,1601,61.27937926281518,67.4386273438057,-6.159248080990523
national_anchored,district,-1,1602,61.52591170825336,64.78286948176584,-3.2569577735124824
national_anchored,district,-1,1603,62.227847263582824,63.59384995477908,-1.3660026911962575
national_anchored,district,-1,1701,63.9790136036181,65.02297062977065,-1.0439570261525546
national_anchored,district,-1,1702,64.4939716624131,62.606705975534624,1.8872656868784787
national_anchored,district,-1,1703,61.98731576810071,63.0855409311325,-1.0982251630317919
national_anchored,district,-1,1704,62.235572854967,65.36956337789812,-3.1339905229311142
national_anchored,district,-1,1705,64.50256035113387,68.15189199973399,-3.649331648600125
national_anchored,district,-1,1801,59.85071234783597,63.98630701268447,-4.135594664848497
national_anchored,district,-1,1802,57.42815000876219,59.815117705473455,-2.3869676967112667
national_anchored,district,-1,1803,60.55532309163728,64.77374618925221,-4.218423097614931
national_anchored,district,-1,1901,67.50588671346968,72.72598438930798,-5.2200976758383035
national_anchored,district,-1,1902,64.49793598884898,66.8139173323326,-2.315981343483614
national_anchored,district,-1,2101,67.31612171075963,71.474572664728,-4.158450953968369
national_anchored,district,-1,2102,64.40127202788463,63.434753023843584,0.9665190040410465
national_anchored,district,-1,2103,63.56971253417281,63.78786623588214,-0.21815370170933335
national_anchored,district,-1,2104,65.29274838020964,69.1787625839548,-3.8860142037451624
national_anchored,district,-1,2105,64.06585958680003,66.96971113396279,-2.903851547162759
national_anchored,district,-1,2201,68.36295634329593,72.36509670230255,-4.002140359006617
national_anchored,district,-1,2202,69.27150607078273,70.85354535625783,-1.5820392854750907
national_anchored,district,-1,2203,67.81740307086703,68.47943995258385,-0.6620368817168156
national_anchored,district,-1,2204,66.3235907118162,63.221195105803886,3.1023956060123083
national_anchored,district,-1,2205,68.27470049461309,73.09416208090124,-4.819461586288156
national_anchored,district,-1,2301,63.73416314736609,69.33874194265393,-5.604578795287836
national_anchored,district,-1,2401,63.283700564610086,61.798558387852566,1.4851421767575204
national_anchored,district,-1,2402,63.35453100158983,64.4033410056237,-1.048810004033875
national_anchored,district,-1,2403,66.96192510493375,67.37120408681494,-0.4092789818811866
national_anchored,district,-1,2404,66.16670928719938,66.63701760042696,-0.4703083132275765
national_anchored,district,-1,2501,64.59237660469964,70.47484596202816,-5.882469357328517
national_anchored,district,-1,2502,67.00729001584786,65.67606973058638,1.3312202852614803
national_anchored,district,-1,2503,61.20420707975536,65.55260394143448,-4.34839686167912
national_anchored,district,-1,2504,59.21886694466083,62.02477508439108,-2.805908139730249
national_anchored,district,-1,2505,63.535179386134665,66.55759239060319,-3.0224130044685253
national_anchored,district,-1,2601,62.50724544342114,62.847942294068396,-0.3406968506472552
national_anchored,district,-1,2602,61.72939298769499,59.63445399783761,2.0949389898573827
national_anchored,district,-1,2603,68.63379252483153,69.32438406091279,-0.6905915360812571
national_anchored,district,-1,2604,64.70725506941272,70.611308613533,-5.9040535441202735
national_anchored,district,-1,2701,58.9871954777952,62.792507237587394,-3.805311759792197
national_anchored,district,-1,2702,62.06959753261199,62.54044898371929,-0.47085145110729343
national_anchored,district,-1,2703,62.618672271851466,64.58574181117534,-1.967069539323873
national_anchored,district,-1,2704,61.50563624307502,64.60717417809245,-3.101537935017433
national_anchored,district,-1,2705,61.113770988286646,63.87899167149156,-2.765220683204916
national_anchored,district,-1,2801,62.445257467372905,64.60656364331349,-2.161306175940588
national_anchored,district,-1,2802,57.39912390985006,61.07354128343236,-3.674417373582301
national_anchored,district,-1,2803,58.93489627255861,63.66025749142632,-4.725361218867711
national_anchored,district,-1,2804,60.443794449971044,64.68649314783745,-4.242698697866409
national_anchored,district,-1,2901,69.69546005891527,73.83577369606654,-4.140313637151266
national_anchored,district,-1,2902,64.16152803008981,68.97628124760125,-4.814753217511438
national_anchored,district,-1,2903,67.57109522338123,68.50819899204075,-0.9371037686595116
national_anchored,district,-1,2904,67.97982551799345,72.34128301171116,-4.361457493717708
national_anchored,district,-1,2905,68.03880467033245,68.83373332928274,-0.7949286589502833
national_anchored,district,-1,2906,67.09925747979909,67.15221664118803,-0.052959161388940856
national_anchored,district,-1,2907,68.78233234967325,73.39816728593446,-4.6158349362612086
national_anchored,district,-1,2908,66.62106628587625,67.67677868736305,-1.055712401486801
national_anchored,district,-1,2A01,58.81501238331111,62.977710040007615,-4.162697656696508
national_anchored,district,-1,2A02,57.3341867349388,64.76998159852788,-7.435794863589081
national_anchored,district,-1,2B01,55.95195930064076,61.73165469942364,-5.779695398782884
national_anchored,district,-1,2B02,60.79394055382984,66.09301161541066,-5.299071061580818
national_anchored,district,-1,3001,58.2357628206547,57.67357960204511,0.5621832186095901
national_anchored,district,-1,3003,64.83643641974022,63.400954902737524,1.4354815170026995
national_anchored,district,-1,3004,63.510684187822875,64.1535240459983,-0.6428398581754209
national_anchored,district,-1,3005,63.85961544290752,63.921754857483506,-0.06213941457598793
national_anchored,district,-1,3006,60.52668481880967,61.02275250371029,-0.49606768490061626
national_anchored,district,-1,3101,65.39012084946614,68.23184324768275,-2.8417223982166036
national_anchored,district,-1,3102,66.08159704306877,69.84905766578797,-3.7674606227191987
national_anchored,district,-1,3103,70.5422429473016,73.24552301663839,-2.7032800693367847
national_anchored,district,-1,3105,65.23311823212546,67.90487746585039,-2.671759233724927
national_anchored,district,-1,3106,68.76778502905243,67.24317140082131,1.5246136282311227
national_anchored,district,-1,3107,64.52660562326179,64.09834702344104,0.4282585998207509
national_anchored,district,-1,3108,64.1295762869355,66.76036052778294,-2.630784240847433
national_anchored,district,-1,3109,64.07863041982105,68.04763543407728,-3.9690050142562256
national_anchored,district,-1,3110,71.37762477175897,69.97299147900182,1.404633292757154
national_anchored,district,-1,3201,66.87187747413252,68.12225285975593,-1.250375385623414
national_anchored,district,-1,3202,67.4442603807403,70.69766178746978,-3.2534014067294805
national_anchored,district,-1,3301,66.35132199163068,69.45675070610127,-3.105428714470591
national_anchored,district,-1,3302,68.55663151080302,63.80789253634721,4.748738974455804
national_anchored,district,-1,3303,62.777868718284495,65.92786599006931,-3.1499972717848124
national_anchored,district,-1,3304,59.805346457245385,60.54807701945533,-0.7427305622099425
national_anchored,district,-1,3305,63.7474301780389,65.26819596466851,-1.5207657866296103
national_anchored,district,-1,3306,67.69670394187636,71.6766505517893,-3.979946609912929
national_anchored,district,-1,3307,66.23457096118574,70.16556783819958,-3.9309968770138397
national_anchored,district,-1,3308,65.43748663189588,68.19213873212787,-2.7546521002319935
national_anchored,district,-1,3309,65.37117104971736,67.91433551282175,-2.5431644631043895
national_anchored,district,-1,3310,63.99944968835612,66.4142411082798,-2.4147914199236737
national_anchored,district,-1,3312,65.88187765820157,63.4579344862026,2.423943171998971
national_anchored,district,-1,3401,62.562932317660454,63.186235881271344,-0.6233035636108895
national_anchored,district,-1,3403,67.99459896232032,67.23547673726291,0.7591222250574106
national_anchored,district,-1,3404,66.61573212862078,66.09918947648154,0.5165426521392362
national_anchored,district,-1,3405,62.71072892710729,65.33646635336467,-2.6257374262573805
national_anchored,district,-1,3406,61.05054718193405,65.2731696527317,-4.222622470797646
national_anchored,district,-1,3408,62.920831416502864,61.98716072100707,0.9336706954957918
national_anchored,district,-1,3409,61.37827938483264,60.44217912226121,0.9361002625714292
national_anchored,district,-1,3501,67.33553817125653,70.09370561173652,-2.758167440479994
national_anchored,district,-1,3502,71.57357357357358,74.5005005005005,-2.9269269269269103
national_anchored,district,-1,3503,67.66176880073682,71.8433396877075,-4.181570886970675
national_anchored,district,-1,3504,66.46415117516993,64.35386127262305,2.1102899025468815
national_anchored,district,-1,3505,65.70733412194859,66.51611284367495,-0.8087787217263553
national_anchored,district,-1,3506,67.0820095313741,67.99819080398906,-0.9161812726149634
national_anchored,district,-1,3507,66.32176579245937,67.88343069320855,-1.5616649007491787
national_anchored,district,-1,3601,59.109957833279275,63.24878365228673,-4.138825819007458
national_anchored,district,-1,3602,62.925913632669875,66.000160236234,-3.07424660356412
national_anchored,district,-1,3701,60.52262242232227,56.685287087988435,3.8373353343338366
national_anchored,district,-1,3702,64.2090850515464,66.8481529209622,-2.639067869415811
national_anchored,district,-1,3703,63.4964943517317,66.31459295249017,-2.818098600758475
national_anchored,district,-1,3704,62.1131408113529,62.32234132033558,-0.20920050898268272
national_anchored,district,-1,3705,64.0829407940509,66.8476339290806,-2.7646931350297024
national_anchored,district,-1,3801,71.04579215298227,74.42029590243088,-3.374503749448607
national_anchored,district,-1,3802,61.88158808306508,62.752004039638955,-0.870415956573872
national_anchored,district,-1,3803,64.41226635107384,62.099272512095794,2.312993838978045
national_anchored,district,-1,3804,65.8815779527219,66.95068087817626,-1.0691029254543594
national_anchored,district,-1,3805,67.89655817433595,67.52244668911335,0.37411148522259907
national_anchored,district,-1,3806,63.235003404573106,60.276319546642654,2.9586838579304526
national_anchored,district,-1,3807,65.57680412371134,69.13092783505155,-3.5541237113402104
national_anchored,district,-1,3808,64.71536177301368,64.69665145699042,0.018710316023259566
national_anchored,district,-1,3809,65.7777339123569,62.663837347019346,3.113896565337548
national_anchored,district,-1,3810,61.998088435031946,60.68413904119926,1.3139493938326865
national_anchored,district,-1,3901,64.99884482094726,67.99691952252599,-2.99807470157873
national_anchored,district,-1,3902,63.01347737917915,64.47786371875168,-1.4643863395725276
national_anchored,district,-1,3903,65.06659069866818,67.99658144006837,-2.9299907414001893
national_anchored,district,-1,4001,64.67861472966445,67.00639032972643,-2.327775600061983
national_anchored,district,-1,4002,65.26316634167088,67.5919015864609,-2.3287352447900247
national_anchored,district,-1,4003,66.42471505698859,68.0143971205759,-1.5896820635873041
national_anchored,district,-1,4101,61.02096583077407,64.94933862113994,-3.928372790365877
national_anchored,district,-1,4102,59.48305929247633,64.83183856502242,-5.348779272546096
national_anchored,district,-1,4103,63.71678140498926,67.772102548918,-4.055321143928737
national_anchored,district,-1,4201,60.68273845817113,62.21409252223942,-1.5313540640682888
national_anchored,district,-1,4202,57.80031047967144,62.84265754878264,-5.042347069111202
national_anchored,district,-1,4203,61.617932799393394,65.44476565091702,-3.8268328515236263
national_anchored,district,-1,4204,63.03436593838821,66.34224302106361,-3.3078770826753967
national_anchored,district,-1,4205,65.6232466113457,70.51550856884111,-4.892261957495407
national_anchored,district,-1,4206,65.72543515381247,69.05960288582745,-3.3341677320149756
national_anchored,district,-1,4301,67.1730791697496,67.67397484325713,-0.5008956735075287
national_anchored,district,-1,4302,66.21488852500315,67.59289583070915,-1.3780073057060065
national_anchored,district,-1,4401,66.77355123994725,69.91544051097722,-3.1418892710299673
national_anchored,district,-1,4403,63.2684389407428,65.98383801045293,-2.7153990697101307
national_anchored,district,-1,4404,65.91099240571502,68.82910713519543,-2.9181147294804077
national_anchored,district,-1,4405,67.8128272046758,71.99127975120724,-4.178452546531446
national_anchored,district,-1,4406,62.71442943864675,68.49549826069163,-5.781068822044887
national_anchored,district,-1,4407,64.79915255662233,68.06113698653171,-3.2619844299093756
national_anchored,district,-1,4408,60.18354965056447,58.56034757040825,1.6232020801562257
national_anchored,district,-1,4409,64.85599282413864,67.18324828329577,-2.3272554591571293
national_anchored,district,-1,4410,67.16641204454963,71.86043013987066,-4.694018095321027
national_anchored,district,-1,4501,63.462692666232485,65.86216143738267,-2.3994687711501825
national_anchored,district,-1,4502,60.46884346677803,60.16749246622498,0.30135100055305486
national_anchored,district,-1,4503,62.10802753921499,66.27865710838242,-4.170629569167431
national_anchored,district,-1,4504,58.46705083739322,58.099299585689415,0.3677512517038011
national_anchored,district,-1,4505,60.94779902420462,64.32910669874016,-3.3813076745355417
national_anchored,district,-1,4506,62.78061090373798,65.88638872824772,-3.105777824509744
national_anchored,district,-1,4601,67.8214026585623,71.39649814502991,-3.5750954864676032
national_anchored,district,-1,4602,67.15319662243667,72.03709288299156,-4.8838962605548915
national_anchored,district,-1,4701,63.79660787280652,66.80367668646537,-3.0070688136588473
national_anchored,district,-1,4702,62.21017883135787,64.08037013932211,-1.870191307964241
national_anchored,district,-1,4703,63.770353363418046,67.49663526244953,-3.726281899031484
national_anchored,district,-1,4801,68.75292818419115,73.6680945050532,-4.915166320862056
national_anchored,district,-1,4901,63.940231181279955,68.75556808570623,-4.815336904426275
national_anchored,district,-1,4902,64.35610934998903,68.88881914147913,-4.532709791490106
national_anchored,district,-1,4903,62.16322098202012,64.35915764007258,-2.19593665805246
national_anchored,district,-1,4904,63.465176155321444,66.68549510022856,-3.2203189449071203
national_anchored,district,-1,4905,61.356230570433354,63.16840830493027,-1.8121777344969132
national_anchored,district,-1,4906,63.2656337802039,65.40499317652724,-2.139359396323343
national_anchored,district,-1,4907,64.00504195713154,68.9824951770011,-4.97745321986956
national_anchored,district,-1,5001,63.430650201206085,66.38878319323855,-2.9581329920324677
national_anchored,district,-1,5002,64.46166563339533,66.4827443686712,-2.0210787352758786
national_anchored,district,-1,5003,64.0299555347531,67.17402653513115,-3.144071000378048
national_anchored,district,-1,5004,61.10666230558407,61.93564395520116,-0.8289816496170914
national_anchored,district,-1,5101,58.39501260114074,60.464252553389045,-2.069239952248303
national_anchored,district,-1,5102,60.529701046538115,63.475685743765666,-2.9459846972275514
national_anchored,district,-1,5103,58.879147764921754,63.258830725317296,-4.379682960395542
national_anchored,district,-1,5104,58.55457416489075,62.81356715536498,-4.258992990474226
national_anchored,district,-1,5105,63.17756144017354,69.23097272558927,-6.053411285415727
national_anchored,district,-1,5201,60.088042676844346,63.765161700712724,-3.6771190238683786
national_anchored,district,-1,5301,62.25005730311324,62.71926867744415,-0.46921137433091076
national_anchored,district,-1,5302,62.4437367569804,65.17634373550321,-2.73260697852281
national_anchored,district,-1,5303,61.187117197715224,62.67978803936411,-1.4926708416488879
national_anchored,district,-1,5401,61.19204025507692,61.085157741776655,0.10688251330026333
national_anchored,district,-1,5402,61.76453265798928,67.11378762000118,-5.349254962011898
national_anchored,district,-1,5403,52.335099897987114,53.93744868254087,-1.6023487845537545
national_anchored,district,-1,5404,60.92294928964016,65.68806388053511,-4.765114590894953
national_anchored,district,-1,5405,61.09133894297989,65.19307522180135,-4.101736278821463
national_anchored,district,-1,5406,57.33389671790421,58.5706781170774,-1.2367813991731893
national_anchored,district,-1,5501,61.46847736186334,67.13935060430617,-5.6708732424428305
national_anchored,district,-1,5601,69.1342268522925,69.56728647694531,-0.4330596246528131
national_anchored,district,-1,5602,68.97015634067847,70.06225489334014,-1.0920985526616676
national_anchored,district,-1,5603,65.58774986246104,66.86431525969395,-1.2765653972329147
national_anchored,district,-1,5604,66.84091949167458,70.00387228500018,-3.1629527933256014
national_anchored,district,-1,5605,63.927245731254644,69.2563721851027,-5.329126453848062
national_anchored,district,-1,5606,65.43962485345838,67.49333901737185,-2.053714163913469
national_anchored,district,-1,5701,55.559991483019274,60.243798573405726,-4.683807090386452
national_anchored,district,-1,5702,59.298236473989945,62.98028080960692,-3.682044335616972
national_anchored,district,-1,5703,58.57711979173514,63.115821028965115,-4.538701237229972
national_anchored,district,-1,5704,60.158213352810826,66.12525842752268,-5.967045074711855
national_anchored,district,-1,5705,56.20084610583258,62.14439281503572,-5.94354670920314
national_anchored,district,-1,5708,50.70534287652943,53.16829732746733,-2.4629544509379
national_anchored,district,-1,5709,59.01291815193971,63.31979624867194,-4.306878096732234
national_anchored,district,-1,5801,57.935680433310765,62.1299932295193,-4.194312796208536
national_anchored,district,-1,5802,62.04659429949851,63.74404875261855,-1.697454453120045
national_anchored,district,-1,5901,60.65313270203659,58.240368400570766,2.4127643014658204
national_anchored,district,-1,5902,59.619941617537634,63.62543643752504,-4.005494819987405
national_anchored,district,-1,5904,63.12884821226911,67.12755197234688,-3.998703760077767
national_anchored,district,-1,5905,62.339293919810714,64.56302611382145,-2.2237321940107364
national_anchored,district,-1,5906,67.20528519430243,68.84744051000442,-1.6421553157019844
national_anchored,district,-1,5907,59.32002614236698,64.11279342083765,-4.79276727847067
national_anchored,district,-1,5908,47.108061450974134,49.80198163434059,-2.6939201833664583
national_anchored,district,-1,5909,61.4579825085556,65.23765549459503,-3.7796729860394294
national_anchored,district,-1,5910,53.64037407443023,56.019809597076645,-2.3794355226464177
national_anchored,district,-1,5911,59.04379178246826,59.11193140968548,-0.06813962721722078
national_anchored,district,-1,5913,53.12859550235342,57.865070602591665,-4.736475100238245
national_anchored,district,-1,5914,60.97296101519372,64.77390421220927,-3.800943197015556
national_anchored,district,-1,5915,62.28880851630619,65.77596541019048,-3.48715689388429
national_anchored,district,-1,5917,56.84263959390863,57.91675126903554,-1.0741116751269075
national_anchored,district,-1,5921,55.53536224741252,58.47585017249877,-2.940487925086245
national_anchored,district,-1,6001,59.51079776117611,62.329145547575,-2.8183477863988955
national_anchored,district,-1,6003,55.79703335794348,56.676286999127456,-0.8792536411839791
national_anchored,district,-1,6004,61.8227280931803,63.918116857607,-2.095388764426694
national_anchored,district,-1,6005,60.08961911874533,60.07739832982551,0.01222078891981937
national_anchored,district,-1,6006,59.83969626661042,62.991721155874295,-3.1520248892638776
national_anchored,district,-1,6007,58.85655748333723,64.05119427371042,-5.194636790373195
national_anchored,district,-1,6101,61.31203801478353,62.060014079549454,-0.7479760647659219
national_anchored,district,-1,6102,63.64897111689599,66.7131523490765,-3.064181232180502
national_anchored,district,-1,6103,62.64985209403706,65.11825400195322,-2.46840190791616
national_anchored,district,-1,6202,62.95995304528421,63.96451307056752,-1.0045600252833111
national_anchored,district,-1,6204,61.981592432444444,66.09939641852762,-4.1178039860831746
national_anchored,district,-1,6205,56.35766616064946,59.25131454469452,-2.893648384045065
national_anchored,district,-1,6207,54.71957235973336,59.64461910647694,-4.9250467467435755
national_anchored,district,-1,6208,58.653180066675326,61.65411092349656,-3.0009308568212347
national_anchored,district,-1,6209,60.389168173150736,61.900398702360015,-1.5112305292092785
national_anchored,district,-1,6301,60.73781448417434,65.61918174440254,-4.8813672602281954
national_anchored,district,-1,6302,66.72407873021498,67.56421474696232,-0.8401360167473371
national_anchored,district,-1,6303,67.54994789010355,71.1388784176331,-3.5889305275295413
national_anchored,district,-1,6304,64.89885370804365,66.72125199792119,-1.8223982898775404
national_anchored,district,-1,6305,64.0697563760944,65.93642938713361,-1.866673011039211
national_anchored,district,-1,6401,65.30879663628377,66.80922142065172,-1.5004247843679508
national_anchored,district,-1,6402,67.61562263794407,69.19524754346182,-1.579624905517747
national_anchored,district,-1,6403,66.364427075266,68.90705238951972,-2.5426253142537263
national_anchored,district,-1,6404,67.27646301614021,71.70759481136746,-4.431131795227245
national_anchored,district,-1,6405,65.03717766176239,64.0998259769024,0.9373516848599905
national_anchored,district,-1,6406,64.79642083345057,70.1032668336194,-5.306846000168832
national_anchored,district,-1,6501,63.62506870648589,60.89913887871015,2.7259298277757438
national_anchored,district,-1,6502,64.43455071415657,64.11589224371723,0.31865847043934536
national_anchored,district,-1,6601,60.0009452051095,58.97404736827892,1.0268978368305852
national_anchored,district,-1,6603,60.543490951546985,60.40980735551664,0.13368359603034463
national_anchored,district,-1,6604,62.97959938486695,63.69352358334469,-0.7139241984777414
national_anchored,district,-1,6701,65.07810876065301,63.659039669976494,1.4190690906765155
national_anchored,district,-1,6702,62.93223914949583,67.64713941253837,-4.714900263042537
national_anchored,district,-1,6703,59.96264712100923,65.63817041370076,-5.67552329269153
national_anchored,district,-1,6704,64.76188553140365,68.40957505880928,-3.647689527405632
national_anchored,district,-1,6705,61.631224789486396,65.89772663903192,-4.26650184954552
national_anchored,district,-1,6706,62.38011850705544,66.408747531103,-4.028629024047561
national_anchored,district,-1,6707,60.056070209653825,65.64045413387198,-5.584383924218159
national_anchored,district,-1,6708,58.16768415048902,63.68850208073681,-5.520817930247787
national_anchored,district,-1,6709,60.150078988941544,65.45273135445248,-5.302652365510937
national_anchored,district,-1,6801,57.37842936179372,61.731677364629626,-4.353248002835905
national_anchored,district,-1,6802,61.457026688005534,65.28180284614386,-3.8247761581383273
national_anchored,district,-1,6803,59.63094815645783,64.00141943016747,-4.37047127370964
national_anchored,district,-1,6804,60.19983307270931,64.9500657156288,-4.750232642919485
national_anchored,district,-1,6805,58.009042042870846,62.31518353507077,-4.306141492199927
national_anchored,district,-1,6806,57.86641949265403,62.96012188235795,-5.093702389703921
national_anchored,district,-1,6901,69.12621494222506,71.52411808056509,-2.397903138340027
national_anchored,district,-1,6902,73.62185200573641,69.19086997895752,4.430982026778892
national_anchored,district,-1,6904,72.9194656391797,74.15777332758752,-1.238307688407815
national_anchored,district,-1,6905,70.5971944772479,72.00878519319699,-1.4115907159490888
national_anchored,district,-1,6906,59.545365620380835,54.48982697156769,5.0555386488131475
national_anchored,district,-1,6907,55.19991185422893,60.463867120250114,-5.263955266021185
national_anchored,district,-1,6908,68.97374701670644,72.9791428867905,-4.005395870084058
national_anchored,district,-1,6909,66.08899034884789,69.00318987393374,-2.9141995250858486
national_anchored,district,-1,6910,70.56055894349986,72.35269173296717,-1.792132789467317
national_anchored,district,-1,6911,66.13854315445828,68.64211385431544,-2.503570699857164
national_anchored,district,-1,6912,68.55293847511088,72.28781708098178,-3.734878605870904
national_anchored,district,-1,6913,64.40462801082393,61.988173851070705,2.416454159753222
national_anchored,district,-1,6914,53.8623778927023,54.17384944888472,-0.3114715561824184
national_anchored,district,-1,7001,64.03202987946352,67.74489276215267,-3.7128628826891514
national_anchored,district,-1,7101,63.17831517406324,66.1453627424927,-2.96704756842945
national_anchored,district,-1,7102,63.604625363803656,67.00121376646089,-3.396588402657237
national_anchored,district,-1,7103,62.52271294545186,65.48868369983066,-2.9659707543788016
national_anchored,district,-1,7104,61.80211800302572,64.81694402420575,-3.014826021180035
national_anchored,district,-1,7105,61.21557311241172,64.97445981638992,-3.758886703978206
national_anchored,district,-1,7201,61.99468589865249,64.6585147628989,-2.663828864246412
national_anchored,district,-1,7202,57.282961654171245,59.70225872689938,-2.419297072728135
national_anchored,district,-1,7203,60.11376604019656,64.26675050653252,-4.152984466335958
national_anchored,district,-1,7204,59.939341101929045,58.997531895038,0.941809206891044
national_anchored,district,-1,7205,60.5580813821323,63.77358490566037,-3.2155035235280707
national_anchored,district,-1,7301,66.25175315568022,68.86608015640275,-2.6143270007225254
national_anchored,district,-1,7302,62.286118530664055,65.73136222992093,-3.445243699256878
national_anchored,district,-1,7303,66.80007508413445,68.90444203102584,-2.104366946891389
national_anchored,district,-1,7304,64.90918454504346,62.38632366979853,2.5228608752449304
national_anchored,district,-1,7401,66.92521050919737,69.15814390517147,-2.2329333959741007
national_anchored,district,-1,7402,66.15892932650232,67.41171958738556,-1.2527902608832449
national_anchored,district,-1,7403,63.40719082136345,66.75745986570018,-3.3502690443367342
national_anchored,district,-1,7404,57.13280175969206,59.78883695353313,-2.6560351938410705
national_anchored,district,-1,7405,61.10130756769266,64.57610121113939,-3.4747936434467306
national_anchored,district,-1,7406,61.407288395530564,65.17928868765063,-3.7720002921200617
national_anchored,district,-1,7501,70.7433370102836,65.67626232074868,5.06707468953492
national_anchored,district,-1,7502,71.83054210970917,67.14758846324033,4.682953646468846
national_anchored,district,-1,7503,68.4297193145481,66.08406898248107,2.3456503320670237
national_anchored,district,-1,7504,68.27427462980165,63.19600021856729,5.078274411234361
national_anchored,district,-1,7511,72.24722801624767,68.39938522340542,3.8478427928422576
national_anchored,district,-1,7512,70.58398993577435,64.33158975038073,6.2524001853936255
national_anchored,district,-1,7513,67.70909698910626,64.51621201013492,3.1928849789713354
national_anchored,district,-1,7514,68.16825463302271,62.825882106585695,5.342372526437018
national_anchored,district,-1,7515,65.07387120279404,48.866805698635645,16.207065504158393
national_anchored,district,-1,7601,63.33238239666071,66.79929730784822,-3.4669149111875086
national_anchored,district,-1,7602,67.54353909121284,69.27413965920482,-1.730600567991985
national_anchored,district,-1,7603,56.58142531469918,57.859337609560626,-1.2779122948614443
national_anchored,district,-1,7604,56.77912084091462,57.81519811790884,-1.0360772769942201
national_anchored,district,-1,7605,62.916078166831795,65.24653751291186,-2.3304593460800618
national_anchored,district,-1,7606,61.25973586183542,64.8465600717548,-3.586824209919371
national_anchored,district,-1,7607,61.81123075304268,63.68653034501304,-1.8752995919703608
national_anchored,district,-1,7608,53.96581673801104,56.64898566908617,-2.68316893107513
national_anchored,district,-1,7609,62.697913719572895,65.66910817012983,-2.9711944505569363
national_anchored,district,-1,7610,64.17459530143842,67.38603057221447,-3.2114352707760503
national_anchored,district,-1,7701,57.16578589551297,63.046860763397305,-5.881074867884337
national_anchored,district,-1,7702,62.5820446521804,65.25906220476357,-2.677017552583166
national_anchored,district,-1,7703,59.73380907154041,62.645994301409246,-2.9121852298688324
national_anchored,district,-1,7704,60.16776215655547,63.49820174301273,-3.33043958645726
national_anchored,district,-1,7705,58.83856382386351,61.48851816379713,-2.649954339933622
national_anchored,district,-1,7706,57.20773424683972,55.97196757695648,1.2357666698832404
national_anchored,district,-1,7707,58.62445781917219,57.38430673705211,1.2401510821200858
national_anchored,district,-1,7708,59.27772771952818,64.88470674967235,-5.606979030144167
national_anchored,district,-1,7709,58.863623411409364,58.90921525047017,-0.04559183906080477
national_anchored,district,-1,7710,57.04405243878928,56.32109118951224,0.7229612492770414
national_anchored,district,-1,7801,67.7210003800114,69.38295648869466,-1.6619561086832562
national_anchored,district,-1,7802,69.96228974810012,68.97067108152542,0.9916186665746949
national_anchored,district,-1,7803,68.10083691526683,67.61413297254583,0.48670394272099315
national_anchored,district,-1,7804,67.76756783496995,69.0815998416978,-1.3140320067278424
national_anchored,district,-1,7805,65.31472266367925,67.38269546413777,-2.06797280045852
national_anchored,district,-1,7806,64.24522673031026,65.95932344090485,-1.714096710594589
national_anchored,district,-1,7807,61.855954321002784,65.86940805999045,-4.013453738987664
national_anchored,district,-1,7808,55.524440256413655,58.06336018686875,-2.5389199304550942
national_anchored,district,-1,7809,61.84513880773031,61.110461842482714,0.7346769652475942
national_anchored,district,-1,7810,68.04444204152249,70.65095155709342,-2.6065095155709344
national_anchored,district,-1,7811,62.11454056349993,62.59379866912077,-0.47925810562084337
national_anchored,district,-1,7812,65.50801769422173,68.86922864252143,-3.3612109482997
national_anchored,district,-1,7901,64.01992414003576,68.57152199502985,-4.5515978549941
national_anchored,district,-1,7902,62.883207212352374,65.1232994064495,-2.24009219409713
national_anchored,district,-1,7903,60.77490212626299,64.18290081346555,-3.4079986872025643
national_anchored,district,-1,8001,58.686705814401236,61.59871967654986,-2.9120138621486262
national_anchored,district,-1,8002,62.08673278080191,67.02266585640217,-4.935933075600261
national_anchored,district,-1,8003,63.5596113285298,67.3701278909574,-3.8105165624276083
national_anchored,district,-1,8004,63.02715091678421,64.3441466854725,-1.3169957686882867
national_anchored,district,-1,8101,64.46616047994,67.78566741657292,-3.3195069366329193
national_anchored,district,-1,8102,64.65098359169613,63.34149215846252,1.3094914332336103
national_anchored,district,-1,8103,65.4175415155564,67.6169116243558,-2.1993701087993998
national_anchored,district,-1,8201,63.30065079636924,67.65606268196609,-4.355411885596851
national_anchored,district,-1,8202,63.8280140749429,61.91843117887935,1.9095828960635473
national_anchored,district,-1,8301,59.43895132139692,61.514226641724925,-2.0752753203280037
national_anchored,district,-1,8303,62.79775737857309,65.14156789836548,-2.3438105197923917
national_anchored,district,-1,8307,60.90145134244358,62.24293121060849,-1.3414798681649103
national_anchored,district,-1,8401,56.14774584903876,56.2315081262919,-0.08376227725313612
national_anchored,district,-1,8402,62.607685102741705,63.30554238601279,-0.6978572832710839
national_anchored,district,-1,8404,62.2997572815534,60.457855251544565,1.841902030008832
national_anchored,district,-1,8405,62.00880559414216,63.05182115697031,-1.0430155628281526
national_anchored,district,-1,8501,62.95408040692232,65.94096644050667,-2.986886033584348
national_anchored,district,-1,8502,64.20137793205006,67.29865712983415,-3.09727919778409
national_anchored,district,-1,8503,64.49453222589906,67.95526433053553,-3.460732104636463
national_anchored,district,-1,8504,63.92133082498544,68.41964532979364,-4.498314504808199
national_anchored,district,-1,8505,62.59463384439577,66.42938767736406,-3.834753832968289
national_anchored,district,-1,8601,63.6349055556241,68.79696001381812,-5.162054458194021
national_anchored,district,-1,8602,66.59705511987733,71.10850673881332,-4.511451618935993
national_anchored,district,-1,8603,63.03111062014112,66.23676107098966,-3.2056504508485375
national_anchored,district,-1,8604,59.27197708980849,63.27447440926179,-4.002497319453305
national_anchored,district,-1,8701,64.20700910087197,69.76461619097537,-5.557607090103403
national_anchored,district,-1,8702,66.33956354613679,66.53582541845472,-0.19626187231793324
national_anchored,district,-1,8703,63.770840244247054,69.61286597127517,-5.8420257270281155
national_anchored,district,-1,8801,60.523926089703096,65.57959570435882,-5.055669614655727
national_anchored,district,-1,8802,61.27461889395794,66.02592633804385,-4.751307444085903
national_anchored,district,-1,8803,63.05288082083662,66.73243883188634,-3.6795580110497212
national_anchored,district,-1,8804,62.15748350774317,66.85797164735422,-4.700488139611046
national_anchored,district,-1,8901,63.31079188507863,61.61684873221026,1.6939431528683713
national_anchored,district,-1,8902,60.59438140049821,65.15084417381676,-4.556462773318557
national_anchored,district,-1,9001,62.90875444241162,66.49422749353353,-3.585473051121909
national_anchored,district,-1,9002,63.113079751435265,61.82940202550154,1.2836777259337282
national_anchored,district,-1,9101,54.752557526434934,59.90629567011491,-5.153738143679973
national_anchored,district,-1,9102,61.16791149185303,59.28991153490174,1.8779999569512924
national_anchored,district,-1,9103,63.92559565840176,62.90475517985756,1.0208404785442013
national_anchored,district,-1,9104,64.16582173009547,65.91308363366227,-1.7472619035667947
national_anchored,district,-1,9105,69.54996652402993,65.39603528076151,4.153931243268417
national_anchored,district,-1,9106,62.82223609044213,63.01425759685084,-0.1920215064087074
national_anchored,district,-1,9107,58.2328586071101,63.24243405081729,-5.009575443707185
national_anchored,district,-1,9108,60.039182394044275,65.06497747012342,-5.025795076079149
national_anchored,district,-1,9109,59.80297542206124,59.556068031132895,0.24690739092834235
national_anchored,district,-1,9110,55.27584999363301,55.10155354641538,0.17429644721762827
national_anchored,district,-1,9202,69.06585205953327,68.76734876065336,0.2985032988799077
national_anchored,district,-1,9204,61.8022151508424,59.62529909469894,2.1769160561434617
national_anchored,district,-1,9205,66.38834400165186,63.6459838942804,2.7423601073714607
national_anchored,district,-1,9206,69.82942430703625,66.71681033918925,3.112613967846997
national_anchored,district,-1,9208,70.52122278425335,64.46594824426361,6.055274539989739
national_anchored,district,-1,9209,69.9691158627862,60.69835967414083,9.270756188645365
national_anchored,district,-1,9210,69.11568610346075,64.04296948020388,5.072716623256866
national_anchored,district,-1,9212,68.38674951770888,67.61668247657823,0.7700670411306447
national_anchored,district,-1,9213,69.45700597729969,66.4375741565739,3.019431820725785
national_anchored,district,-1,9303,59.27101886987274,56.82000051627559,2.4510183535971493
national_anchored,district,-1,9304,47.60887939854976,41.29335527974257,6.31552411880719
national_anchored,district,-1,9305,50.77835771074831,51.394367906779145,-0.6160101960308353
national_anchored,district,-1,9307,60.366416238302364,52.47253076434571,7.893885473956651
national_anchored,district,-1,9308,57.357771541552395,57.046048855156585,0.3117226863958109
national_anchored,district,-1,9312,54.02341278211348,53.59026124687377,0.43315153523970906
national_anchored,district,-1,9401,66.25145450314173,69.55666744240168,-3.3052129392599454
national_anchored,district,-1,9403,56.74043995051901,61.5944172538052,-4.853977303286186
national_anchored,district,-1,9404,62.42738672328832,67.28229371152331,-4.854906988234987
national_anchored,district,-1,9405,61.88995789427755,65.94236097475839,-4.052403080480836
national_anchored,district,-1,9406,68.91582050442187,66.58053402239449,2.335286482027385
national_anchored,district,-1,9407,59.75520287468184,60.968707890402754,-1.2135050157209122
national_anchored,district,-1,9408,68.71235721703012,67.90109034267913,0.8112668743509914
national_anchored,district,-1,9501,62.105432298609784,66.71705389449627,-4.61162159588649
national_anchored,district,-1,9502,60.6999149541133,60.44985466038766,0.25006029372563887
national_anchored,district,-1,9503,61.766141258073226,60.58708699354142,1.179054264531807
national_anchored,district,-1,9504,61.90042222863288,58.80779418321052,3.0926280454223587
national_anchored,district,-1,9506,60.80551265296424,64.50437606431429,-3.6988634113500467
national_anchored,district,-1,9507,60.05704781219452,59.529610878477946,0.5274369337165723
national_anchored,district,-1,9509,54.180048593850366,55.41095316558214,-1.2309045717317773
national_anchored,district,-1,9510,59.05081395174696,57.759873002560916,1.2909409491860444
national_anchored,district,-1,97101,26.956584870045013,30.695513285900972,-3.738928415855959
national_anchored,district,-1,97102,25.939599585155793,30.84051043874284,-4.900910853587046
national_anchored,district,-1,97103,30.16230207774643,36.61357647552643,-6.451274397780001
national_anchored,district,-1,97104,27.686599738105627,30.83806198166739,-3.151462243561763
national_anchored,district,-1,97201,24.991285728513095,28.17572950901305,-3.1844437804999544
national_anchored,district,-1,97202,27.151553184813302,32.92500784436774,-5.773454659554439
national_anchored,district,-1,97203,25.664642039231303,31.17262438182482,-5.507982342593518
national_anchored,district,-1,97204,25.16405676245529,29.577598256378668,-4.413541493923379
national_anchored,district,-1,97301,30.334205418178747,31.719132416237656,-1.3849269980589085
national_anchored,district,-1,97302,23.94220118819857,16.961031114691373,6.981170073507197
national_anchored,district,-1,97401,42.24423187685636,47.59506250917592,-5.350830632319557
national_anchored,district,-1,97402,34.85546917232635,41.525215493940614,-6.669746321614262
national_anchored,district,-1,97403,38.04320331866242,44.91323923711236,-6.870035918449936
national_anchored,district,-1,97404,43.51605177471004,47.971439591686625,-4.455387816976582
national_anchored,district,-1,97405,33.94953440134163,41.64018712211484,-7.690652720773208
national_anchored,district,-1,97406,38.08211904902366,44.525986667453246,-6.443867618429586
national_anchored,district,-1,97407,36.945503772307795,42.0278011655358,-5.082297393228004
national_anchored,district,-1,97501,49.37857565594792,53.205760505030575,-3.8271848490826557
national_anchored,district,-1,97602,38.06459608381475,46.000877042460296,-7.936280958645547
national_anchored,district,-1,98702,33.78799913351145,46.10296772330132,-12.31496858978987
national_anchored,district,-1,98703,37.54563365590774,49.290143130323926,-11.744509474416184
national_anchored,district,-1,98801,52.87969700400359,67.90239082778425,-15.022693823780656
national_anchored,district,-1,98802,55.00116045489832,72.0634488719578,-17.062288417059484
national_anchored,district,-1,ZX01,23.736472826733262,27.89471597891148,-4.158243152178219
national_anchored,district,-1,ZZ01,31.03518944692628,34.88560985515094,-3.8504204082246574
national_anchored,district,-1,ZZ02,20.235839252747787,22.828359395058257,-2.5925201423104696
national_anchored,district,-1,ZZ03,38.07662138775104,46.976356188602665,-8.899734800851625
national_anchored,district,-1,ZZ04,42.32404659609337,45.93992622074298,-3.615879624649615
national_anchored,district,-1,ZZ05,32.86133573444616,36.47036414953854,-3.609028415092382
national_anchored,district,-1,ZZ06,35.08569854644247,36.59434352033853,-1.508644973896061
national_anchored,district,-1,ZZ07,39.70219531584419,45.32807435944475,-5.6258790436005555
national_anchored,district,-1,ZZ08,18.61443235296092,23.31545345300993,-4.701021100049008
national_anchored,district,-1,ZZ09,23.943721383266737,26.968946290657815,-3.0252249073910775
national_anchored,district,-1,ZZ10,27.481006543410476,28.14193491721927,-0.6609283738087939
national_anchored,district,-1,ZZ11,35.701927948078264,35.97816840153318,-0.27624045345491766
