model,scope,draw,district_id,predicted_share,actual_share,error
national,national_draw,0,"",66.70066756952568,62.969101950749284,3.7315656187763935
national,national_draw,1,"",72.18136843316015,62.969101950749284,9.212266482410861
national,national_draw,2,"",61.309100776760204,62.969101950749284,-1.6600011739890803
national,national_draw,3,"",61.557796722105216,62.969101950749284,-1.4113052286440677
national,national_draw,4,"",64.64533722859494,62.969101950749284,1.676235277845656
national,national_draw,5,"",63.770475300998584,62.969101950749284,0.8013733502492997
national,national_draw,6,"",66.0443485802107,62.969101950749284,3.075246629461411
national,national_draw,7,"",68.90240492102245,62.969101950749284,5.933302970273168
national,national_draw,8,"",64.49140523884896,62.969101950749284,1.5223032880996712
national,national_draw,9,"",67.26838339141071,62.969101950749284,4.299281440661424
national,national_draw,10,"",77.63423610693218,62.969101950749284,14.665134156182894
national,national_draw,11,"",70.02209412368605,62.969101950749284,7.0529921729367615
national,national_draw,12,"",69.69733356517655,62.969101950749284,6.728231614427266
national,national_draw,13,"",63.46225353875419,62.969101950749284,0.4931515880049062
national,national_draw,14,"",61.32608045370731,62.969101950749284,-1.6430214970419712
national,national_draw,15,"",68.81042705434068,62.969101950749284,5.8413251035913945
national,national_draw,16,"",68.03780327945518,62.969101950749284,5.068701328705892
national,national_draw,17,"",77.44216447577821,62.969101950749284,14.47306252502893
national,national_draw,18,"",59.87251992786453,62.969101950749284,-3.0965820228847534
national,national_draw,19,"",73.36379426439163,62.969101950749284,10.394692313642345
national,national_draw,20,"",66.44657025875703,62.969101950749284,3.477468308007751
national,national_draw,21,"",67.95203929128638,62.969101950749284,4.982937340537099
national,national_draw,22,"",66.42826101493642,62.969101950749284,3.4591590641871406
national,national_draw,23,"",61.035189226334964,62.969101950749284,-1.93391272441432
national,national_draw,24,"",62.8333845655152,62.969101950749284,-0.13571738523408072
national,national_draw,25,"",68.44518857101546,62.969101950749284,5.47608662026618
national,national_draw,26,"",63.04639687492693,62.969101950749284,0.07729492417764305
national,national_draw,27,"",64.47644761152198,62.969101950749284,1.5073456607726925
national,national_draw,28,"",64.84163992933075,62.969101950749284,1.8725379785814695
national,national_draw,29,"",65.98118953716738,62.969101950749284,3.0120875864180974
national,national_draw,30,"",68.26505765068903,62.969101950749284,5.295955699939746
national,national_draw,31,"",68.22545917896153,62.969101950749284,5.256357228212245
national,national_draw,32,"",61.559774914484734,62.969101950749284,-1.4093270362645498
national,national_draw,33,"",65.54505005369164,62.969101950749284,2.5759481029423554
national,national_draw,34,"",64.64022208937325,62.969101950749284,1.6711201386239694
national,national_draw,35,"",58.67394309070607,62.969101950749284,-4.295158860043216
national,national_draw,36,"",70.06614756775015,62.969101950749284,7.097045617000866
national,national_draw,37,"",69.01341452185716,62.969101950749284,6.044312571107874
national,national_draw,38,"",71.59537337504018,62.969101950749284,8.626271424290898
national,national_draw,39,"",62.84613778943211,62.969101950749284,-0.1229641613171708
national,national_draw,40,"",65.19670584110813,62.969101950749284,2.227603890358843
national,national_draw,41,"",62.2301028297638,62.969101950749284,-0.7389991209854827
national,national_draw,42,"",63.423562219424745,62.969101950749284,0.4544602686754615
national,national_draw,43,"",64.24444280864631,62.969101950749284,1.275340857897028
national,national_draw,44,"",73.31118635013095,62.969101950749284,10.342084399381669
national,national_draw,45,"",65.50081887238926,62.969101950749284,2.531716921639976
national,national_draw,46,"",71.40822298793886,62.969101950749284,8.439121037189572
national,national_draw,47,"",68.84363160204106,62.969101950749284,5.874529651291773
national,national_draw,48,"",65.63406640249373,62.969101950749284,2.6649644517444457
national,national_draw,49,"",79.19750436604602,62.969101950749284,16.228402415296735
national,national_draw,50,"",75.33754782949478,62.969101950749284,12.368445878745497
national,national_draw,51,"",73.00886223261193,62.969101950749284,10.039760281862648
national,national_draw,52,"",62.72817335354552,62.969101950749284,-0.24092859720376225
national,national_draw,53,"",67.0072920049012,62.969101950749284,4.038190054151919
national,national_draw,54,"",64.22167397593746,62.969101950749284,1.2525720251881793
national,national_draw,55,"",70.29312725416118,62.969101950749284,7.324025303411894
national,national_draw,56,"",64.14883171582059,62.969101950749284,1.1797297650713077
national,national_draw,57,"",69.55362954559813,62.969101950749284,6.5845275948488435
national,national_draw,58,"",66.51020711489551,62.969101950749284,3.5411051641462237
national,national_draw,59,"",72.9752144959537,62.969101950749284,10.00611254520441
national,national_draw,60,"",66.51230764589359,62.969101950749284,3.5432056951443016
national,national_draw,61,"",72.29694842012255,62.969101950749284,9.327846469373263
national,national_draw,62,"",71.36395718249914,62.969101950749284,8.394855231749851
national,national_draw,63,"",65.33557863939097,62.969101950749284,2.36647668864169
national,national_draw,64,"",63.71408412266556,62.969101950749284,0.744982171916277
national,national_draw,65,"",61.68944923361664,62.969101950749284,-1.2796527171326417
national,national_draw,66,"",62.38565984568854,62.969101950749284,-0.5834421050607475
national,national_draw,67,"",67.08944123313265,62.969101950749284,4.1203392823833624
national,national_draw,68,"",72.43319440051988,62.969101950749284,9.464092449770597
national,national_draw,69,"",61.79598770418402,62.969101950749284,-1.1731142465652624
national,national_draw,70,"",62.99546015236144,62.969101950749284,0.02635820161215463
national,national_draw,71,"",70.72734625215296,62.969101950749284,7.758244301403671
national,national_draw,72,"",70.34162643745857,62.969101950749284,7.372524486709288
national,national_draw,73,"",72.74827635850745,62.969101950749284,9.77917440775817
national,national_draw,74,"",75.77972807079685,62.969101950749284,12.810626120047566
national,national_draw,75,"",63.87857878257333,62.969101950749284,0.909476831824044
national,national_draw,76,"",71.77498724158247,62.969101950749284,8.805885290833182
national,national_draw,77,"",68.48645592616232,62.969101950749284,5.517353975413037
national,national_draw,78,"",67.4615468370285,62.969101950749284,4.492444886279209
national,national_draw,79,"",63.89014093616604,62.969101950749284,0.9210389854167573
national,national_draw,80,"",61.44848370399972,62.969101950749284,-1.5206182467495637
national,national_draw,81,"",66.84270039740893,62.969101950749284,3.873598446659649
national,national_draw,82,"",64.07342265298958,62.969101950749284,1.1043207022402939
national,national_draw,83,"",61.80842007776166,62.969101950749284,-1.1606818729876238
national,national_draw,84,"",71.32211045012095,62.969101950749284,8.353008499371661
national,national_draw,85,"",66.76069428227845,62.969101950749284,3.7915923315291664
national,national_draw,86,"",66.50015457369042,62.969101950749284,3.5310526229411394
national,national_draw,87,"",68.14669619136106,62.969101950749284,5.177594240611775
national,national_draw,88,"",74.9230276573685,62.969101950749284,11.95392570661921
national,national_draw,89,"",59.45673020403611,62.969101950749284,-3.512371746713171
national,national_draw,90,"",65.06319516755994,62.969101950749284,2.0940932168106556
national,national_draw,91,"",68.8217699217303,62.969101950749284,5.85266797098101
national,national_draw,92,"",66.07817867065887,62.969101950749284,3.109076719909588
national,national_draw,93,"",70.81645031543627,62.969101950749284,7.847348364686987
national,national_draw,94,"",71.52504251901772,62.969101950749284,8.555940568268433
national,national_draw,95,"",59.24132882914856,62.969101950749284,-3.727773121600727
national,national_draw,96,"",64.28429519071425,62.969101950749284,1.3151932399649624
national,national_draw,97,"",72.73519997597546,62.969101950749284,9.766098025226178
national,national_draw,98,"",74.07823563890616,62.969101950749284,11.10913368815688
national,national_draw,99,"",67.92326663316435,62.969101950749284,4.954164682415062
national,national_draw,100,"",68.43809754769008,62.969101950749284,5.468995596940793
national,national_draw,101,"",63.7943290233438,62.969101950749284,0.8252270725945152
national,national_draw,102,"",67.33714231159836,62.969101950749284,4.368040360849072
national,national_draw,103,"",71.71741422602854,62.969101950749284,8.748312275279254
national,national_draw,104,"",64.87628714941994,62.969101950749284,1.9071851986706534
national,national_draw,105,"",66.59275336656835,62.969101950749284,3.6236514158190616
national,national_draw,106,"",71.47636098193037,62.969101950749284,8.507259031181086
national,national_draw,107,"",80.12968309058004,62.969101950749284,17.16058113983076
national,national_draw,108,"",62.18077959199794,62.969101950749284,-0.7883223587513442
national,national_draw,109,"",67.34112639566725,62.969101950749284,4.372024444917962
national,national_draw,110,"",63.72631567624668,62.969101950749284,0.7572137254973939
national,national_draw,111,"",58.812005684175375,62.969101950749284,-4.157096266573909
national,national_draw,112,"",60.10826875412359,62.969101950749284,-2.8608331966256912
national,national_draw,113,"",65.83754784103616,62.969101950749284,2.8684458902868712
national,national_draw,114,"",71.13728680504826,62.969101950749284,8.168184854298978
national,national_draw,115,"",68.23209547194996,62.969101950749284,5.262993521200677
national,national_draw,116,"",71.27131914893225,62.969101950749284,8.302217198182966
national,national_draw,117,"",73.01045494292914,62.969101950749284,10.04135299217986
national,national_draw,118,"",66.4943977337902,62.969101950749284,3.52529578304091
national,national_draw,119,"",66.99491733821912,62.969101950749284,4.025815387469841
national,national_draw,120,"",63.15870372677364,62.969101950749284,0.1896017760243538
national,national_draw,121,"",61.11911351867357,62.969101950749284,-1.8499884320757118
national,national_draw,122,"",65.65019663393832,62.969101950749284,2.6810946831890377
national,national_draw,123,"",59.42322558047886,62.969101950749284,-3.5458763702704275
national,national_draw,124,"",72.13893539872313,62.969101950749284,9.16983344797385
national,national_draw,125,"",69.78256434163045,62.969101950749284,6.813462390881163
national,national_draw,126,"",65.62729161295597,62.969101950749284,2.658189662206688
national,national_draw,127,"",64.78447778687315,62.969101950749284,1.81537583612387
national,national_draw,128,"",61.33699398179403,62.969101950749284,-1.6321079689552533
national,national_draw,129,"",71.54050796702555,62.969101950749284,8.571406016276264
national,national_draw,130,"",72.39499936049218,62.969101950749284,9.425897409742895
national,national_draw,131,"",67.09272129307581,62.969101950749284,4.123619342326528
national,national_draw,132,"",61.44520133578075,62.969101950749284,-1.5239006149685324
national,national_draw,133,"",69.41338563147697,62.969101950749284,6.444283680727686
national,national_draw,134,"",62.424411180189345,62.969101950749284,-0.5446907705599386
national,national_draw,135,"",69.52736136674305,62.969101950749284,6.558259415993767
national,national_draw,136,"",67.86200960939841,62.969101950749284,4.892907658649129
national,national_draw,137,"",77.5460461208744,62.969101950749284,14.57694417012511
national,national_draw,138,"",62.60618328462525,62.969101950749284,-0.3629186661240311
national,national_draw,139,"",68.05954723769901,62.969101950749284,5.090445286949723
national,national_draw,140,"",61.468466447791336,62.969101950749284,-1.5006355029579481
national,national_draw,141,"",63.589769619992474,62.969101950749284,0.6206676692431898
national,national_draw,142,"",59.249936389689026,62.969101950749284,-3.719165561060258
national,national_draw,143,"",67.35746668021163,62.969101950749284,4.388364729462346
national,national_draw,144,"",69.1688261164051,62.969101950749284,6.199724165655816
national,national_draw,145,"",60.0534610530045,62.969101950749284,-2.9156408977447867
national,national_draw,146,"",66.20788992220395,62.969101950749284,3.238787971454663
national,national_draw,147,"",66.06084121095935,62.969101950749284,3.091739260210069
national,national_draw,148,"",68.59141322779158,62.969101950749284,5.622311277042293
national,national_draw,149,"",62.531935284532736,62.969101950749284,-0.4371666662165481
national,national_draw,150,"",73.9387973130469,62.969101950749284,10.969695362297621
national,national_draw,151,"",74.18189107297178,62.969101950749284,11.212789122222496
national,national_draw,152,"",72.27886769560831,62.969101950749284,9.309765744859028
national,national_draw,153,"",70.28060254955066,62.969101950749284,7.311500598801381
national,national_draw,154,"",68.62819098646452,62.969101950749284,5.659089035715233
national,national_draw,155,"",70.36789230803784,62.969101950749284,7.398790357288554
national,national_draw,156,"",81.53687958826083,62.969101950749284,18.567777637511547
national,national_draw,157,"",76.68834391573925,62.969101950749284,13.719241964989969
national,national_draw,158,"",61.39265805324311,62.969101950749284,-1.5764438975061736
national,national_draw,159,"",70.54265417880214,62.969101950749284,7.573552228052854
national,national_draw,160,"",61.094747359095855,62.969101950749284,-1.8743545916534288
national,national_draw,161,"",61.17284094670794,62.969101950749284,-1.796261004041341
national,national_draw,162,"",70.16455859914802,62.969101950749284,7.195456648398739
national,national_draw,163,"",65.76540037194172,62.969101950749284,2.7962984211924393
national,national_draw,164,"",63.21578507957746,62.969101950749284,0.2466831288281739
national,national_draw,165,"",64.80746359750927,62.969101950749284,1.838361646759985
national,national_draw,166,"",72.35352195224552,62.969101950749284,9.384420001496231
national,national_draw,167,"",76.98094557549575,62.969101950749284,14.011843624746469
national,national_draw,168,"",76.9881797119221,62.969101950749284,14.019077761172817
national,national_draw,169,"",67.77247851508801,62.969101950749284,4.803376564338727
national,national_draw,170,"",68.74460195272286,62.969101950749284,5.775500001973576
national,national_draw,171,"",63.362736843237535,62.969101950749284,0.3936348924882509
national,national_draw,172,"",71.31430616956655,62.969101950749284,8.345204218817265
national,national_draw,173,"",62.01774376240973,62.969101950749284,-0.9513581883395545
national,national_draw,174,"",64.24747357480068,62.969101950749284,1.2783716240513954
national,national_draw,175,"",67.86181802250518,62.969101950749284,4.892716071755892
national,national_draw,176,"",59.112046916906394,62.969101950749284,-3.85705503384289
national,national_draw,177,"",72.70768071162482,62.969101950749284,9.738578760875534
national,national_draw,178,"",62.63032784972404,62.969101950749284,-0.3387741010252441
national,national_draw,179,"",61.329425145373484,62.969101950749284,-1.6396768053757995
national,national_draw,180,"",63.887417170696004,62.969101950749284,0.9183152199467202
national,national_draw,181,"",72.63490308323095,62.969101950749284,9.665801132481668
national,national_draw,182,"",63.048218104550536,62.969101950749284,0.0791161538012517
national,national_draw,183,"",66.311695394198,62.969101950749284,3.3425934434487132
national,national_draw,184,"",66.0563585393129,62.969101950749284,3.087256588563612
national,national_draw,185,"",67.59210984235192,62.969101950749284,4.623007891602633
national,national_draw,186,"",72.793024593594,62.969101950749284,9.823922642844714
national,national_draw,187,"",68.40658727444307,62.969101950749284,5.437485323693785
national,national_draw,188,"",65.84157578234566,62.969101950749284,2.8724738315963734
national,national_draw,189,"",67.53987125222278,62.969101950749284,4.570769301473497
national,national_draw,190,"",62.79485020894167,62.969101950749284,-0.17425174180761616
national,national_draw,191,"",64.60911807267094,62.969101950749284,1.6400161219216542
national,national_draw,192,"",69.36410394267591,62.969101950749284,6.395001991926627
national,national_draw,193,"",75.66718346654046,62.969101950749284,12.69808151579118
national,national_draw,194,"",73.80511813536371,62.969101950749284,10.83601618461443
national,national_draw,195,"",74.07462549552045,62.969101950749284,11.105523544771167
national,national_draw,196,"",63.93788762154544,62.969101950749284,0.9687856707961586
national,national_draw,197,"",66.44246383606958,62.969101950749284,3.473361885320294
national,national_draw,198,"",71.2692532420715,62.969101950749284,8.300151291322216
national,national_draw,199,"",67.13547979440372,62.969101950749284,4.166377843654438
national,national_draw,200,"",65.50612790678,62.969101950749284,2.5370259560307105
national,national_draw,201,"",64.49462066706909,62.969101950749284,1.5255187163198016
national,national_draw,202,"",60.147924932746655,62.969101950749284,-2.821177018002629
national,national_draw,203,"",65.75703748863837,62.969101950749284,2.7879355378890907
national,national_draw,204,"",65.73745176828817,62.969101950749284,2.7683498175388834
national,national_draw,205,"",64.50185480349543,62.969101950749284,1.5327528527461496
national,national_draw,206,"",66.94842404661111,62.969101950749284,3.979322095861825
national,national_draw,207,"",65.22972572674274,62.969101950749284,2.2606237759934587
national,national_draw,208,"",75.1446059783559,62.969101950749284,12.175504027606614
national,national_draw,209,"",66.44147820229355,62.969101950749284,3.4723762515442687
national,national_draw,210,"",68.52281357863565,62.969101950749284,5.553711627886365
national,national_draw,211,"",67.87188441336521,62.969101950749284,4.902782462615924
national,national_draw,212,"",65.62441319300586,62.969101950749284,2.6553112422565803
national,national_draw,213,"",66.54563684048837,62.969101950749284,3.5765348897390865
national,national_draw,214,"",60.06517555280148,62.969101950749284,-2.9039263979478065
national,national_draw,215,"",69.32534337507181,62.969101950749284,6.356241424322526
national,national_draw,216,"",77.82954394078865,62.969101950749284,14.86044199003937
national,national_draw,217,"",66.60581820772123,62.969101950749284,3.636716256971944
national,national_draw,218,"",68.51988668489327,62.969101950749284,5.550784734143981
national,national_draw,219,"",61.09704640181464,62.969101950749284,-1.8720555489346467
national,national_draw,220,"",65.50688732952547,62.969101950749284,2.537785378776185
national,national_draw,221,"",59.05372371171029,62.969101950749284,-3.9153782390389935
national,national_draw,222,"",77.0207771830813,62.969101950749284,14.051675232332009
national,national_draw,223,"",62.82828789250009,62.969101950749284,-0.14081405824919102
national,national_draw,224,"",72.88428920304678,62.969101950749284,9.915187252297493
national,national_draw,225,"",69.81040907287202,62.969101950749284,6.8413071221227355
national,national_draw,226,"",61.968009651547526,62.969101950749284,-1.0010922992017584
national,national_draw,227,"",70.76482111012416,62.969101950749284,7.795719159374876
national,national_draw,228,"",66.86936329142958,62.969101950749284,3.900261340680295
national,national_draw,229,"",69.22339606511451,62.969101950749284,6.25429411436523
national,national_draw,230,"",60.69229485296733,62.969101950749284,-2.276807097781955
national,national_draw,231,"",61.730054113602584,62.969101950749284,-1.2390478371466997
national,national_draw,232,"",66.23580851827181,62.969101950749284,3.266706567522526
national,national_draw,233,"",69.43187030426007,62.969101950749284,6.462768353510789
national,national_draw,234,"",61.892962988020585,62.969101950749284,-1.0761389627286988
national,national_draw,235,"",63.479293230872656,62.969101950749284,0.5101912801233723
national,national_draw,236,"",64.98561401718035,62.969101950749284,2.016512066431069
national,national_draw,237,"",65.51341051699862,62.969101950749284,2.5443085662493345
national,national_draw,238,"",64.94362186342538,62.969101950749284,1.9745199126760937
national,national_draw,239,"",59.7355214495492,62.969101950749284,-3.2335805012000804
national,national_draw,240,"",60.89110203297007,62.969101950749284,-2.0779999177792163
national,national_draw,241,"",65.89726524482877,62.969101950749284,2.9281632940794893
national,national_draw,242,"",68.5220333814078,62.969101950749284,5.552931430658511
national,national_draw,243,"",61.63922115172853,62.969101950749284,-1.3298807990207564
national,national_draw,244,"",65.8804863878782,62.969101950749284,2.911384437128909
national,national_draw,245,"",65.84692174914956,62.969101950749284,2.8778197984002745
national,national_draw,246,"",64.277928965997,62.969101950749284,1.3088270152477222
national,national_draw,247,"",77.17354349353714,62.969101950749284,14.204441542787855
national,national_draw,248,"",66.53355994138734,62.969101950749284,3.5644579906380542
national,national_draw,249,"",67.46014109705285,62.969101950749284,4.491039146303571
national,national_draw,250,"",62.35719418825083,62.969101950749284,-0.6119077624984541
national,national_draw,251,"",62.929879727980776,62.969101950749284,-0.039222222768508175
national,national_draw,252,"",64.11659433568964,62.969101950749284,1.1474923849403567
national,national_draw,253,"",63.812197386482396,62.969101950749284,0.8430954357331117
national,national_draw,254,"",66.50364930328503,62.969101950749284,3.5345473525357463
national,national_draw,255,"",64.60532095894365,62.969101950749284,1.6362190081943666
national,national_draw,256,"",65.28916152088509,62.969101950749284,2.320059570135804
national,national_draw,257,"",68.26785297270955,62.969101950749284,5.298751021960264
national,national_draw,258,"",72.99254503082575,62.969101950749284,10.023443080076468
national,national_draw,259,"",64.12860891134349,62.969101950749284,1.1595069605942072
national,national_draw,260,"",65.91416874867375,62.969101950749284,2.9450667979244614
national,national_draw,261,"",65.03399547841082,62.969101950749284,2.064893527661532
national,national_draw,262,"",72.78601897647403,62.969101950749284,9.816917025724742
national,national_draw,263,"",65.99880398996557,62.969101950749284,3.029702039216282
national,national_draw,264,"",66.26159888403174,62.969101950749284,3.2924969332824574
national,national_draw,265,"",60.86862865956646,62.969101950749284,-2.1004732911828228
national,national_draw,266,"",66.60938911041796,62.969101950749284,3.6402871596686808
national,national_draw,267,"",59.595141347154545,62.969101950749284,-3.373960603594739
national,national_draw,268,"",62.41170873834052,62.969101950749284,-0.5573932124087619
national,national_draw,269,"",71.43715491709261,62.969101950749284,8.468052966343329
national,national_draw,270,"",71.6199495877177,62.969101950749284,8.650847636968415
national,national_draw,271,"",69.20205374686371,62.969101950749284,6.232951796114428
national,national_draw,272,"",60.743039988639595,62.969101950749284,-2.2260619621096893
national,national_draw,273,"",65.09006349812876,62.969101950749284,2.1209615473794727
national,national_draw,274,"",73.29020873946004,62.969101950749284,10.321106788710757
national,national_draw,275,"",66.15282369419279,62.969101950749284,3.183721743443506
national,national_draw,276,"",67.41271295373691,62.969101950749284,4.44361100298763
national,national_draw,277,"",68.59419470015716,62.969101950749284,5.625092749407877
national,national_draw,278,"",68.76453853099804,62.969101950749284,5.795436580248754
national,national_draw,279,"",60.75852159457818,62.969101950749284,-2.210580356171107
national,national_draw,280,"",69.95841571858277,62.969101950749284,6.989313767833487
national,national_draw,281,"",62.113264832478386,62.969101950749284,-0.8558371182708981
national,national_draw,282,"",66.16667334912518,62.969101950749284,3.197571398375892
national,national_draw,283,"",61.481889071696635,62.969101950749284,-1.4872128790526489
national,national_draw,284,"",65.92816613325874,62.969101950749284,2.959064182509458
national,national_draw,285,"",67.19100075275183,62.969101950749284,4.221898802002549
national,national_draw,286,"",64.37914916907033,62.969101950749284,1.410047218321047
national,national_draw,287,"",62.0911400087239,62.969101950749284,-0.8779619420253866
national,national_draw,288,"",59.045875573915275,62.969101950749284,-3.923226376834009
national,national_draw,289,"",69.69350413558774,62.969101950749284,6.7244021848384605
national,national_draw,290,"",72.12058691421355,62.969101950749284,9.151484963464263
national,national_draw,291,"",63.55281412408122,62.969101950749284,0.5837121733319393
national,national_draw,292,"",64.43690915496583,62.969101950749284,1.4678072042165482
national,national_draw,293,"",69.5022288595924,62.969101950749284,6.533126908843123
national,national_draw,294,"",67.49290014751959,62.969101950749284,4.523798196770308
national,national_draw,295,"",59.6975341543455,62.969101950749284,-3.2715677964037866
national,national_draw,296,"",70.19949666199079,62.969101950749284,7.230394711241509
national,national_draw,297,"",63.5471196076282,62.969101950749284,0.578017656878913
national,national_draw,298,"",61.492334019791485,62.969101950749284,-1.4767679309577986
national,national_draw,299,"",64.10484521175533,62.969101950749284,1.1357432610060485
national,national_draw,300,"",68.6328444705218,62.969101950749284,5.663742519772519
national,national_draw,301,"",65.0944930794313,62.969101950749284,2.1253911286820184
national,national_draw,302,"",63.7777371367348,62.969101950749284,0.8086351859855156
national,national_draw,303,"",71.88913840581101,62.969101950749284,8.920036455061727
national,national_draw,304,"",60.76277343864241,62.969101950749284,-2.2063285121068716
national,national_draw,305,"",60.940845376935556,62.969101950749284,-2.028256573813728
national,national_draw,306,"",61.00505699375374,62.969101950749284,-1.9640449569955436
national,national_draw,307,"",59.45749885988486,62.969101950749284,-3.5116030908644262
national,national_draw,308,"",63.67406323646262,62.969101950749284,0.7049612857133383
national,national_draw,309,"",67.97939235977785,62.969101950749284,5.010290409028563
national,national_draw,310,"",63.329109881061704,62.969101950749284,0.3600079303124204
national,national_draw,311,"",64.75216885019172,62.969101950749284,1.7830668994424386
national,national_draw,312,"",68.03025060096537,62.969101950749284,5.06114865021609
national,national_draw,313,"",59.837371811921955,62.969101950749284,-3.1317301388273293
national,national_draw,314,"",66.23947636855307,62.969101950749284,3.2703744178037866
national,national_draw,315,"",81.36099820372283,62.969101950749284,18.391896252973545
national,national_draw,316,"",66.22166109575839,62.969101950749284,3.2525591450091085
national,national_draw,317,"",68.06343206590756,62.969101950749284,5.094330115158279
national,national_draw,318,"",68.49036152885326,62.969101950749284,5.521259578103972
national,national_draw,319,"",66.58913168180352,62.969101950749284,3.620029731054238
national,national_draw,320,"",61.89140721011651,62.969101950749284,-1.0776947406327722
national,national_draw,321,"",73.5493288584175,62.969101950749284,10.580226907668212
national,national_draw,322,"",67.47161784444017,62.969101950749284,4.502515893690891
national,national_draw,323,"",64.87574701287757,62.969101950749284,1.906645062128284
national,national_draw,324,"",65.8054674236611,62.969101950749284,2.8363654729118153
national,national_draw,325,"",63.20204391360872,62.969101950749284,0.23294196285943514
national,national_draw,326,"",69.00052741794258,62.969101950749284,6.031425467193294
national,national_draw,327,"",74.38184546605808,62.969101950749284,11.412743515308797
national,national_draw,328,"",67.64247411251354,62.969101950749284,4.673372161764256
national,national_draw,329,"",60.28620219586741,62.969101950749284,-2.6828997548818734
national,national_draw,330,"",61.44933084122643,62.969101950749284,-1.519771109522857
national,national_draw,331,"",65.3603325893068,62.969101950749284,2.3912306385575093
national,national_draw,332,"",64.69314854569737,62.969101950749284,1.724046594948085
national,national_draw,333,"",63.19627553232937,62.969101950749284,0.2271735815800895
national,national_draw,334,"",59.712521789258155,62.969101950749284,-3.2565801614911294
national,national_draw,335,"",64.17944637804864,62.969101950749284,1.2103444272993542
national,national_draw,336,"",67.89337676954445,62.969101950749284,4.924274818795162
national,national_draw,337,"",65.3457604440421,62.969101950749284,2.3766584932928154
national,national_draw,338,"",67.02891362452648,62.969101950749284,4.059811673777197
national,national_draw,339,"",65.19875559003812,62.969101950749284,2.229653639288834
national,national_draw,340,"",66.23120812455844,62.969101950749284,3.2621061738091512
national,national_draw,341,"",65.60317705544287,62.969101950749284,2.6340751046935864
national,national_draw,342,"",65.54448452611524,62.969101950749284,2.575382575365957
national,national_draw,343,"",65.68374973128785,62.969101950749284,2.714647780538563
national,national_draw,344,"",65.64063575548332,62.969101950749284,2.6715338047340325
national,national_draw,345,"",74.01136950489261,62.969101950749284,11.04226755414333
national,national_draw,346,"",74.60563280700721,62.969101950749284,11.636530856257927
national,national_draw,347,"",63.709232126887585,62.969101950749284,0.740130176138301
national,national_draw,348,"",62.32064033233262,62.969101950749284,-0.6484616184166612
national,national_draw,349,"",61.04119997657562,62.969101950749284,-1.9279019741736647
national,national_draw,350,"",64.8463626616627,62.969101950749284,1.8772607109134114
national,national_draw,351,"",64.72156111279115,62.969101950749284,1.7524591620418661
national,national_draw,352,"",69.37787280795452,62.969101950749284,6.4087708572052335
national,national_draw,353,"",65.16614196094818,62.969101950749284,2.197040010198897
national,national_draw,354,"",73.49635623657694,62.969101950749284,10.52725428582766
national,national_draw,355,"",63.84806568448146,62.969101950749284,0.8789637337321778
national,national_draw,356,"",62.38056778922506,62.969101950749284,-0.5885341615242226
national,national_draw,357,"",66.96191361051524,62.969101950749284,3.9928116597659553
national,national_draw,358,"",63.33347944719287,62.969101950749284,0.36437749644358775
national,national_draw,359,"",63.266317853874085,62.969101950749284,0.2972159031248012
national,national_draw,360,"",70.92430450322223,62.969101950749284,7.955202552472947
national,national_draw,361,"",56.73026866784024,62.969101950749284,-6.238833282909042
national,national_draw,362,"",69.03802766694784,62.969101950749284,6.068925716198557
national,national_draw,363,"",68.37514624947075,62.969101950749284,5.406044298721461
national,national_draw,364,"",61.51214595117226,62.969101950749284,-1.4569559995770263
national,national_draw,365,"",72.24914402784759,62.969101950749284,9.280042077098308
national,national_draw,366,"",61.406842408169695,62.969101950749284,-1.5622595425795893
national,national_draw,367,"",72.18079367248045,62.969101950749284,9.211691721731164
national,national_draw,368,"",69.15796337038647,62.969101950749284,6.188861419637185
national,national_draw,369,"",65.21322847944246,62.969101950749284,2.2441265286931795
national,national_draw,370,"",78.47624665302891,62.969101950749284,15.507144702279625
national,national_draw,371,"",68.86920037332207,62.969101950749284,5.900098422572789
national,national_draw,372,"",68.92765976679166,62.969101950749284,5.958557816042379
national,national_draw,373,"",73.90592284878907,62.969101950749284,10.936820898039791
national,national_draw,374,"",66.72834379663222,62.969101950749284,3.759241845882933
national,national_draw,375,"",66.2023408271277,62.969101950749284,3.2332388763784152
national,national_draw,376,"",69.37579535971466,62.969101950749284,6.406693408965374
national,national_draw,377,"",62.724507811540086,62.969101950749284,-0.24459413920919815
national,national_draw,378,"",70.75306275308657,62.969101950749284,7.783960802337283
national,national_draw,379,"",65.25987180897891,62.969101950749284,2.2907698582296305
national,national_draw,380,"",68.22709805479519,62.969101950749284,5.257996104045908
national,national_draw,381,"",63.614320441635954,62.969101950749284,0.6452184908866698
national,national_draw,382,"",68.54375887344506,62.969101950749284,5.574656922695773
national,national_draw,383,"",62.1369615920677,62.969101950749284,-0.8321403586815848
national,national_draw,384,"",68.6255734016823,62.969101950749284,5.656471450933019
national,national_draw,385,"",61.75238437390524,62.969101950749284,-1.2167175768440472
national,national_draw,386,"",65.84050474236422,62.969101950749284,2.8714027916149334
national,national_draw,387,"",62.85759837888866,62.969101950749284,-0.11150357186062365
national,national_draw,388,"",63.81947999670101,62.969101950749284,0.8503780459517287
national,national_draw,389,"",65.73372390283552,62.969101950749284,2.7646219520862374
national,national_draw,390,"",63.65898096224125,62.969101950749284,0.6898790114919677
national,national_draw,391,"",65.1909697756903,62.969101950749284,2.2218678249410218
national,national_draw,392,"",71.05125274860828,62.969101950749284,8.082150797858993
national,national_draw,393,"",75.13714793917481,62.969101950749284,12.168045988425526
national,national_draw,394,"",67.84223922698244,62.969101950749284,4.873137276233159
national,national_draw,395,"",64.40021218594667,62.969101950749284,1.4311102351973872
national,national_draw,396,"",62.59012691800697,62.969101950749284,-0.3789750327423107
national,national_draw,397,"",63.12628399285275,62.969101950749284,0.15718204210346443
national,national_draw,398,"",67.9462247444906,62.969101950749284,4.977122793741323
national,national_draw,399,"",67.23570974714939,62.969101950749284,4.266607796400102
national,national_draw,400,"",66.52228401399655,62.969101950749284,3.55318206324727
national,national_draw,401,"",64.05900977875662,62.969101950749284,1.089907828007334
national,national_draw,402,"",63.738101732594146,62.969101950749284,0.7689997818448617
national,national_draw,403,"",63.667595447609195,62.969101950749284,0.6984934968599106
national,national_draw,404,"",70.04294477918675,62.969101950749284,7.073842828437471
national,national_draw,405,"",65.07804199764745,62.969101950749284,2.1089400468981623
national,national_draw,406,"",62.500639680937184,62.969101950749284,-0.4684622698121004
national,national_draw,407,"",63.25771260160944,62.969101950749284,0.28861065086015714
national,national_draw,408,"",61.76038024135286,62.969101950749284,-1.2087217093964213
national,national_draw,409,"",73.52520275952527,62.969101950749284,10.556100808775987
national,national_draw,410,"",67.14971723967422,62.969101950749284,4.180615288924933
national,national_draw,411,"",60.77487342050168,62.969101950749284,-2.1942285302476066
national,national_draw,412,"",68.20283576762948,62.969101950749284,5.233733816880196
national,national_draw,413,"",63.109043480737746,62.969101950749284,0.13994152998846232
national,national_draw,414,"",68.0170080225742,62.969101950749284,5.047906071824919
national,national_draw,415,"",69.01638527284017,62.969101950749284,6.047283322090884
national,national_draw,416,"",64.87127357433441,62.969101950749284,1.9021716235851258
national,national_draw,417,"",64.09059853338157,62.969101950749284,1.1214965826322825
national,national_draw,418,"",72.84088207621285,62.969101950749284,9.871780125463566
national,national_draw,419,"",64.78050062763174,62.969101950749284,1.8113986768824546
national,national_draw,420,"",66.2892774194141,62.969101950749284,3.3201754686648215
national,national_draw,421,"",70.9638891252948,62.969101950749284,7.994787174545515
national,national_draw,422,"",72.46032818280824,62.969101950749284,9.491226232058956
national,national_draw,423,"",71.05995494845747,62.969101950749284,8.09085299770819
national,national_draw,424,"",65.8982208710191,62.969101950749284,2.929118920269822
national,national_draw,425,"",69.46785401605023,62.969101950749284,6.498752065300941
national,national_draw,426,"",71.33535764506377,62.969101950749284,8.366255694314482
national,national_draw,427,"",73.03631917351538,62.969101950749284,10.067217222766097
national,national_draw,428,"",67.78600962795696,62.969101950749284,4.8169076772076735
national,national_draw,429,"",67.87299007748398,62.969101950749284,4.903888126734692
national,national_draw,430,"",69.18938823742805,62.969101950749284,6.220286286678764
national,national_draw,431,"",73.88260926298624,62.969101950749284,10.913507312236952
national,national_draw,432,"",61.45209153910961,62.969101950749284,-1.5170104116396743
national,national_draw,433,"",67.56956029584617,62.969101950749284,4.6004583450968894
national,national_draw,434,"",69.84355360540103,62.969101950749284,6.874451654651743
national,national_draw,435,"",67.98612329207498,62.969101950749284,5.0170213413256946
national,national_draw,436,"",65.82893797221986,62.969101950749284,2.859836021470578
national,national_draw,437,"",64.2309878688795,62.969101950749284,1.2618859181302113
national,national_draw,438,"",66.44911167043712,62.969101950749284,3.4800097196878355
national,national_draw,439,"",73.06263813443856,62.969101950749284,10.093536183689274
national,national_draw,440,"",70.06810729392308,62.969101950749284,7.099005343173793
national,national_draw,441,"",66.98394379496104,62.969101950749284,4.014841844211752
national,national_draw,442,"",63.18654614973938,62.969101950749284,0.21744419899009415
national,national_draw,443,"",68.93360357703348,62.969101950749284,5.964501626284196
national,national_draw,444,"",63.23865547642248,62.969101950749284,0.2695535256731958
national,national_draw,445,"",68.80915750263853,62.969101950749284,5.840055551889243
national,national_draw,446,"",66.32839807804646,62.969101950749284,3.3592961272971777
national,national_draw,447,"",61.244399805467744,62.969101950749284,-1.7247021452815403
national,national_draw,448,"",66.61894075576967,62.969101950749284,3.649838805020387
national,national_draw,449,"",64.82116552278903,62.969101950749284,1.8520635720397465
national,national_draw,450,"",75.31356484370353,62.969101950749284,12.344462892954247
national,national_draw,451,"",63.51748134607289,62.969101950749284,0.5483793953236074
national,national_draw,452,"",68.554046858784,62.969101950749284,5.584944908034721
national,national_draw,453,"",65.00016769623848,62.969101950749284,2.031065745489194
national,national_draw,454,"",64.86967393918972,62.969101950749284,1.90057198844044
national,national_draw,455,"",66.81696543026872,62.969101950749284,3.8478634795194395
national,national_draw,456,"",68.04671091585251,62.969101950749284,5.077608965103231
national,national_draw,457,"",58.89349012897006,62.969101950749284,-4.075611821779226
national,national_draw,458,"",63.51860316812241,62.969101950749284,0.5495012173731268
national,national_draw,459,"",62.3593039523522,62.969101950749284,-0.6097979983970845
national,national_draw,460,"",63.63891281224422,62.969101950749284,0.6698108614949376
national,national_draw,461,"",67.94727270171383,62.969101950749284,4.978170750964544
national,national_draw,462,"",73.18485210611357,62.969101950749284,10.215750155364283
national,national_draw,463,"",64.42934031854529,62.969101950749284,1.460238367796002
national,national_draw,464,"",71.24765932175609,62.969101950749284,8.278557371006805
national,national_draw,465,"",76.43509605047313,62.969101950749284,13.46599409972385
national,national_draw,466,"",63.65569859402227,62.969101950749284,0.6865966432729849
national,national_draw,467,"",71.17472703888214,62.969101950749284,8.205625088132855
national,national_draw,468,"",59.513370676157926,62.969101950749284,-3.4557312745913578
national,national_draw,469,"",67.16137864912727,62.969101950749284,4.192276698377988
national,national_draw,470,"",66.93634945578589,62.969101950749284,3.967247505036603
national,national_draw,471,"",68.43000934920957,62.969101950749284,5.460907398460286
national,national_draw,472,"",54.956998090986644,62.969101950749284,-8.01210385976264
national,national_draw,473,"",80.23020850263094,62.969101950749284,17.26110655188166
national,national_draw,474,"",72.19106780816446,62.969101950749284,9.221965857415178
national,national_draw,475,"",64.31319249573068,62.969101950749284,1.3440905449813911
national,national_draw,476,"",68.55427076153873,62.969101950749284,5.5851688107894475
national,national_draw,477,"",63.98231500629271,62.969101950749284,1.0132130555434244
national,national_draw,478,"",82.13557939650545,62.969101950749284,19.166477445756165
national,national_draw,479,"",71.97717373738871,62.969101950749284,9.008071786639427
national,national_draw,480,"",68.79392288221291,62.969101950749284,5.824820931463627
national,national_draw,481,"",58.64570826085058,62.969101950749284,-4.323393689898701
national,national_draw,482,"",68.18756190651487,62.969101950749284,5.218459955765589
national,national_draw,483,"",65.0701684688184,62.969101950749284,2.1010665180691106
national,national_draw,484,"",63.225576785614656,62.969101950749284,0.25647483486537226
national,national_draw,485,"",63.084081785997945,62.969101950749284,0.11497983524866129
national,national_draw,486,"",66.903929721865,62.969101950749284,3.934827771115714
national,national_draw,487,"",62.633409397946494,62.969101950749284,-0.3356925528027901
national,national_draw,488,"",69.33731178520921,62.969101950749284,6.368209834459925
national,national_draw,489,"",66.58193678606615,62.969101950749284,3.6128348353168676
national,national_draw,490,"",65.69837958344809,62.969101950749284,2.7292776326988033
national,national_draw,491,"",68.00698318067897,62.969101950749284,5.037881229929688
national,national_draw,492,"",70.44257888053654,62.969101950749284,7.47347692978726
national,national_draw,493,"",64.59208992193157,62.969101950749284,1.6229879711822903
national,national_draw,494,"",68.1053041893198,62.969101950749284,5.136202238570512
national,national_draw,495,"",76.20025206833631,62.969101950749284,13.231150117587028
national,national_draw,496,"",69.08589438266998,62.969101950749284,6.116792431920693
national,national_draw,497,"",66.1424895433374,62.969101950749284,3.1733875925881208
national,national_draw,498,"",64.53295189537029,62.969101950749284,1.5638499446210048
national,national_draw,499,"",67.76439724143496,62.969101950749284,4.795295290685679
national,national_draw,500,"",66.69454833032138,62.969101950749284,3.725446379572098
national,national_draw,501,"",67.8799195215018,62.969101950749284,4.910817570752521
national,national_draw,502,"",69.07102677810006,62.969101950749284,6.1019248273507785
national,national_draw,503,"",68.87874047729466,62.969101950749284,5.909638526545372
national,national_draw,504,"",65.47397131630282,62.969101950749284,2.504869365553539
national,national_draw,505,"",62.16494020330693,62.969101950749284,-0.8041617474423575
national,national_draw,506,"",71.8659240758685,62.969101950749284,8.896822125119222
national,national_draw,507,"",80.30501279719657,62.969101950749284,17.335910846447284
national,national_draw,508,"",65.3431451675357,62.969101950749284,2.3740432167864114
national,national_draw,509,"",73.33761149174195,62.969101950749284,10.368509540992669
national,national_draw,510,"",79.17714768157123,62.969101950749284,16.208045730821944
national,national_draw,511,"",64.77336574706574,62.969101950749284,1.8042637963164552
national,national_draw,512,"",70.48926145076197,62.969101950749284,7.520159500012689
national,national_draw,513,"",67.48570986833387,62.969101950749284,4.516607917584587
national,national_draw,514,"",69.60753932742244,62.969101950749284,6.63843737667316
national,national_draw,515,"",68.28332303726903,62.969101950749284,5.314221086519744
national,national_draw,516,"",76.03126781195465,62.969101950749284,13.062165861205365
national,national_draw,517,"",65.24165489619118,62.969101950749284,2.2725529454418947
national,national_draw,518,"",77.34248158440236,62.969101950749284,14.37337963365308
national,national_draw,519,"",64.16257519006517,62.969101950749284,1.1934732393158853
national,national_draw,520,"",62.334201452787255,62.969101950749284,-0.634900497962029
national,national_draw,521,"",58.31935499202386,62.969101950749284,-4.649746958725423
national,national_draw,522,"",64.23298914401722,62.969101950749284,1.2638871932679407
national,national_draw,523,"",69.80403361505148,62.969101950749284,6.8349316643021965
national,national_draw,524,"",62.24083169578476,62.969101950749284,-0.7282702549645208
national,national_draw,525,"",71.20967202655237,62.969101950749284,8.240570075803085
national,national_draw,526,"",61.44656321851577,62.969101950749284,-1.5225387322335138
national,national_draw,527,"",77.33864061343445,62.969101950749284,14.369538662685166
national,national_draw,528,"",66.14703453843104,62.969101950749284,3.1779325876817595
national,national_draw,529,"",71.74550594278305,62.969101950749284,8.77640399203377
national,national_draw,530,"",66.69874708404171,62.969101950749284,3.729645133292429
national,national_draw,531,"",70.50021191126184,62.969101950749284,7.531109960512559
national,national_draw,532,"",69.34004247550672,62.969101950749284,6.370940524757437
national,national_draw,533,"",71.26989494275003,62.969101950749284,8.300792992000744
national,national_draw,534,"",64.01594658502017,62.969101950749284,1.0468446342708901
national,national_draw,535,"",64.57854957595934,62.969101950749284,1.6094476252100591
national,national_draw,536,"",77.05482425145674,62.969101950749284,14.085722300707452
national,national_draw,537,"",64.52934406026041,62.969101950749284,1.5602421095111296
national,national_draw,538,"",71.00256890324513,62.969101950749284,8.03346695249585
national,national_draw,539,"",62.5461588801483,62.969101950749284,-0.42294307060098646
national,national_draw,540,"",68.4396279345601,62.969101950749284,5.470525983810809
national,national_draw,541,"",77.29361538524927,62.969101950749284,14.324513434499984
national,national_draw,542,"",68.50347946035005,62.969101950749284,5.534377509600766
national,national_draw,543,"",61.822835260270445,62.969101950749284,-1.1462666904788392
national,national_draw,544,"",76.80059998551788,62.969101950749284,13.831498034768593
national,national_draw,545,"",69.11213255393939,62.969101950749284,6.143030603190105
national,national_draw,546,"",70.10617537878055,62.969101950749284,7.137073428031265
national,national_draw,547,"",63.29413257752996,62.969101950749284,0.3250306267806735
national,national_draw,548,"",63.4288297048507,62.969101950749284,0.4597277541014151
national,national_draw,549,"",69.44935087706055,62.969101950749284,6.480248926311269
national,national_draw,550,"",58.63842565063197,62.969101950749284,-4.330676300117311
national,national_draw,551,"",63.46078316705553,62.969101950749284,0.4916812163062474
national,national_draw,552,"",75.13048394687651,62.969101950749284,12.161381996127226
national,national_draw,553,"",72.62919933367463,62.969101950749284,9.66009738292535
national,national_draw,554,"",70.20915910458196,62.969101950749284,7.240057153832673
national,national_draw,555,"",61.804934581270345,62.969101950749284,-1.164167369478939
national,national_draw,556,"",73.99603793688246,62.969101950749284,11.026935986133175
national,national_draw,557,"",67.2501064634516,62.969101950749284,4.281004512702317
national,national_draw,558,"",62.17553749760603,62.969101950749284,-0.7935644531432544
national,national_draw,559,"",67.29073211791993,62.969101950749284,4.321630167170646
national,national_draw,560,"",67.93830274186928,62.969101950749284,4.969200791119995
national,national_draw,561,"",67.78017430667877,62.969101950749284,4.81107235592949
national,national_draw,562,"",67.75069762443101,62.969101950749284,4.781595673681728
national,national_draw,563,"",69.61938078238963,62.969101950749284,6.6502788316403425
national,national_draw,564,"",65.93359288971642,62.969101950749284,2.9644909389671383
national,national_draw,565,"",80.4033545803198,62.969101950749284,17.434252629570516
national,national_draw,566,"",68.43982413800498,62.969101950749284,5.470722187255696
national,national_draw,567,"",66.23313553486987,62.969101950749284,3.2640335841205896
national,national_draw,568,"",67.20412560907609,62.969101950749284,4.235023658326803
national,national_draw,569,"",66.31431297898021,62.969101950749284,3.3452110282309278
national,national_draw,570,"",64.40847350511383,62.969101950749284,1.4393715543645484
national,national_draw,571,"",64.6010067914322,62.969101950749284,1.631904840682914
national,national_draw,572,"",67.66367562593919,62.969101950749284,4.694573675189908
national,national_draw,573,"",65.9188176161794,62.969101950749284,2.949715665430112
national,national_draw,574,"",65.87810424722981,62.969101950749284,2.90900229648053
national,national_draw,575,"",74.36221819674307,62.969101950749284,11.393116245993788
national,national_draw,576,"",61.018318038351495,62.969101950749284,-1.9507839123977888
national,national_draw,577,"",69.22105316515513,62.969101950749284,6.2519512144058424
national,national_draw,578,"",71.4409820384056,62.969101950749284,8.47188008765631
national,national_draw,579,"",62.79902126335214,62.969101950749284,-0.17008068739714588
national,national_draw,580,"",62.8725421565607,62.969101950749284,-0.09655979418858607
national,national_draw,581,"",67.63096043271308,62.969101950749284,4.661858481963797
national,national_draw,582,"",66.76455602772876,62.969101950749284,3.7954540769794747
national,national_draw,583,"",77.44317088403663,62.969101950749284,14.474068933287349
national,national_draw,584,"",77.85549588585613,62.969101950749284,14.886393935106845
national,national_draw,585,"",64.2391476239105,62.969101950749284,1.2700456731612135
national,national_draw,586,"",80.47837123626105,62.969101950749284,17.50926928551177
national,national_draw,587,"",74.35122849555422,62.969101950749284,11.38212654480494
national,national_draw,588,"",63.778969756023784,62.969101950749284,0.8098678052745001
national,national_draw,589,"",71.80182094801395,62.969101950749284,8.83271899726467
national,national_draw,590,"",67.9237536793628,62.969101950749284,4.95465172861352
national,national_draw,591,"",68.3733434860537,62.969101950749284,5.404241535304415
national,national_draw,592,"",67.61085765857872,62.969101950749284,4.641755707829439
national,national_draw,593,"",64.99098999156995,62.969101950749284,2.021888040820663
national,national_draw,594,"",67.9386720660008,62.969101950749284,4.969570115251521
national,national_draw,595,"",70.01553631207557,62.969101950749284,7.046434361326284
national,national_draw,596,"",64.5283607347602,62.969101950749284,1.5592587840109147
national,national_draw,597,"",71.61901935256141,62.969101950749284,8.649917401812125
national,national_draw,598,"",62.72124160125186,62.969101950749284,-0.2478603494974223
national,national_draw,599,"",68.81705873077746,62.969101950749284,5.847956780028177
national,national_draw,600,"",74.18842349354821,62.969101950749284,11.21932154279893
national,national_draw,601,"",67.0693592334807,62.969101950749284,4.1002572827314125
national,national_draw,602,"",69.44815980673637,62.969101950749284,6.479057855987087
national,national_draw,603,"",62.815052238936374,62.969101950749284,-0.1540497118129096
national,national_draw,604,"",63.50691867591113,62.969101950749284,0.5378167251618464
national,national_draw,605,"",75.9101156471578,62.969101950749284,12.941013696408511
national,national_draw,606,"",61.191690327070916,62.969101950749284,-1.7774116236783684
national,national_draw,607,"",71.14597053869088,62.969101950749284,8.176868587941591
national,national_draw,608,"",64.0113254168244,62.969101950749284,1.0422234660751215
national,national_draw,609,"",69.27418967457905,62.969101950749284,6.3050877238297645
national,national_draw,610,"",63.28033139638984,62.969101950749284,0.31122944564055643
national,national_draw,611,"",78.54610662078369,62.969101950749284,15.577004670034405
national,national_draw,612,"",68.25123107851488,62.969101950749284,5.282129127765593
national,national_draw,613,"",60.81467502050153,62.969101950749284,-2.1544269302477517
national,national_draw,614,"",70.27064003110263,62.969101950749284,7.301538080353346
national,national_draw,615,"",62.36709438325166,62.969101950749284,-0.6020075674976226
national,national_draw,616,"",63.52002275775298,62.969101950749284,0.550920807003699
national,national_draw,617,"",71.11449950613284,62.969101950749284,8.14539755538356
national,national_draw,618,"",76.70820893746394,62.969101950749284,13.739106986714653
national,national_draw,619,"",67.6133552130182,62.969101950749284,4.644253262268911
national,national_draw,620,"",66.10209009989964,62.969101950749284,3.132988149150357
national,national_draw,621,"",73.62399696470962,62.969101950749284,10.654895013960335
national,national_draw,622,"",64.28814077823381,62.969101950749284,1.3190388274845262
national,national_draw,623,"",63.053898771348635,62.969101950749284,0.08479682059935101
national,national_draw,624,"",57.819366291034015,62.969101950749284,-5.149735659715269
national,national_draw,625,"",67.77026718685048,62.969101950749284,4.801165236101191
national,national_draw,626,"",65.92422128987884,62.969101950749284,2.95511933912956
national,national_draw,627,"",59.52549604905123,62.969101950749284,-3.4436059016980565
national,national_draw,628,"",66.93885855160447,62.969101950749284,3.9697566008551846
national,national_draw,629,"",66.5663536159914,62.969101950749284,3.597251665242119
national,national_draw,630,"",71.84954685891097,62.969101950749284,8.880444908161685
national,national_draw,631,"",72.44478194514664,62.969101950749284,9.47567999439736
national,national_draw,632,"",65.58039668135491,62.969101950749284,2.6112947306056284
national,national_draw,633,"",76.24318830690254,62.969101950749284,13.274086356153255
national,national_draw,634,"",66.86712888043382,62.969101950749284,3.8980269296845407
national,national_draw,635,"",67.25865400882071,62.969101950749284,4.289552058071429
national,national_draw,636,"",75.71744848084174,62.969101950749284,12.748346530092455
national,national_draw,637,"",64.78607049719038,62.969101950749284,1.816968546441096
national,national_draw,638,"",65.02413221582314,62.969101950749284,2.05503026507386
national,national_draw,639,"",67.92065135665796,62.969101950749284,4.951549405908672
national,national_draw,640,"",62.19836634548624,62.969101950749284,-0.7707356052630416
national,national_draw,641,"",65.05110211052813,62.969101950749284,2.0820001597788504
national,national_draw,642,"",79.48968822787872,62.969101950749284,16.520586277129432
national,national_draw,643,"",72.18697523513194,62.969101950749284,9.217873284382655
national,national_draw,644,"",65.15819687556863,62.969101950749284,2.1890949248193508
national,national_draw,645,"",60.903721376889294,62.969101950749284,-2.06538057385999
national,national_draw,646,"",61.27817449729619,62.969101950749284,-1.6909274534530923
national,national_draw,647,"",68.5170428890805,62.969101950749284,5.547940938331216
national,national_draw,648,"",70.1994020226821,62.969101950749284,7.23030007193281
national,national_draw,649,"",62.022738871288674,62.969101950749284,-0.9463630794606104
national,national_draw,650,"",68.72585644477188,62.969101950749284,5.756754494022594
national,national_draw,651,"",72.42897487231714,62.969101950749284,9.459872921567857
national,national_draw,652,"",78.82480091871224,62.969101950749284,15.855698967962958
national,national_draw,653,"",64.32539173345027,62.969101950749284,1.3562897827009905
national,national_draw,654,"",58.12037238305865,62.969101950749284,-4.848729567690633
national,national_draw,655,"",65.89103290010921,62.969101950749284,2.9219309493599255
national,national_draw,656,"",71.10102840843528,62.969101950749284,8.131926457686
national,national_draw,657,"",65.68931960084649,62.969101950749284,2.7202176500972044
national,national_draw,658,"",63.19713882748683,62.969101950749284,0.2280368767375478
national,national_draw,659,"",69.29254046736445,62.969101950749284,6.3234385166151625
national,national_draw,660,"",69.81225800180549,62.969101950749284,6.843156051056205
national,national_draw,661,"",67.09379464133306,62.969101950749284,4.124692690583778
national,national_draw,662,"",66.9019630708646,62.969101950749284,3.9328611201153123
national,national_draw,663,"",63.142370367056714,62.969101950749284,0.17326841630742962
national,national_draw,664,"",62.815255367208714,62.969101950749284,-0.15384658354057024
national,national_draw,665,"",62.75976672472211,62.969101950749284,-0.20933522602717147
national,national_draw,666,"",75.39497311539608,62.969101950749284,12.4258711646468
national,national_draw,667,"",63.67924300740733,62.969101950749284,0.7101410566580455
national,national_draw,668,"",65.53272847735347,62.969101950749284,2.563626526604189
national,national_draw,669,"",63.64469042662685,62.969101950749284,0.6755884758775679
national,national_draw,670,"",68.09042273509495,62.969101950749284,5.121320784345663
national,national_draw,671,"",69.86337938643675,62.969101950749284,6.894277435687464
national,national_draw,672,"",69.72999335978294,62.969101950749284,6.760891409033654
national,national_draw,673,"",57.248190363691705,62.969101950749284,-5.720911587057579
national,national_draw,674,"",61.81004510394039,62.969101950749284,-1.1590568468088946
national,national_draw,675,"",63.53450718853644,62.969101950749284,0.5654052377871537
national,national_draw,676,"",81.0484207250022,62.969101950749284,18.07931877425292
national,national_draw,677,"",66.43417481759253,62.969101950749284,3.4650728668432507
national,national_draw,678,"",64.26413240140853,62.969101950749284,1.2950304506592474
national,national_draw,679,"",72.4330905281079,62.969101950749284,9.463988577358613
national,national_draw,680,"",68.69139157847263,62.969101950749284,5.722289627723349
national,national_draw,681,"",71.04990240725239,62.969101950749284,8.080800456503106
national,national_draw,682,"",70.03712561583933,62.969101950749284,7.068023665090045
national,national_draw,683,"",67.21898167226689,62.969101950749284,4.249879721517608
national,national_draw,684,"",69.49739071346937,62.969101950749284,6.528288762720088
national,national_draw,685,"",63.853628629212636,62.969101950749284,0.8845266784633523
national,national_draw,686,"",65.96438298090693,62.969101950749284,2.995281030157649
national,national_draw,687,"",68.75605792562777,62.969101950749284,5.786955974878488
national,national_draw,688,"",63.40850302796161,62.969101950749284,0.4394010772123238
national,national_draw,689,"",61.39244107531583,62.969101950749284,-1.5766608754334541
national,national_draw,690,"",59.37853043573623,62.969101950749284,-3.5905715150130533
national,national_draw,691,"",74.71609996302374,62.969101950749284,11.746998012274453
national,national_draw,692,"",68.93039507364081,62.969101950749284,5.961293122891526
national,national_draw,693,"",64.26860353167586,62.969101950749284,1.2995015809265809
national,national_draw,694,"",66.13719897515324,62.969101950749284,3.1680970244039557
national,national_draw,695,"",62.058242461707835,62.969101950749284,-0.9108594890414494
national,national_draw,696,"",62.54342357329915,62.969101950749284,-0.4256783774501329
national,national_draw,697,"",62.20548968467313,62.969101950749284,-0.7636122660761515
national,national_draw,698,"",66.85527588408753,62.969101950749284,3.886173933338249
national,national_draw,699,"",60.662321891417825,62.969101950749284,-2.3067800593314587
national,national_draw,700,"",62.068359634635954,62.969101950749284,-0.9007423161133303
national,national_draw,701,"",58.83787222303742,62.969101950749284,-4.131229727711862
national,national_draw,702,"",71.85058558303089,62.969101950749284,8.881483632281608
national,national_draw,703,"",66.84233338155322,62.969101950749284,3.8732314308039335
national,national_draw,704,"",78.05179397004028,62.969101950749284,15.082692019290995
national,national_draw,705,"",62.76880593284132,62.969101950749284,-0.20029601790796647
national,national_draw,706,"",64.78446393721822,62.969101950749284,1.815361986468936
national,national_draw,707,"",66.7293779042005,62.969101950749284,3.7602759534512202
national,national_draw,708,"",61.80220850752448,62.969101950749284,-1.1668934432248008
national,national_draw,709,"",69.8626430464495,62.969101950749284,6.893541095700222
national,national_draw,710,"",65.84199358026946,62.969101950749284,2.8728916295201756
national,national_draw,711,"",66.58097885160001,62.969101950749284,3.6118769008507243
national,national_draw,712,"",64.44846207545527,62.969101950749284,1.479360124705984
national,national_draw,713,"",66.39465251896716,62.969101950749284,3.4255505682178793
national,national_draw,714,"",72.41232066226095,62.969101950749284,9.443218711511669
national,national_draw,715,"",69.19429332354994,62.969101950749284,6.2251913728006585
national,national_draw,716,"",60.414466158472045,62.969101950749284,-2.5546357922772387
national,national_draw,717,"",62.39404119519845,62.969101950749284,-0.5750607555508367
national,national_draw,718,"",72.41724652286524,62.969101950749284,9.448144572115957
national,national_draw,719,"",68.4753969766988,62.969101950749284,5.50629502594952
national,national_draw,720,"",59.91793756293947,62.969101950749284,-3.0511643878098127
national,national_draw,721,"",75.01342666338799,62.969101950749284,12.044324712638705
national,national_draw,722,"",61.206779526119746,62.969101950749284,-1.762322424629538
national,national_draw,723,"",68.26919638923799,62.969101950749284,5.300094438488706
national,national_draw,724,"",59.40878039038437,62.969101950749284,-3.560321560364912
national,national_draw,725,"",63.73625049538485,62.969101950749284,0.7671485446355675
national,national_draw,726,"",65.77052936081834,62.969101950749284,2.80142741006906
national,national_draw,727,"",62.88928869764978,62.969101950749284,-0.07981325309950194
national,national_draw,728,"",67.6213372308109,62.969101950749284,4.6522352800616105
national,national_draw,729,"",63.61036405687693,62.969101950749284,0.6412621061276482
national,national_draw,730,"",69.77760847344048,62.969101950749284,6.8085065226911965
national,national_draw,731,"",71.43227983855643,62.969101950749284,8.463177887807142
national,national_draw,732,"",71.85225677472606,62.969101950749284,8.883154823976774
national,national_draw,733,"",64.50212718004245,62.969101950749284,1.533025229293166
national,national_draw,734,"",71.31387913853946,62.969101950749284,8.344777187790179
national,national_draw,735,"",71.47682494537061,62.969101950749284,8.507722994621325
national,national_draw,736,"",63.05404188444961,62.969101950749284,0.08493993370032626
national,national_draw,737,"",58.97306562965991,62.969101950749284,-3.9960363210893775
national,national_draw,738,"",67.27617843886182,62.969101950749284,4.307076488112536
national,national_draw,739,"",63.30918253588982,62.969101950749284,0.34008058514053374
national,national_draw,740,"",63.65889555603583,62.969101950749284,0.6897936052865461
national,national_draw,741,"",70.80662629353758,62.969101950749284,7.837524342788292
national,national_draw,742,"",71.74690244965541,62.969101950749284,8.777800498906124
national,national_draw,743,"",63.28219186670243,62.969101950749284,0.3130899159531495
national,national_draw,744,"",75.11720905262382,62.969101950749284,12.148107101874537
national,national_draw,745,"",66.60754710631196,62.969101950749284,3.638445155562671
national,national_draw,746,"",75.0072243262541,62.969101950749284,12.03812237550482
national,national_draw,747,"",73.46279390612413,62.969101950749284,10.49369195537485
national,national_draw,748,"",67.31205827823999,62.969101950749284,4.342956327490704
national,national_draw,749,"",68.740306251418,62.969101950749284,5.771204300668721
national,national_draw,750,"",60.89915791558907,62.969101950749284,-2.069944035160212
national,national_draw,751,"",68.64924477023757,62.969101950749284,5.680142819488289
national,national_draw,752,"",66.43479343551284,62.969101950749284,3.4656914847635605
national,national_draw,753,"",72.75946226314119,62.969101950749284,9.790360312391904
national,national_draw,754,"",72.16719331133686,62.969101950749284,9.198091360587576
national,national_draw,755,"",63.188457402120044,62.969101950749284,0.21935545137075962
national,national_draw,756,"",74.22923611835813,62.969101950749284,11.260134167608847
national,national_draw,757,"",69.97043491078826,62.969101950749284,7.001332960038972
national,national_draw,758,"",62.039827037199416,62.969101950749284,-0.9292749135498681
national,national_draw,759,"",73.44918662015306,62.969101950749284,10.480084669403773
national,national_draw,760,"",69.57503880384778,62.969101950749284,6.605936853098491
national,national_draw,761,"",63.284428585974005,62.969101950749284,0.3153266352247215
national,national_draw,762,"",67.70564008038433,62.969101950749284,4.7365381296350435
national,national_draw,763,"",70.20230583366624,62.969101950749284,7.2332038829169605
national,national_draw,764,"",65.75680204450452,62.969101950749284,2.787700093755241
national,national_draw,765,"",67.90197971353328,62.969101950749284,4.9328777627839955
national,national_draw,766,"",68.84290218688129,62.969101950749284,5.873800236132006
national,national_draw,767,"",65.45361463182805,62.969101950749284,2.484512681078762
national,national_draw,768,"",63.04180340604102,62.969101950749284,0.07270145529173533
national,national_draw,769,"",65.14004921105555,62.969101950749284,2.1709472603062707
national,national_draw,770,"",64.52642870789714,62.969101950749284,1.5573267571478553
national,national_draw,771,"",69.31463759180907,62.969101950749284,6.34553564105979
national,national_draw,772,"",76.46637087958628,62.969101950749284,13.497268928836995
national,national_draw,773,"",61.15009288848149,62.969101950749284,-1.8190090622677957
national,national_draw,774,"",79.06158154426376,62.969101950749284,16.092479593514476
national,national_draw,775,"",62.2431907536749,62.969101950749284,-0.7259111970743817
national,national_draw,776,"",66.4631921529517,62.969101950749284,3.494090202202422
national,national_draw,777,"",83.07411742092926,62.969101950749284,20.10501547017997
national,national_draw,778,"",64.26470485381239,62.969101950749284,1.2956029030631058
national,national_draw,779,"",63.89073647132813,62.969101950749284,0.9216345205788485
national,national_draw,780,"",68.0320741388648,62.969101950749284,5.062972188115516
national,national_draw,781,"",64.40496261758848,62.969101950749284,1.435860666839197
national,national_draw,782,"",62.65263271899265,62.969101950749284,-0.3164692317566349
national,national_draw,783,"",77.78714091393735,62.969101950749284,14.818038963188066
national,national_draw,784,"",68.7956379311487,62.969101950749284,5.82653598039942
national,national_draw,785,"",68.07249435678497,62.969101950749284,5.103392406035688
national,national_draw,786,"",64.87933176522922,62.969101950749284,1.9102298144799406
national,national_draw,787,"",79.35770332464891,62.969101950749284,16.388601373899625
national,national_draw,788,"",75.57691372396701,62.969101950749284,12.607811773217726
national,national_draw,789,"",65.40459377819487,62.969101950749284,2.4354918274455812
national,national_draw,790,"",60.57615857153181,62.969101950749284,-2.3929433792174706
national,national_draw,791,"",74.1994385857711,62.969101950749284,11.230336635021821
national,national_draw,792,"",67.95820931255876,62.969101950749284,4.989107361809481
national,national_draw,793,"",56.34753345378378,62.969101950749284,-6.6215684969655015
national,national_draw,794,"",65.53641710211713,62.969101950749284,2.5673151513678434
national,national_draw,795,"",65.69847653103261,62.969101950749284,2.729374580283327
national,national_draw,796,"",61.72110261996462,62.969101950749284,-1.2479993307846655
national,national_draw,797,"",64.00447907073617,62.969101950749284,1.035377119986883
national,national_draw,798,"",68.80907209643313,62.969101950749284,5.839970145683843
national,national_draw,799,"",64.05177795060608,62.969101950749284,1.0826759998567965
national,national_draw,800,"",64.92419772238269,62.969101950749284,1.9550957716334025
national,national_draw,801,"",58.925450516002364,62.969101950749284,-4.04365143474692
national,national_draw,802,"",66.81460175582694,62.969101950749284,3.845499805077658
national,national_draw,803,"",60.682953260715436,62.969101950749284,-2.2861486900338477
national,national_draw,804,"",71.32898449551904,62.969101950749284,8.359882544769754
national,national_draw,805,"",67.57900114395842,62.969101950749284,4.609899193209138
national,national_draw,806,"",71.10082989671457,62.969101950749284,8.131727945965288
national,national_draw,807,"",69.02119802792916,62.969101950749284,6.0520960771798755
national,national_draw,808,"",68.44179078900538,62.969101950749284,5.472688838256097
national,national_draw,809,"",67.7168213684664,62.969101950749284,4.747719417717114
national,national_draw,810,"",75.03196904306664,62.969101950749284,12.062867092317354
national,national_draw,811,"",76.13436002671968,62.969101950749284,13.165258075970392
national,national_draw,812,"",63.83422526265235,62.969101950749284,0.8651233119030692
national,national_draw,813,"",73.92707358014665,62.969101950749284,10.95797162939737
national,national_draw,814,"",62.69687082512251,62.969101950749284,-0.27223112562677443
national,national_draw,815,"",64.30016227871512,62.969101950749284,1.3310603279658366
national,national_draw,816,"",73.1525293197772,62.969101950749284,10.183427369027918
national,national_draw,817,"",63.10983060279307,62.969101950749284,0.1407286520437836
national,national_draw,818,"",62.25936715063594,62.969101950749284,-0.7097348001133454
national,national_draw,819,"",65.16358669961315,62.969101950749284,2.1944847488638644
national,national_draw,820,"",62.782399369157446,62.969101950749284,-0.18670258159183817
national,national_draw,821,"",73.10291754753358,62.969101950749284,10.133815596784295
national,national_draw,822,"",66.37890546130903,62.969101950749284,3.4098035105597475
national,national_draw,823,"",61.74826871811449,62.969101950749284,-1.2208332326347957
national,national_draw,824,"",71.66990760133464,62.969101950749284,8.700805650585359
national,national_draw,825,"",72.47476413979943,62.969101950749284,9.505662189050149
national,national_draw,826,"",67.97631773638285,62.969101950749284,5.007215785633569
national,national_draw,827,"",68.35268672572205,62.969101950749284,5.383584774972768
national,national_draw,828,"",67.60858862344563,62.969101950749284,4.639486672696343
national,national_draw,829,"",73.09232025323448,62.969101950749284,10.123218302485192
national,national_draw,830,"",66.02388340677228,62.969101950749284,3.054781456023001
national,national_draw,831,"",66.70130696192838,62.969101950749284,3.732205011179097
national,national_draw,832,"",71.70468639314568,62.969101950749284,8.735584442396394
national,national_draw,833,"",66.52182235883214,62.969101950749284,3.5527204080828554
national,national_draw,834,"",63.47958869017789,62.969101950749284,0.5104867394286075
national,national_draw,835,"",66.73112065244617,62.969101950749284,3.7620187016968814
national,national_draw,836,"",65.36993270845075,62.969101950749284,2.4008307577014634
national,national_draw,837,"",66.03240556110734,62.969101950749284,3.063303610358055
national,national_draw,838,"",65.54433679646263,62.969101950749284,2.5752348457133465
national,national_draw,839,"",63.531566445139134,62.969101950749284,0.5624644943898502
national,national_draw,840,"",69.31966732482535,62.969101950749284,6.350565374076062
national,national_draw,841,"",69.34450668094658,62.969101950749284,6.375404730197296
national,national_draw,842,"",61.23271300498063,62.969101950749284,-1.7363889457686525
national,national_draw,843,"",73.53941019721009,62.969101950749284,10.570308246460804
national,national_draw,844,"",68.48878497646677,62.969101950749284,5.519683025717491
national,national_draw,845,"",71.12268003564624,62.969101950749284,8.153578084896957
national,national_draw,846,"",68.77484267426772,62.969101950749284,5.805740723518433
national,national_draw,847,"",67.56808992414751,62.969101950749284,4.598987973398231
national,national_draw,848,"",65.83804181206207,62.969101950749284,2.868939861312789
national,national_draw,849,"",62.61630738238082,62.969101950749284,-0.35279456836846634
national,national_draw,850,"",75.74348583211462,62.969101950749284,12.774383881365331
national,national_draw,851,"",61.61763646451641,62.969101950749284,-1.3514654862328754
national,national_draw,852,"",73.31303527906444,62.969101950749284,10.343933328315153
national,national_draw,853,"",70.09445857070776,62.969101950749284,7.125356619958474
national,national_draw,854,"",63.99509362124365,62.969101950749284,1.0259916704943635
national,national_draw,855,"",71.3657207052272,62.969101950749284,8.39661875447792
national,national_draw,856,"",68.72781847922063,62.969101950749284,5.758716528471346
national,national_draw,857,"",74.47949938298633,62.969101950749284,11.510397432237049
national,national_draw,858,"",76.12538314204768,62.969101950749284,13.156281191298397
national,national_draw,859,"",71.30148600565079,62.969101950749284,8.332384054901503
national,national_draw,860,"",55.517754461268154,62.969101950749284,-7.45134748948113
national,national_draw,861,"",58.756997163059765,62.969101950749284,-4.212104787689519
national,national_draw,862,"",67.4776055119226,62.969101950749284,4.50850356117332
national,national_draw,863,"",70.08757067565472,62.969101950749284,7.1184687249054335
national,national_draw,864,"",65.81541840073002,62.969101950749284,2.8463164499807405
national,national_draw,865,"",65.43036798602404,62.969101950749284,2.461266035274754
national,national_draw,866,"",66.36957771871208,62.969101950749284,3.4004757679627957
national,national_draw,867,"",65.07180041982458,62.969101950749284,2.1026984690752997
national,national_draw,868,"",65.77500972418898,62.969101950749284,2.805907773439692
national,national_draw,869,"",67.53590332608465,62.969101950749284,4.566801375335366
national,national_draw,870,"",61.93883073688081,62.969101950749284,-1.030271213868474
national,national_draw,871,"",64.12495491071716,62.969101950749284,1.1558529599678806
national,national_draw,872,"",62.87091482210615,62.969101950749284,-0.09818712864313284
national,national_draw,873,"",70.34262592088952,62.969101950749284,7.3735239701402335
national,national_draw,874,"",58.7293093945741,62.969101950749284,-4.239792556175182
national,national_draw,875,"",65.52003065205629,62.969101950749284,2.550928701307008
national,national_draw,876,"",65.0408441327749,62.969101950749284,2.0717421820256092
national,national_draw,877,"",66.655129904108,62.969101950749284,3.6860279533587104
national,national_draw,878,"",63.341216787748436,62.969101950749284,0.3721148369991525
national,national_draw,879,"",70.46314792638697,62.969101950749284,7.4940459756376825
national,national_draw,880,"",64.51845823148355,62.969101950749284,1.5493562807342656
national,national_draw,881,"",75.88580026964816,62.969101950749284,12.916698318898874
national,national_draw,882,"",72.21404438569728,62.969101950749284,9.244942434947994
national,national_draw,883,"",68.21455950052973,62.969101950749284,5.245457549780447
national,national_draw,884,"",65.17887902693433,62.969101950749284,2.2097770761850413
national,national_draw,885,"",63.935258495384105,62.969101950749284,0.9661565446348206
national,national_draw,886,"",61.09706717629704,62.969101950749284,-1.8720347744522456
national,national_draw,887,"",67.17701490954595,62.969101950749284,4.207912958796662
national,national_draw,888,"",69.81415771280705,62.969101950749284,6.845055762057761
national,national_draw,889,"",70.28737272253677,62.969101950749284,7.318270771787489
national,national_draw,890,"",60.3886527099539,62.969101950749284,-2.5804492407953816
national,national_draw,891,"",65.11524447907165,62.969101950749284,2.1461425283223647
national,national_draw,892,"",65.42419565647583,62.969101950749284,2.455093705726547
national,national_draw,893,"",64.5032213027821,62.969101950749284,1.5341193520328105
national,national_draw,894,"",63.44330490253086,62.969101950749284,0.474202951781578
national,national_draw,895,"",64.68889208508148,62.969101950749284,1.719790134332193
national,national_draw,896,"",61.6523160004671,62.969101950749284,-1.3167859502821813
national,national_draw,897,"",73.81674492067944,62.969101950749284,10.847642969930156
national,national_draw,898,"",63.686343263836,62.969101950749284,0.717241313086717
national,national_draw,899,"",69.60261346681816,62.969101950749284,6.633511516068872
national,national_draw,900,"",66.33915464337727,62.969101950749284,3.3700526926279863
national,national_draw,901,"",63.74184113942588,62.969101950749284,0.7727391886765957
national,national_draw,902,"",64.56329648932714,62.969101950749284,1.5941945385778595
national,national_draw,903,"",73.55978765616726,62.969101950749284,10.590685705417975
national,national_draw,904,"",63.99873146393923,62.969101950749284,1.0296295131899456
national,national_draw,905,"",61.234351880814295,62.969101950749284,-1.7347500699349894
national,national_draw,906,"",66.18195644334305,62.969101950749284,3.2128544925937703
national,national_draw,907,"",68.31171944643206,62.969101950749284,5.342617495682781
national,national_draw,908,"",66.01035921873081,62.969101950749284,3.0412572679815284
national,national_draw,909,"",71.03910429295676,62.969101950749284,8.07000234220748
national,national_draw,910,"",63.75936787774281,62.969101950749284,0.790265926993527
national,national_draw,911,"",62.54866335941524,62.969101950749284,-0.4204385913340474
national,national_draw,912,"",64.91885406385461,62.969101950749284,1.9497521131053261
national,national_draw,913,"",64.31069032473955,62.969101950749284,1.3415883739902696
national,national_draw,914,"",68.99582546009304,62.969101950749284,6.0267235093437606
national,national_draw,915,"",63.81379240507544,62.969101950749284,0.8446904543261553
national,national_draw,916,"",71.01757038781273,62.969101950749284,8.048468437063441
national,national_draw,917,"",61.331601849473685,62.969101950749284,-1.6375001012755988
national,national_draw,918,"",58.22129481855094,62.969101950749284,-4.747807132198346
national,national_draw,919,"",66.12638008637522,62.969101950749284,3.157278135625937
national,national_draw,920,"",70.86043912777735,62.969101950749284,7.8913371770280705
national,national_draw,921,"",62.74762750217388,62.969101950749284,-0.22147444857540677
national,national_draw,922,"",62.76544508324439,62.969101950749284,-0.20365686750489687
national,national_draw,923,"",65.00678090646869,62.969101950749284,2.0376789557194073
national,national_draw,924,"",64.75412165153719,62.969101950749284,1.785019700787906
national,national_draw,925,"",73.42014389375984,62.969101950749284,10.451041943010559
national,national_draw,926,"",64.42482071448569,62.969101950749284,1.4557187637364066
national,national_draw,927,"",62.67783678269376,62.969101950749284,-0.29126516805552427
national,national_draw,928,"",65.06767783920638,62.969101950749284,2.0985758884570984
national,national_draw,929,"",67.44373156423381,62.969101950749284,4.474629613484531
national,national_draw,930,"",61.44259298410182,62.969101950749284,-1.5265089666474623
national,national_draw,931,"",67.05879194676729,62.969101950749284,4.089689996018002
national,national_draw,932,"",61.01051606607292,62.969101950749284,-1.958585884676367
national,national_draw,933,"",70.53999735333095,62.969101950749284,7.570895402581662
national,national_draw,934,"",62.75455002136424,62.969101950749284,-0.21455192938504553
national,national_draw,935,"",63.742653652515244,62.969101950749284,0.7735517017659603
national,national_draw,936,"",67.83637158984274,62.969101950749284,4.867269639093458
national,national_draw,937,"",66.58202680882322,62.969101950749284,3.6129248580739315
national,national_draw,938,"",74.44215148018533,62.969101950749284,11.473049529436047
national,national_draw,939,"",65.95283467696915,62.969101950749284,2.9837327262198627
national,national_draw,940,"",68.84637152544185,62.969101950749284,5.877269574692569
national,national_draw,941,"",69.0406498682817,62.969101950749284,6.0715479175324205
national,national_draw,942,"",68.11719642635508,62.969101950749284,5.148094475605795
national,national_draw,943,"",61.39063138707134,62.969101950749284,-1.5784705636779464
national,national_draw,944,"",66.07288117764723,62.969101950749284,3.1037792268979487
national,national_draw,945,"",72.07022495232775,62.969101950749284,9.101123001578465
national,national_draw,946,"",63.95247592474088,62.969101950749284,0.983373973991597
national,national_draw,947,"",64.59898935836372,62.969101950749284,1.62988740761444
national,national_draw,948,"",71.20290416184208,62.969101950749284,8.2338022110928
national,national_draw,949,"",66.78730177767939,62.969101950749284,3.8181998269301047
national,national_draw,950,"",59.24435036219964,62.969101950749284,-3.724751588549644
national,national_draw,951,"",65.44670134574096,62.969101950749284,2.477599394991678
national,national_draw,952,"",72.33105319539354,62.969101950749284,9.361951244644253
national,national_draw,953,"",61.76511220678809,62.969101950749284,-1.2039897439611948
national,national_draw,954,"",62.77041941764093,62.969101950749284,-0.1986825331083537
national,national_draw,955,"",61.54095554170744,62.969101950749284,-1.4281464090418439
national,national_draw,956,"",59.82390302250021,62.969101950749284,-3.145198928249073
national,national_draw,957,"",69.86032322924834,62.969101950749284,6.891221278499053
national,national_draw,958,"",69.66096898787576,62.969101950749284,6.691867037126478
national,national_draw,959,"",74.17735069442978,62.969101950749284,11.208248743680493
national,national_draw,960,"",67.03086642587195,62.969101950749284,4.061764475122665
national,national_draw,961,"",63.943388242829414,62.969101950749284,0.9742862920801301
national,national_draw,962,"",63.66910044344518,62.969101950749284,0.6999984926958973
national,national_draw,963,"",63.46961924690239,62.969101950749284,0.5005172961531059
national,national_draw,964,"",64.30277063039405,62.969101950749284,1.3336686796447665
national,national_draw,965,"",69.75030387874128,62.969101950749284,6.781201927991994
national,national_draw,966,"",63.770916181680604,62.969101950749284,0.8018142309313205
national,national_draw,967,"",73.65936898340694,62.969101950749284,10.690267032657651
national,national_draw,968,"",67.25430290889611,62.969101950749284,4.285200958146824
national,national_draw,969,"",64.05276589265793,62.969101950749284,1.0836639419086467
national,national_draw,970,"",75.08086294152959,62.969101950749284,12.111760990780304
national,national_draw,971,"",66.13160602283638,62.969101950749284,3.1625040720870956
national,national_draw,972,"",65.60694185330865,62.969101950749284,2.637839902559371
national,national_draw,973,"",81.06166330339339,62.969101950749284,18.092561352644104
national,national_draw,974,"",72.64920977677612,62.969101950749284,9.680107826026834
national,national_draw,975,"",62.78630728012421,62.969101950749284,-0.18279467062507138
national,national_draw,976,"",62.61267646451272,62.969101950749284,-0.3564254862365672
national,national_draw,977,"",64.38292781659105,62.969101950749284,1.4138258658417655
national,national_draw,978,"",75.2176282839869,62.969101950749284,12.248526333237614
national,national_draw,979,"",65.95026094942754,62.969101950749284,2.9811589986782607
national,national_draw,980,"",62.84616318046615,62.969101950749284,-0.1229387702831346
national,national_draw,981,"",77.76686501911634,62.969101950749284,14.797763068367054
national,national_draw,982,"",63.90415909523344,62.969101950749284,0.9350571444841549
national,national_draw,983,"",66.75830060025098,62.969101950749284,3.7891986495016923
national,national_draw,984,"",76.36898241437756,62.969101950749284,13.399880463628271
national,national_draw,985,"",62.05173774044126,62.969101950749284,-0.9173642103080226
national,national_draw,986,"",58.62301790951969,62.969101950749284,-4.346084041229595
national,national_draw,987,"",64.85778862698191,62.969101950749284,1.8886866762326306
national,national_draw,988,"",73.83997310027688,62.969101950749284,10.870871149527595
national,national_draw,989,"",59.63079035895051,62.969101950749284,-3.338311591798771
national,national_draw,990,"",62.36640882533252,62.969101950749284,-0.6026931254167636
national,national_draw,991,"",68.07387239745076,62.969101950749284,5.1047704467014725
national,national_draw,992,"",68.07342920849291,62.969101950749284,5.104327257743627
national,national_draw,993,"",62.57341730933105,62.969101950749284,-0.3956846414182351
national,national_draw,994,"",64.1392085139184,62.969101950749284,1.1701065631691208
national,national_draw,995,"",67.2553577909468,62.969101950749284,4.286255840197519
national,national_draw,996,"",64.44540591826686,62.969101950749284,1.4763039675175733
national,national_draw,997,"",64.56331495553373,62.969101950749284,1.594213004784443
national,national_draw,998,"",64.99088611915795,62.969101950749284,2.021784168408665
national,national_draw,999,"",73.56448499746516,62.969101950749284,10.595383046715874
national,national_draw,1000,"",62.366041809476805,62.969101950749284,-0.6030601412724792
national,national_draw,1001,"",66.46346683777453,62.969101950749284,3.494364887025249
national,national_draw,1002,"",67.7728016737031,62.969101950749284,4.803699722953816
national,national_draw,1003,"",62.82973056488888,62.969101950749284,-0.13937138586040732
national,national_draw,1004,"",67.22932736450137,62.969101950749284,4.260225413752089
national,national_draw,1005,"",69.0386208938341,62.969101950749284,6.069518943084823
national,national_draw,1006,"",72.62231374689742,62.969101950749284,9.653211796148135
national,national_draw,1007,"",64.72312381552268,62.969101950749284,1.7540218647733994
national,national_draw,1008,"",65.6305485901409,62.969101950749284,2.6614466393916203
national,national_draw,1009,"",63.70014906152777,62.969101950749284,0.7310471107784835
national,national_draw,1010,"",64.51578986463325,62.969101950749284,1.5466879138839644
national,national_draw,1011,"",64.7748061111787,62.969101950749284,1.8057041604294213
national,national_draw,1012,"",65.65848334413953,62.969101950749284,2.689381393390242
national,national_draw,1013,"",61.58225752099163,62.969101950749284,-1.3868444297576517
national,national_draw,1014,"",68.02558557552899,62.969101950749284,5.056483624779709
national,national_draw,1015,"",68.36783132339062,62.969101950749284,5.398729372641334
national,national_draw,1016,"",69.27445974285023,62.969101950749284,6.305357792100942
national,national_draw,1017,"",68.2032258662434,62.969101950749284,5.234123915494116
national,national_draw,1018,"",66.45879027095903,62.969101950749284,3.489688320209744
national,national_draw,1019,"",69.18454316647754,62.969101950749284,6.215441215728255
national,national_draw,1020,"",64.92606973407439,62.969101950749284,1.956967783325105
national,national_draw,1021,"",66.62488456601149,62.969101950749284,3.655782615262204
national,national_draw,1022,"",65.77262296698896,62.969101950749284,2.803521016239678
national,national_draw,1023,"",65.59602601694611,62.969101950749284,2.6269240661968283
national,national_draw,1024,"",66.97928800262792,62.969101950749284,4.010186051878641
national,national_draw,1025,"",55.45991137744305,62.969101950749284,-7.509190573306235
national,national_draw,1026,"",69.7589576047982,62.969101950749284,6.789855654048914
national,national_draw,1027,"",69.53419155490053,62.969101950749284,6.565089604151247
national,national_draw,1028,"",67.03341707065533,62.969101950749284,4.064315119906048
national,national_draw,1029,"",64.27397950606544,62.969101950749284,1.3048775553161605
national,national_draw,1030,"",70.85152456655254,62.969101950749284,7.882422615803257
national,national_draw,1031,"",64.25289571470671,62.969101950749284,1.2837937639574264
national,national_draw,1032,"",63.3371657636807,62.969101950749284,0.36806381293141754
national,national_draw,1033,"",63.30622332628594,62.969101950749284,0.337121375536654
national,national_draw,1034,"",69.89458496727524,62.969101950749284,6.925483016525952
national,national_draw,1035,"",68.02351736039242,62.969101950749284,5.054415409643134
national,national_draw,1036,"",70.3377693085599,62.969101950749284,7.368667357810615
national,national_draw,1037,"",64.63143217504283,62.969101950749284,1.662330224293548
national,national_draw,1038,"",68.92401038271699,62.969101950749284,5.954908431967702
national,national_draw,1039,"",66.04403003814726,62.969101950749284,3.0749280873979714
national,national_draw,1040,"",70.77113424449752,62.969101950749284,7.802032293748233
national,national_draw,1041,"",70.0499065390661,62.969101950749284,7.080804588316816
national,national_draw,1042,"",64.83602389425567,62.969101950749284,1.8669219435063908
national,national_draw,1043,"",70.3181628137273,62.969101950749284,7.349060862978014
national,national_draw,1044,"",64.16936613753367,62.969101950749284,1.2002641867843877
national,national_draw,1045,"",65.80978389944838,62.969101950749284,2.8406819486990926
national,national_draw,1046,"",65.14961701433802,62.969101950749284,2.180515063588736
national,national_draw,1047,"",59.76587066005771,62.969101950749284,-3.2032312906915763
national,national_draw,1048,"",65.42833901157644,62.969101950749284,2.4592370608271565
national,national_draw,1049,"",64.45569621188162,62.969101950749284,1.486594261132332
national,national_draw,1050,"",65.78745825569736,62.969101950749284,2.8183563049480753
national,national_draw,1051,"",68.46884608991579,62.969101950749284,5.499744139166502
national,national_draw,1052,"",73.23229871563609,62.969101950749284,10.263196764886807
national,national_draw,1053,"",59.59871455812711,62.969101950749284,-3.3703873926221775
national,national_draw,1054,"",72.28482766378089,62.969101950749284,9.315725713031604
national,national_draw,1055,"",78.65205878929224,62.969101950749284,15.682956838542957
national,national_draw,1056,"",62.25422200382855,62.969101950749284,-0.7148799469207319
national,national_draw,1057,"",67.13892835848189,62.969101950749284,4.169826407732607
national,national_draw,1058,"",66.29499040207372,62.969101950749284,3.325888451324438
national,national_draw,1059,"",74.2902553897144,62.969101950749284,11.32115343896512
national,national_draw,1060,"",64.02717634689452,62.969101950749284,1.058074396145237
national,national_draw,1061,"",65.06055911657114,62.969101950749284,2.0914571658218577
national,national_draw,1062,"",63.090171017616555,62.969101950749284,0.12106906686727115
national,national_draw,1063,"",59.80506518351635,62.969101950749284,-3.164036767232936
national,national_draw,1064,"",64.94515917512285,62.969101950749284,1.9760572243735695
national,national_draw,1065,"",66.99732025334988,62.969101950749284,4.0282183026005995
national,national_draw,1066,"",61.24327105859075,62.969101950749284,-1.725830892158534
national,national_draw,1067,"",68.49660310667612,62.969101950749284,5.527501155926835
national,national_draw,1068,"",68.83732077594354,62.969101950749284,5.868218825194255
national,national_draw,1069,"",70.6746760144451,62.969101950749284,7.705574063695813
national,national_draw,1070,"",66.35338747209612,62.969101950749284,3.3842855213468326
national,national_draw,1071,"",62.87272451035064,62.969101950749284,-0.0963774403986406
national,national_draw,1072,"",63.78876146206098,62.969101950749284,0.8196595113116985
national,national_draw,1073,"",72.36399459965021,62.969101950749284,9.394892648900928
national,national_draw,1074,"",74.53096931726671,62.969101950749284,11.561867366517426
national,national_draw,1075,"",62.785815617374105,62.969101950749284,-0.18328633337517886
national,national_draw,1076,"",63.239680350887475,62.969101950749284,0.27057840013819145
national,national_draw,1077,"",65.22829459573308,62.969101950749284,2.2591926449837914
national,national_draw,1078,"",67.3451820362866,62.969101950749284,4.376080085537318
national,national_draw,1079,"",64.35147063368795,62.969101950749284,1.3823686829386688
national,national_draw,1080,"",62.69221734106522,62.969101950749284,-0.2768846096840605
national,national_draw,1081,"",63.74137025115818,62.969101950749284,0.7722683004088964
national,national_draw,1082,"",64.09893371737503,62.969101950749284,1.129831766625749
national,national_draw,1083,"",66.52630041392695,62.969101950749284,3.557198463177663
national,national_draw,1084,"",62.302538833335994,62.969101950749284,-0.6665631174132898
national,national_draw,1085,"",65.35081095154077,62.969101950749284,2.3817090007914814
national,national_draw,1086,"",67.52631936487144,62.969101950749284,4.557217414122157
national,national_draw,1087,"",70.84582543354787,62.969101950749284,7.876723482798589
national,national_draw,1088,"",64.4693450468175,62.969101950749284,1.5002430960682105
national,national_draw,1089,"",63.394549500617224,62.969101950749284,0.42544754986793976
national,national_draw,1090,"",66.36821814425288,62.969101950749284,3.3991161935035947
national,national_draw,1091,"",66.40285151468713,62.969101950749284,3.4337495639378446
national,national_draw,1092,"",69.0967248128271,62.969101950749284,6.127622862077821
national,national_draw,1093,"",65.32801211124625,62.969101950749284,2.3589101604969684
national,national_draw,1094,"",67.82282431904305,62.969101950749284,4.8537223682937665
national,national_draw,1095,"",67.31164278859201,62.969101950749284,4.342540837842726
national,national_draw,1096,"",66.6133362620737,62.969101950749284,3.6442343113244178
national,national_draw,1097,"",62.51644675376669,62.969101950749284,-0.4526551969825974
national,national_draw,1098,"",67.53909797982239,62.969101950749284,4.569996029073103
national,national_draw,1099,"",64.95661514802777,62.969101950749284,1.9875131972784814
national,national_draw,1100,"",65.2304528336267,62.969101950749284,2.261350882877416
national,national_draw,1101,"",64.83215984052954,62.969101950749284,1.8630578897802579
national,national_draw,1102,"",66.87162771001103,62.969101950749284,3.902525759261742
national,national_draw,1103,"",61.31200227946854,62.969101950749284,-1.657099671280747
national,national_draw,1104,"",66.89604926820847,62.969101950749284,3.926947317459188
national,national_draw,1105,"",69.12472650682456,62.969101950749284,6.155624556075274
national,national_draw,1106,"",72.51628540528672,62.969101950749284,9.54718345453744
national,national_draw,1107,"",67.96641292483038,62.969101950749284,4.9973109740810955
national,national_draw,1108,"",76.22553230513957,62.969101950749284,13.256430354390282
national,national_draw,1109,"",67.98333489488193,62.969101950749284,5.014232944132651
national,national_draw,1110,"",69.27555617386571,62.969101950749284,6.306454223116425
national,national_draw,1111,"",62.830847770386754,62.969101950749284,-0.13825418036253012
national,national_draw,1112,"",69.52176148959872,62.969101950749284,6.552659538849433
national,national_draw,1113,"",67.16824807797374,62.969101950749284,4.199146127224459
national,national_draw,1114,"",61.0992184893632,62.969101950749284,-1.869883461386081
national,national_draw,1115,"",64.92335289343181,62.969101950749284,1.9542509426825276
national,national_draw,1116,"",67.83908150565784,62.969101950749284,4.869979554908561
national,national_draw,1117,"",66.2202507392311,62.969101950749284,3.251148788481821
national,national_draw,1118,"",64.59684727840084,62.969101950749284,1.62774532765156
national,national_draw,1119,"",70.21758892788414,62.969101950749284,7.248486977134853
national,national_draw,1120,"",67.13091171655185,62.969101950749284,4.161809765802566
national,national_draw,1121,"",65.33591795593682,62.969101950749284,2.3668160051875375
national,national_draw,1122,"",71.90708755860338,62.969101950749284,8.937985607854095
national,national_draw,1123,"",71.46444104558523,62.969101950749284,8.495339094835948
national,national_draw,1124,"",71.66836798136131,62.969101950749284,8.69926603061203
national,national_draw,1125,"",66.51621555686035,62.969101950749284,3.5471136061110613
national,national_draw,1126,"",70.97284292720859,62.969101950749284,8.003740976459305
national,national_draw,1127,"",66.2276787708265,62.969101950749284,3.2585768200772165
national,national_draw,1128,"",70.64102827778686,62.969101950749284,7.671926327037575
national,national_draw,1129,"",66.74932371557897,62.969101950749284,3.780221764829683
national,national_draw,1130,"",55.85166733341214,62.969101950749284,-7.117434617337146
national,national_draw,1131,"",60.90428459618988,62.969101950749284,-2.064817354559402
national,national_draw,1132,"",63.38548951801562,62.969101950749284,0.41638756726633375
national,national_draw,1133,"",70.17232594728927,62.969101950749284,7.2032239965399825
national,national_draw,1134,"",65.97231421663155,62.969101950749284,3.0032122658822615
national,national_draw,1135,"",66.40291383813432,62.969101950749284,3.4338118873850405
national,national_draw,1136,"",65.30723301229602,62.969101950749284,2.33813106154674
national,national_draw,1137,"",69.00418372684473,62.969101950749284,6.035081776095446
national,national_draw,1138,"",64.56604102927957,62.969101950749284,1.5969390785302906
national,national_draw,1139,"",62.45695556100463,62.969101950749284,-0.5121463897446574
national,national_draw,1140,"",63.727370558297366,62.969101950749284,0.7582686075480822
national,national_draw,1141,"",62.55019836283691,62.969101950749284,-0.41890358791237503
national,national_draw,1142,"",70.06486647466889,62.969101950749284,7.095764523919605
national,national_draw,1143,"",65.59580903901883,62.969101950749284,2.626707088269548
national,national_draw,1144,"",60.68076039868448,62.969101950749284,-2.288341552064807
national,national_draw,1145,"",74.20096666436532,62.969101950749284,11.23186471361604
national,national_draw,1146,"",73.46900778463713,62.969101950749284,10.499905833887844
national,national_draw,1147,"",63.66153160702462,62.969101950749284,0.6924296562753369
national,national_draw,1148,"",66.15654232654214,62.969101950749284,3.1874403757928533
national,national_draw,1149,"",63.74269750975587,62.969101950749284,0.773595559006587
national,national_draw,1150,"",64.67337585500556,62.969101950749284,1.7042739042562758
national,national_draw,1151,"",68.40702584684927,62.969101950749284,5.437923896099981
national,national_draw,1152,"",68.645334550995,62.969101950749284,5.676232600245719
national,national_draw,1153,"",60.54192684109061,62.969101950749284,-2.427175109658677
national,national_draw,1154,"",67.27516741405175,62.969101950749284,4.306065463302467
national,national_draw,1155,"",61.29935523623945,62.969101950749284,-1.6697467145098344
national,national_draw,1156,"",68.56393551240572,62.969101950749284,5.594833561656436
national,national_draw,1157,"",68.3902700726569,62.969101950749284,5.42116812190762
national,national_draw,1158,"",65.23989137346312,62.969101950749284,2.2707894227138397
national,national_draw,1159,"",64.7182487369865,62.969101950749284,1.7491467862372119
national,national_draw,1160,"",70.9214768653402,62.969101950749284,7.952374914590912
national,national_draw,1161,"",62.27544660001243,62.969101950749284,-0.6936553507368544
national,national_draw,1162,"",66.98192405361672,62.969101950749284,4.012822102867439
national,national_draw,1163,"",70.8525448244659,62.969101950749284,7.883442873716611
national,national_draw,1164,"",59.53696125505943,62.969101950749284,-3.432140695689853
national,national_draw,1165,"",66.59558792927784,62.969101950749284,3.6264859785285566
national,national_draw,1166,"",62.921429130196195,62.969101950749284,-0.04767282055308897
national,national_draw,1167,"",66.66867717490769,62.969101950749284,3.6995752241584015
national,national_draw,1168,"",67.2731753720173,62.969101950749284,4.304073421268022
national,national_draw,1169,"",67.04883866142254,62.969101950749284,4.079736710673252
national,national_draw,1170,"",64.33095467818146,62.969101950749284,1.3618527274321721
national,national_draw,1171,"",62.18059031338052,62.969101950749284,-0.7885116373687637
national,national_draw,1172,"",65.09856487798143,62.969101950749284,2.1294629272321473
national,national_draw,1173,"",64.13985021459693,62.969101950749284,1.1707482638476492
national,national_draw,1174,"",80.87395431354312,62.969101950749284,17.90485236279384
national,national_draw,1175,"",65.01870545936546,62.969101950749284,2.0496035086161797
national,national_draw,1176,"",57.64854926364963,62.969101950749284,-5.3205526870996565
national,national_draw,1177,"",65.78938104945713,62.969101950749284,2.82027909870785
national,national_draw,1178,"",65.98687482051713,62.969101950749284,3.017772869767846
national,national_draw,1179,"",61.956779889673186,62.969101950749284,-1.0123220610760981
national,national_draw,1180,"",66.21921893993864,62.969101950749284,3.250116989189358
national,national_draw,1181,"",66.1383877372016,62.969101950749284,3.1692857864523134
national,national_draw,1182,"",63.84026371220288,62.969101950749284,0.8711617614535996
national,national_draw,1183,"",69.42007963136096,62.969101950749284,6.450977680611679
national,national_draw,1184,"",64.48033474800634,62.969101950749284,1.5112327972570583
national,national_draw,1185,"",61.77812395759707,62.969101950749284,-1.1909779931522166
national,national_draw,1186,"",66.91108537691339,62.969101950749284,3.941983426164107
national,national_draw,1187,"",63.09538310442277,62.969101950749284,0.1262811536734887
national,national_draw,1188,"",69.83698425241144,62.969101950749284,6.867882301662156
national,national_draw,1189,"",64.36718306720876,62.969101950749284,1.3980811164594726
national,national_draw,1190,"",88.5837617550966,62.969101950749284,25.61465980434732
national,national_draw,1191,"",72.84126063344767,62.969101950749284,9.872158682698391
national,national_draw,1192,"",61.57011137361593,62.969101950749284,-1.398990577133354
national,national_draw,1193,"",62.083190306792716,62.969101950749284,-0.8859116439565682
national,national_draw,1194,"",70.31256062830714,62.969101950749284,7.343458677557855
national,national_draw,1195,"",63.68831222311222,62.969101950749284,0.7192102723629361
national,national_draw,1196,"",70.0082167694438,62.969101950749284,7.039114818694522
national,national_draw,1197,"",62.26199627679726,62.969101950749284,-0.7071056739520216
national,national_draw,1198,"",71.54657411588593,62.969101950749284,8.577472165136648
national,national_draw,1199,"",67.66607623279414,62.969101950749284,4.696974282044856
national,national_draw,1200,"",71.83724144050353,62.969101950749284,8.868139489754249
national,national_draw,1201,"",64.43191173781108,62.969101950749284,1.4628097870617935
national,national_draw,1202,"",70.30649217117093,62.969101950749284,7.337390220421646
national,national_draw,1203,"",63.074255455823426,62.969101950749284,0.10515350507414212
national,national_draw,1204,"",72.11597036256943,62.969101950749284,9.146868411820144
national,national_draw,1205,"",64.62998950265404,62.969101950749284,1.6608875519047572
national,national_draw,1206,"",68.4068711923692,62.969101950749284,5.437769241619911
national,national_draw,1207,"",72.70366892824607,62.969101950749284,9.73456697749679
national,national_draw,1208,"",64.31577776465139,62.969101950749284,1.3466758139021024
national,national_draw,1209,"",64.37770649668154,62.969101950749284,1.4086045459322563
national,national_draw,1210,"",63.319705965362616,62.969101950749284,0.35060401461333157
national,national_draw,1211,"",70.42068950091591,62.969101950749284,7.451587550166629
national,national_draw,1212,"",70.06063540508706,62.969101950749284,7.091533454337771
national,national_draw,1213,"",72.47733325078939,62.969101950749284,9.508231300040102
national,national_draw,1214,"",65.21978629105296,62.969101950749284,2.250684340303671
national,national_draw,1215,"",64.85016439194163,62.969101950749284,1.8810624411923484
national,national_draw,1216,"",64.49249474503696,62.969101950749284,1.5233927942876804
national,national_draw,1217,"",66.75490974306835,62.969101950749284,3.785807792319069
national,national_draw,1218,"",65.65700143106176,62.969101950749284,2.687899480312474
national,national_draw,1219,"",66.77354907033153,62.969101950749284,3.8044471195822425
national,national_draw,1220,"",68.15305549125084,62.969101950749284,5.183953540501555
national,national_draw,1221,"",67.65104243236505,62.969101950749284,4.6819404816157615
national,national_draw,1222,"",65.29126205188317,62.969101950749284,2.322160101133882
national,national_draw,1223,"",68.0594202825288,62.969101950749284,5.090318331779521
national,national_draw,1224,"",68.32717796961244,62.969101950749284,5.3580760188631515
national,national_draw,1225,"",61.58127419549143,62.969101950749284,-1.3878277552578524
national,national_draw,1226,"",71.247232290729,62.969101950749284,8.278130339979718
national,national_draw,1227,"",63.554808474391486,62.969101950749284,0.5857065236422017
national,national_draw,1228,"",67.40747547589665,62.969101950749284,4.438373525147362
national,national_draw,1229,"",70.04349414883241,62.969101950749284,7.074392198083125
national,national_draw,1230,"",68.46816053199663,62.969101950749284,5.499058581247347
national,national_draw,1231,"",71.29899075948714,62.969101950749284,8.329888808737856
national,national_draw,1232,"",73.01027489741503,62.969101950749284,10.041172946665746
national,national_draw,1233,"",63.91609518950933,62.969101950749284,0.9469932387600437
national,national_draw,1234,"",73.01241697737791,62.969101950749284,10.043315026628626
national,national_draw,1235,"",63.076875348881465,62.969101950749284,0.10777339813218134
national,national_draw,1236,"",84.06259268448761,62.969101950749284,21.093490733738328
national,national_draw,1237,"",66.49396377793565,62.969101950749284,3.5248618271863634
national,national_draw,1238,"",67.10605389422405,62.969101950749284,4.136951943474763
national,national_draw,1239,"",78.8703778248189,62.969101950749284,15.901275874069619
national,national_draw,1240,"",64.30848592132948,62.969101950749284,1.3393839705801938
national,national_draw,1241,"",62.411690272133946,62.969101950749284,-0.5574116786153382
national,national_draw,1242,"",72.24958721680544,62.969101950749284,9.280485266056154
national,national_draw,1243,"",63.17696449680199,62.969101950749284,0.20786254605270926
national,national_draw,1244,"",63.40869923140647,62.969101950749284,0.43959728065718906
national,national_draw,1245,"",72.01639134360558,62.969101950749284,9.047289392856293
national,national_draw,1246,"",64.67765539837967,62.969101950749284,1.7085534476303863
national,national_draw,1247,"",66.4799917843847,62.969101950749284,3.51088983363541
national,national_draw,1248,"",77.33115949149514,62.969101950749284,14.362057540745859
national,national_draw,1249,"",70.48460796670469,62.969101950749284,7.515506015955403
national,national_draw,1250,"",65.36918482708441,62.969101950749284,2.4000828763351265
national,national_draw,1251,"",69.41002939843169,62.969101950749284,6.440927447682405
national,national_draw,1252,"",72.96468875820509,62.969101950749284,9.995586807455801
national,national_draw,1253,"",68.73737012457234,62.969101950749284,5.768268173823053
national,national_draw,1254,"",74.3198197864434,62.969101950749284,11.35071783569412
national,national_draw,1255,"",69.95889583995375,62.969101950749284,6.989793889204471
national,national_draw,1256,"",66.92692707388022,62.969101950749284,3.957825123130938
national,national_draw,1257,"",66.84395609945612,62.969101950749284,3.874854148706838
national,national_draw,1258,"",67.46016879636272,62.969101950749284,4.491066845613439
national,national_draw,1259,"",68.64650253856097,62.969101950749284,5.677400587811682
national,national_draw,1260,"",67.74838934860895,62.969101950749284,4.779287397859669
national,national_draw,1261,"",66.82356709911983,62.969101950749284,3.8544651483705437
national,national_draw,1262,"",74.62589485217327,62.969101950749284,11.65679290142399
national,national_draw,1263,"",74.40204287950115,62.969101950749284,11.432940928751869
national,national_draw,1264,"",65.81459896281319,62.969101950749284,2.845497012063909
national,national_draw,1265,"",67.57216172269764,62.969101950749284,4.6030597719483595
national,national_draw,1266,"",65.9720579980153,62.969101950749284,3.002956047266018
national,national_draw,1267,"",74.88572361180812,62.969101950749284,11.916621661058834
national,national_draw,1268,"",73.09507633456602,62.969101950749284,10.125974383816732
national,national_draw,1269,"",71.54509220280816,62.969101950749284,8.57599025205888
national,national_draw,1270,"",70.06715166773274,62.969101950749284,7.098049716983461
national,national_draw,1271,"",65.79719687139065,62.969101950749284,2.8280949206413695
national,national_draw,1272,"",61.14474461340177,62.969101950749284,-1.8243573373475144
national,national_draw,1273,"",61.40781880884242,62.969101950749284,-1.5612831419068627
national,national_draw,1274,"",75.11956811051397,62.969101950749284,12.150466159764683
national,national_draw,1275,"",69.20872235571366,62.969101950749284,6.239620404964377
national,national_draw,1276,"",70.97515120303065,62.969101950749284,8.006049252281365
national,national_draw,1277,"",65.30005658276524,62.969101950749284,2.3309546320159527
national,national_draw,1278,"",70.9877082235027,62.969101950749284,8.01860627275341
national,national_draw,1279,"",72.05243276229129,62.969101950749284,9.083330811542005
national,national_draw,1280,"",63.07048834968181,62.969101950749284,0.10138639893252588
national,national_draw,1281,"",67.14790062660224,62.969101950749284,4.178798675852953
national,national_draw,1282,"",64.87542847081413,62.969101950749284,1.9063265200648445
national,national_draw,1283,"",69.39436313042735,62.969101950749284,6.425261179678067
national,national_draw,1284,"",68.97526795562173,62.969101950749284,6.006166004872448
national,national_draw,1285,"",64.46378671863796,62.969101950749284,1.4946847678886783
national,national_draw,1286,"",67.55947543877957,62.969101950749284,4.590373488030288
national,national_draw,1287,"",73.64806304843047,62.969101950749284,10.678961097681189
national,national_draw,1288,"",71.77096853337625,62.969101950749284,8.801866582626964
national,national_draw,1289,"",72.8962299138743,62.969101950749284,9.92712796312501
national,national_draw,1290,"",64.84503771134082,62.969101950749284,1.8759357605915383
national,national_draw,1291,"",64.70699820062976,62.969101950749284,1.737896249880471
national,national_draw,1292,"",66.93863234057392,62.969101950749284,3.9695303898246337
national,national_draw,1293,"",63.00170865501177,62.969101950749284,0.03260670426248424
national,national_draw,1294,"",60.140363021153576,62.969101950749284,-2.8287389295957084
national,national_draw,1295,"",68.1006691714691,62.969101950749284,5.131567220719809
national,national_draw,1296,"",66.36913914630588,62.969101950749284,3.4000371955565996
national,national_draw,1297,"",63.851246488564264,62.969101950749284,0.8821445378149804
national,national_draw,1298,"",64.68856661819056,62.969101950749284,1.7194646674412795
national,national_draw,1299,"",71.14766712142008,62.969101950749284,8.178565170670801
national,national_draw,1300,"",68.9613813682762,62.969101950749284,5.992279417526909
national,national_draw,1301,"",69.93224679558803,62.969101950749284,6.9631448448387445
national,national_draw,1302,"",65.43318177425114,62.969101950749284,2.464079823501855
national,national_draw,1303,"",67.30370231976411,62.969101950749284,4.334600369014829
national,national_draw,1304,"",67.50525865627093,62.969101950749284,4.536156705521641
national,national_draw,1305,"",67.67061430306032,62.969101950749284,4.701512352311035
national,national_draw,1306,"",64.60983363817579,62.969101950749284,1.640731687426502
national,national_draw,1307,"",66.06349341987891,62.969101950749284,3.0943914691296257
national,national_draw,1308,"",65.7362837807222,62.969101950749284,2.7671818299729196
national,national_draw,1309,"",57.80507806369543,62.969101950749284,-5.164023887053851
national,national_draw,1310,"",70.64621959011069,62.969101950749284,7.677117639361406
national,national_draw,1311,"",70.24794044666845,62.969101950749284,7.278838495919167
national,national_draw,1312,"",65.56285840165887,62.969101950749284,2.593756450909588
national,national_draw,1313,"",67.20378860080606,62.969101950749284,4.23468665005678
national,national_draw,1314,"",66.97658731991612,62.969101950749284,4.007485369166837
national,national_draw,1315,"",61.51860681519822,62.969101950749284,-1.4504951355510656
national,national_draw,1316,"",67.96553808829381,62.969101950749284,4.996436137544528
national,national_draw,1317,"",68.76347903239571,62.969101950749284,5.794377081646424
national,national_draw,1318,"",64.07396971435941,62.969101950749284,1.1048677636101232
national,national_draw,1319,"",61.605649588172426,62.969101950749284,-1.363452362576858
national,national_draw,1320,"",65.64062421410422,62.969101950749284,2.6715222633549374
national,national_draw,1321,"",69.49006886256177,62.969101950749284,6.520966911812486
national,national_draw,1322,"",73.0568051214362,62.969101950749284,10.087703170686915
national,national_draw,1323,"",73.13156786703703,62.969101950749284,10.16246591628775
national,national_draw,1324,"",62.54213093883879,62.969101950749284,-0.4269710119104957
national,national_draw,1325,"",66.94396907427452,62.969101950749284,3.974867123525236
national,national_draw,1326,"",60.75643722151085,62.969101950749284,-2.2126647292384334
national,national_draw,1327,"",62.98366486291069,62.969101950749284,0.014562912161409258
national,national_draw,1328,"",70.89665366714972,62.969101950749284,7.927551716400437
national,national_draw,1329,"",63.27107751861919,62.969101950749284,0.30197556786990276
national,national_draw,1330,"",66.24662048222237,62.969101950749284,3.277518531473085
national,national_draw,1331,"",65.64724665743772,62.969101950749284,2.6781447066884354
national,national_draw,1332,"",62.95743592474457,62.969101950749284,-0.011666026004711227
national,national_draw,1333,"",58.61914923924192,62.969101950749284,-4.349952711507363
national,national_draw,1334,"",65.07859598384475,62.969101950749284,2.1094940330954657
national,national_draw,1335,"",67.18450757286436,62.969101950749284,4.215405622115078
national,national_draw,1336,"",64.41998949319012,62.969101950749284,1.4508875424408316
national,national_draw,1337,"",70.50360969327191,62.969101950749284,7.534507742522628
national,national_draw,1338,"",74.19592077341828,62.969101950749284,11.226818822668996
national,national_draw,1339,"",73.65417074625564,62.969101950749284,10.68506879550636
national,national_draw,1340,"",73.6201329109835,62.969101950749284,10.651030960234216
national,national_draw,1341,"",70.57296184034584,62.969101950749284,7.603859889596556
national,national_draw,1342,"",75.33629212744756,62.969101950749284,12.36719017669828
national,national_draw,1343,"",64.7747945697996,62.969101950749284,1.805692619050312
national,national_draw,1344,"",69.20268621443896,62.969101950749284,6.2335842636896714
national,national_draw,1345,"",68.74397410169927,62.969101950749284,5.774872150949982
national,national_draw,1346,"",65.93702991241548,62.969101950749284,2.9679279616661987
national,national_draw,1347,"",66.08719941257151,62.969101950749284,3.1180974618222237
national,national_draw,1348,"",68.79524783253478,62.969101950749284,5.8261458817855
national,national_draw,1349,"",69.04437311718269,62.969101950749284,6.075271166433403
national,national_draw,1350,"",66.79708886716493,62.969101950749284,3.8279869164156466
national,national_draw,1351,"",78.87072868274385,62.969101950749284,15.901626731994561
national,national_draw,1352,"",61.4660981567979,62.969101950749284,-1.503003793951386
national,national_draw,1353,"",59.86954917688154,62.969101950749284,-3.0995527738677424
national,national_draw,1354,"",61.84833478327679,62.969101950749284,-1.1207671674724935
national,national_draw,1355,"",68.35180958090967,62.969101950749284,5.3827076301603896
national,national_draw,1356,"",67.3005630646461,62.969101950749284,4.331461113896815
national,national_draw,1357,"",65.9375977482677,62.969101950749284,2.968495797518422
national,national_draw,1358,"",71.74253057524842,62.969101950749284,8.77342862449914
national,national_draw,1359,"",75.17131272961718,62.969101950749284,12.2022107788679
national,national_draw,1360,"",63.879271265319936,62.969101950749284,0.910169314570652
national,national_draw,1361,"",67.84417587039715,62.969101950749284,4.875073919647868
national,national_draw,1362,"",74.45968745160555,62.969101950749284,11.490585500856263
national,national_draw,1363,"",67.00426123874685,62.969101950749284,4.0351592879975655
national,national_draw,1364,"",64.63432213637206,62.969101950749284,1.665220185622779
national,national_draw,1365,"",62.71445296205918,62.969101950749284,-0.2546489886901071
national,national_draw,1366,"",64.9568390507825,62.969101950749284,1.9877371000332218
national,national_draw,1367,"",69.27942946069513,62.969101950749284,6.310327509945843
national,national_draw,1368,"",65.6661283536622,62.969101950749284,2.6970264029129183
national,national_draw,1369,"",65.8704130721907,62.969101950749284,2.9013111214414167
national,national_draw,1370,"",75.63000868442612,62.969101950749284,12.660906733676832
national,national_draw,1371,"",65.51698372797117,62.969101950749284,2.547881777221882
national,national_draw,1372,"",64.44242593418058,62.969101950749284,1.4733239834312926
national,national_draw,1373,"",66.21924202269686,62.969101950749284,3.250140071947577
national,national_draw,1374,"",71.58893559377245,62.969101950749284,8.619833643023163
national,national_draw,1375,"",60.72043504351412,62.969101950749284,-2.2486669072351617
national,national_draw,1376,"",70.65014827555984,62.969101950749284,7.681046324810559
national,national_draw,1377,"",67.98817304100497,62.969101950749284,5.019071090255686
national,national_draw,1378,"",60.87285511259666,62.969101950749284,-2.0962468381526236
national,national_draw,1379,"",63.80410226317442,62.969101950749284,0.8350003124251373
national,national_draw,1380,"",71.15961475707509,62.969101950749284,8.190512806325806
national,national_draw,1381,"",75.35685655674634,62.969101950749284,12.387754605997053
national,national_draw,1382,"",70.22789307115383,62.969101950749284,7.258791120404545
national,national_draw,1383,"",68.27670059393553,62.969101950749284,5.307598643186246
national,national_draw,1384,"",63.389646722771154,62.969101950749284,0.42054477202187
national,national_draw,1385,"",71.49053610375368,62.969101950749284,8.5214341530044
national,national_draw,1386,"",82.29283761171102,62.969101950749284,19.323735660961738
national,national_draw,1387,"",74.539242177813,62.969101950749284,11.57014022706371
national,national_draw,1388,"",74.90697590730186,62.969101950749284,11.937873956552572
national,national_draw,1389,"",66.89229139517015,62.969101950749284,3.9231894444208635
national,national_draw,1390,"",63.151651944137235,62.969101950749284,0.1825499933879513
national,national_draw,1391,"",63.60500654869392,62.969101950749284,0.6359045979446378
national,national_draw,1392,"",76.40062656762224,62.969101950749284,13.431524616872956
national,national_draw,1393,"",67.82879582859474,62.969101950749284,4.8596938778454515
national,national_draw,1394,"",63.826520237958306,62.969101950749284,0.8574182872090219
national,national_draw,1395,"",68.14723401962759,62.969101950749284,5.1781320688783055
national,national_draw,1396,"",64.42927337854645,62.969101950749284,1.460171427797171
national,national_draw,1397,"",66.30099653576272,62.969101950749284,3.331894585013437
national,national_draw,1398,"",64.14826387996835,62.969101950749284,1.1791619292190703
national,national_draw,1399,"",59.18034418192962,62.969101950749284,-3.7887577688196643
national,national_draw,1400,"",68.41545797842727,62.969101950749284,5.446356027677986
national,national_draw,1401,"",71.87273348954359,62.969101950749284,8.903631538794308
national,national_draw,1402,"",64.25174157679567,62.969101950749284,1.2826396260463824
national,national_draw,1403,"",64.98005107244919,62.969101950749284,2.010949121699902
national,national_draw,1404,"",63.673031437170145,62.969101950749284,0.7039294864208614
national,national_draw,1405,"",63.995612983303616,62.969101950749284,1.0265110325543318
national,national_draw,1406,"",64.17666490568304,62.969101950749284,1.2075629549337563
national,national_draw,1407,"",66.59157845417492,62.969101950749284,3.622476503425638
national,national_draw,1408,"",67.70220305768527,62.969101950749284,4.733101106935983
national,national_draw,1409,"",67.90267681283154,62.969101950749284,4.93357486208226
national,national_draw,1410,"",72.72089328243031,62.969101950749284,9.751791331681027
national,national_draw,1411,"",65.76524802573745,62.969101950749284,2.7961460749881653
national,national_draw,1412,"",69.34722121331333,62.969101950749284,6.378119262564049
national,national_draw,1413,"",63.81894447671029,62.969101950749284,0.8498425259610087
national,national_draw,1414,"",72.27685026253982,62.969101950749284,9.30774831179054
national,national_draw,1415,"",71.11487113854021,62.969101950749284,8.145769187790926
national,national_draw,1416,"",68.81562990804359,62.969101950749284,5.846527957294306
national,national_draw,1417,"",67.58772642656582,62.969101950749284,4.618624475816539
national,national_draw,1418,"",62.84034632539455,62.969101950749284,-0.12875562535473506
national,national_draw,1419,"",76.44907958540318,62.969101950749284,13.479977634653899
national,national_draw,1420,"",60.57807905701578,62.969101950749284,-2.3910228937335063
national,national_draw,1421,"",68.51952890214086,62.969101950749284,5.550426951391579
national,national_draw,1422,"",70.90815811384688,62.969101950749284,7.939056163097597
national,national_draw,1423,"",59.93923140739801,62.969101950749284,-3.0298705433512723
national,national_draw,1424,"",68.82627567613497,62.969101950749284,5.857173725385685
national,national_draw,1425,"",66.3719552428088,62.969101950749284,3.402853292059511
national,national_draw,1426,"",66.4204752005886,62.969101950749284,3.451373249839314
national,national_draw,1427,"",63.01629003337974,62.969101950749284,0.0471880826304556
national,national_draw,1428,"",61.65484125421644,62.969101950749284,-1.3142606965328412
national,national_draw,1429,"",63.40746661211749,62.969101950749284,0.4383646613682046
national,national_draw,1430,"",66.73078364417614,62.969101950749284,3.7616816934268584
national,national_draw,1431,"",69.3511614401416,62.969101950749284,6.3820594893923115
national,national_draw,1432,"",62.7742026817133,62.969101950749284,-0.19489926903598587
national,national_draw,1433,"",71.80536645967665,62.969101950749284,8.836264508927364
national,national_draw,1434,"",70.79030447519976,62.969101950749284,7.821202524450477
national,national_draw,1435,"",70.76512580253268,62.969101950749284,7.796023851783396
national,national_draw,1436,"",65.79247644733452,62.969101950749284,2.823374496585238
national,national_draw,1437,"",64.50077453041071,62.969101950749284,1.531672579661425
national,national_draw,1438,"",66.08120482026159,62.969101950749284,3.112102869512306
national,national_draw,1439,"",67.77495298676926,62.969101950749284,4.80585103601998
national,national_draw,1440,"",63.600440779117875,62.969101950749284,0.631338828368591
national,national_draw,1441,"",64.2838081445158,62.969101950749284,1.3147061937665185
national,national_draw,1442,"",65.76177176234943,62.969101950749284,2.792669811600142
national,national_draw,1443,"",63.340690500860994,62.969101950749284,0.37158855011171
national,national_draw,1444,"",61.2923196115338,62.969101950749284,-1.6767823392154853
national,national_draw,1445,"",63.43910153225888,62.969101950749284,0.4699995815095974
national,national_draw,1446,"",63.12334094117962,62.969101950749284,0.1542389904303363
national,national_draw,1447,"",66.12949164218335,62.969101950749284,3.1603896914340694
national,national_draw,1448,"",61.85696311829967,62.969101950749284,-1.1121388324496166
national,national_draw,1449,"",70.93458094718206,62.969101950749284,7.965478996432772
national,national_draw,1450,"",69.3585779303579,62.969101950749284,6.389475979608612
national,national_draw,1451,"",66.19639240033425,62.969101950749284,3.227290449584963
national,national_draw,1452,"",74.39629296442838,62.969101950749284,11.4271910136791
national,national_draw,1453,"",62.309662172522884,62.969101950749284,-0.6594397782263997
national,national_draw,1454,"",74.99641236230356,62.969101950749284,12.027310411554275
national,national_draw,1455,"",65.35547366870135,62.969101950749284,2.3863717179520663
national,national_draw,1456,"",67.33841647985214,62.969101950749284,4.369314529102859
national,national_draw,1457,"",71.70228578629073,62.969101950749284,8.733183835541446
national,national_draw,1458,"",72.28688664581416,62.969101950749284,9.31778469506488
national,national_draw,1459,"",70.83357541376017,62.969101950749284,7.864473463010889
national,national_draw,1460,"",73.08080195688238,62.969101950749284,10.111700006133098
national,national_draw,1461,"",66.99412329133632,62.969101950749284,4.025021340587038
national,national_draw,1462,"",61.7660332088411,62.969101950749284,-1.203068741908183
national,national_draw,1463,"",68.19441748570641,62.969101950749284,5.225315534957126
national,national_draw,1464,"",64.94766134611399,62.969101950749284,1.9785593953647052
national,national_draw,1465,"",59.73533678748344,62.969101950749284,-3.2337651632658435
national,national_draw,1466,"",57.789003230870584,62.969101950749284,-5.1800987198787
national,national_draw,1467,"",62.97698009613,62.969101950749284,0.007878145380715296
national,national_draw,1468,"",77.22189725545773,62.969101950749284,14.25279530470845
national,national_draw,1469,"",64.7949850584152,62.969101950749284,1.8258831076659092
national,national_draw,1470,"",64.82316218137512,62.969101950749284,1.8540602306258407
national,national_draw,1471,"",68.3444992713812,62.969101950749284,5.375397320631912
national,national_draw,1472,"",61.71872740414371,62.969101950749284,-1.2503745466055705
national,national_draw,1473,"",60.41158773852193,62.969101950749284,-2.5575142122273533
national,national_draw,1474,"",62.0009395144251,62.969101950749284,-0.9681624363241852
national,national_draw,1475,"",65.51192167909339,62.969101950749284,2.5428197283441065
national,national_draw,1476,"",61.092566038444005,62.969101950749284,-1.876535912305279
national,national_draw,1477,"",66.27983657130187,62.969101950749284,3.310734620552587
national,national_draw,1478,"",70.18078346990131,62.969101950749284,7.21168151915203
national,national_draw,1479,"",65.14577835164592,62.969101950749284,2.176676400896632
national,national_draw,1480,"",72.20237143486511,62.969101950749284,9.23326948411583
national,national_draw,1481,"",60.62685523341182,62.969101950749284,-2.342246717337467
national,national_draw,1482,"",69.3087930374276,62.969101950749284,6.339691086678322
national,national_draw,1483,"",70.18239002987347,62.969101950749284,7.21328807912419
national,national_draw,1484,"",69.40962775843866,62.969101950749284,6.440525807689376
national,national_draw,1485,"",67.61419542541742,62.969101950749284,4.645093474668137
national,national_draw,1486,"",68.98737024575682,62.969101950749284,6.0182682950075375
national,national_draw,1487,"",66.37453589517787,62.969101950749284,3.4054339444285873
national,national_draw,1488,"",61.36754170402322,62.969101950749284,-1.6015602467260663
national,national_draw,1489,"",64.77083356848892,62.969101950749284,1.801731617739641
national,national_draw,1490,"",66.3846876922433,62.969101950749284,3.41558574149402
national,national_draw,1491,"",66.04975456218598,62.969101950749284,3.0806526114366974
national,national_draw,1492,"",74.3757585427153,62.969101950749284,11.40665659196602
national,national_draw,1493,"",65.23094218810098,62.969101950749284,2.2618402373516986
national,national_draw,1494,"",64.31398423433764,62.969101950749284,1.3448822835883547
national,national_draw,1495,"",66.45903494819618,62.969101950749284,3.4899329974468927
national,national_draw,1496,"",65.72769006983665,62.969101950749284,2.7585881190873707
national,national_draw,1497,"",70.05284035763594,62.969101950749284,7.08373840688666
national,national_draw,1498,"",61.14343582101066,62.969101950749284,-1.8256661297386216
national,national_draw,1499,"",62.59867446337608,62.969101950749284,-0.3704274873732061
national,national_draw,1500,"",68.58120603210641,62.969101950749284,5.612104081357124
national,national_draw,1501,"",68.5387937721518,62.969101950749284,5.569691821402522
national,national_draw,1502,"",70.98748893729959,62.969101950749284,8.018386986550304
national,national_draw,1503,"",63.58976731171665,62.969101950749284,0.6206653609673651
national,national_draw,1504,"",63.504670415260435,62.969101950749284,0.5355684645111509
national,national_draw,1505,"",61.2077582350683,62.969101950749284,-1.7613437156809866
national,national_draw,1506,"",72.1329361898616,62.969101950749284,9.163834239112312
national,national_draw,1507,"",65.78870010808964,62.969101950749284,2.8195981573403586
national,national_draw,1508,"",67.39668890298015,62.969101950749284,4.427586952230861
national,national_draw,1509,"",66.23147819282961,62.969101950749284,3.262376242080329
national,national_draw,1510,"",79.89789526563165,62.969101950749284,16.928793314882363
national,national_draw,1511,"",64.08289812523915,62.969101950749284,1.1137961744898703
national,national_draw,1512,"",64.39421066880931,62.969101950749284,1.4251087180600237
national,national_draw,1513,"",68.2132784074485,62.969101950749284,5.244176456699215
national,national_draw,1514,"",60.888604478530596,62.969101950749284,-2.0804974722186884
national,national_draw,1515,"",64.5034105813995,62.969101950749284,1.534308630650223
national,national_draw,1516,"",62.29409054382724,62.969101950749284,-0.6750114069220459
national,national_draw,1517,"",75.1771411260679,62.969101950749284,12.20803917531861
national,national_draw,1518,"",59.94574536176788,62.969101950749284,-3.0233565889814074
national,national_draw,1519,"",61.43701157316407,62.969101950749284,-1.532090377585213
national,national_draw,1520,"",72.46522634410266,62.969101950749284,9.496124393353377
national,national_draw,1521,"",64.6871262540776,62.969101950749284,1.7180243033283134
national,national_draw,1522,"",75.11845090501609,62.969101950749284,12.149348954266806
national,national_draw,1523,"",69.35400985250602,62.969101950749284,6.3849079017567405
national,national_draw,1524,"",63.197519692997474,62.969101950749284,0.22841774224819034
national,national_draw,1525,"",63.53616453057668,62.969101950749284,0.5670625798273932
national,national_draw,1526,"",72.63135987984408,62.969101950749284,9.6622579290948
national,national_draw,1527,"",67.89890278186247,62.969101950749284,4.929800831113191
national,national_draw,1528,"",62.765680527378244,62.969101950749284,-0.20342142337104008
national,national_draw,1529,"",73.84069097405754,62.969101950749284,10.871589023308253
national,national_draw,1530,"",62.34223656092386,62.969101950749284,-0.6268653898254257
national,national_draw,1531,"",63.98737474689467,62.969101950749284,1.0182727961453892
national,national_draw,1532,"",65.05290256566934,62.969101950749284,2.083800614920058
national,national_draw,1533,"",70.53397044515954,62.969101950749284,7.5648684944102556
national,national_draw,1534,"",69.436800781416,62.969101950749284,6.467698830666713
national,national_draw,1535,"",64.22375604072897,62.969101950749284,1.254654089979688
national,national_draw,1536,"",58.360227632005156,62.969101950749284,-4.608874318744128
national,national_draw,1537,"",62.93870657472434,62.969101950749284,-0.030395376024941356
national,national_draw,1538,"",72.30801429441351,62.969101950749284,9.338912343664227
national,national_draw,1539,"",65.89498005176493,62.969101950749284,2.9258781010156483
national,national_draw,1540,"",66.62010412678399,62.969101950749284,3.6510021760347016
national,national_draw,1541,"",66.51593625548587,62.969101950749284,3.546834304736585
national,national_draw,1542,"",69.98697832360499,62.969101950749284,7.017876372855703
national,national_draw,1543,"",59.53751985780836,62.969101950749284,-3.4315820929409213
national,national_draw,1544,"",68.83579038907351,62.969101950749284,5.866688438324225
national,national_draw,1545,"",62.7009910974649,62.969101950749284,-0.26811085328438367
national,national_draw,1546,"",64.5878149951091,62.969101950749284,1.618713044359815
national,national_draw,1547,"",65.13726773868997,62.969101950749284,2.168165787940687
national,national_draw,1548,"",64.23737025152751,62.969101950749284,1.2682683007782245
national,national_draw,1549,"",68.5886225223227,62.969101950749284,5.6195205715734105
national,national_draw,1550,"",70.13037995905073,62.969101950749284,7.161278008301444
national,national_draw,1551,"",75.96068073731593,62.969101950749284,12.991578786566642
national,national_draw,1552,"",71.90105603388032,62.969101950749284,8.93195408313104
national,national_draw,1553,"",63.334723607860965,62.969101950749284,0.3656216571116815
national,national_draw,1554,"",70.12924659562209,62.969101950749284,7.160144644872808
national,national_draw,1555,"",64.85965140557032,62.969101950749284,1.8905494548210342
national,national_draw,1556,"",67.49522688954825,62.969101950749284,4.526124938798965
national,national_draw,1557,"",62.83355537792603,62.969101950749284,-0.13554657282325167
national,national_draw,1558,"",71.98338992417752,62.969101950749284,9.014287973428232
national,national_draw,1559,"",76.54674504371056,62.969101950749284,13.577643092961274
national,national_draw,1560,"",69.91740227377633,62.969101950749284,6.948300323027048
national,national_draw,1561,"",73.63098873217466,62.969101950749284,10.661886781425373
national,national_draw,1562,"",71.30428363594714,62.969101950749284,8.33518168519786
national,national_draw,1563,"",67.887765351021,62.969101950749284,4.9186634002717184
national,national_draw,1564,"",72.88824097125413,62.969101950749284,9.91913902050485
national,national_draw,1565,"",65.29665187592768,62.969101950749284,2.3275499251783955
national,national_draw,1566,"",61.51634008834095,62.969101950749284,-1.4527618624083374
national,national_draw,1567,"",74.5546106782363,62.969101950749284,11.585508727487017
national,national_draw,1568,"",63.62358586078572,62.969101950749284,0.6544839100364328
national,national_draw,1569,"",61.8311473615057,62.969101950749284,-1.1379545892435843
national,national_draw,1570,"",61.099546264529934,62.969101950749284,-1.8695556862193499
national,national_draw,1571,"",66.58847382319424,62.969101950749284,3.619371872444951
national,national_draw,1572,"",61.008964904720486,62.969101950749284,-1.9601370460287981
national,national_draw,1573,"",67.68501563591418,62.969101950749284,4.7159136851648995
national,national_draw,1574,"",67.92593500001466,62.969101950749284,4.956833049265377
national,national_draw,1575,"",65.50435284267284,62.969101950749284,2.5352508919235603
national,national_draw,1576,"",66.97200308413349,62.969101950749284,4.002901133384206
national,national_draw,1577,"",62.59410407724839,62.969101950749284,-0.3749978735008952
national,national_draw,1578,"",63.218074889192955,62.969101950749284,0.2489729384436714
national,national_draw,1579,"",61.75870212483022,62.969101950749284,-1.2103998259190618
national,national_draw,1580,"",65.2889330015787,62.969101950749284,2.319831050829414
national,national_draw,1581,"",69.5211013227136,62.969101950749284,6.551999371964321
national,national_draw,1582,"",66.7462629418389,62.969101950749284,3.777160991089623
national,national_draw,1583,"",64.53656665530764,62.969101950749284,1.567464704558354
national,national_draw,1584,"",70.2995534940498,62.969101950749284,7.330451543300519
national,national_draw,1585,"",69.70973823944433,62.969101950749284,6.74063628869505
national,national_draw,1586,"",77.7931839800395,62.969101950749284,14.824082029290217
national,national_draw,1587,"",68.03691920981532,62.969101950749284,5.0678172590660395
national,national_draw,1588,"",76.54687430715659,62.969101950749284,13.577772356407301
national,national_draw,1589,"",75.67810391945466,62.969101950749284,12.709001968705373
national,national_draw,1590,"",63.938707059462274,62.969101950749284,0.9696051087129902
national,national_draw,1591,"",75.48408410350687,62.969101950749284,12.51498215275759
national,national_draw,1592,"",72.49949500695703,62.969101950749284,9.53039305620775
national,national_draw,1593,"",66.1242126153783,62.969101950749284,3.1551106646290137
national,national_draw,1594,"",65.12785228161178,62.969101950749284,2.158750330862496
national,national_draw,1595,"",63.693406587851506,62.969101950749284,0.7243046371022217
national,national_draw,1596,"",65.91362861213139,62.969101950749284,2.944526661382106
national,national_draw,1597,"",64.29878654632518,62.969101950749284,1.3296845955758911
national,national_draw,1598,"",69.55358107180587,62.969101950749284,6.584479121056582
national,national_draw,1599,"",61.63496930766429,62.969101950749284,-1.3341326430849918
national,national_draw,1600,"",66.19710104101162,62.969101950749284,3.227999090262337
national,national_draw,1601,"",64.20214365420699,62.969101950749284,1.2330417034577081
national,national_draw,1602,"",67.26017285431163,62.969101950749284,4.29107090356235
national,national_draw,1603,"",64.32853791339575,62.969101950749284,1.3594359626464652
national,national_draw,1604,"",66.02466129572431,62.969101950749284,3.0555593449750305
national,national_draw,1605,"",64.62822597992599,62.969101950749284,1.6591240291767022
national,national_draw,1606,"",65.38424171027172,62.969101950749284,2.4151397595224395
national,national_draw,1607,"",70.7294121590137,62.969101950749284,7.760310208264421
national,national_draw,1608,"",70.04585320672255,62.969101950749284,7.076751255973271
national,national_draw,1609,"",67.34501122387577,62.969101950749284,4.375909273126489
national,national_draw,1610,"",56.55453501295485,62.969101950749284,-6.414566937794433
national,national_draw,1611,"",66.12297999608931,62.969101950749284,3.1538780453400292
national,national_draw,1612,"",72.01982374975299,62.969101950749284,9.050721799003703
national,national_draw,1613,"",65.57036722290806,62.969101950749284,2.601265272158777
national,national_draw,1614,"",60.288572795136666,62.969101950749284,-2.680529155612618
national,national_draw,1615,"",65.19980354726134,62.969101950749284,2.2307015965120556
national,national_draw,1616,"",65.67205369769744,62.969101950749284,2.702951746948152
national,national_draw,1617,"",65.86925200945221,62.969101950749284,2.900150058702927
national,national_draw,1618,"",68.97076912604453,62.969101950749284,6.001667175295246
national,national_draw,1619,"",63.97236864577543,62.969101950749284,1.0032666950261486
national,national_draw,1620,"",65.21035005949236,62.969101950749284,2.241248108743072
national,national_draw,1621,"",64.69542912220956,62.969101950749284,1.7263271714602766
national,national_draw,1622,"",64.11809009842234,62.969101950749284,1.1489881476730588
national,national_draw,1623,"",68.07387470572657,62.969101950749284,5.104772754977283
national,national_draw,1624,"",68.60965783988917,62.969101950749284,5.640555889139883
national,national_draw,1625,"",64.7540616363658,62.969101950749284,1.7849596856165206
national,national_draw,1626,"",61.97579546589536,62.969101950749284,-0.9933064848539246
national,national_draw,1627,"",65.1479619805736,62.969101950749284,2.178860029824314
national,national_draw,1628,"",71.90162156145672,62.969101950749284,8.932519610707438
national,national_draw,1629,"",63.35243500824366,62.969101950749284,0.38333305749437585
national,national_draw,1630,"",63.19286390066436,62.969101950749284,0.22376194991507958
national,national_draw,1631,"",60.72861326475169,62.969101950749284,-2.2404886859975974
national,national_draw,1632,"",66.2047045015695,62.969101950749284,3.235602550820211
national,national_draw,1633,"",66.135061511742,62.969101950749284,3.165959560992711
national,national_draw,1634,"",60.63860897389777,62.969101950749284,-2.3304929768515166
national,national_draw,1635,"",57.777226407626415,62.969101950749284,-5.191875543122869
national,national_draw,1636,"",64.75452329153023,62.969101950749284,1.7854213407809496
national,national_draw,1637,"",69.31107592221562,62.969101950749284,6.341973971466338
national,national_draw,1638,"",64.00351882799418,62.969101950749284,1.034416877244901
national,national_draw,1639,"",71.79652345500233,62.969101950749284,8.827421504253046
national,national_draw,1640,"",70.5921759282887,62.969101950749284,7.623073977539413
national,national_draw,1641,"",64.91362351084182,62.969101950749284,1.9445215600925323
national,national_draw,1642,"",59.915564655394384,62.969101950749284,-3.0535372953549
national,national_draw,1643,"",63.09795221541273,62.969101950749284,0.1288502646634484
national,national_draw,1644,"",65.05674815318892,62.969101950749284,2.087646202439636
national,national_draw,1645,"",62.75500244342537,62.969101950749284,-0.21409950732391536
national,national_draw,1646,"",77.46140164647929,62.969101950749284,14.492299695730004
national,national_draw,1647,"",61.73003333912018,62.969101950749284,-1.2390686116291008
national,national_draw,1648,"",69.85914370030325,62.969101950749284,6.890041749553966
national,national_draw,1649,"",64.8618673503595,62.969101950749284,1.8927653996102194
national,national_draw,1650,"",65.2865993347226,62.969101950749284,2.3174973839733113
national,national_draw,1651,"",62.778265247160135,62.969101950749284,-0.19083670358914873
national,national_draw,1652,"",67.73036863926609,62.969101950749284,4.761266688516805
national,national_draw,1653,"",71.7112280468254,62.969101950749284,8.742126096076113
national,national_draw,1654,"",63.198350672293415,62.969101950749284,0.22924872154413123
national,national_draw,1655,"",63.82435276696139,62.969101950749284,0.8552508162121057
national,national_draw,1656,"",70.66944776970813,62.969101950749284,7.700345818958844
national,national_draw,1657,"",67.90787735825865,62.969101950749284,4.938775407509361
national,national_draw,1658,"",62.44813563908852,62.969101950749284,-0.5209663116607643
national,national_draw,1659,"",70.53831231198083,62.969101950749284,7.569210361231548
national,national_draw,1660,"",71.63519574952244,62.969101950749284,8.666093798773154
national,national_draw,1661,"",70.55244819311515,62.969101950749284,7.58334624236587
national,national_draw,1662,"",67.78209940871437,62.969101950749284,4.812997457965089
national,national_draw,1663,"",60.94213339484427,62.969101950749284,-2.0269685559050146
national,national_draw,1664,"",59.83801582087632,62.969101950749284,-3.131086129872962
national,national_draw,1665,"",65.83370917834405,62.969101950749284,2.8646072275947674
national,national_draw,1666,"",68.93194623499323,62.969101950749284,5.96284428424395
national,national_draw,1667,"",64.04299957765477,62.969101950749284,1.0738976269054845
national,national_draw,1668,"",69.95915436684584,62.969101950749284,6.990052416096553
national,national_draw,1669,"",71.49479256436956,62.969101950749284,8.525690613620277
national,national_draw,1670,"",70.22636499255962,62.969101950749284,7.25726304181034
national,national_draw,1671,"",70.63010551659687,62.969101950749284,7.661003565847587
national,national_draw,1672,"",72.57403384980312,62.969101950749284,9.604931899053831
national,national_draw,1673,"",69.48318096750873,62.969101950749284,6.514079016759446
national,national_draw,1674,"",63.16164908672259,62.969101950749284,0.19254713597330664
national,national_draw,1675,"",67.91380962712135,62.969101950749284,4.944707676372069
national,national_draw,1676,"",68.20211096902135,62.969101950749284,5.233009018272064
national,national_draw,1677,"",75.28586784211458,62.969101950749284,12.3167658913653
national,national_draw,1678,"",74.23171751486686,62.969101950749284,11.262615564117574
national,national_draw,1679,"",69.74485173124957,62.969101950749284,6.775749780500284
national,national_draw,1680,"",66.56684758701732,62.969101950749284,3.597745636268037
national,national_draw,1681,"",72.46042282211694,62.969101950749284,9.491320871367655
national,national_draw,1682,"",71.47218069441662,62.969101950749284,8.503078743667338
national,national_draw,1683,"",67.17393797787513,62.969101950749284,4.204836027125843
national,national_draw,1684,"",70.79478483857038,62.969101950749284,7.825682887821095
national,national_draw,1685,"",64.61485182981295,62.969101950749284,1.6457498790636649
national,national_draw,1686,"",62.56400877708032,62.969101950749284,-0.40509317366896624
national,national_draw,1687,"",70.3919491586554,62.969101950749284,7.422847207906109
national,national_draw,1688,"",62.41016219353974,62.969101950749284,-0.5589397572095436
national,national_draw,1689,"",70.25328641347235,62.969101950749284,7.2841844627230685
national,national_draw,1690,"",64.1422531297277,62.969101950749284,1.1731511789784221
national,national_draw,1691,"",65.3979228610691,62.969101950749284,2.4288209103198213
national,national_draw,1692,"",65.18375410547053,62.969101950749284,2.214652154721243
national,national_draw,1693,"",65.73084779116124,62.969101950749284,2.7617458404119546
national,national_draw,1694,"",73.39841609344676,62.969101950749284,10.429314142697471
national,national_draw,1695,"",63.87621972468317,62.969101950749284,0.9071177739338836
national,national_draw,1696,"",69.22196262582902,62.969101950749284,6.252860675079738
national,national_draw,1697,"",65.16895805745109,62.969101950749284,2.1998561067018088
national,national_draw,1698,"",70.84109346811263,62.969101950749284,7.871991517363348
national,national_draw,1699,"",72.74336203928229,62.969101950749284,9.774260088533005
national,national_draw,1700,"",72.39606347564616,62.969101950749284,9.426961524896875
national,national_draw,1701,"",61.5768030652241,62.969101950749284,-1.3922988855251859
national,national_draw,1702,"",75.70672423137242,62.969101950749284,12.737622280623135
national,national_draw,1703,"",66.76678351389705,62.969101950749284,3.797681563147769
national,national_draw,1704,"",70.34051154023652,62.969101950749284,7.371409589487236
national,national_draw,1705,"",81.66056854818613,62.969101950749284,18.69146659743685
national,national_draw,1706,"",63.538553596052516,62.969101950749284,0.5694516453032321
national,national_draw,1707,"",58.840143566446336,62.969101950749284,-4.128958384302948
national,national_draw,1708,"",69.32829104329659,62.969101950749284,6.359189092547304
national,national_draw,1709,"",65.91598767002154,62.969101950749284,2.9468857192722524
national,national_draw,1710,"",65.0188762717763,62.969101950749284,2.049774321027023
national,national_draw,1711,"",66.86108812260748,62.969101950749284,3.8919861718582
national,national_draw,1712,"",63.823311734565635,62.969101950749284,0.8542097838163514
national,national_draw,1713,"",64.4749333825827,62.969101950749284,1.5058314318334212
national,national_draw,1714,"",76.48915356195005,62.969101950749284,13.520051611200763
national,national_draw,1715,"",65.105069599248,62.969101950749284,2.1359676484987133
national,national_draw,1716,"",70.90217967946774,62.969101950749284,7.933077728718452
national,national_draw,1717,"",71.87098612474628,62.969101950749284,8.901884173996997
national,national_draw,1718,"",63.71089177720365,62.969101950749284,0.7417898264543652
national,national_draw,1719,"",67.3834186252791,62.969101950749284,4.414316674529822
national,national_draw,1720,"",58.86481672670838,62.969101950749284,-4.1042852240409005
national,national_draw,1721,"",73.94498349225005,62.969101950749284,10.975881541500762
national,national_draw,1722,"",72.64632212372271,62.969101950749284,9.677220172973428
national,national_draw,1723,"",70.07156970765618,62.969101950749284,7.102467756906897
national,national_draw,1724,"",66.75174740519213,62.969101950749284,3.78264545444285
national,national_draw,1725,"",64.39749996185574,62.969101950749284,1.4283980111064594
national,national_draw,1726,"",62.69805035406758,62.969101950749284,-0.2710515966817013
national,national_draw,1727,"",66.04596898983779,62.969101950749284,3.076867039088505
national,national_draw,1728,"",68.44307419036244,62.969101950749284,5.473972239613154
national,national_draw,1729,"",79.77849046563209,62.969101950749284,16.809388514882805
national,national_draw,1730,"",78.50941426831615,62.969101950749284,15.540312317566865
national,national_draw,1731,"",61.40089398137623,62.969101950749284,-1.5682079693730557
national,national_draw,1732,"",65.87236587353617,62.969101950749284,2.903263922786884
national,national_draw,1733,"",70.62228738638753,62.969101950749284,7.6531854356382425
national,national_draw,1734,"",73.47236863423406,62.969101950749284,10.503266683484775
national,national_draw,1735,"",68.50115733487304,62.969101950749284,5.532055384123758
national,national_draw,1736,"",78.35173594691095,62.969101950749284,15.382633996161665
national,national_draw,1737,"",69.76431972953286,62.969101950749284,6.795217778783574
national,national_draw,1738,"",62.72794483423914,62.969101950749284,-0.24115711651014493
national,national_draw,1739,"",81.68879645321418,62.969101950749284,18.719694502464897
national,national_draw,1740,"",65.78266627509075,62.969101950749284,2.8135643243414634
national,national_draw,1741,"",78.0649142098129,62.969101950749284,15.095812259063614
national,national_draw,1742,"",65.61915263240738,62.969101950749284,2.6500506816580938
national,national_draw,1743,"",64.35232700401795,62.969101950749284,1.3832250532686672
national,national_draw,1744,"",60.600134632495596,62.969101950749284,-2.368967318253688
national,national_draw,1745,"",62.91199059035978,62.969101950749284,-0.057111360389505705
national,national_draw,1746,"",81.16271500233171,62.969101950749284,18.193613051582425
national,national_draw,1747,"",66.84222027603793,62.969101950749284,3.873118325288651
national,national_draw,1748,"",63.733669843015775,62.969101950749284,0.7645678922664914
national,national_draw,1749,"",66.52954123318112,62.969101950749284,3.5604392824318367
national,national_draw,1750,"",66.80781773318589,62.969101950749284,3.8387157824366014
national,national_draw,1751,"",72.12244507625032,62.969101950749284,9.153343125501031
national,national_draw,1752,"",64.50193097659756,62.969101950749284,1.5328290258482795
national,national_draw,1753,"",64.87520225978356,62.969101950749284,1.9061003090342794
national,national_draw,1754,"",68.02926496718936,62.969101950749284,5.060163016440079
national,national_draw,1755,"",72.07878865562762,62.969101950749284,9.109686704878335
national,national_draw,1756,"",78.55321380203982,62.969101950749284,15.584111851290537
national,national_draw,1757,"",64.8560504952879,62.969101950749284,1.886948544538619
national,national_draw,1758,"",65.43598402109912,62.969101950749284,2.4668820703498326
national,national_draw,1759,"",73.08929179535593,62.969101950749284,10.12018984460665
national,national_draw,1760,"",65.86436769781272,62.969101950749284,2.8952657470634406
national,national_draw,1761,"",65.10063770966964,62.969101950749284,2.131535758920357
national,national_draw,1762,"",63.64576839143575,62.969101950749284,0.6766664406864678
national,national_draw,1763,"",66.8150172454749,62.969101950749284,3.8459152947256214
national,national_draw,1764,"",62.31597069034459,62.969101950749284,-0.6531312604046917
national,national_draw,1765,"",71.93466914640122,62.969101950749284,8.965567195651936
national,national_draw,1766,"",70.9963319419739,62.969101950749284,8.027229991224623
national,national_draw,1767,"",67.05982836261138,62.969101950749284,4.0907264118621
national,national_draw,1768,"",62.73079555487938,62.969101950749284,-0.23830639586990543
national,national_draw,1769,"",66.7963848430392,62.969101950749284,3.8272828922899222
national,national_draw,1770,"",70.28180285297813,62.969101950749284,7.312700902228848
national,national_draw,1771,"",64.40580975481517,62.969101950749284,1.4367078040658825
national,national_draw,1772,"",62.037844228268256,62.969101950749284,-0.9312577224810283
national,national_draw,1773,"",65.45840199588301,62.969101950749284,2.4893000451337244
national,national_draw,1774,"",67.63868392361371,62.969101950749284,4.669581972864428
national,national_draw,1775,"",77.86125503403218,62.969101950749284,14.8921530832829
national,national_draw,1776,"",63.88235743009404,62.969101950749284,0.9132554793447554
national,national_draw,1777,"",71.63782718395959,62.969101950749284,8.668725233210303
national,national_draw,1778,"",61.828852935338574,62.969101950749284,-1.1402490154107099
national,national_draw,1779,"",70.05369672796593,62.969101950749284,7.084594777216644
national,national_draw,1780,"",64.91236780879461,62.969101950749284,1.9432658580453293
national,national_draw,1781,"",66.34787530943304,62.969101950749284,3.378773358683752
national,national_draw,1782,"",64.50452086206992,62.969101950749284,1.5354189113206402
national,national_draw,1783,"",67.19830413745284,62.969101950749284,4.229202186703553
national,national_draw,1784,"",66.87270105826829,62.969101950749284,3.903599107519007
national,national_draw,1785,"",70.33951436508138,62.969101950749284,7.370412414332101
national,national_draw,1786,"",64.45310632640927,62.969101950749284,1.4840043756599854
national,national_draw,1787,"",62.661660385732745,62.969101950749284,-0.3074415650165392
national,national_draw,1788,"",64.05605980225602,62.969101950749284,1.0869578515067317
national,national_draw,1789,"",63.39554667577235,62.969101950749284,0.4264447250230674
national,national_draw,1790,"",66.2908239642149,62.969101950749284,3.3217220134656102
national,national_draw,1791,"",73.2118566249559,62.969101950749284,10.242754674206616
national,national_draw,1792,"",65.48346294648314,62.969101950749284,2.5143609957338597
national,national_draw,1793,"",74.04278513883091,62.969101950749284,11.073683188081624
national,national_draw,1794,"",66.88260125326913,62.969101950749284,3.9134993025198455
national,national_draw,1795,"",71.01347781478022,62.969101950749284,8.044375864030933
national,national_draw,1796,"",65.4367780679819,62.969101950749284,2.467676117232621
national,national_draw,1797,"",62.47488624759042,62.969101950749284,-0.494215703158865
national,national_draw,1798,"",66.95744478852373,62.969101950749284,3.9883428377744465
national,national_draw,1799,"",70.64258405569093,62.969101950749284,7.673482104941648
national,national_draw,1800,"",58.8563130385799,62.969101950749284,-4.1127889121693855
national,national_draw,1801,"",67.27013537275965,62.969101950749284,4.30103342201037
national,national_draw,1802,"",66.42848260941533,62.969101950749284,3.459380658666042
national,national_draw,1803,"",69.18544339404814,62.969101950749284,6.216341443298852
national,national_draw,1804,"",62.15413747245967,62.969101950749284,-0.8149644782896175
national,national_draw,1805,"",65.80306220025452,62.969101950749284,2.833960249505232
national,national_draw,1806,"",60.109208222383174,62.969101950749284,-2.85989372836611
national,national_draw,1807,"",68.41717071908724,62.969101950749284,5.448068768337954
national,national_draw,1808,"",65.65542257039947,62.969101950749284,2.686320619650182
national,national_draw,1809,"",63.91964070117202,62.969101950749284,0.9505387504227372
national,national_draw,1810,"",74.34947420592945,62.969101950749284,11.38037225518017
national,national_draw,1811,"",58.845057885671515,62.969101950749284,-4.1240440650777686
national,national_draw,1812,"",68.46049474799156,62.969101950749284,5.491392797242277
national,national_draw,1813,"",64.14575478414977,62.969101950749284,1.1766528334004889
national,national_draw,1814,"",65.3103791922415,62.969101950749284,2.3412772414922145
national,national_draw,1815,"",67.71907886222039,62.969101950749284,4.7499769114711015
national,national_draw,1816,"",70.2421074336661,62.969101950749284,7.2730054829168225
national,national_draw,1817,"",72.13257840710916,62.969101950749284,9.16347645635988
national,national_draw,1818,"",69.84382598194804,62.969101950749284,6.87472403119876
national,national_draw,1819,"",66.14606275430997,62.969101950749284,3.1769608035606822
national,national_draw,1820,"",79.6810096693905,62.969101950749284,16.71190771864122
national,national_draw,1821,"",72.97822910417732,62.969101950749284,10.009127153428032
national,national_draw,1822,"",69.27146821738484,62.969101950749284,6.302366266635552
national,national_draw,1823,"",71.14326523942741,62.969101950749284,8.174163288678123
national,national_draw,1824,"",68.27234487745929,62.969101950749284,5.303242926710006
national,national_draw,1825,"",74.47359019688184,62.969101950749284,11.50448824613256
national,national_draw,1826,"",71.14269971185101,62.969101950749284,8.173597761101725
national,national_draw,1827,"",71.24691374866555,62.969101950749284,8.277811797916264
national,national_draw,1828,"",68.60905076334797,62.969101950749284,5.639948812598682
national,national_draw,1829,"",65.50637489229297,62.969101950749284,2.5372729415436837
national,national_draw,1830,"",64.93785579042185,62.969101950749284,1.9687538396725657
national,national_draw,1831,"",70.02870502564045,62.969101950749284,7.0596030748911645
national,national_draw,1832,"",72.87166293430008,62.969101950749284,9.902560983550792
national,national_draw,1833,"",63.33080184723927,62.969101950749284,0.3616998964899878
national,national_draw,1834,"",57.96543398505424,62.969101950749284,-5.003667965695044
national,national_draw,1835,"",61.90612016020635,62.969101950749284,-1.0629817905429348
national,national_draw,1836,"",59.85363823164005,62.969101950749284,-3.1154637191092363
national,national_draw,1837,"",65.96187388508835,62.969101950749284,2.9927719343390677
national,national_draw,1838,"",63.800457495651386,62.969101950749284,0.8313555449021024
national,national_draw,1839,"",63.18908525314365,62.969101950749284,0.21998330239436825
national,national_draw,1840,"",65.33079589188765,62.969101950749284,2.3616939411383626
national,national_draw,1841,"",61.175202312873914,62.969101950749284,-1.79389963787537
national,national_draw,1842,"",81.21831905860941,62.969101950749284,18.249217107860126
national,national_draw,1843,"",65.9821336219786,62.969101950749284,3.013031671229321
national,national_draw,1844,"",63.48714598521933,62.969101950749284,0.5180440344700443
national,national_draw,1845,"",67.50533713764888,62.969101950749284,4.536235186899596
national,national_draw,1846,"",62.59223899038416,62.969101950749284,-0.37686296036512346
national,national_draw,1847,"",75.42909174032202,62.969101950749284,12.459989789572738
national,national_draw,1848,"",65.10051306277525,62.969101950749284,2.1314111120259653
national,national_draw,1849,"",64.78826105094552,62.969101950749284,1.819159100196238
national,national_draw,1850,"",71.67270984818262,62.969101950749284,8.703607897433336
national,national_draw,1851,"",73.46407269092956,62.969101950749284,10.494970740180271
national,national_draw,1852,"",61.64423011026241,62.969101950749284,-1.3248718404868711
national,national_draw,1853,"",71.97596189258212,62.969101950749284,9.006859941832836
national,national_draw,1854,"",67.7127634195712,62.969101950749284,4.743661468821919
national,national_draw,1855,"",66.65366184068515,62.969101950749284,3.684559889935862
national,national_draw,1856,"",66.12821747392958,62.969101950749284,3.159115523180297
national,national_draw,1857,"",62.912636907589956,62.969101950749284,-0.05646504315932788
national,national_draw,1858,"",66.766589618728,62.969101950749284,3.7974876679787215
national,national_draw,1859,"",70.3854952194569,62.969101950749284,7.4163932687076155
national,national_draw,1860,"",69.72001929995581,62.969101950749284,6.750917349206524
national,national_draw,1861,"",67.73137043097287,62.969101950749284,4.7622684802235895
national,national_draw,1862,"",64.84258401414198,62.969101950749284,1.873482063392693
national,national_draw,1863,"",71.1237833914892,62.969101950749284,8.154681440739914
national,national_draw,1864,"",63.014051005832336,62.969101950749284,0.0449490550830518
national,national_draw,1865,"",62.30217643403193,62.969101950749284,-0.666925516717356
national,national_draw,1866,"",62.450143839053716,62.969101950749284,-0.5189581116955679
national,national_draw,1867,"",69.78231966439331,62.969101950749284,6.813217713644029
national,national_draw,1868,"",64.10241921386634,62.969101950749284,1.133317263117057
national,national_draw,1869,"",66.96269149946728,62.969101950749284,3.993589548717999
national,national_draw,1870,"",67.23552046853199,62.969101950749284,4.266418517782704
national,national_draw,1871,"",68.22532991551549,62.969101950749284,5.256227964766204
national,national_draw,1872,"",74.6560155433754,62.969101950749284,11.68691359262612
national,national_draw,1873,"",65.1646600478704,62.969101950749284,2.195558097121115
national,national_draw,1874,"",65.95223452525542,62.969101950749284,2.9831325745061363
national,national_draw,1875,"",63.269754876573145,62.969101950749284,0.3006529258238615
national,national_draw,1876,"",69.14175465756394,62.969101950749284,6.172652706814652
national,national_draw,1877,"",65.99595557760112,62.969101950749284,3.026853626851839
national,national_draw,1878,"",67.45225141029306,62.969101950749284,4.483149459543775
national,national_draw,1879,"",62.59298687175051,62.969101950749284,-0.3761150789987724
national,national_draw,1880,"",60.487396133070156,62.969101950749284,-2.481705817679128
national,national_draw,1881,"",64.93478347530268,62.969101950749284,1.9656815245533963
national,national_draw,1882,"",67.38346479079553,62.969101950749284,4.414362840046245
national,national_draw,1883,"",79.94376301449189,62.969101950749284,16.97466106374261
national,national_draw,1884,"",59.31364941892965,62.969101950749284,-3.655452531819634
national,national_draw,1885,"",64.8866720823434,62.969101950749284,1.9175701315941112
national,national_draw,1886,"",73.50406587782263,62.969101950749284,10.534963927073342
national,national_draw,1887,"",56.95427760326828,62.969101950749284,-6.014824347481003
national,national_draw,1888,"",77.90577244153651,62.969101950749284,14.936670490787229
national,national_draw,1889,"",75.417831970862,62.969101950749284,12.448730020112713
national,national_draw,1890,"",61.04854721851724,62.969101950749284,-1.9205547322320413
national,national_draw,1891,"",65.25362330632858,62.969101950749284,2.284521355579294
national,national_draw,1892,"",73.63985943615884,62.969101950749284,10.67075748540956
national,national_draw,1893,"",69.01942988864947,62.969101950749284,6.050327937900185
national,national_draw,1894,"",80.64577432370461,62.969101950749284,17.67667237295533
national,national_draw,1895,"",63.781594265633466,62.969101950749284,0.8124923148841816
national,national_draw,1896,"",75.50177472940717,62.969101950749284,12.53267277865789
national,national_draw,1897,"",66.70787400664216,62.969101950749284,3.7387720558928734
national,national_draw,1898,"",69.42464540093701,62.969101950749284,6.455543450187726
national,national_draw,1899,"",62.28620316534326,62.969101950749284,-0.6828987854060244
national,national_draw,1900,"",65.69762016070261,62.969101950749284,2.7285182099533287
national,national_draw,1901,"",70.86441167046713,62.969101950749284,7.895309719717851
national,national_draw,1902,"",64.52551693894742,62.969101950749284,1.556414988198135
national,national_draw,1903,"",66.42988834939096,62.969101950749284,3.4607863986416803
national,national_draw,1904,"",70.00737886532039,62.969101950749284,7.038276914571107
national,national_draw,1905,"",60.429430710626484,62.969101950749284,-2.5396712401228
national,national_draw,1906,"",70.87772349713298,62.969101950749284,7.908621546383692
national,national_draw,1907,"",57.04317853827926,62.969101950749284,-5.925923412470027
national,national_draw,1908,"",64.3706200899078,62.969101950749284,1.4015181391585187
national,national_draw,1909,"",79.10668756210272,62.969101950749284,16.137585611353437
national,national_draw,1910,"",59.88537702419343,62.969101950749284,-3.0837249265558526
national,national_draw,1911,"",61.99810264343978,62.969101950749284,-0.9709993073095049
national,national_draw,1912,"",68.92085958621986,62.969101950749284,5.951757635470578
national,national_draw,1913,"",56.220714471843756,62.969101950749284,-6.748387478905528
national,national_draw,1914,"",66.47306926519433,62.969101950749284,3.503967314445042
national,national_draw,1915,"",76.85250849220445,62.969101950749284,13.883406541455166
national,national_draw,1916,"",63.32389086942801,62.969101950749284,0.35478891867872875
national,national_draw,1917,"",77.94249941814138,62.969101950749284,14.973397467392097
national,national_draw,1918,"",66.70812560870675,62.969101950749284,3.7390236579574676
national,national_draw,1919,"",72.29142702435617,62.969101950749284,9.322325073606883
national,national_draw,1920,"",68.67273840155454,62.969101950749284,5.703636450805256
national,national_draw,1921,"",70.5474623173395,62.969101950749284,7.578360366590211
national,national_draw,1922,"",72.77474997391072,62.969101950749284,9.805648023161432
national,national_draw,1923,"",63.10956745934936,62.969101950749284,0.140465508600073
national,national_draw,1924,"",63.9966147750104,62.969101950749284,1.027512824261116
national,national_draw,1925,"",67.99549489191256,62.969101950749284,5.026392941163273
national,national_draw,1926,"",63.80430539144676,62.969101950749284,0.8352034406974767
national,national_draw,1927,"",69.29293518253003,62.969101950749284,6.323833231780746
national,national_draw,1928,"",60.66481252102983,62.969101950749284,-2.3042894297194536
national,national_draw,1929,"",64.21114823818885,62.969101950749284,1.242046287439571
national,national_draw,1930,"",69.61270063216057,62.969101950749284,6.643598681411284
national,national_draw,1931,"",69.14629041955429,62.969101950749284,6.1771884688050065
national,national_draw,1932,"",64.139940237354,62.969101950749284,1.1708382866047131
national,national_draw,1933,"",67.82644138725622,62.969101950749284,4.8573394365069404
national,national_draw,1934,"",72.94115357792332,62.969101950749284,9.972051627174032
national,national_draw,1935,"",65.02006272554884,62.969101950749284,2.050960774799556
national,national_draw,1936,"",68.93581028871937,62.969101950749284,5.966708337970083
national,national_draw,1937,"",70.7868674525007,62.969101950749284,7.817765501751417
national,national_draw,1938,"",63.55208009236981,62.969101950749284,0.5829781416205293
national,national_draw,1939,"",63.889275332732765,62.969101950749284,0.9201733819834814
national,national_draw,1940,"",64.17693497395422,62.969101950749284,1.207833023204934
national,national_draw,1941,"",65.65787626759833,62.969101950749284,2.6887743168490417
national,national_draw,1942,"",68.89794764041005,62.969101950749284,5.928845689660768
national,national_draw,1943,"",71.21950989810601,62.969101950749284,8.250407947356727
national,national_draw,1944,"",68.0652371376004,62.969101950749284,5.0961351868511215
national,national_draw,1945,"",65.71770216035459,62.969101950749284,2.748600209605307
national,national_draw,1946,"",61.36849502193774,62.969101950749284,-1.600606928811544
national,national_draw,1947,"",75.59924167599384,62.969101950749284,12.630139725244554
national,national_draw,1948,"",76.26922334989959,62.969101950749284,13.300121399150306
national,national_draw,1949,"",63.66230026287337,62.969101950749284,0.693198312124089
national,national_draw,1950,"",59.577875444005514,62.969101950749284,-3.39122650674377
national,national_draw,1951,"",60.56271978969576,62.969101950749284,-2.4063821610535214
national,national_draw,1952,"",70.50326806845025,62.969101950749284,7.53416611770097
national,national_draw,1953,"",66.60413778292276,62.969101950749284,3.635035832173479
national,national_draw,1954,"",64.3897118392321,62.969101950749284,1.4206098884828222
national,national_draw,1955,"",70.37384304310712,62.969101950749284,7.404741092357831
national,national_draw,1956,"",69.09978558656717,62.969101950749284,6.130683635817881
national,national_draw,1957,"",59.648704887605554,62.969101950749284,-3.32039706314373
national,national_draw,1958,"",68.1924069774654,62.969101950749284,5.223305026716112
national,national_draw,1959,"",60.23255555748681,62.969101950749284,-2.736546393262472
national,national_draw,1960,"",68.83503096632805,62.969101950749284,5.8659290155787644
national,national_draw,1961,"",60.843694664136514,62.969101950749284,-2.12540728661277
national,national_draw,1962,"",70.32475986602674,62.969101950749284,7.355657915277455
national,national_draw,1963,"",71.41805855121667,62.969101950749284,8.44895660046739
national,national_draw,1964,"",66.45461921654856,62.969101950749284,3.485517265799281
national,national_draw,1965,"",63.8757211371056,62.969101950749284,0.9066191863563162
national,national_draw,1966,"",72.48177899002269,62.969101950749284,9.512677039273406
national,national_draw,1967,"",59.97264600819822,62.969101950749284,-2.9964559425510657
national,national_draw,1968,"",63.88469571350179,62.969101950749284,0.9155937627525077
national,national_draw,1969,"",67.82255194249605,62.969101950749284,4.853449991746764
national,national_draw,1970,"",70.72659606251078,62.969101950749284,7.7574941117614955
national,national_draw,1971,"",69.29032221429945,62.969101950749284,6.321220263550167
national,national_draw,1972,"",62.09938747823613,62.969101950749284,-0.8697144725131523
national,national_draw,1973,"",64.32166617627347,62.969101950749284,1.3525642255241834
national,national_draw,1974,"",65.92776218498989,62.969101950749284,2.958660234240604
national,national_draw,1975,"",63.90085595253206,62.969101950749284,0.9317540017827781
national,national_draw,1976,"",63.986843843455596,62.969101950749284,1.0177418927063115
national,national_draw,1977,"",63.85556988917899,62.969101950749284,0.8864679384297034
national,national_draw,1978,"",70.28222295917776,62.969101950749284,7.313121008428475
national,national_draw,1979,"",65.31094702809372,62.969101950749284,2.3418450773444377
national,national_draw,1980,"",63.314703931656204,62.969101950749284,0.3456019809069204
national,national_draw,1981,"",65.39810290658322,62.969101950749284,2.429000955833935
national,national_draw,1982,"",64.85715385113085,62.969101950749284,1.8880519003815621
national,national_draw,1983,"",63.86541930211174,62.969101950749284,0.8963173513624554
national,national_draw,1984,"",71.48993595203994,62.969101950749284,8.520834001290659
national,national_draw,1985,"",74.23346026311252,62.969101950749284,11.264358312363235
national,national_draw,1986,"",59.78324966872203,62.969101950749284,-3.1858522820272555
national,national_draw,1987,"",67.10394874667432,62.969101950749284,4.134846795925036
national,national_draw,1988,"",66.3296999456101,62.969101950749284,3.360597994860818
national,national_draw,1989,"",77.44439888677397,62.969101950749284,14.475296936024684
national,national_draw,1990,"",65.92910790979415,62.969101950749284,2.960005959044871
national,national_draw,1991,"",67.94838529066006,62.969101950749284,4.979283339910772
national,national_draw,1992,"",57.085586181682224,62.969101950749284,-5.88351576906706
national,national_draw,1993,"",72.42954270816936,62.969101950749284,9.46044075742008
national,national_draw,1994,"",64.27475739501747,62.969101950749284,1.30565544426819
national,national_draw,1995,"",65.9936288355725,62.969101950749284,3.02452688482321
national,national_draw,1996,"",65.83735163759128,62.969101950749284,2.868249686841999
national,national_draw,1997,"",65.3750432311208,62.969101950749284,2.405941280371515
national,national_draw,1998,"",64.65912456008014,62.969101950749284,1.6900226093308603
national,national_draw,1999,"",68.438967767675,62.969101950749284,5.4698658169257115
national,national_draw,2000,"",66.70591889702087,62.969101950749284,3.7368169462715812
national,national_draw,2001,"",58.16829911395217,62.969101950749284,-4.800802836797111
national,national_draw,2002,"",67.25982892121414,62.969101950749284,4.290726970464853
national,national_draw,2003,"",67.68917514894554,62.969101950749284,4.720073198196253
national,national_draw,2004,"",63.8802084253037,62.969101950749284,0.9111064745544155
national,national_draw,2005,"",66.28706609117657,62.969101950749284,3.3179641404272857
national,national_draw,2006,"",66.0340121210795,62.969101950749284,3.064910170330215
national,national_draw,2007,"",63.024851428403785,62.969101950749284,0.055749477654501334
national,national_draw,2008,"",70.45281839208323,62.969101950749284,7.4837164413339465
national,national_draw,2009,"",65.65554490901803,62.969101950749284,2.6864429582687492
national,national_draw,2010,"",64.18519167656974,62.969101950749284,1.21608972582046
national,national_draw,2011,"",69.72086643718251,62.969101950749284,6.751764486433224
national,national_draw,2012,"",65.26579715301415,62.969101950749284,2.296695202264864
national,national_draw,2013,"",65.18662790886899,62.969101950749284,2.217525958119701
national,national_draw,2014,"",71.73840106980275,62.969101950749284,8.769299119053464
national,national_draw,2015,"",63.10507786287545,62.969101950749284,0.13597591212616322
national,national_draw,2016,"",66.51282008312609,62.969101950749284,3.543718132376803
national,national_draw,2017,"",71.0968134967842,62.969101950749284,8.12771154603491
national,national_draw,2018,"",65.306078874385,62.969101950749284,2.33697692363571
national,national_draw,2019,"",59.19400686652042,62.969101950749284,-3.775095084228866
national,national_draw,2020,"",66.04471097951476,62.969101950749284,3.075609028765477
national,national_draw,2021,"",70.15860786407875,62.969101950749284,7.189505913329462
national,national_draw,2022,"",66.07237335696638,62.969101950749284,3.1032714062170967
national,national_draw,2023,"",72.35747372045289,62.969101950749284,9.388371769703603
national,national_draw,2024,"",67.49297862889755,62.969101950749284,4.523876678148262
national,national_draw,2025,"",72.86933850054726,62.969101950749284,9.900236549797974
national,national_draw,2026,"",68.6907175619326,62.969101950749284,5.721615611183317
national,national_draw,2027,"",73.62192182474558,62.969101950749284,10.6528198739963
national,national_draw,2028,"",63.70283358630883,62.969101950749284,0.7337316355595433
national,national_draw,2029,"",75.74228783696297,62.969101950749284,12.773185886213689
national,national_draw,2030,"",62.60262623158345,62.969101950749284,-0.3664757191658339
national,national_draw,2031,"",70.12872723356213,62.969101950749284,7.159625282812847
national,national_draw,2032,"",72.24347028587697,62.969101950749284,9.274368335127683
national,national_draw,2033,"",72.39605655081868,62.969101950749284,9.4269546000694
national,national_draw,2034,"",70.35901006267453,62.969101950749284,7.389908111925244
national,national_draw,2035,"",57.585341746814045,62.969101950749284,-5.383760203935239
national,national_draw,2036,"",68.06112609836131,62.969101950749284,5.09202414761203
national,national_draw,2037,"",63.79422976748346,62.969101950749284,0.8251278167341738
national,national_draw,2038,"",67.96783251446095,62.969101950749284,4.998730563711668
national,national_draw,2039,"",66.22682470877234,62.969101950749284,3.257722758023057
national,national_draw,2040,"",67.18564786112046,62.969101950749284,4.216545910371174
national,national_draw,2041,"",75.22171393219195,62.969101950749284,12.252611981442662
national,national_draw,2042,"",69.69050337701907,62.969101950749284,6.721401426269786
national,national_draw,2043,"",65.93301582076091,62.969101950749284,2.9639138700116305
national,national_draw,2044,"",56.783444417953135,62.969101950749284,-6.185657532796149
national,national_draw,2045,"",60.273527453328455,62.969101950749284,-2.6955744974208287
national,national_draw,2046,"",62.85252017208012,62.969101950749284,-0.11658177866916475
national,national_draw,2047,"",68.13452234467549,62.969101950749284,5.165420393926205
national,national_draw,2048,"",62.777533523724536,62.969101950749284,-0.1915684270247482
national,national_draw,2049,"",66.67406238240055,62.969101950749284,3.7049604316512657
national,national_draw,2050,"",69.27066262912292,62.969101950749284,6.30156067837364
national,national_draw,2051,"",63.05253458033779,62.969101950749284,0.08343262958850772
national,national_draw,2052,"",69.51380024628841,62.969101950749284,6.544698295539128
national,national_draw,2053,"",77.2010235171988,62.969101950749284,14.231921566449522
national,national_draw,2054,"",60.72966583852655,62.969101950749284,-2.2394361122227338
national,national_draw,2055,"",74.39123553210224,62.969101950749284,11.42213358135296
national,national_draw,2056,"",72.07388356950572,62.969101950749284,9.10478161875644
national,national_draw,2057,"",70.40546873014523,62.969101950749284,7.4363667793959465
national,national_draw,2058,"",58.27871779617643,62.969101950749284,-4.690384154572854
national,national_draw,2059,"",61.450967408784265,62.969101950749284,-1.5181345419650185
national,national_draw,2060,"",65.11596466112815,62.969101950749284,2.146862710378862
national,national_draw,2061,"",68.49246436812714,62.969101950749284,5.523362417377861
national,national_draw,2062,"",67.75181482992889,62.969101950749284,4.782712879179606
national,national_draw,2063,"",66.98542109148715,62.969101950749284,4.01631914073787
national,national_draw,2064,"",74.40599464770852,62.969101950749284,11.43689269695924
national,national_draw,2065,"",66.04997846494072,62.969101950749284,3.080876514191438
national,national_draw,2066,"",68.30294338175658,62.969101950749284,5.3338414310072935
national,national_draw,2067,"",67.16780719729172,62.969101950749284,4.198705246542438
national,national_draw,2068,"",60.97088297020807,62.969101950749284,-1.9982189805412105
national,national_draw,2069,"",62.90146023605953,62.969101950749284,-0.06764171468975633
national,national_draw,2070,"",79.01455042438921,62.969101950749284,16.04544847363993
national,national_draw,2071,"",64.72759725406586,62.969101950749284,1.7584953033165718
national,national_draw,2072,"",68.6093785385147,62.969101950749284,5.64027658776542
national,national_draw,2073,"",63.42934445035902,62.969101950749284,0.46024249960973407
national,national_draw,2074,"",69.50941452222649,62.969101950749284,6.540312571477209
national,national_draw,2075,"",68.93154459500019,62.969101950749284,5.962442644250906
national,national_draw,2076,"",67.29008349241393,62.969101950749284,4.3209815416646435
national,national_draw,2077,"",63.30602712284106,62.969101950749284,0.3369251720917745
national,national_draw,2078,"",67.58198805287216,62.969101950749284,4.612886102122879
national,national_draw,2079,"",74.25664920202098,62.969101950749284,11.287547251271697
national,national_draw,2080,"",66.55703741477356,62.969101950749284,3.5879354640242767
national,national_draw,2081,"",76.03629754497092,62.969101950749284,13.067195594221637
national,national_draw,2082,"",67.27345236511596,62.969101950749284,4.304350414366674
national,national_draw,2083,"",62.676497982716974,62.969101950749284,-0.29260396803231004
national,national_draw,2084,"",71.12248383220137,62.969101950749284,8.153381881452084
national,national_draw,2085,"",65.36228769892809,62.969101950749284,2.3931857481788015
national,national_draw,2086,"",67.430652873426,62.969101950749284,4.4615509226767145
national,national_draw,2087,"",60.54786372650496,62.969101950749284,-2.421238224244327
national,national_draw,2088,"",65.341377028256,62.969101950749284,2.372275077506721
national,national_draw,2089,"",73.16384448785695,62.969101950749284,10.194742537107665
national,national_draw,2090,"",63.56988382378539,62.969101950749284,0.6007818730361052
national,national_draw,2091,"",71.1968287798784,62.969101950749284,8.227726829129118
national,national_draw,2092,"",70.49857765197982,62.969101950749284,7.529475701230531
national,national_draw,2093,"",67.56803914207943,62.969101950749284,4.598937191330144
national,national_draw,2094,"",61.48809140883053,62.969101950749284,-1.4810105419187565
national,national_draw,2095,"",58.7608819912683,62.969101950749284,-4.208219959480985
national,national_draw,2096,"",60.57240993159678,62.969101950749284,-2.3966920191525034
national,national_draw,2097,"",65.64514150988799,62.969101950749284,2.676039559138708
national,national_draw,2098,"",69.32825411088342,62.969101950749284,6.359152160134137
national,national_draw,2099,"",81.88751591873567,62.969101950749284,18.91841396798639
national,national_draw,2100,"",61.35750532074889,62.969101950749284,-1.6115966300003919
national,national_draw,2101,"",58.28493859951689,62.969101950749284,-4.684163351232392
national,national_draw,2102,"",70.57448991894005,62.969101950749284,7.605387968190762
national,national_draw,2103,"",63.50814898692428,62.969101950749284,0.539047036174999
national,national_draw,2104,"",73.83592900103663,62.969101950749284,10.866827050287348
national,national_draw,2105,"",72.25522864291456,62.969101950749284,9.286126692165276
national,national_draw,2106,"",62.08847164187359,62.969101950749284,-0.8806303088756948
national,national_draw,2107,"",62.76921449766182,62.969101950749284,-0.19988745308746303
national,national_draw,2108,"",64.600607459715,62.969101950749284,1.6315055089657093
national,national_draw,2109,"",56.0745382888599,62.969101950749284,-6.894563661889386
national,national_draw,2110,"",63.13906029952787,62.969101950749284,0.16995834877858584
national,national_draw,2111,"",79.11434642128032,62.969101950749284,16.145244470531033
national,national_draw,2112,"",72.25799395734938,62.969101950749284,9.2888920066001
national,national_draw,2113,"",73.95017942112551,62.969101950749284,10.981077470376228
national,national_draw,2114,"",72.05680002014662,62.969101950749284,9.08769806939734
national,national_draw,2115,"",62.78648270908668,62.969101950749284,-0.18261924166260712
national,national_draw,2116,"",71.01635623473032,62.969101950749284,8.04725428398104
national,national_draw,2117,"",64.85471400358692,62.969101950749284,1.8856120528376366
national,national_draw,2118,"",68.67408643463463,62.969101950749284,5.704984483885347
national,national_draw,2119,"",68.64097421796713,62.969101950749284,5.671872267217843
national,national_draw,2120,"",75.90136497351634,62.969101950749284,12.932263022767053
national,national_draw,2121,"",71.8455558500146,62.969101950749284,8.876453899265321
national,national_draw,2122,"",70.48958691765289,62.969101950749284,7.520484966903602
national,national_draw,2123,"",70.96610968663562,62.969101950749284,7.997007735886335
national,national_draw,2124,"",68.41319586812165,62.969101950749284,5.4440939173723635
national,national_draw,2125,"",67.16834040900662,62.969101950749284,4.199238458257334
national,national_draw,2126,"",68.18329159624406,62.969101950749284,5.214189645494777
national,national_draw,2127,"",63.48391901562008,62.969101950749284,0.5148170648707975
national,national_draw,2128,"",75.05223108823272,62.969101950749284,12.083129137483432
national,national_draw,2129,"",69.1117378387738,62.969101950749284,6.142635888024522
national,national_draw,2130,"",67.97534826053759,62.969101950749284,5.0062463097883025
national,national_draw,2131,"",71.33982646705527,62.969101950749284,8.370724516305991
national,national_draw,2132,"",72.09786655529697,62.969101950749284,9.12876460454769
national,national_draw,2133,"",62.69222426589269,62.969101950749284,-0.2768776848565935
national,national_draw,2134,"",60.404829106914924,62.969101950749284,-2.5642728438343596
national,national_draw,2135,"",65.4713421901415,62.969101950749284,2.502240239392215
national,national_draw,2136,"",59.55897297329863,62.969101950749284,-3.410128977450654
national,national_draw,2137,"",70.49292699276741,62.969101950749284,7.5238250420181245
national,national_draw,2138,"",69.23029319327085,62.969101950749284,6.261191242521569
national,national_draw,2139,"",64.31699653428544,62.969101950749284,1.3478945835361529
national,national_draw,2140,"",65.51740152589497,62.969101950749284,2.548299575145684
national,national_draw,2141,"",71.52289351422738,62.969101950749284,8.553791563478093
national,national_draw,2142,"",64.31010633095657,62.969101950749284,1.3410043802072877
national,national_draw,2143,"",72.20663943686012,62.969101950749284,9.237537486110831
national,national_draw,2144,"",65.06132777241989,62.969101950749284,2.0922258216706027
national,national_draw,2145,"",60.36505289794912,62.969101950749284,-2.604049052800164
national,national_draw,2146,"",66.43152953350045,62.969101950749284,3.462427582751168
national,national_draw,2147,"",79.41210015267167,62.969101950749284,16.442998201922386
national,national_draw,2148,"",66.83647497751681,62.969101950749284,3.867373026767531
national,national_draw,2149,"",64.15955365701407,62.969101950749284,1.1904517062647884
national,national_draw,2150,"",65.17912601244728,62.969101950749284,2.2100240616980003
national,national_draw,2151,"",74.27725748856035,62.969101950749284,11.308155537811068
national,national_draw,2152,"",79.1431652449188,62.969101950749284,16.17406329416952
national,national_draw,2153,"",78.4141771161736,62.969101950749284,15.44507516542432
national,national_draw,2154,"",71.0467239114454,62.969101950749284,8.077621960696113
national,national_draw,2155,"",64.77792459181431,62.969101950749284,1.8088226410650279
national,national_draw,2156,"",67.87681258224531,62.969101950749284,4.907710631496023
national,national_draw,2157,"",61.94953882841937,62.969101950749284,-1.019563122329913
national,national_draw,2158,"",68.58869407887317,62.969101950749284,5.619592128123891
national,national_draw,2159,"",63.76615190038386,62.969101950749284,0.7970499496345766
national,national_draw,2160,"",67.09339992616748,62.969101950749284,4.1242979754181945
national,national_draw,2161,"",63.10541487114546,62.969101950749284,0.13631292039617904
national,national_draw,2162,"",63.83077439029837,62.969101950749284,0.8616724395490891
national,national_draw,2163,"",64.2524663754038,62.969101950749284,1.2833644246545148
national,national_draw,2164,"",69.12869674123851,62.969101950749284,6.15959479048923
national,national_draw,2165,"",63.29136264654349,62.969101950749284,0.32226069579420624
national,national_draw,2166,"",67.5528553037219,62.969101950749284,4.583753352972614
national,national_draw,2167,"",70.17354702519914,62.969101950749284,7.204445074449858
national,national_draw,2168,"",68.47582169945007,62.969101950749284,5.506719748700782
national,national_draw,2169,"",70.32473678326852,62.969101950749284,7.355634832519236
national,national_draw,2170,"",65.28372553132412,62.969101950749284,2.314623580574839
national,national_draw,2171,"",65.51375675837193,62.969101950749284,2.544654807622642
national,national_draw,2172,"",73.13281202770513,62.969101950749284,10.163710076955844
national,national_draw,2173,"",68.31354760088314,62.969101950749284,5.344445650133856
national,national_draw,2174,"",63.13833780919557,62.969101950749284,0.1692358584462852
national,national_draw,2175,"",68.75127286984863,62.969101950749284,5.78217091909935
national,national_draw,2176,"",79.15276767233858,62.969101950749284,16.1836657215893
national,national_draw,2177,"",67.56132667598887,62.969101950749284,4.592224725239582
national,national_draw,2178,"",66.5656403587624,62.969101950749284,3.59653840801311
national,national_draw,2179,"",64.4403669521473,62.969101950749284,1.4712650013980166
national,national_draw,2180,"",67.71092834029267,62.969101950749284,4.741826389543384
national,national_draw,2181,"",63.695892600911876,62.969101950749284,0.7267906501625916
national,national_draw,2182,"",70.2800000895611,62.969101950749284,7.310898138811815
national,national_draw,2183,"",71.3067165586636,62.969101950749284,8.337614607914311
national,national_draw,2184,"",68.97741465213626,62.969101950749284,6.008312701386977
national,national_draw,2185,"",68.23568253257744,62.969101950749284,5.266580581828158
national,national_draw,2186,"",62.835833646162406,62.969101950749284,-0.13326830458687766
national,national_draw,2187,"",72.11584340739921,62.969101950749284,9.146741456649927
national,national_draw,2188,"",65.01222612913293,62.969101950749284,2.0431241783836427
national,national_draw,2189,"",65.54939422878877,62.969101950749284,2.5802922780394866
national,national_draw,2190,"",68.11369708020882,62.969101950749284,5.144595129459539
national,national_draw,2191,"",68.53145114676181,62.969101950749284,5.562349196012526
national,national_draw,2192,"",69.2069172840208,62.969101950749284,6.23781533327152
national,national_draw,2193,"",61.8253628222956,62.969101950749284,-1.1437391284536815
national,national_draw,2194,"",67.54630903349052,62.969101950749284,4.577207082741232
national,national_draw,2195,"",63.76932347136338,62.969101950749284,0.8002215206140946
national,national_draw,2196,"",72.77778535661673,62.969101950749284,9.808683405867448
national,national_draw,2197,"",61.56889722053352,62.969101950749284,-1.400204730215762
national,national_draw,2198,"",65.93977906891956,62.969101950749284,2.970677118170279
national,national_draw,2199,"",65.64118050857734,62.969101950749284,2.6720785578280513
national,national_draw,2200,"",63.00759014180639,62.969101950749284,0.038488191057105325
national,national_draw,2201,"",63.66097762082733,62.969101950749284,0.6918756700780477
national,national_draw,2202,"",70.75904811229319,62.969101950749284,7.789946161543902
national,national_draw,2203,"",71.75311401989258,62.969101950749284,8.784012069143294
national,national_draw,2204,"",73.64963036771364,62.969101950749284,10.680528416964357
national,national_draw,2205,"",68.12764829927738,62.969101950749284,5.158546348528098
national,national_draw,2206,"",62.50965580629817,62.969101950749284,-0.459446144451114
national,national_draw,2207,"",63.85371865196969,62.969101950749284,0.8846167012204091
national,national_draw,2208,"",71.98415627175045,62.969101950749284,9.015054321001166
national,national_draw,2209,"",71.96357799279674,62.969101950749284,8.99447604204746
national,national_draw,2210,"",66.69931491989394,62.969101950749284,3.7302129691446524
national,national_draw,2211,"",70.37026059903127,62.969101950749284,7.401158648281985
national,national_draw,2212,"",62.57691896375312,62.969101950749284,-0.3921829869961613
national,national_draw,2213,"",82.93046879997057,62.969101950749284,19.961366849221285
national,national_draw,2214,"",77.57847739617438,62.969101950749284,14.609375445425094
national,national_draw,2215,"",63.95755874810107,62.969101950749284,0.9884567973517875
national,national_draw,2216,"",62.26883108150639,62.969101950749284,-0.7002708692428925
national,national_draw,2217,"",62.13609137208278,62.969101950749284,-0.833010578666503
national,national_draw,2218,"",64.68041378798704,62.969101950749284,1.7113118372377514
national,national_draw,2219,"",81.47639583689529,62.969101950749284,18.50729388614601
national,national_draw,2220,"",69.3210638316977,62.969101950749284,6.351961880948416
national,national_draw,2221,"",66.55359577552285,62.969101950749284,3.584493824773567
national,national_draw,2222,"",61.60446082612406,62.969101950749284,-1.3646411246252228
national,national_draw,2223,"",70.55612989305135,62.969101950749284,7.587027942302065
national,national_draw,2224,"",61.23551294355279,62.969101950749284,-1.7335890071964926
national,national_draw,2225,"",70.02711231532321,62.969101950749284,7.058010364573924
national,national_draw,2226,"",63.508075122097985,62.969101950749284,0.5389731713487009
national,national_draw,2227,"",60.821158967285704,62.969101950749284,-2.1479429834635795
national,national_draw,2228,"",60.77328994328774,62.969101950749284,-2.195812007461541
national,national_draw,2229,"",73.70280150127489,62.969101950749284,10.733699550525607
national,national_draw,2230,"",67.54774939760348,62.969101950749284,4.578647446854198
national,national_draw,2231,"",66.87421297893175,62.969101950749284,3.9051110281824677
national,national_draw,2232,"",77.22322451405542,62.969101950749284,14.254122563306133
national,national_draw,2233,"",69.84925966323317,62.969101950749284,6.880157712483886
national,national_draw,2234,"",71.83366130470351,62.969101950749284,8.864559353954228
national,national_draw,2235,"",60.51450914087613,62.969101950749284,-2.454592809873155
national,national_draw,2236,"",74.879329687781,62.969101950749284,11.910227737031711
national,national_draw,2237,"",70.49361024241074,62.969101950749284,7.524508291661455
national,national_draw,2238,"",67.57663054468915,62.969101950749284,4.607528593939868
national,national_draw,2239,"",61.280348893120575,62.969101950749284,-1.688753057628709
national,national_draw,2240,"",71.789146205475,62.969101950749284,8.820044254725723
national,national_draw,2241,"",64.53524401326159,62.969101950749284,1.5661420625123057
national,national_draw,2242,"",72.33725553252742,62.969101950749284,9.368153581778138
national,national_draw,2243,"",68.91052081881284,62.969101950749284,5.941418868063558
national,national_draw,2244,"",63.47316014201344,62.969101950749284,0.5040581912641571
national,national_draw,2245,"",63.01648162027298,62.969101950749284,0.04737966952369277
national,national_draw,2246,"",69.87051657527856,62.969101950749284,6.901414624529274
national,national_draw,2247,"",71.76142381285202,62.969101950749284,8.792321862102732
national,national_draw,2248,"",81.46285779919889,62.969101950749284,18.493755848449602
national,national_draw,2249,"",64.38665106549205,62.969101950749284,1.4175491147427621
national,national_draw,2250,"",65.69357375318654,62.969101950749284,2.7244718024372574
national,national_draw,2251,"",61.67546800696241,62.969101950749284,-1.2936339437868725
national,national_draw,2252,"",70.1820160891903,62.969101950749284,7.212914138441015
national,national_draw,2253,"",68.05345108125294,62.969101950749284,5.084349130503661
national,national_draw,2254,"",64.41448194707867,62.969101950749284,1.445379996329386
national,national_draw,2255,"",64.74456538963385,62.969101950749284,1.7754634388845645
national,national_draw,2256,"",67.45921547844821,62.969101950749284,4.490113527698931
national,national_draw,2257,"",71.27151996892877,62.969101950749284,8.302418018179488
national,national_draw,2258,"",64.36834412994725,62.969101950749284,1.3992421791979623
national,national_draw,2259,"",72.18396986001162,62.969101950749284,9.214867909262331
national,national_draw,2260,"",74.65909247504621,62.969101950749284,11.689990524296924
national,national_draw,2261,"",68.50724194994001,62.969101950749284,5.538139999190726
national,national_draw,2262,"",73.18156050479129,62.969101950749284,10.212458554042009
national,national_draw,2263,"",69.24388432131117,62.969101950749284,6.274782370561887
national,national_draw,2264,"",64.41374560709143,62.969101950749284,1.4446436563421443
national,national_draw,2265,"",66.72154823261207,62.969101950749284,3.752446281862781
national,national_draw,2266,"",69.87659426551805,62.969101950749284,6.907492314768767
national,national_draw,2267,"",72.36178788796433,62.969101950749284,9.392685937215042
national,national_draw,2268,"",63.28907283692799,62.969101950749284,0.3199708861787087
national,national_draw,2269,"",67.76103639183803,62.969101950749284,4.791934441088749
national,national_draw,2270,"",65.77319541939282,62.969101950749284,2.8040934686435364
national,national_draw,2271,"",60.285054982783834,62.969101950749284,-2.6840469679654504
national,national_draw,2272,"",60.68926408681297,62.969101950749284,-2.279837863936315
national,national_draw,2273,"",65.6610870792668,62.969101950749284,2.6919851285175227
national,national_draw,2274,"",69.02730341747852,62.969101950749284,6.058201466729237
national,national_draw,2275,"",62.05665667621808,62.969101950749284,-0.9124452745312013
national,national_draw,2276,"",69.67854650826078,62.969101950749284,6.709444557511496
national,national_draw,2277,"",69.54949773187663,62.969101950749284,6.5803957811273435
national,national_draw,2278,"",74.2634932398334,62.969101950749284,11.29439128908411
national,national_draw,2279,"",67.48765343657604,62.969101950749284,4.518551485826755
national,national_draw,2280,"",79.6467063823988,62.969101950749284,16.67760443164952
national,national_draw,2281,"",62.613699030701895,62.969101950749284,-0.35540292004738916
national,national_draw,2282,"",59.1496256472896,62.969101950749284,-3.8194763034596875
national,national_draw,2283,"",62.55816653097467,62.969101950749284,-0.4109354197746171
national,national_draw,2284,"",67.87465434435168,62.969101950749284,4.905552393602399
national,national_draw,2285,"",60.89335029362076,62.969101950749284,-2.075751657128521
national,national_draw,2286,"",68.13712146325113,62.969101950749284,5.16801951250185
national,national_draw,2287,"",64.3141158060595,62.969101950749284,1.3450138553102207
national,national_draw,2288,"",82.22082402261427,62.969101950749284,19.251722071864982
national,national_draw,2289,"",61.30438958580737,62.969101950749284,-1.6647123649419129
national,national_draw,2290,"",69.11092994223608,62.969101950749284,6.1418279914867995
national,national_draw,2291,"",61.40402861994259,62.969101950749284,-1.5650733308066904
national,national_draw,2292,"",70.16045217646058,62.969101950749284,7.191350225711297
national,national_draw,2293,"",63.27847785090472,62.969101950749284,0.3093759001554375
national,national_draw,2294,"",68.83238337396014,62.969101950749284,5.863281423210857
national,national_draw,2295,"",74.27198769485858,62.969101950749284,11.302885744109297
national,national_draw,2296,"",80.23879759696484,62.969101950749284,17.26969564621556
national,national_draw,2297,"",70.48504653911088,62.969101950749284,7.515944588361599
national,national_draw,2298,"",64.94617481648457,62.969101950749284,1.9770728657352876
national,national_draw,2299,"",65.71018179772629,62.969101950749284,2.7410798469770086
national,national_draw,2300,"",62.951388242090765,62.969101950749284,-0.017713708658519067
national,national_draw,2301,"",68.18234289488119,62.969101950749284,5.213240944131904
national,national_draw,2302,"",70.51854423784067,62.969101950749284,7.549442287091388
national,national_draw,2303,"",71.1125813289247,62.969101950749284,8.143479378175421
national,national_draw,2304,"",65.25846606900328,62.969101950749284,2.2893641182539923
national,national_draw,2305,"",80.81058983395164,62.969101950749284,17.841487883202355
national,national_draw,2306,"",65.37308350494787,62.969101950749284,2.4039815541985874
national,national_draw,2307,"",61.60418383302542,62.969101950749284,-1.3649181177238674
national,national_draw,2308,"",64.92261886172041,62.969101950749284,1.9535169109711248
national,national_draw,2309,"",62.33385751968976,62.969101950749284,-0.635244431059526
national,national_draw,2310,"",63.96046486736105,62.969101950749284,0.991362916611763
national,national_draw,2311,"",62.829014999384036,62.969101950749284,-0.14008695136524807
national,national_draw,2312,"",72.14323571657964,62.969101950749284,9.174133765830355
national,national_draw,2313,"",63.780544000134434,62.969101950749284,0.8114420493851497
national,national_draw,2314,"",73.45211351389544,62.969101950749284,10.483011563146157
national,national_draw,2315,"",72.19534273498692,62.969101950749284,9.226240784237639
national,national_draw,2316,"",61.6749648028332,62.969101950749284,-1.2941371479160821
national,national_draw,2317,"",63.00688611768066,62.969101950749284,0.037784166931373875
national,national_draw,2318,"",66.55901560715306,62.969101950749284,3.5899136564037732
national,national_draw,2319,"",60.333741136422816,62.969101950749284,-2.635360814326468
national,national_draw,2320,"",75.63679270706717,62.969101950749284,12.667690756317889
national,national_draw,2321,"",69.06632020369888,62.969101950749284,6.097218252949595
national,national_draw,2322,"",64.00960805961279,62.969101950749284,1.0405061088635037
national,national_draw,2323,"",66.26874992252849,62.969101950749284,3.2996479717792013
national,national_draw,2324,"",63.734034550595666,62.969101950749284,0.7649325998463823
national,national_draw,2325,"",63.875312572285104,62.969101950749284,0.9062106215358199
national,national_draw,2326,"",71.15238292892457,62.969101950749284,8.183280978175283
national,national_draw,2327,"",64.2069471761927,62.969101950749284,1.2378452254434151
national,national_draw,2328,"",69.89826666721142,62.969101950749284,6.929164716462132
national,national_draw,2329,"",70.20183956195018,62.969101950749284,7.232737611200896
national,national_draw,2330,"",80.81688911867005,62.969101950749284,17.847787167920764
national,national_draw,2331,"",71.03268036134396,62.969101950749284,8.06357841059468
national,national_draw,2332,"",69.56138766063609,62.969101950749284,6.592285709886802
national,national_draw,2333,"",62.43920722820877,62.969101950749284,-0.5298947225405115
national,national_draw,2334,"",72.05688311807621,62.969101950749284,9.08778116732693
national,national_draw,2335,"",64.54368537794288,62.969101950749284,1.5745834271935948
national,national_draw,2336,"",66.60877741732511,62.969101950749284,3.639675466575831
national,national_draw,2337,"",74.39267820449103,62.969101950749284,11.42357625374175
national,national_draw,2338,"",62.425761521545255,62.969101950749284,-0.5433404292040294
national,national_draw,2339,"",65.34982993431639,62.969101950749284,2.3807279835671054
national,national_draw,2340,"",67.11773607815951,62.969101950749284,4.148634127410226
national,national_draw,2341,"",63.790672714441655,62.969101950749284,0.821570763692371
national,national_draw,2342,"",73.90753171703706,62.969101950749284,10.938429766287776
national,national_draw,2343,"",66.72863694766163,62.969101950749284,3.7595349969123433
national,national_draw,2344,"",67.79611987605759,62.969101950749284,4.827017925308304
national,national_draw,2345,"",65.7986441603311,62.969101950749284,2.8295422095818097
national,national_draw,2346,"",59.3778056371281,62.969101950749284,-3.5912963136211857
national,national_draw,2347,"",62.5976726716693,62.969101950749284,-0.37142927907998313
national,national_draw,2348,"",80.485688470617,62.969101950749284,17.516586519867722
national,national_draw,2349,"",70.77813293679002,62.969101950749284,7.809030986040732
national,national_draw,2350,"",70.63310396688972,62.969101950749284,7.6640020161404365
national,national_draw,2351,"",66.05089023389044,62.969101950749284,3.081788283141158
national,national_draw,2352,"",66.11284435695464,62.969101950749284,3.143742406205355
national,national_draw,2353,"",65.2327865004828,62.969101950749284,2.2636845497335187
national,national_draw,2354,"",63.90601264071856,62.969101950749284,0.9369106899692738
national,national_draw,2355,"",63.78174661183773,62.969101950749284,0.8126446610884486
national,national_draw,2356,"",68.47317872363381,62.969101950749284,5.504076772884524
national,national_draw,2357,"",65.1759682911227,62.969101950749284,2.2068663403734163
national,national_draw,2358,"",61.956648317951334,62.969101950749284,-1.0124536327979499
national,national_draw,2359,"",76.62903507676714,62.969101950749284,13.659933126017854
national,national_draw,2360,"",65.1256478782017,62.969101950749284,2.15654592745242
national,national_draw,2361,"",62.65267657623327,62.969101950749284,-0.31642537451601527
national,national_draw,2362,"",62.377774775480354,62.969101950749284,-0.5913271752689298
national,national_draw,2363,"",64.6783917383669,62.969101950749284,1.7092897876176139
national,national_draw,2364,"",63.01723411819097,62.969101950749284,0.048132167441686136
national,national_draw,2365,"",66.69570477650824,62.969101950749284,3.7266028257589525
national,national_draw,2366,"",65.27073455499755,62.969101950749284,2.3016326042482618
national,national_draw,2367,"",67.71064442236656,62.969101950749284,4.741542471617272
national,national_draw,2368,"",74.2859550718579,62.969101950749284,11.316853121108615
national,national_draw,2369,"",64.16018843286516,62.969101950749284,1.191086482115871
national,national_draw,2370,"",61.89144183425383,62.969101950749284,-1.0776601164954513
national,national_draw,2371,"",64.38054336766686,62.969101950749284,1.411441416917576
national,national_draw,2372,"",63.585974814541004,62.969101950749284,0.6168728637917198
national,national_draw,2373,"",61.50811570158693,62.969101950749284,-1.460986249162353
national,national_draw,2374,"",66.36895910079177,62.969101950749284,3.399857150042486
national,national_draw,2375,"",72.96394087683873,62.969101950749284,9.99483892608945
national,national_draw,2376,"",67.27459957819953,62.969101950749284,4.305497627450244
national,national_draw,2377,"",70.23374916691441,62.969101950749284,7.264647216165123
national,national_draw,2378,"",65.80007759961659,62.969101950749284,2.8309756488673017
national,national_draw,2379,"",65.04180899206851,62.969101950749284,2.0727070413192266
national,national_draw,2380,"",79.17786324707606,62.969101950749284,16.208761296326777
national,national_draw,2381,"",70.39289324346662,62.969101950749284,7.423791292717333
national,national_draw,2382,"",71.71536216882272,62.969101950749284,8.746260218073438
national,national_draw,2383,"",61.86465660161461,62.969101950749284,-1.1044453491346715
national,national_draw,2384,"",71.00038065776582,62.969101950749284,8.031278707016533
national,national_draw,2385,"",60.81675477701721,62.969101950749284,-2.1523471737320747
national,national_draw,2386,"",81.24279139887494,62.969101950749284,18.27368944812566
national,national_draw,2387,"",64.96776412024833,62.969101950749284,1.998662169499049
national,national_draw,2388,"",69.5997627461779,62.969101950749284,6.630660795428618
national,national_draw,2389,"",62.45331541003323,62.969101950749284,-0.5157865407160571
national,national_draw,2390,"",61.27833838487956,62.969101950749284,-1.690763565869723
national,national_draw,2391,"",60.3698748861414,62.969101950749284,-2.5992270646078808
national,national_draw,2392,"",67.62616845210647,62.969101950749284,4.6570665013571855
national,national_draw,2393,"",62.15894330272121,62.969101950749284,-0.8101586480280716
national,national_draw,2394,"",75.18693975693256,62.969101950749284,12.217837806183276
national,national_draw,2395,"",72.1715190202274,62.969101950749284,9.20241706947811
national,national_draw,2396,"",65.90344911575609,62.969101950749284,2.9343471650068054
national,national_draw,2397,"",66.28892194493751,62.969101950749284,3.3198199941882294
national,national_draw,2398,"",69.88049986820899,62.969101950749284,6.911397917459702
national,national_draw,2399,"",70.48356462603311,62.969101950749284,7.514462675283831
national,national_draw,2400,"",59.923218898020345,62.969101950749284,-3.0458830527289393
national,national_draw,2401,"",70.34483494085124,62.969101950749284,7.375732990101959
national,national_draw,2402,"",62.93443164790189,62.969101950749284,-0.03467030284739536
national,national_draw,2403,"",68.62337823137553,62.969101950749284,5.654276280626242
national,national_draw,2404,"",65.47720982728119,62.969101950749284,2.508107876531902
national,national_draw,2405,"",66.14160547369755,62.969101950749284,3.1725035229482685
national,national_draw,2406,"",67.92653053517675,62.969101950749284,4.957428584427468
national,national_draw,2407,"",72.21261556296344,62.969101950749284,9.243513612214151
national,national_draw,2408,"",63.519434147418366,62.969101950749284,0.550332196669082
national,national_draw,2409,"",66.76462758427924,62.969101950749284,3.795525633529955
national,national_draw,2410,"",72.76699185887276,62.969101950749284,9.797889908123473
national,national_draw,2411,"",76.23538171807232,62.969101950749284,13.266279767323034
national,national_draw,2412,"",70.8489669969417,62.969101950749284,7.879865046192414
national,national_draw,2413,"",63.03168854138873,62.969101950749284,0.06258659063944805
national,national_draw,2414,"",73.48435089402639,62.969101950749284,10.515248943277108
national,national_draw,2415,"",65.00294455205241,62.969101950749284,2.033842601303128
national,national_draw,2416,"",63.660603680144156,62.969101950749284,0.6915017293948722
national,national_draw,2417,"",66.8106846117569,62.969101950749284,3.841582661007614
national,national_draw,2418,"",68.84948769780164,62.969101950749284,5.880385747052351
national,national_draw,2419,"",62.43882636269813,62.969101950749284,-0.530275588051154
national,national_draw,2420,"",62.76122093849001,62.969101950749284,-0.20788101225927136
national,national_draw,2421,"",65.73160028907922,62.969101950749284,2.762498338329941
national,national_draw,2422,"",77.32876350119184,62.969101950749284,14.35966155044256
national,national_draw,2423,"",68.35015223886943,62.969101950749284,5.381050288120143
national,national_draw,2424,"",62.3412255361138,62.969101950749284,-0.6278764146354874
national,national_draw,2425,"",67.91716124361498,62.969101950749284,4.9480592928657
national,national_draw,2426,"",59.93180106752679,62.969101950749284,-3.0373008832224926
national,national_draw,2427,"",65.67786824449323,62.969101950749284,2.708766293743942
national,national_draw,2428,"",60.177452397062495,62.969101950749284,-2.7916495536867885
national,national_draw,2429,"",66.66820628663999,62.969101950749284,3.699104335890702
national,national_draw,2430,"",63.79813537017438,62.969101950749284,0.8290334194250946
national,national_draw,2431,"",76.91578294903888,62.969101950749284,13.946680998289601
national,national_draw,2432,"",62.03680088759669,62.969101950749284,-0.9323010631525932
national,national_draw,2433,"",63.206727405251684,62.969101950749284,0.2376254545023997
national,national_draw,2434,"",62.56823523011052,62.969101950749284,-0.40086672063876705
national,national_draw,2435,"",61.29164097844211,62.969101950749284,-1.6774609723071734
national,national_draw,2436,"",60.60106255937606,62.969101950749284,-2.368039391373223
national,national_draw,2437,"",72.76184671206536,62.969101950749284,9.79274476131608
national,national_draw,2438,"",63.46105785187836,62.969101950749284,0.4919559011290744
national,national_draw,2439,"",64.72616150650452,62.969101950749284,1.7570595557552409
national,national_draw,2440,"",61.49850634933968,62.969101950749284,-1.470595601409606
national,national_draw,2441,"",78.7783468677932,62.969101950749284,15.80924491704392
national,national_draw,2442,"",65.24007141897724,62.969101950749284,2.2709694682279533
national,national_draw,2443,"",71.23016028274901,62.969101950749284,8.261058331999727
national,national_draw,2444,"",68.98073395276838,62.969101950749284,6.011632002019091
national,national_draw,2445,"",77.14278571820813,62.969101950749284,14.173683767458847
national,national_draw,2446,"",62.882832450175464,62.969101950749284,-0.08626950057382032
national,national_draw,2447,"",61.97026483702569,62.969101950749284,-0.9988371137235958
national,national_draw,2448,"",68.49386318327532,62.969101950749284,5.524761232526039
national,national_draw,2449,"",68.52301439863217,62.969101950749284,5.553912447882887
national,national_draw,2450,"",59.509882871390786,62.969101950749284,-3.4592190793584976
national,national_draw,2451,"",72.78889508814832,62.969101950749284,9.819793137399039
national,national_draw,2452,"",67.64996908410778,62.969101950749284,4.680867133358497
national,national_draw,2453,"",71.30032725118812,62.969101950749284,8.331225300438838
national,national_draw,2454,"",62.817480545101176,62.969101950749284,-0.15162140564810755
national,national_draw,2455,"",64.20283152040196,62.969101950749284,1.2337295696526738
national,national_draw,2456,"",64.18929117442973,62.969101950749284,1.2201892236804426
national,national_draw,2457,"",61.47976545794034,62.969101950749284,-1.4893364928089454
national,national_draw,2458,"",67.22187855842357,62.969101950749284,4.252776607674285
national,national_draw,2459,"",77.34680036846545,62.969101950749284,14.377698417716168
national,national_draw,2460,"",63.8344076164423,62.969101950749284,0.8653056656930147
national,national_draw,2461,"",68.58743376027434,62.969101950749284,5.618331809525053
national,national_draw,2462,"",64.74415682481333,62.969101950749284,1.7750548740640468
national,national_draw,2463,"",62.009071570146226,62.969101950749284,-0.9600303806030581
national,national_draw,2464,"",63.90378053799862,62.969101950749284,0.9346785872493371
national,national_draw,2465,"",70.89071216518373,62.969101950749284,7.921610214434445
national,national_draw,2466,"",64.52668723478921,62.969101950749284,1.5575852840399236
national,national_draw,2467,"",67.00814606695538,62.969101950749284,4.039044116206092
national,national_draw,2468,"",66.64992474212924,62.969101950749284,3.68082279137996
national,national_draw,2469,"",62.4290415814884,62.969101950749284,-0.5400603692608854
national,national_draw,2470,"",66.14918123494556,62.969101950749284,3.1800792841962746
national,national_draw,2471,"",67.66711726518989,62.969101950749284,4.698015314440603
national,national_draw,2472,"",65.04064331277837,62.969101950749284,2.0715413620290875
national,national_draw,2473,"",64.23638923430313,62.969101950749284,1.2672872835538485
national,national_draw,2474,"",64.53116990643566,62.969101950749284,1.5620679556863806
national,national_draw,2475,"",64.95867413006104,62.969101950749284,1.9895721793117573
national,national_draw,2476,"",64.99225492672043,62.969101950749284,2.0231529759711506
national,national_draw,2477,"",69.79491130900267,62.969101950749284,6.825809358253387
national,national_draw,2478,"",67.91496838158403,62.969101950749284,4.945866430834748
national,national_draw,2479,"",67.50841176104387,62.969101950749284,4.53930981029459
national,national_draw,2480,"",61.912246324238104,62.969101950749284,-1.0568556265111795
national,national_draw,2481,"",65.06777017023927,62.969101950749284,2.098668219489987
national,national_draw,2482,"",67.0667554983534,62.969101950749284,4.097653547604118
national,national_draw,2483,"",61.54984009534657,62.969101950749284,-1.4192618554027163
national,national_draw,2484,"",68.56899525300769,62.969101950749284,5.599893302258401
national,national_draw,2485,"",69.47931460550677,62.969101950749284,6.510212654757488
national,national_draw,2486,"",64.7531175515546,62.969101950749284,1.7840156008053114
national,national_draw,2487,"",70.99566254198551,62.969101950749284,8.026560591236226
national,national_draw,2488,"",60.89759752113336,62.969101950749284,-2.0715044296159206
national,national_draw,2489,"",66.90593330527855,62.969101950749284,3.936831354529268
national,national_draw,2490,"",70.72110005777846,62.969101950749284,7.7519981070291735
national,national_draw,2491,"",66.79636176028099,62.969101950749284,3.8272598095317036
national,national_draw,2492,"",65.85385580971904,62.969101950749284,2.884753858969752
national,national_draw,2493,"",68.78708576922796,62.969101950749284,5.817983818478673
national,national_draw,2494,"",65.27427775838441,62.969101950749284,2.3051758076351305
national,national_draw,2495,"",69.04170475033239,62.969101950749284,6.072602799583102
national,national_draw,2496,"",74.13827158476222,62.969101950749284,11.169169634012938
national,national_draw,2497,"",69.18450623406439,62.969101950749284,6.215404283315102
national,national_draw,2498,"",67.86751253895822,62.969101950749284,4.8984105882089395
national,national_draw,2499,"",65.52309142579635,62.969101950749284,2.553989475047068
national,national_draw,2500,"",59.079601791951454,62.969101950749284,-3.88950015879783
national,national_draw,2501,"",68.41738077218706,62.969101950749284,5.448278821437775
national,national_draw,2502,"",63.44565703559354,62.969101950749284,0.47655508484425724
national,national_draw,2503,"",66.42525102326444,62.969101950749284,3.456149072515153
national,national_draw,2504,"",64.27524213294011,62.969101950749284,1.3061401821908234
national,national_draw,2505,"",67.80021706564176,62.969101950749284,4.8311151148924765
national,national_draw,2506,"",60.46386787761586,62.969101950749284,-2.5052340731334226
national,national_draw,2507,"",64.61274437398741,62.969101950749284,1.643642423238127
national,national_draw,2508,"",70.73662321268183,62.969101950749284,7.767521261932551
national,national_draw,2509,"",72.98872483434023,62.969101950749284,10.019622883590948
national,national_draw,2510,"",66.33523749930723,62.969101950749284,3.366135548557942
national,national_draw,2511,"",68.05151443783824,62.969101950749284,5.082412487088952
national,national_draw,2512,"",65.89660046139201,62.969101950749284,2.927498510642728
national,national_draw,2513,"",82.76102288842448,62.969101950749284,19.791920937675194
national,national_draw,2514,"",65.9321479090518,62.969101950749284,2.963045958302523
national,national_draw,2515,"",70.32899324388441,62.969101950749284,7.359891293135128
national,national_draw,2516,"",60.95452191118128,62.969101950749284,-2.0145800395680027
national,national_draw,2517,"",63.35290127995972,62.969101950749284,0.3837993292104329
national,national_draw,2518,"",67.30395392182872,62.969101950749284,4.334851971079438
national,national_draw,2519,"",71.8915874864582,62.969101950749284,8.922485535708923
national,national_draw,2520,"",68.47464217050499,62.969101950749284,5.505540219755709
national,national_draw,2521,"",64.6151403642907,62.969101950749284,1.6460384135414117
national,national_draw,2522,"",71.44952265894725,62.969101950749284,8.480420708197961
national,national_draw,2523,"",65.43417894940626,62.969101950749284,2.4650769986569756
national,national_draw,2524,"",65.8290464611835,62.969101950749284,2.859944510434211
national,national_draw,2525,"",76.895206978361,62.969101950749284,13.926105027611719
national,national_draw,2526,"",64.28293792453088,62.969101950749284,1.3138359737816003
national,national_draw,2527,"",71.03564649577532,62.969101950749284,8.06654454502604
national,national_draw,2528,"",58.6906850152435,62.969101950749284,-4.278416935505781
national,national_draw,2529,"",66.23459898174106,62.969101950749284,3.2654970309917744
national,national_draw,2530,"",63.449818856900734,62.969101950749284,0.48071690615145
national,national_draw,2531,"",61.47293526978286,62.969101950749284,-1.4961666809664251
national,national_draw,2532,"",68.43356871052718,62.969101950749284,5.464466759777899
national,national_draw,2533,"",67.70449517557657,62.969101950749284,4.735393224827284
national,national_draw,2534,"",70.13234199349948,62.969101950749284,7.163240042750196
national,national_draw,2535,"",67.62139724598227,62.969101950749284,4.652295295232982
national,national_draw,2536,"",58.32643678224596,62.969101950749284,-4.642665168503321
national,national_draw,2537,"",73.13216340219913,62.969101950749284,10.163061451449842
national,national_draw,2538,"",71.19479518887917,62.969101950749284,8.225693238129885
national,national_draw,2539,"",68.0852175731162,62.969101950749284,5.116115622366912
national,national_draw,2540,"",65.49958163654863,62.969101950749284,2.5304796857993423
national,national_draw,2541,"",64.50910278957672,62.969101950749284,1.5400008388274316
national,national_draw,2542,"",77.78608603188665,62.969101950749284,14.81698408113737
national,national_draw,2543,"",69.2110167818808,62.969101950749284,6.241914831131517
national,national_draw,2544,"",65.08568469889431,62.969101950749284,2.116582748145028
national,national_draw,2545,"",66.75470892307183,62.969101950749284,3.7856069723225474
national,national_draw,2546,"",69.58558069952714,62.969101950749284,6.616478748777858
national,national_draw,2547,"",63.19559459096187,62.969101950749284,0.22649264021258375
national,national_draw,2548,"",66.16850842840371,62.969101950749284,3.1994064776544278
national,national_draw,2549,"",63.251152481723125,62.969101950749284,0.2820505309738408
national,national_draw,2550,"",63.15283378135813,62.969101950749284,0.18373183060884912
national,national_draw,2551,"",64.76020395832832,62.969101950749284,1.7911020075790347
national,national_draw,2552,"",63.645098991447355,62.969101950749284,0.6759970406980713
national,national_draw,2553,"",69.29139094600507,62.969101950749284,6.322288995255782
national,national_draw,2554,"",65.2354525590573,62.969101950749284,2.2663506083080094
national,national_draw,2555,"",63.06101518570806,62.969101950749284,0.09191323495877413
national,national_draw,2556,"",65.19666660041915,62.969101950749284,2.2275646496698656
national,national_draw,2557,"",66.89911696677599,62.969101950749284,3.930015016026708
national,national_draw,2558,"",65.25041018638427,62.969101950749284,2.281308235634988
national,national_draw,2559,"",63.256750050591634,62.969101950749284,0.2876480998423503
national,national_draw,2560,"",67.96483868071974,62.969101950749284,4.995736729970453
national,national_draw,2561,"",60.15110342855363,62.969101950749284,-2.8179985221956514
national,national_draw,2562,"",64.75964997213103,62.969101950749284,1.7905480213817455
national,national_draw,2563,"",68.45866428526467,62.969101950749284,5.489562334515391
national,national_draw,2564,"",61.24647725370761,62.969101950749284,-1.7226246970416739
national,national_draw,2565,"",64.12782178928816,62.969101950749284,1.1587198385388788
national,national_draw,2566,"",59.89777708190957,62.969101950749284,-3.0713248688397172
national,national_draw,2567,"",65.32578693335378,62.969101950749284,2.3566849826044987
national,national_draw,2568,"",60.10989608857814,62.969101950749284,-2.8592058621711445
national,national_draw,2569,"",68.98802579609028,62.969101950749284,6.018923845341
national,national_draw,2570,"",63.11109784621939,62.969101950749284,0.14199589547010305
national,national_draw,2571,"",71.81959005529221,62.969101950749284,8.850488104542926
national,national_draw,2572,"",63.11761410886507,62.969101950749284,0.14851215811578555
national,national_draw,2573,"",70.49594160099103,62.969101950749284,7.526839650241747
national,national_draw,2574,"",70.5196660598902,62.969101950749284,7.550564109140915
national,national_draw,2575,"",64.91301874257644,62.969101950749284,1.9439167918271565
national,national_draw,2576,"",72.42314878414226,62.969101950749284,9.454046833392972
national,national_draw,2577,"",69.97062880595732,62.969101950749284,7.001526855208034
national,national_draw,2578,"",63.77732626363848,62.969101950749284,0.8082243128891946
national,national_draw,2579,"",70.2234865726095,62.969101950749284,7.254384621860218
national,national_draw,2580,"",60.229684062364164,62.969101950749284,-2.7394178883851197
national,national_draw,2581,"",59.56644255385882,62.969101950749284,-3.4026593968904635
national,national_draw,2582,"",70.02694381118822,62.969101950749284,7.057841860438934
national,national_draw,2583,"",65.42336929373154,62.969101950749284,2.4542673429822557
national,national_draw,2584,"",59.22986593141618,62.969101950749284,-3.739236019333106
national,national_draw,2585,"",64.80344258102724,62.969101950749284,1.834340630277957
national,national_draw,2586,"",67.8749498036569,62.969101950749284,4.90584785290762
national,national_draw,2587,"",61.92955146807611,62.969101950749284,-1.039550482673171
national,national_draw,2588,"",68.73731241767679,62.969101950749284,5.768210466927506
national,national_draw,2589,"",60.37222009437663,62.969101950749284,-2.5968818563726543
national,national_draw,2590,"",68.5675318061365,62.969101950749284,5.5984298553872165
national,national_draw,2591,"",65.7324543511334,62.969101950749284,2.7633524003841146
national,national_draw,2592,"",60.074318633332666,62.969101950749284,-2.8947833174166178
national,national_draw,2593,"",62.967915496976744,62.969101950749284,-0.0011864537725401192
national,national_draw,2594,"",64.32869718442747,62.969101950749284,1.359595233678185
national,national_draw,2595,"",65.04704877818459,62.969101950749284,2.077946827435305
national,national_draw,2596,"",62.8701992566013,62.969101950749284,-0.0989026941479807
national,national_draw,2597,"",63.99411260401927,62.969101950749284,1.0250106532699874
national,national_draw,2598,"",63.87712456880542,62.969101950749284,0.9080226180561368
national,national_draw,2599,"",60.393294652632065,62.969101950749284,-2.575807298117219
national,national_draw,2600,"",82.4734763527183,62.969101950749284,19.50437440196901
national,national_draw,2601,"",63.885468985902186,62.969101950749284,0.9163670351529021
national,national_draw,2602,"",59.089682032466406,62.969101950749284,-3.8794199182828777
national,national_draw,2603,"",68.20507017862522,62.969101950749284,5.2359682278759365
national,national_draw,2604,"",63.11196114137684,62.969101950749284,0.14285919062755426
national,national_draw,2605,"",66.75136423140566,62.969101950749284,3.7822622806563757
national,national_draw,2606,"",62.06657995397713,62.969101950749284,-0.9025219967721512
national,national_draw,2607,"",65.64408201128566,62.969101950749284,2.6749800605363774
national,national_draw,2608,"",65.85627719105638,62.969101950749284,2.8871752403070943
national,national_draw,2609,"",67.30172181910878,62.969101950749284,4.332619868359494
national,national_draw,2610,"",59.66740423004009,62.969101950749284,-3.3016977207091927
national,national_draw,2611,"",67.90528516451047,62.969101950749284,4.93618321376119
national,national_draw,2612,"",62.91707341371996,62.969101950749284,-0.05202853702932231
national,national_draw,2613,"",71.12914551622384,62.969101950749284,8.16004356547456
national,national_draw,2614,"",71.95019922613206,62.969101950749284,8.981097275382773
national,national_draw,2615,"",73.06736779159796,62.969101950749284,10.098265840848676
national,national_draw,2616,"",61.761019633755566,62.969101950749284,-1.2080823169937176
national,national_draw,2617,"",62.12648201983553,62.969101950749284,-0.8426199309137559
national,national_draw,2618,"",66.98160089500163,62.969101950749284,4.01249894425235
national,national_draw,2619,"",63.703602242157565,62.969101950749284,0.7345002914082812
national,national_draw,2620,"",73.74360489298152,62.969101950749284,10.774502942232239
national,national_draw,2621,"",76.28687704338675,62.969101950749284,13.317775092637469
national,national_draw,2622,"",68.09947117631744,62.969101950749284,5.130369225568153
national,national_draw,2623,"",71.3320545023624,62.969101950749284,8.362952551613112
national,national_draw,2624,"",62.979872365735034,62.969101950749284,0.01077041498574971
national,national_draw,2625,"",67.02096623087111,62.969101950749284,4.051864280121826
national,national_draw,2626,"",68.102668138331,62.969101950749284,5.133566187581714
national,national_draw,2627,"",65.43291863080741,62.969101950749284,2.463816680058123
national,national_draw,2628,"",65.19435832459709,62.969101950749284,2.225256373847806
national,national_draw,2629,"",67.77326563714333,62.969101950749284,4.804163686394041
national,national_draw,2630,"",75.67134528784764,62.969101950749284,12.70224333709836
national,national_draw,2631,"",74.99796814020763,62.969101950749284,12.028866189458348
national,national_draw,2632,"",73.07494816939763,62.969101950749284,10.105846218648345
national,national_draw,2633,"",67.01308116066295,62.969101950749284,4.043979209913665
national,national_draw,2634,"",62.3170601965326,62.969101950749284,-0.6520417542166825
national,national_draw,2635,"",65.13438008563656,62.969101950749284,2.1652781348872807
national,national_draw,2636,"",62.954365917901235,62.969101950749284,-0.014736032848048808
national,national_draw,2637,"",67.52071948772712,62.969101950749284,4.551617536977837
national,national_draw,2638,"",71.95521510949341,62.969101950749284,8.986113158744125
national,national_draw,2639,"",60.11920074841689,62.969101950749284,-2.849901202332397
national,national_draw,2640,"",61.93061327495427,62.969101950749284,-1.0384886757950156
national,national_draw,2641,"",70.75715994267074,62.969101950749284,7.788057991921455
national,national_draw,2642,"",65.62318980682016,62.969101950749284,2.6540878560708805
national,national_draw,2643,"",58.9752631082425,62.969101950749284,-3.993838842506783
national,national_draw,2644,"",65.53113807531207,62.969101950749284,2.5620361245627876
national,national_draw,2645,"",62.43590177723157,62.969101950749284,-0.533200173517713
national,national_draw,2646,"",73.01652570834118,62.969101950749284,10.047423757591893
national,national_draw,2647,"",72.37037467402241,62.969101950749284,9.40127272327313
national,national_draw,2648,"",64.67677825356728,62.969101950749284,1.707676302817994
national,national_draw,2649,"",76.86448844372097,62.969101950749284,13.895386492971689
national,national_draw,2650,"",71.61482290711689,62.969101950749284,8.645720956367605
national,national_draw,2651,"",79.16902485895338,62.969101950749284,16.199922908204094
national,national_draw,2652,"",66.65455975997993,62.969101950749284,3.6854578092306483
national,national_draw,2653,"",60.45171018886105,62.969101950749284,-2.517391761888234
national,national_draw,2654,"",72.13144966023218,62.969101950749284,9.162347709482894
national,national_draw,2655,"",71.95349313573016,62.969101950749284,8.984391184980872
national,national_draw,2656,"",63.94828409584802,62.969101950749284,0.9791821450987328
national,national_draw,2657,"",82.67058233344018,62.969101950749284,19.701480382690896
national,national_draw,2658,"",72.12765023822907,62.969101950749284,9.158548287479782
national,national_draw,2659,"",72.15828798321533,62.969101950749284,9.189186032466047
national,national_draw,2660,"",68.88689561577401,62.969101950749284,5.917793665024725
national,national_draw,2661,"",66.82968403004831,62.969101950749284,3.8605820792990286
national,national_draw,2662,"",62.74312636432086,62.969101950749284,-0.22597558642842586
national,national_draw,2663,"",65.03387083151642,62.969101950749284,2.06476888076714
national,national_draw,2664,"",67.52192902425787,62.969101950749284,4.552827073508588
national,national_draw,2665,"",61.76450282197107,62.969101950749284,-1.204599128778213
national,national_draw,2666,"",70.49538761479373,62.969101950749284,7.526285664044444
national,national_draw,2667,"",58.811234720050805,62.969101950749284,-4.1578672306984785
national,national_draw,2668,"",65.01174600776196,62.969101950749284,2.042644057012673
national,national_draw,2669,"",72.23768805494268,62.969101950749284,9.268586104193396
national,national_draw,2670,"",64.85895892282369,62.969101950749284,1.889856972074405
national,national_draw,2671,"",70.59955548609184,62.969101950749284,7.630453535342561
national,national_draw,2672,"",71.97148383748731,62.969101950749284,9.002381886738029
national,national_draw,2673,"",74.8298564120867,62.969101950749284,11.860754461337415
national,national_draw,2674,"",71.7909766682019,62.969101950749284,8.821874717452623
national,national_draw,2675,"",78.06301219053552,62.969101950749284,15.093910239786233
national,national_draw,2676,"",67.7715136557944,62.969101950749284,4.80241170504511
national,national_draw,2677,"",65.96586258570888,62.969101950749284,2.9967606349595926
national,national_draw,2678,"",67.52115575185749,62.969101950749284,4.552053801108208
national,national_draw,2679,"",64.98029805796214,62.969101950749284,2.011196107212861
national,national_draw,2680,"",67.27779423193726,62.969101950749284,4.30869228118798
national,national_draw,2681,"",62.797564741308406,62.969101950749284,-0.1715372094408778
national,national_draw,2682,"",70.10746801324092,62.969101950749284,7.1383660624916345
national,national_draw,2683,"",68.79777308628411,62.969101950749284,5.828671135534826
national,national_draw,2684,"",66.17579103862232,62.969101950749284,3.2066890878730376
national,national_draw,2685,"",63.236714216456114,62.969101950749284,0.2676122657068305
national,national_draw,2686,"",62.75105760004547,62.969101950749284,-0.21804435070381345
national,national_draw,2687,"",67.3976676119287,62.969101950749284,4.428565661179412
national,national_draw,2688,"",65.00623153682304,62.969101950749284,2.0371295860737533
national,national_draw,2689,"",67.02152021706841,62.969101950749284,4.05241826631913
national,national_draw,2690,"",77.69777601548613,62.969101950749284,14.728674064736843
national,national_draw,2691,"",61.885735776421704,62.969101950749284,-1.0833661743275798
national,national_draw,2692,"",61.77070285082913,62.969101950749284,-1.1983990999201524
national,national_draw,2693,"",71.83861024806602,62.969101950749284,8.869508297316735
national,national_draw,2694,"",69.78228042370434,62.969101950749284,6.813178472955052
national,national_draw,2695,"",70.52209667433084,62.969101950749284,7.5529947235815555
national,national_draw,2696,"",58.25219339870509,62.969101950749284,-4.716908552044195
national,national_draw,2697,"",63.178949614008964,62.969101950749284,0.20984766325967996
national,national_draw,2698,"",80.67053981499954,62.969101950749284,17.70143786425026
national,national_draw,2699,"",62.8649779366918,62.969101950749284,-0.10412401405748284
national,national_draw,2700,"",75.01485086957021,62.969101950749284,12.045748918820927
national,national_draw,2701,"",63.55029117860771,62.969101950749284,0.5811892278584239
national,national_draw,2702,"",70.54060442987215,62.969101950749284,7.571502479122863
national,national_draw,2703,"",66.79108042520011,62.969101950749284,3.821978474450823
national,national_draw,2704,"",67.66614317279299,62.969101950749284,4.697041222043701
national,national_draw,2705,"",62.41053382594709,62.969101950749284,-0.5585681248021928
national,national_draw,2706,"",62.62452022775573,62.969101950749284,-0.34458172299355283
national,national_draw,2707,"",66.6433830884495,62.969101950749284,3.6742811377002127
national,national_draw,2708,"",79.57263842782041,62.969101950749284,16.603536477071124
national,national_draw,2709,"",66.27896404304113,62.969101950749284,3.3098620922918442
national,national_draw,2710,"",69.04915124813436,62.969101950749284,6.080049297385081
national,national_draw,2711,"",64.52623481272808,62.969101950749284,1.5571328619787934
national,national_draw,2712,"",59.03491588031211,62.969101950749284,-3.934186070437171
national,national_draw,2713,"",70.82182859810169,62.969101950749284,7.852726647352405
national,national_draw,2714,"",63.80453391075315,62.969101950749284,0.8354319600038664
national,national_draw,2715,"",71.66887349376636,62.969101950749284,8.699771543017071
national,national_draw,2716,"",62.55668923444855,62.969101950749284,-0.41241271630073584
national,national_draw,2717,"",72.65014924503569,62.969101950749284,9.681047294286408
national,national_draw,2718,"",70.56395725636398,62.969101950749284,7.5948553056146935
national,national_draw,2719,"",65.49254370356715,62.969101950749284,2.5234417528178668
national,national_draw,2720,"",64.43772859288268,62.969101950749284,1.468626642133394
national,national_draw,2721,"",62.6023284640024,62.969101950749284,-0.3667734867468866
national,national_draw,2722,"",68.54361114379245,62.969101950749284,5.574509193043163
national,national_draw,2723,"",66.64148799399959,62.969101950749284,3.672386043250306
national,national_draw,2724,"",66.08369775814943,62.969101950749284,3.1145958074001427
national,national_draw,2725,"",63.02827921799955,62.969101950749284,0.059177267250262844
national,national_draw,2726,"",66.35073526317656,62.969101950749284,3.381633312427276
national,national_draw,2727,"",59.58955531966515,62.969101950749284,-3.379546631084132
national,national_draw,2728,"",64.99518412873864,62.969101950749284,2.026082177989359
national,national_draw,2729,"",61.34080725345208,62.969101950749284,-1.628294697297207
national,national_draw,2730,"",66.20273323401746,62.969101950749284,3.233631283268174
national,national_draw,2731,"",63.23895786055517,62.969101950749284,0.2698559098058837
national,national_draw,2732,"",71.97045203819485,62.969101950749284,9.001350087445566
national,national_draw,2733,"",78.17642008994935,62.969101950749284,15.207318139200062
national,national_draw,2734,"",60.30610415000525,62.969101950749284,-2.662997800744037
national,national_draw,2735,"",72.86090867724508,62.969101950749284,9.891806726495794
national,national_draw,2736,"",66.38854251286615,62.969101950749284,3.4194405621168684
national,national_draw,2737,"",80.46987216468422,62.969101950749284,17.500770213934935
national,national_draw,2738,"",78.81581941748858,62.969101950749284,15.8467174667393
national,national_draw,2739,"",59.97130951649724,62.969101950749284,-2.997792434252041
national,national_draw,2740,"",76.06932897198466,62.969101950749284,13.100227021235376
national,national_draw,2741,"",67.05971987364775,62.969101950749284,4.090617922898467
national,national_draw,2742,"",75.78644515343905,62.969101950749284,12.817343202689763
national,national_draw,2743,"",72.35930418317979,62.969101950749284,9.390202232430504
national,national_draw,2744,"",60.52131624627539,62.969101950749284,-2.447785704473894
national,national_draw,2745,"",63.98679075311169,62.969101950749284,1.0176888023624073
national,national_draw,2746,"",69.22782564641706,62.969101950749284,6.258723695667776
national,national_draw,2747,"",64.09515276157849,62.969101950749284,1.1260508108292058
national,national_draw,2748,"",75.4738030429954,62.969101950749284,12.504701092246115
national,national_draw,2749,"",70.94426647253144,62.969101950749284,7.975164521782155
national,national_draw,2750,"",60.92950712609758,62.969101950749284,-2.039594824651701
national,national_draw,2751,"",65.69292743595638,62.969101950749284,2.7238254852070938
national,national_draw,2752,"",66.47607233203883,62.969101950749284,3.506970381289541
national,national_draw,2753,"",72.01888658976922,62.969101950749284,9.04978463901994
national,national_draw,2754,"",64.28974041337851,62.969101950749284,1.3206384626292262
national,national_draw,2755,"",73.37586654694101,62.969101950749284,10.406764596191728
national,national_draw,2756,"",63.939173331178324,62.969101950749284,0.9700713804290402
national,national_draw,2757,"",66.34535698051116,62.969101950749284,3.3762550297618716
national,national_draw,2758,"",61.69291857217721,62.969101950749284,-1.276183378572071
national,national_draw,2759,"",73.8883614863348,62.969101950749284,10.919259535585518
national,national_draw,2760,"",67.85719685430941,62.969101950749284,4.888094903560123
national,national_draw,2761,"",68.30999285611716,62.969101950749284,5.340890905367878
national,national_draw,2762,"",63.150066158647476,62.969101950749284,0.18096420789819234
national,national_draw,2763,"",69.21515321215394,62.969101950749284,6.246051261404652
national,national_draw,2764,"",62.4802091316361,62.969101950749284,-0.4888928191131825
national,national_draw,2765,"",61.75373009870949,62.969101950749284,-1.2153718520397945
national,national_draw,2766,"",68.92779133851352,62.969101950749284,5.958689387764231
national,national_draw,2767,"",65.31591212938699,62.969101950749284,2.3468101786377034
national,national_draw,2768,"",74.5517553410444,62.969101950749284,11.582653390295114
national,national_draw,2769,"",63.20718906041609,62.969101950749284,0.23808710966680735
national,national_draw,2770,"",64.41010083956839,62.969101950749284,1.4409988888191023
national,national_draw,2771,"",67.77954876393099,62.969101950749284,4.810446813181706
national,national_draw,2772,"",71.4485347168954,62.969101950749284,8.479432766146111
national,national_draw,2773,"",68.19876627735518,62.969101950749284,5.229664326605892
national,national_draw,2774,"",72.22518874136621,62.969101950749284,9.256086790616926
national,national_draw,2775,"",70.27727401581524,62.969101950749284,7.308172065065953
national,national_draw,2776,"",60.77577364807228,62.969101950749284,-2.1933283026770027
national,national_draw,2777,"",60.72852324199462,62.969101950749284,-2.2405787087546614
national,national_draw,2778,"",70.49767049958176,62.969101950749284,7.5285685488324745
national,national_draw,2779,"",75.62938775823,62.969101950749284,12.660285807480712
national,national_draw,2780,"",73.84698795050014,62.969101950749284,10.877885999750852
national,national_draw,2781,"",77.53020904045921,62.969101950749284,14.561107089709928
national,national_draw,2782,"",60.54407353760512,62.969101950749284,-2.4250284131441617
national,national_draw,2783,"",64.91410824876446,62.969101950749284,1.9450062980151799
national,national_draw,2784,"",70.3830992291536,62.969101950749284,7.413997278404317
national,national_draw,2785,"",65.24578670991268,62.969101950749284,2.2766847591633947
national,national_draw,2786,"",65.2465115085208,62.969101950749284,2.277409557771513
national,national_draw,2787,"",65.26216161859439,62.969101950749284,2.2930596678451067
national,national_draw,2788,"",68.65529706944302,62.969101950749284,5.686195118693739
national,national_draw,2789,"",65.5747552552458,62.969101950749284,2.6056533044965207
national,national_draw,2790,"",68.86542403407717,62.969101950749284,5.896322083327881
national,national_draw,2791,"",63.46382316631319,62.969101950749284,0.49472121556390647
national,national_draw,2792,"",65.64809841121605,62.969101950749284,2.67899646046677
national,national_draw,2793,"",68.02854247685706,62.969101950749284,5.059440526107771
national,national_draw,2794,"",65.31661846178854,62.969101950749284,2.3475165110392524
national,national_draw,2795,"",58.13840694205644,62.969101950749284,-4.830695008692842
national,national_draw,2796,"",65.80329302783672,62.969101950749284,2.834191077087432
national,national_draw,2797,"",73.79034747837832,62.969101950749284,10.821245527629038
national,national_draw,2798,"",68.15529221052242,62.969101950749284,5.186190259773134
national,national_draw,2799,"",69.27998575516825,62.969101950749284,6.310883804418971
national,national_draw,2800,"",77.30640323330351,62.969101950749284,14.337301282554229
national,national_draw,2801,"",71.51602639365673,62.969101950749284,8.546924442907446
national,national_draw,2802,"",59.30626293629905,62.969101950749284,-3.6628390144502347
national,national_draw,2803,"",66.76796535111795,62.969101950749284,3.798863400368667
national,national_draw,2804,"",65.81720962276795,62.969101950749284,2.8481076720186635
national,national_draw,2805,"",67.32086665877698,62.969101950749284,4.351764708027694
national,national_draw,2806,"",63.196314773018344,62.969101950749284,0.2272128222690597
national,national_draw,2807,"",79.49989773183971,62.969101950749284,16.530795781090426
national,national_draw,2808,"",64.72565137754785,62.969101950749284,1.7565494267985642
national,national_draw,2809,"",66.95970459055354,62.969101950749284,3.9906026398042584
national,national_draw,2810,"",71.10828562761985,62.969101950749284,8.139183676870566
national,national_draw,2811,"",66.22499655432127,62.969101950749284,3.2558946035719813
national,national_draw,2812,"",67.81701669707473,62.969101950749284,4.847914746325451
national,national_draw,2813,"",72.80734052024243,62.969101950749284,9.83823856949315
national,national_draw,2814,"",71.82371956073789,62.969101950749284,8.854617609988601
national,national_draw,2815,"",71.51471760126562,62.969101950749284,8.545615650516332
national,national_draw,2816,"",63.18954229175642,62.969101950749284,0.2204403410071336
national,national_draw,2817,"",69.77919887548188,62.969101950749284,6.810096924732598
national,national_draw,2818,"",62.08896330462369,62.969101950749284,-0.8801386461255944
national,national_draw,2819,"",67.58887825620103,62.969101950749284,4.619776305451744
national,national_draw,2820,"",63.50020390154474,62.969101950749284,0.5311019507954526
national,national_draw,2821,"",69.10528851612696,62.969101950749284,6.1361865653776775
national,national_draw,2822,"",70.41815963061492,62.969101950749284,7.449057679865639
national,national_draw,2823,"",69.18100227136648,62.969101950749284,6.211900320617197
national,national_draw,2824,"",65.26275946203232,62.969101950749284,2.293657511283037
national,national_draw,2825,"",73.00534903681074,62.969101950749284,10.036247086061458
national,national_draw,2826,"",63.65922102292674,62.969101950749284,0.6901190721774526
national,national_draw,2827,"",70.28107805437,62.969101950749284,7.311976103620715
national,national_draw,2828,"",67.13874369641611,62.969101950749284,4.16964174566683
national,national_draw,2829,"",63.856555522955006,62.969101950749284,0.8874535722057217
national,national_draw,2830,"",70.79988843641297,62.969101950749284,7.830786485663687
national,national_draw,2831,"",64.5991532459471,62.969101950749284,1.6300512951978092
national,national_draw,2832,"",66.9130312534314,62.969101950749284,3.9439293026821147
national,national_draw,2833,"",66.78123101226736,62.969101950749284,3.812129061518071
national,national_draw,2834,"",70.56175054467808,62.969101950749284,7.592648593928793
national,national_draw,2835,"",62.20589824949364,62.969101950749284,-0.763203701255641
national,national_draw,2836,"",66.68065250987254,62.969101950749284,3.7115505591232605
national,national_draw,2837,"",68.07095473681166,62.969101950749284,5.1018527860623735
national,national_draw,2838,"",76.13312509915488,62.969101950749284,13.164023148405597
national,national_draw,2839,"",66.65261157518611,62.969101950749284,3.68350962443683
national,national_draw,2840,"",70.74015025813794,62.969101950749284,7.771048307388661
national,national_draw,2841,"",73.17608065798971,62.969101950749284,10.206978707240431
national,national_draw,2842,"",76.30682747131684,62.969101950749284,13.337725520567552
national,national_draw,2843,"",66.41483839103111,62.969101950749284,3.445736440281827
national,national_draw,2844,"",64.23740949221649,62.969101950749284,1.2683075414672018
national,national_draw,2845,"",66.41409974276804,62.969101950749284,3.4449977920187607
national,national_draw,2846,"",63.40724963419022,62.969101950749284,0.43814768344093835
national,national_draw,2847,"",76.72354281374992,62.969101950749284,13.754440863000632
national,national_draw,2848,"",68.92945791365706,62.969101950749284,5.9603559629077765
national,national_draw,2849,"",70.51076534832032,62.969101950749284,7.541663397571035
national,national_draw,2850,"",73.70017237511355,62.969101950749284,10.731070424364269
national,national_draw,2851,"",72.13120729127087,62.969101950749284,9.162105340521585
national,national_draw,2852,"",60.57926320251249,62.969101950749284,-2.389838748236791
national,national_draw,2853,"",65.39989874517279,62.969101950749284,2.4307967944235074
national,national_draw,2854,"",63.04202500051994,62.969101950749284,0.07292304977065811
national,national_draw,2855,"",68.24927596889358,62.969101950749284,5.280174018144301
national,national_draw,2856,"",64.27969479700087,62.969101950749284,1.3105928462515877
national,national_draw,2857,"",68.10792639065366,62.969101950749284,5.138824439904376
national,national_draw,2858,"",66.84670294768438,62.969101950749284,3.8776009969350937
national,national_draw,2859,"",68.86534093614758,62.969101950749284,5.896238985398291
national,national_draw,2860,"",60.31671298568345,62.969101950749284,-2.652388965065832
national,national_draw,2861,"",73.91188050868583,62.969101950749284,10.942778557936542
national,national_draw,2862,"",60.013333986113736,62.969101950749284,-2.955767964635548
national,national_draw,2863,"",68.32533365723059,62.969101950749284,5.356231706481303
national,national_draw,2864,"",61.87150756425449,62.969101950749284,-1.0975943864947908
national,national_draw,2865,"",63.47550535024865,62.969101950749284,0.5064033994993693
national,national_draw,2866,"",64.28654575964077,62.969101950749284,1.3174438088914897
national,national_draw,2867,"",63.90688516897929,62.969101950749284,0.9377832182300025
national,national_draw,2868,"",71.0612868236068,62.969101950749284,8.092184872857523
national,national_draw,2869,"",78.07070798212628,62.969101950749284,15.101606031376996
national,national_draw,2870,"",65.22006559242742,62.969101950749284,2.2509636416781333
national,national_draw,2871,"",69.7966725234549,62.969101950749284,6.827570572705618
national,national_draw,2872,"",64.59678495495366,62.969101950749284,1.6276830042043784
national,national_draw,2873,"",63.036907553022424,62.969101950749284,0.0678056022731397
national,national_draw,2874,"",65.01869622626218,62.969101950749284,2.049594275512895
national,national_draw,2875,"",66.91199945413894,62.969101950749284,3.942897503389652
national,national_draw,2876,"",77.18917513740415,62.969101950749284,14.220073186654865
national,national_draw,2877,"",66.62984966730474,62.969101950749284,3.6607477165554556
national,national_draw,2878,"",65.384186311652,62.969101950749284,2.4150843609027177
national,national_draw,2879,"",62.14964095115829,62.969101950749284,-0.8194609995909943
national,national_draw,2880,"",59.421482832233195,62.969101950749284,-3.5476191185160886
national,national_draw,2881,"",61.960482364091774,62.969101950749284,-1.0086195866575096
national,national_draw,2882,"",65.52705242710701,62.969101950749284,2.5579504763577248
national,national_draw,2883,"",64.67449536877926,62.969101950749284,1.7053934180299777
national,national_draw,2884,"",60.716970321505194,62.969101950749284,-2.25213162924409
national,national_draw,2885,"",65.07469038115381,62.969101950749284,2.1055884304045307
national,national_draw,2886,"",65.0033300341147,62.969101950749284,2.034228083365413
national,national_draw,2887,"",65.45167798841334,62.969101950749284,2.482576037664053
national,national_draw,2888,"",64.09642231328063,62.969101950749284,1.1273203625313428
national,national_draw,2889,"",67.50998600515452,62.969101950749284,4.5408840544052325
national,national_draw,2890,"",67.39224778029849,62.969101950749284,4.423145829549206
national,national_draw,2891,"",71.12181443221297,62.969101950749284,8.152712481463688
national,national_draw,2892,"",56.264968735904375,62.969101950749284,-6.704133214844909
national,national_draw,2893,"",64.99979606383111,62.969101950749284,2.030694113081829
national,national_draw,2894,"",65.8211175337347,62.969101950749284,2.852015582985409
national,national_draw,2895,"",72.34973176334569,62.969101950749284,9.380629812596403
national,national_draw,2896,"",68.96151293999806,62.969101950749284,5.992410989248775
national,national_draw,2897,"",66.62428210602192,62.969101950749284,3.655180155272639
national,national_draw,2898,"",67.34538747283477,62.969101950749284,4.376285522085489
national,national_draw,2899,"",69.10441829614204,62.969101950749284,6.135316345392759
national,national_draw,2900,"",62.19261643041348,62.969101950749284,-0.7764855203358039
national,national_draw,2901,"",72.32910039404807,62.969101950749284,9.359998443298785
national,national_draw,2902,"",67.8898266413301,62.969101950749284,4.920724690580819
national,national_draw,2903,"",63.59900503155656,62.969101950749284,0.6299030808072743
national,national_draw,2904,"",63.26467666976461,62.969101950749284,0.2955747190153275
national,national_draw,2905,"",67.3359120005852,62.969101950749284,4.366810049835912
national,national_draw,2906,"",62.74545541462532,62.969101950749284,-0.22364653612396523
national,national_draw,2907,"",67.13812969504744,62.969101950749284,4.169027744298155
national,national_draw,2908,"",65.37512863732621,62.969101950749284,2.4060266865769293
national,national_draw,2909,"",64.53959049663455,62.969101950749284,1.5704885458852615
national,national_draw,2910,"",64.56498845550472,62.969101950749284,1.595886504755434
national,national_draw,2911,"",70.13494111207513,62.969101950749284,7.165839161325842
national,national_draw,2912,"",71.14559890628351,62.969101950749284,8.176496955534226
national,national_draw,2913,"",75.11848783742924,62.969101950749284,12.149385886679958
national,national_draw,2914,"",66.72770209595369,62.969101950749284,3.7586001452044044
national,national_draw,2915,"",63.11464335788207,62.969101950749284,0.1455414071327894
national,national_draw,2916,"",66.16712346291047,62.969101950749284,3.1980215121611835
national,national_draw,2917,"",65.77543444694022,62.969101950749284,2.80633249619094
national,national_draw,2918,"",65.05586408354907,62.969101950749284,2.086762132799784
national,national_draw,2919,"",61.30540522716908,62.969101950749284,-1.6636967235802018
national,national_draw,2920,"",69.85929142995586,62.969101950749284,6.890189479206576
national,national_draw,2921,"",70.71872484195755,62.969101950749284,7.7496228912082685
national,national_draw,2922,"",77.96720720254075,62.969101950749284,14.998105251791465
national,national_draw,2923,"",58.83870781888502,62.969101950749284,-4.130394131864264
national,national_draw,2924,"",73.84848602150865,62.969101950749284,10.879384070759365
national,national_draw,2925,"",71.58864936757051,62.969101950749284,8.619547416821227
national,national_draw,2926,"",71.42325448009214,62.969101950749284,8.454152529342856
national,national_draw,2927,"",68.59710312769296,62.969101950749284,5.628001176943677
national,national_draw,2928,"",63.76498622109372,62.969101950749284,0.7958842703444375
national,national_draw,2929,"",78.33592194925399,62.969101950749284,15.366819998504702
national,national_draw,2930,"",76.62424078788472,62.969101950749284,13.655138837135432
national,national_draw,2931,"",65.11485668873355,62.969101950749284,2.1457547379842694
national,national_draw,2932,"",64.5370629346094,62.969101950749284,1.567960983860111
national,national_draw,2933,"",74.76030344501626,62.969101950749284,11.791201494266979
national,national_draw,2934,"",65.65608042900875,62.969101950749284,2.6869784782594692
national,national_draw,2935,"",66.38040584059338,62.969101950749284,3.411303889844099
national,national_draw,2936,"",74.68483436701388,62.969101950749284,11.715732416264593
national,national_draw,2937,"",75.62536905002378,62.969101950749284,12.656267099274494
national,national_draw,2938,"",73.37571189246094,62.969101950749284,10.406609941711658
national,national_draw,2939,"",66.83296408999145,62.969101950749284,3.8638621392421655
national,national_draw,2940,"",69.4283478753556,62.969101950749284,6.459245924606314
national,national_draw,2941,"",64.49821926907569,62.969101950749284,1.5291173183264064
national,national_draw,2942,"",62.846400932875824,62.969101950749284,-0.12270101787346022
national,national_draw,2943,"",62.52320076882204,62.969101950749284,-0.4459011819272405
national,national_draw,2944,"",66.37704268272063,62.969101950749284,3.407940731971344
national,national_draw,2945,"",59.3090305590097,62.969101950749284,-3.660071391739585
national,national_draw,2946,"",69.52145448891439,62.969101950749284,6.552352538165103
national,national_draw,2947,"",59.099233677818106,62.969101950749284,-3.8698682729311784
national,national_draw,2948,"",70.13391854588595,62.969101950749284,7.164816595136664
national,national_draw,2949,"",76.30516551272495,62.969101950749284,13.33606356197567
national,national_draw,2950,"",71.09011718862438,62.969101950749284,8.121015237875092
national,national_draw,2951,"",62.080443458564446,62.969101950749284,-0.8886584921848382
national,national_draw,2952,"",75.83469965949931,62.969101950749284,12.865597708750023
national,national_draw,2953,"",74.2161851268602,62.969101950749284,11.247083176110912
national,national_draw,2954,"",64.30052236974336,62.969101950749284,1.3314204189940781
national,national_draw,2955,"",63.32140023981601,62.969101950749284,0.35229828906672367
national,national_draw,2956,"",58.480043305101034,62.969101950749284,-4.4890586456482495
national,national_draw,2957,"",67.547781713465,62.969101950749284,4.578679762715716
national,national_draw,2958,"",63.16551083217291,62.969101950749284,0.1964088814236291
national,national_draw,2959,"",66.09276004902685,62.969101950749284,3.1236580982775664
national,national_draw,2960,"",63.35407388407732,62.969101950749284,0.38497193332803903
national,national_draw,2961,"",64.58511892894893,62.969101950749284,1.6160169781996458
national,national_draw,2962,"",64.8699855564257,62.969101950749284,1.9008836056764196
national,national_draw,2963,"",70.76427635703017,62.969101950749284,7.795174406280886
national,national_draw,2964,"",62.049055523936026,62.969101950749284,-0.9200464268132578
national,national_draw,2965,"",66.39206955832228,62.969101950749284,3.4229676075729927
national,national_draw,2966,"",63.59384834337006,62.969101950749284,0.6247463926207786
national,national_draw,2967,"",65.02985904813768,62.969101950749284,2.0607570973883966
national,national_draw,2968,"",70.21037556594018,62.969101950749284,7.241273615190899
national,national_draw,2969,"",74.4881785000773,62.969101950749284,11.519076549328013
national,national_draw,2970,"",63.79019951789813,62.969101950749284,0.821097567148847
national,national_draw,2971,"",77.37766432448228,62.969101950749284,14.408562373732998
national,national_draw,2972,"",62.92479228806894,62.969101950749284,-0.04430966268034098
national,national_draw,2973,"",64.40874588166083,62.969101950749284,1.4396439309115507
national,national_draw,2974,"",61.71230578080673,62.969101950749284,-1.2567961699425538
national,national_draw,2975,"",68.8569642031893,62.969101950749284,5.887862252440023
national,national_draw,2976,"",61.58587228092899,62.969101950749284,-1.3832296698202953
national,national_draw,2977,"",62.12557486743745,62.969101950749284,-0.8435270833118338
national,national_draw,2978,"",65.21465730217632,62.969101950749284,2.2455553514270363
national,national_draw,2979,"",76.58853868574485,62.969101950749284,13.619436734995567
national,national_draw,2980,"",62.174420292108145,62.969101950749284,-0.7946816586411387
national,national_draw,2981,"",65.0431154761838,62.969101950749284,2.0740135254345162
national,national_draw,2982,"",69.54375474163133,62.969101950749284,6.574652790882048
national,national_draw,2983,"",64.20965247545615,62.969101950749284,1.2405505247068689
national,national_draw,2984,"",68.4920396453759,62.969101950749284,5.522937694626613
national,national_draw,2985,"",76.39464120841563,62.969101950749284,13.425539257666351
national,national_draw,2986,"",59.69150724617408,62.969101950749284,-3.2775947045752005
national,national_draw,2987,"",64.31885007977056,62.969101950749284,1.3497481290212718
national,national_draw,2988,"",59.97492427643459,62.969101950749284,-2.9941776743146917
national,national_draw,2989,"",65.62648602469407,62.969101950749284,2.6573840739447903
national,national_draw,2990,"",67.83129569131002,62.969101950749284,4.862193740560734
national,national_draw,2991,"",67.01494393925135,62.969101950749284,4.045841988502069
national,national_draw,2992,"",62.49169511212669,62.969101950749284,-0.47740683862259203
national,national_draw,2993,"",61.35209010567033,62.969101950749284,-1.617011845078956
national,national_draw,2994,"",65.89076283183802,62.969101950749284,2.9216608810887337
national,national_draw,2995,"",63.04068620054314,62.969101950749284,0.07158424979385813
national,national_draw,2996,"",76.46862606506444,62.969101950749284,13.499524114315157
national,national_draw,2997,"",71.62166463665349,62.969101950749284,8.652562685904208
national,national_draw,2998,"",70.88747827075701,62.969101950749284,7.918376320007731
national,national_draw,2999,"",70.00498979984455,62.969101950749284,7.035887849095268
national,district,-1,0101,69.27674078509494,69.09595476895086,0.18078601614408285
national,district,-1,0102,70.90229106543377,69.43773681214049,1.4645542532932865
national,district,-1,0103,65.69178652086057,62.18590276952336,3.5058837513372154
national,district,-1,0104,69.13669513831812,67.23228498007678,1.9044101582413333
national,district,-1,0105,64.6033376123235,60.33889602053916,4.26444159178434
national,district,-1,0202,64.79874256816785,61.97225449326864,2.82648807489921
national,district,-1,0301,66.31732300360261,63.525585282392406,2.791737721210204
national,district,-1,0302,67.59580354795499,66.51977415275987,1.0760293951951212
national,district,-1,0303,67.90915222061247,65.69790677923764,2.211245441374828
national,district,-1,0401,68.48047110113383,64.64952092788704,3.8309501732467908
national,district,-1,0402,68.5200461969972,63.72935759175654,4.7906886052406605
national,district,-1,0501,68.55296684263993,65.27719952703715,3.275767315602778
national,district,-1,0502,70.46792743547884,66.7736669295816,3.6942605058972475
national,district,-1,0601,65.38795051234138,61.10968624433616,4.278264268005216
national,district,-1,0602,66.256735375798,57.71788318341245,8.538852192385555
national,district,-1,0603,65.4261698137892,58.63350922332214,6.792660590467058
national,district,-1,0607,68.26108179967595,67.12122471023223,1.1398570894437228
national,district,-1,0608,65.25754021844718,63.12933873528088,2.1282014831662934
national,district,-1,0609,67.00288884033695,65.07537688442211,1.927511955914838
national,district,-1,0701,69.06628473792654,67.49334137393839,1.572943363988145
national,district,-1,0702,67.80353723568531,66.19242726842225,1.6111099672630615
national,district,-1,0703,72.50561575868284,72.71852089555924,-0.212905136876401
national,district,-1,0801,67.35678704856787,64.59017321408355,2.7666138344843176
national,district,-1,0802,63.306846269968986,60.87324364227534,2.433602627693645
national,district,-1,0803,66.87192570295866,65.75691946259452,1.1150062403641385
national,district,-1,0902,68.43886480475737,66.66774105171552,1.7711237530418487
national,district,-1,1002,67.9984048880718,65.86730831621065,2.13109657186115
national,district,-1,1003,64.18511220078517,59.91781617096681,4.267296029818361
national,district,-1,1101,68.90615708684828,60.774650016629884,8.131507070218397
national,district,-1,1102,66.73614701826956,62.11758876249569,4.61855825577387
national,district,-1,1103,69.9676155712346,67.34848316232278,2.619132408911824
national,district,-1,1201,72.07926479035038,67.97370604378071,4.10555874656967
national,district,-1,1202,70.98670419396925,63.39035724232962,7.5963469516396245
national,district,-1,1203,71.29000567309156,68.15596850742345,3.1340371656681043
national,district,-1,1301,66.49917866460528,61.202773214803365,5.296405449801917
national,district,-1,1302,68.72572240644244,63.3183325438181,5.407389862624342
national,district,-1,1303,62.70587630720214,57.68776176160743,5.018114545594706
national,district,-1,1305,67.2022634208399,60.8592517989425,6.343011621897396
national,district,-1,1306,64.25048628976595,59.33613603564033,4.914350254125615
national,district,-1,1308,68.4697587839858,65.78609801028134,2.68366077370446
national,district,-1,1309,66.48033677402819,61.24042471385053,5.239912060177659
national,district,-1,1310,70.56218626990719,67.10844678776498,3.453739482142211
national,district,-1,1311,67.96175079285416,62.861322598212475,5.100428194641687
national,district,-1,1313,65.15057255530485,61.990974082118974,3.1595984731858735
national,district,-1,1314,70.68889644550237,69.46472506150862,1.224171383993749
national,district,-1,1315,67.93940707820714,60.62273047531299,7.316676602894148
national,district,-1,1316,66.61140438898826,62.884472754242836,3.7269316347454264
national,district,-1,1401,71.72424143200175,65.37873826675398,6.345503165247763
national,district,-1,1402,66.40729148553874,63.154234046252824,3.253057439285911
national,district,-1,1403,67.830300756581,65.16225848808854,2.6680422684924565
national,district,-1,1404,69.53439365333638,67.22638594885291,2.3080077044834724
national,district,-1,1405,70.74107546317217,68.74314117874894,1.9979342844232235
national,district,-1,1406,70.30093529735397,66.24209772352152,4.058837573832449
national,district,-1,1501,70.35658118560838,69.00215039958918,1.3544307860191935
national,district,-1,1502,69.57751863888357,67.9640604090996,1.6134582297839728
national,district,-1,1601,68.52883861308491,67.4386273438057,1.0902112692792088
national,district,-1,1602,67.57797504798464,64.78286948176584,2.795105566218794
national,district,-1,1603,68.10656696005118,63.59384995477908,4.512717005272101
national,district,-1,1701,70.17303945228008,65.02297062977065,5.150068822509425
national,district,-1,1702,67.47469858312066,62.606705975534624,4.867992607586032
national,district,-1,1703,67.97828631488426,63.0855409311325,4.892745383751759
national,district,-1,1704,68.22484768996446,65.36956337789812,2.8552843120663454
national,district,-1,1705,70.27124758927978,68.15189199973399,2.1193555895457905
national,district,-1,1801,66.5778895186148,63.98630701268447,2.591582505930326
national,district,-1,1802,63.771248320579474,59.815117705473455,3.9561306151060194
national,district,-1,1803,67.17377009982664,64.77374618925221,2.4000239105744328
national,district,-1,1901,73.36371168185585,72.72598438930798,0.637727292547865
national,district,-1,1902,68.80769849353992,66.8139173323326,1.9937811612073233
national,district,-1,2101,72.48244556351514,71.474572664728,1.0078728987871415
national,district,-1,2102,68.44509866548167,63.434753023843584,5.010345641638082
national,district,-1,2103,67.77400381078618,63.78786623588214,3.986137574904042
national,district,-1,2104,69.94825566741292,69.1787625839548,0.7694930834581157
national,district,-1,2105,69.78592128634197,66.96971113396279,2.8162101523791847
national,district,-1,2201,73.59028674191022,72.36509670230255,1.2251900396076678
national,district,-1,2202,72.80968646248937,70.85354535625783,1.9561411062315415
national,district,-1,2203,70.55557419398127,68.47943995258385,2.076134241397426
national,district,-1,2204,70.92477257680896,63.221195105803886,7.703577471005076
national,district,-1,2205,73.91774389621477,73.09416208090124,0.8235818153135313
national,district,-1,2301,70.10168926428096,69.33874194265393,0.7629473216270384
national,district,-1,2401,67.95997797892635,61.798558387852566,6.161419591073781
national,district,-1,2402,67.81315995538998,64.4033410056237,3.409818949766276
national,district,-1,2403,70.4206312456122,67.37120408681494,3.0494271587972577
national,district,-1,2404,69.77018267530937,66.63701760042696,3.133165074882413
national,district,-1,2501,71.10089322232923,70.47484596202816,0.6260472603010783
national,district,-1,2502,70.10903328050713,65.67606973058638,4.432963549920757
national,district,-1,2503,67.60826589238278,65.55260394143448,2.0556619509482914
national,district,-1,2504,66.21301684766836,62.02477508439108,4.188241763277276
national,district,-1,2505,68.11453971828342,66.55759239060319,1.5569473276802341
national,district,-1,2601,65.65853030205449,62.847942294068396,2.810588007986091
national,district,-1,2602,65.71178499716831,59.63445399783761,6.077330999330698
national,district,-1,2603,71.50216063583137,69.32438406091279,2.177776574918582
national,district,-1,2604,71.11229171218048,70.611308613533,0.500983098647481
national,district,-1,2701,66.139533819272,62.792507237587394,3.3470265816846094
national,district,-1,2702,65.74919102032561,62.54044898371929,3.208742036606324
national,district,-1,2703,68.90231797746249,64.58574181117534,4.316576166287149
national,district,-1,2704,67.82314816795363,64.60717417809245,3.215973989861183
national,district,-1,2705,67.0277913864517,63.87899167149156,3.148799714960134
national,district,-1,2801,68.06803909790858,64.60656364331349,3.4614754545950888
national,district,-1,2802,63.36302158463798,61.07354128343236,2.2894803012056144
national,district,-1,2803,65.97515039073481,63.66025749142632,2.3148928993084894
national,district,-1,2804,67.41993437365443,64.68649314783745,2.733441225816975
national,district,-1,2901,74.37564980072779,73.83577369606654,0.5398761046612464
national,district,-1,2902,70.5869559655093,68.97628124760125,1.6106747179080543
national,district,-1,2903,71.67059124375353,68.50819899204075,3.162392251712788
national,district,-1,2904,72.93039685173771,72.34128301171116,0.5891138400265561
national,district,-1,2905,71.43370700043545,68.83373332928274,2.5999736711527106
national,district,-1,2906,71.55164883162263,67.15221664118803,4.399432190434595
national,district,-1,2907,73.64965771018268,73.39816728593446,0.25149042424821744
national,district,-1,2908,71.12841866599811,67.67677868736305,3.4516399786350576
national,district,-1,2A01,62.50904934273195,62.977710040007615,-0.4686606972756664
national,district,-1,2A02,62.61220897671814,64.76998159852788,-2.157772621809741
national,district,-1,2B01,62.378046817142675,61.73165469942364,0.6463921177190315
national,district,-1,2B02,66.7525431713457,66.09301161541066,0.6595315559350468
national,district,-1,3001,64.46681127022421,57.67357960204511,6.793231668179104
national,district,-1,3003,68.57838333715571,63.400954902737524,5.177428434418189
national,district,-1,3004,68.32882679095604,64.1535240459983,4.175302744957747
national,district,-1,3005,68.02750300593102,63.921754857483506,4.105748148447518
national,district,-1,3006,65.73218187979853,61.02275250371029,4.709429376088245
national,district,-1,3101,71.58394931362196,68.23184324768275,3.3521060659392106
national,district,-1,3102,72.36366877116616,69.84905766578797,2.5146111053781937
national,district,-1,3103,75.15167421477312,73.24552301663839,1.9061511981347365
national,district,-1,3105,70.63730627102751,67.90487746585039,2.732428805177122
national,district,-1,3106,72.73161006696543,67.24317140082131,5.48843866614412
national,district,-1,3107,69.86482366094116,64.09834702344104,5.766476637500119
national,district,-1,3108,69.46606114105185,66.76036052778294,2.7057006132689168
national,district,-1,3109,70.82514010421788,68.04763543407728,2.777504670140601
national,district,-1,3110,74.47029062690201,69.97299147900182,4.497299147900193
national,district,-1,3201,71.43656665483633,68.12225285975593,3.3143137950803947
national,district,-1,3202,70.3038861581077,70.69766178746978,-0.3937756293620822
national,district,-1,3301,72.40017758801469,69.45675070610127,2.9434268819134104
national,district,-1,3302,70.78399374207643,63.80789253634721,6.976101205729222
national,district,-1,3303,69.83412451574179,65.92786599006931,3.9062585256724844
national,district,-1,3304,65.39086070544369,60.54807701945533,4.842783685988358
national,district,-1,3305,68.92485962474504,65.26819596466851,3.656663660076532
national,district,-1,3306,73.44714656587988,71.6766505517893,1.7704960140905825
national,district,-1,3307,72.48859862192039,70.16556783819958,2.32303078372081
national,district,-1,3308,70.31088040277069,68.19213873212787,2.1187416706428195
national,district,-1,3309,70.69438693462499,67.91433551282175,2.780051421803236
national,district,-1,3310,69.82796779480555,66.4142411082798,3.4137266865257487
national,district,-1,3312,70.16305506615345,63.4579344862026,6.705120579950844
national,district,-1,3401,67.38190613781629,63.186235881271344,4.195670256544943
national,district,-1,3403,72.2548269116271,67.23547673726291,5.019350174364192
national,district,-1,3404,71.58600186021792,66.09918947648154,5.486812383736378
national,district,-1,3405,68.78462153784622,65.33646635336467,3.44815518448155
national,district,-1,3406,68.46936518469366,65.2731696527317,3.196195531961962
national,district,-1,3408,67.84691146334323,61.98716072100707,5.859750742336161
national,district,-1,3409,66.45374109132631,60.44217912226121,6.011561969065099
national,district,-1,3501,72.6017087493905,70.09370561173652,2.508003137653972
national,district,-1,3502,75.90690690690691,74.5005005005005,1.4064064064064183
national,district,-1,3503,73.09636515518238,71.8433396877075,1.2530254674748846
national,district,-1,3504,69.60834493489477,64.35386127262305,5.254483662271724
national,district,-1,3505,71.09635444671471,66.51611284367495,4.580241603039767
national,district,-1,3506,71.9833862854117,67.99819080398906,3.985195481422636
national,district,-1,3507,70.25335446183274,67.88343069320855,2.36992376862419
national,district,-1,3601,66.26921829386961,63.24878365228673,3.020434641582881
national,district,-1,3602,67.67691797049363,66.000160236234,1.6767577342596383
national,district,-1,3701,64.49891612472902,56.685287087988435,7.813629036740586
national,district,-1,3702,69.52480670103093,66.8481529209622,2.676653780068719
national,district,-1,3703,68.36265604409975,66.31459295249017,2.0480630916095777
national,district,-1,3704,66.55487739124808,62.32234132033558,4.232536070912502
national,district,-1,3705,69.01581942812824,66.8476339290806,2.168185499047638
national,district,-1,3801,75.4038555538335,74.42029590243088,0.983559651402615
national,district,-1,3802,67.20255002209177,62.752004039638955,4.450545982452816
national,district,-1,3803,69.42636360471997,62.099272512095794,7.327091092624173
national,district,-1,3804,69.34104383321994,66.95068087817626,2.3903629550436847
national,district,-1,3805,72.09362139917695,67.52244668911335,4.571174710063602
national,district,-1,3806,66.80760867177719,60.276319546642654,6.531289125134535
national,district,-1,3807,69.77216494845361,69.13092783505155,0.641237113402056
national,district,-1,3808,67.66736679462109,64.69665145699042,2.970715337630665
national,district,-1,3809,69.0969206474536,62.663837347019346,6.433083300434255
national,district,-1,3810,66.87760953770311,60.68413904119926,6.193470496503849
national,district,-1,3901,70.45822102425876,67.99691952252599,2.461301501732777
national,district,-1,3902,68.08050535685445,64.47786371875168,3.6026416381027673
national,district,-1,3903,69.47795741044085,67.99658144006837,1.4813759703724827
national,district,-1,4001,69.84830943416867,67.00639032972643,2.8419191044422405
national,district,-1,4002,69.99967901650658,67.5919015864609,2.4077774300456696
national,district,-1,4003,70.19196160767846,68.0143971205759,2.177564487102572
national,district,-1,4101,67.39716586462893,64.94933862113994,2.4478272434889874
national,district,-1,4102,65.55119581464874,64.83183856502242,0.719357249626313
national,district,-1,4103,69.76028326794483,67.772102548918,1.988180719026829
national,district,-1,4201,66.48843862858214,62.21409252223942,4.274346106342726
national,district,-1,4202,65.97594765076933,62.84265754878264,3.133290101986688
national,district,-1,4203,67.91443533481825,65.44476565091702,2.4696696839012304
national,district,-1,4204,67.88636559386754,66.34224302106361,1.5441225728039285
national,district,-1,4205,72.03585033812716,70.51550856884111,1.5203417692860484
national,district,-1,4206,69.68942489070866,69.05960288582745,0.6298220048812198
national,district,-1,4301,71.03129015927412,67.67397484325713,3.3573153160169937
national,district,-1,4302,70.08376369819877,67.59289583070915,2.4908678674896123
national,district,-1,4401,72.72568591450957,69.91544051097722,2.810245403532349
national,district,-1,4403,69.34818100606844,65.98383801045293,3.364342995615516
national,district,-1,4404,71.66999184794268,68.82910713519543,2.840884712747254
national,district,-1,4405,73.48958414727531,71.99127975120724,1.4983043960680646
national,district,-1,4406,69.79742173112339,68.49549826069163,1.3019234704317597
national,district,-1,4407,69.57064550300136,68.06113698653171,1.5095085164696513
national,district,-1,4408,66.14644475407857,58.56034757040825,7.586097183670326
national,district,-1,4409,68.86226416516541,67.18324828329577,1.6790158818696455
national,district,-1,4410,72.56097078310154,71.86043013987066,0.7005406432308803
national,district,-1,4501,69.22767497988738,65.86216143738267,3.365513542504715
national,district,-1,4502,65.60366135822395,60.16749246622498,5.4361688919989675
national,district,-1,4503,67.78408687628647,66.27865710838242,1.5054297679040474
national,district,-1,4504,63.93743505310463,58.099299585689415,5.8381354674152135
national,district,-1,4505,66.69588616626575,64.32910669874016,2.366779467525589
national,district,-1,4506,68.39940066242573,65.88638872824772,2.51301193417801
national,district,-1,4601,73.43491176913494,71.39649814502991,2.038413624105033
national,district,-1,4602,72.78724366706876,72.03709288299156,0.7501507840772064
national,district,-1,4701,69.31502518123716,66.80367668646537,2.511348494771795
national,district,-1,4702,68.29577354959451,64.08037013932211,4.215403410272401
national,district,-1,4703,67.73678515820865,67.49663526244953,0.24014989575911727
national,district,-1,4801,73.45475537112642,73.6680945050532,-0.21333913392678028
national,district,-1,4901,70.32027065125459,68.75556808570623,1.5647025655483588
national,district,-1,4902,70.57374219264932,68.88881914147913,1.6849230511701876
national,district,-1,4903,66.86850497608182,64.35915764007258,2.5093473360092418
national,district,-1,4904,69.00861729238368,66.68549510022856,2.323122192155111
national,district,-1,4905,68.11553491391687,63.16840830493027,4.947126608986608
national,district,-1,4906,68.67825319097696,65.40499317652724,3.2732600144497184
national,district,-1,4907,70.374951178232,68.9824951770011,1.3924560012308973
national,district,-1,5001,68.24403011749513,66.38878319323855,1.8552469242565763
national,district,-1,5002,69.78766274023559,66.4827443686712,3.3049183715643835
national,district,-1,5003,68.43462528578371,67.17402653513115,1.2605987506525622
national,district,-1,5004,65.14555113181372,61.93564395520116,3.2099071766125604
national,district,-1,5101,65.85024539063537,60.464252553389045,5.38599283724632
national,district,-1,5102,66.82567971377651,63.475685743765666,3.3499939700108428
national,district,-1,5103,66.28395942708599,63.258830725317296,3.0251287017686934
national,district,-1,5104,65.56602562456672,62.81356715536498,2.7524584692017413
national,district,-1,5105,69.61786725218909,69.23097272558927,0.3868945265998178
national,district,-1,5201,66.80183892093507,63.765161700712724,3.0366772202223444
national,district,-1,5301,67.58666253185379,62.71926867744415,4.867393854409642
national,district,-1,5302,68.05626951190462,65.17634373550321,2.8799257764014072
national,district,-1,5303,68.00495492395568,62.67978803936411,5.325166884591567
national,district,-1,5401,66.28697354357564,61.085157741776655,5.201815801798986
national,district,-1,5402,68.95650509452854,67.11378762000118,1.8427174745273618
national,district,-1,5403,59.89525018038864,53.93744868254087,5.957801497847775
national,district,-1,5404,66.85160219848595,65.68806388053511,1.163538317950838
national,district,-1,5405,66.08663599156012,65.19307522180135,0.8935607697587642
national,district,-1,5406,63.484685836968694,58.5706781170774,4.914007719891295
national,district,-1,5501,67.60825484912355,67.13935060430617,0.4689042448173808
national,district,-1,5601,73.13213293762385,69.56728647694531,3.564846460678538
national,district,-1,5602,72.37175316110651,70.06225489334014,2.3094982677663722
national,district,-1,5603,69.97065835320006,66.86431525969395,3.106343093506112
national,district,-1,5604,69.85206111169782,70.00387228500018,-0.15181117330236304
national,district,-1,5605,70.63659985152191,69.2563721851027,1.3802276664192021
national,district,-1,5606,70.60108707236492,67.49333901737185,3.107748054993067
national,district,-1,5701,63.064516129032256,60.243798573405726,2.82071755562653
national,district,-1,5702,65.40415223110787,62.98028080960692,2.423871421500955
national,district,-1,5703,65.57713293976886,63.115821028965115,2.461311910803744
national,district,-1,5704,66.42484865741486,66.12525842752268,0.2995902298921749
national,district,-1,5705,63.49261391219918,62.14439281503572,1.34822109716346
national,district,-1,5708,59.12951167728238,53.16829732746733,5.961214349815052
national,district,-1,5709,65.91881720963946,63.31979624867194,2.599020960967515
national,district,-1,5801,65.12389979688558,62.1299932295193,2.993906567366281
national,district,-1,5802,67.32114517869613,63.74404875261855,3.577096426077574
national,district,-1,5901,65.98942794136724,58.240368400570766,7.749059540796473
national,district,-1,5902,66.92862457787191,63.62543643752504,3.303188140346876
national,district,-1,5904,69.33950683962959,67.12755197234688,2.2119548672827136
national,district,-1,5905,67.67791324071449,64.56302611382145,3.114887126893038
national,district,-1,5906,71.82877821961328,68.84744051000442,2.981337709608866
national,district,-1,5907,67.07627580197158,64.11279342083765,2.963482381133929
national,district,-1,5908,57.353517183351954,49.80198163434059,7.551535549011362
national,district,-1,5909,68.09006464229452,65.23765549459503,2.8524091476994897
national,district,-1,5910,61.96449177805558,56.019809597076645,5.944682180978937
national,district,-1,5911,65.72845017222693,59.11193140968548,6.616518762541446
national,district,-1,5913,60.778662327851706,57.865070602591665,2.9135917252600407
national,district,-1,5914,67.26663918189223,64.77390421220927,2.4927349696829566
national,district,-1,5915,67.83946885790104,65.77596541019048,2.063503447710559
national,district,-1,5917,63.5404399323181,57.91675126903554,5.6236886632825644
national,district,-1,5921,63.48509117792016,58.47585017249877,5.009241005421394
national,district,-1,6001,65.42554469240193,62.329145547575,3.0963991448269255
national,district,-1,6003,63.52238405262098,56.676286999127456,6.846097053493523
national,district,-1,6004,67.9772358068866,63.918116857607,4.0591189492796005
national,district,-1,6005,64.11840586597867,60.07739832982551,4.04100753615316
national,district,-1,6006,66.50363847289601,62.991721155874295,3.5119173170217195
national,district,-1,6007,66.7859643662958,64.05119427371042,2.7347700925853786
national,district,-1,6101,67.12938519300715,62.060014079549454,5.069371113457699
national,district,-1,6102,68.39593405231189,66.7131523490765,1.682781703235392
national,district,-1,6103,67.98154360041329,65.11825400195322,2.863289598460071
national,district,-1,6202,68.80389633843515,63.96451307056752,4.839383267867632
national,district,-1,6204,68.0124050998744,66.09939641852762,1.9130086813467813
national,district,-1,6205,63.288451807361454,59.25131454469452,4.037137262666931
national,district,-1,6207,62.58147666888516,59.64461910647694,2.936857562408221
national,district,-1,6208,65.72390353725592,61.65411092349656,4.069792613759361
national,district,-1,6209,67.47913622743368,61.900398702360015,5.57873752507367
national,district,-1,6301,67.78655654747696,65.61918174440254,2.1673748030744235
national,district,-1,6302,69.4283530675764,67.56421474696232,1.8641383206140745
national,district,-1,6303,72.48874647981019,71.1388784176331,1.3498680621770944
national,district,-1,6304,69.52079308890872,66.72125199792119,2.799541090987532
national,district,-1,6305,68.37504758279405,65.93642938713361,2.438618195660439
national,district,-1,6401,69.62287787809409,66.80922142065172,2.813656457442363
national,district,-1,6402,71.45927815570673,69.19524754346182,2.264030612244909
national,district,-1,6403,70.16585447223248,68.90705238951972,1.2588020827127622
national,district,-1,6404,72.16556094662837,71.70759481136746,0.4579661352609179
national,district,-1,6405,68.37723461477614,64.0998259769024,4.277408637873748
national,district,-1,6406,69.98086609077352,70.1032668336194,-0.12240074284588331
national,district,-1,6501,65.2156238548919,60.89913887871015,4.316484976181755
national,district,-1,6502,68.30873711806183,64.11589224371723,4.192844874344601
national,district,-1,6601,65.68567879229792,58.97404736827892,6.711631424019004
national,district,-1,6603,66.56625802685348,60.40980735551664,6.1564506713368345
national,district,-1,6604,67.77072667458293,63.69352358334469,4.077203091238239
national,district,-1,6701,67.81071617019235,63.659039669976494,4.151676500215856
national,district,-1,6702,69.23018960982026,67.64713941253837,1.5830501972818922
national,district,-1,6703,67.2520966946226,65.63817041370076,1.6139262809218309
national,district,-1,6704,69.26218336378963,68.40957505880928,0.8526083049803503
national,district,-1,6705,67.3336803167463,65.89772663903192,1.4359536777143802
national,district,-1,6706,67.57854655779765,66.408747531103,1.1697990266946476
national,district,-1,6707,65.75596108750668,65.64045413387198,0.11550695363469288
national,district,-1,6708,64.93905659181647,63.68850208073681,1.250554511079656
national,district,-1,6709,66.03891244699426,65.45273135445248,0.5861810925417785
national,district,-1,6801,64.13713649081494,61.731677364629626,2.4054591261853133
national,district,-1,6802,66.83031272978936,65.28180284614386,1.5485098836454938
national,district,-1,6803,65.4643482640598,64.00141943016747,1.4629288338923203
national,district,-1,6804,65.37170102746626,64.9500657156288,0.4216353118374627
national,district,-1,6805,64.78925994559003,62.31518353507077,2.4740764105192596
national,district,-1,6806,64.63813511469087,62.96012188235795,1.6780132323329155
national,district,-1,6901,74.13893794235022,71.52411808056509,2.6148198617851364
national,district,-1,6902,73.62185200573641,69.19086997895752,4.430982026778892
national,district,-1,6904,76.5868589824837,74.15777332758752,2.429085654896184
national,district,-1,6905,74.62337347004095,72.00878519319699,2.6145882768439606
national,district,-1,6906,62.059820885140425,54.48982697156769,7.569993913572738
national,district,-1,6907,64.07508917872933,60.463867120250114,3.611222058479214
national,district,-1,6908,74.2790570434028,72.9791428867905,1.299914156612303
national,district,-1,6909,69.61823425700396,69.00318987393374,0.6150443830702272
national,district,-1,6910,73.67987964944874,72.35269173296717,1.327187916481563
national,district,-1,6911,70.62589267496429,68.64211385431544,1.9837788206488511
national,district,-1,6912,73.28362357547707,72.28781708098178,0.9958064944952838
national,district,-1,6913,67.92630371599425,61.988173851070705,5.938129864923546
national,district,-1,6914,61.59823434153477,54.17384944888472,7.424384892650053
national,district,-1,7001,69.67064682247751,67.74489276215267,1.9257540603248344
national,district,-1,7101,68.73438745681636,66.1453627424927,2.5890247143236707
national,district,-1,7102,68.46556427089179,67.00121376646089,1.4643505044308966
national,district,-1,7103,68.21670931138057,65.48868369983066,2.72802561154991
national,district,-1,7104,65.43661119515885,64.81694402420575,0.6196671709530932
national,district,-1,7105,68.31737314266432,64.97445981638992,3.342913326274399
national,district,-1,7201,67.66260878995743,64.6585147628989,3.004094027058528
national,district,-1,7202,64.54980659949382,59.70225872689938,4.84754787259444
national,district,-1,7203,66.82328419385641,64.26675050653252,2.556533687323892
national,district,-1,7204,65.0413192696374,58.997531895038,6.043787374599397
national,district,-1,7205,67.11752671061605,63.77358490566037,3.3439418049556764
national,district,-1,7301,71.45331293297633,68.86608015640275,2.587232776573586
national,district,-1,7302,67.23481342395472,65.73136222992093,1.5034511940337865
national,district,-1,7303,70.87741174262231,68.90444203102584,1.9729697115964768
national,district,-1,7304,69.59440787820932,62.38632366979853,7.208084208410796
national,district,-1,7401,71.41682628022117,69.15814390517147,2.258682375049702
national,district,-1,7402,70.4778106654342,67.41171958738556,3.0660910780486432
national,district,-1,7403,67.85142526793257,66.75745986570018,1.093965402232385
national,district,-1,7404,63.0310695628265,59.78883695353313,3.2422326092933744
national,district,-1,7405,66.59097045437014,64.57610121113939,2.0148692432307485
national,district,-1,7406,67.66717787677402,65.17928868765063,2.4878891891233934
national,district,-1,7501,72.40330213856171,65.67626232074868,6.727039817813036
national,district,-1,7502,73.26928491934727,67.14758846324033,6.121696456106946
national,district,-1,7503,71.36912733335156,66.08406898248107,5.285058350870486
national,district,-1,7504,72.12652314081197,63.19600021856729,8.930522922244677
national,district,-1,7511,73.89189263365901,68.39938522340542,5.4925074102535945
national,district,-1,7512,71.49241872475667,64.33158975038073,7.160828974375946
national,district,-1,7513,70.01260433949403,64.51621201013492,5.496392329359111
national,district,-1,7514,72.06836980420897,62.825882106585695,9.242487697623275
national,district,-1,7515,68.59971356064223,48.866805698635645,19.732907862006584
national,district,-1,7601,69.88108286662361,66.79929730784822,3.081785558775394
national,district,-1,7602,71.49807885065152,69.27413965920482,2.2239391914467035
national,district,-1,7603,63.32427112980191,57.859337609560626,5.464933520241281
national,district,-1,7604,64.27619456001483,57.81519811790884,6.460996442105987
national,district,-1,7605,68.77964458123405,65.24653751291186,3.5331070683221952
national,district,-1,7606,65.62771711772729,64.8465600717548,0.7811570459724919
national,district,-1,7607,67.7878713479008,63.68653034501304,4.101341002887764
national,district,-1,7608,61.67566226192692,56.64898566908617,5.026676592840744
national,district,-1,7609,68.94889608416376,65.66910817012983,3.279787914033932
national,district,-1,7610,69.64693150561394,67.38603057221447,2.260900933399469
national,district,-1,7701,65.6211889709696,63.046860763397305,2.574328207572293
national,district,-1,7702,68.59305852518523,65.25906220476357,3.3339963204216616
national,district,-1,7703,65.52737633801371,62.645994301409246,2.881382036604464
national,district,-1,7704,66.11497570380058,63.49820174301273,2.616773960787853
national,district,-1,7705,65.89527139897989,61.48851816379713,4.406753235182755
national,district,-1,7706,61.62549454791084,55.97196757695648,5.65352697095436
national,district,-1,7707,65.49992714882933,57.38430673705211,8.115620411777222
national,district,-1,7708,67.2950114678899,64.88470674967235,2.41030471821756
national,district,-1,7709,63.93001652704166,58.90921525047017,5.02080127657149
national,district,-1,7710,62.90847310584152,56.32109118951224,6.587381916329285
national,district,-1,7801,72.41295363860917,69.38295648869466,3.0299971499145073
national,district,-1,7802,73.05786454201589,68.97067108152542,4.087193460490468
national,district,-1,7803,71.61791645214976,67.61413297254583,4.003783479603925
national,district,-1,7804,72.92537534937792,69.0815998416978,3.843775507680121
national,district,-1,7805,71.57139879634214,67.38269546413777,4.188703332204369
national,district,-1,7806,70.32466016395145,65.95932344090485,4.365336723046596
national,district,-1,7807,68.85667724504674,65.86940805999045,2.9872691850562916
national,district,-1,7808,63.07616759791365,58.06336018686875,5.0128074110449035
national,district,-1,7809,66.45984509631015,61.110461842482714,5.349383253827433
national,district,-1,7810,73.13959775086505,70.65095155709342,2.488646193771629
national,district,-1,7811,64.97593090754637,62.59379866912077,2.382132238425598
national,district,-1,7812,71.91249654409732,68.86922864252143,3.043267901575888
national,district,-1,7901,70.78900902471989,68.57152199502985,2.2174870296900338
national,district,-1,7902,67.40673506435229,65.1232994064495,2.2834356579027855
national,district,-1,7903,66.7645404036852,64.18290081346555,2.581639590219652
national,district,-1,8001,65.67493742780131,61.59871967654986,4.076217751251448
national,district,-1,8002,68.98669528451921,67.02266585640217,1.964029428117044
national,district,-1,8003,68.81118710605563,67.3701278909574,1.441059215098221
national,district,-1,8004,68.57545839210155,64.3441466854725,4.231311706629057
national,district,-1,8101,70.13263967004124,67.78566741657292,2.346972253468323
national,district,-1,8102,68.83691415102892,63.34149215846252,5.495421992566399
national,district,-1,8103,70.51631990837946,67.6169116243558,2.8994082840236644
national,district,-1,8201,69.21401352971398,67.65606268196609,1.5579508477478896
national,district,-1,8202,69.76047904191617,61.91843117887935,7.842047863036818
national,district,-1,8301,66.4481919576928,61.514226641724925,4.933965315967875
national,district,-1,8303,68.41157332093888,65.14156789836548,3.270005422573405
national,district,-1,8307,67.15542663300117,62.24293121060849,4.912495422392681
national,district,-1,8401,63.26753941555546,56.2315081262919,7.036031289263562
national,district,-1,8402,67.51639126261867,63.30554238601279,4.21084887660588
national,district,-1,8404,67.47903795233893,60.457855251544565,7.021182700794363
national,district,-1,8405,67.10204129682387,63.05182115697031,4.0502201398535576
national,district,-1,8501,68.95643313368294,65.94096644050667,3.015466693176265
national,district,-1,8502,69.94188492689597,67.29865712983415,2.6432277970618117
national,district,-1,8503,69.8947353042157,67.95526433053553,1.939470973680173
national,district,-1,8504,70.66856384350201,68.41964532979364,2.248918513708375
national,district,-1,8505,68.53930578040186,66.42938767736406,2.109918103037799
national,district,-1,8601,70.37247233291797,68.79696001381812,1.5755123190998432
national,district,-1,8602,72.48120488236688,71.10850673881332,1.3726981435535635
national,district,-1,8603,68.88454687305818,66.23676107098966,2.647785802068526
national,district,-1,8604,66.28890185805997,63.27447440926179,3.0144274487981804
national,district,-1,8701,70.934387954448,69.76461619097537,1.1697717634726246
national,district,-1,8702,71.2145864264069,66.53582541845472,4.6787610079521755
national,district,-1,8703,70.5435356848869,69.61286597127517,0.930669713611735
national,district,-1,8801,66.76537165719098,65.57959570435882,1.1857759528321594
national,district,-1,8802,67.96831534438633,66.02592633804385,1.9423890063424807
national,district,-1,8803,68.60142067876875,66.73243883188634,1.8689818468824058
national,district,-1,8804,67.95979476302617,66.85797164735422,1.101823115671948
national,district,-1,8901,66.70601416509943,61.61684873221026,5.089165432889175
national,district,-1,8902,67.48131746471077,65.15084417381676,2.3304732908940053
national,district,-1,9001,67.52675961558681,66.49422749353353,1.0325321220532828
national,district,-1,9002,66.28142000129013,61.82940202550154,4.452017975788593
national,district,-1,9101,63.76407714130154,59.90629567011491,3.857781471186634
national,district,-1,9102,66.99186379388277,59.28991153490174,7.701952258981031
national,district,-1,9103,68.46087114410798,62.90475517985756,5.556115964250424
national,district,-1,9104,69.46231917520805,65.91308363366227,3.5492355415457837
national,district,-1,9105,70.70488749163101,65.39603528076151,5.308852210869503
national,district,-1,9106,66.96209975517257,63.01425759685084,3.947842158321734
national,district,-1,9107,66.10630091169014,63.24243405081729,2.8638668608728537
national,district,-1,9108,67.7019525893032,65.06497747012342,2.6369751191797803
national,district,-1,9109,65.6460325616955,59.556068031132895,6.089964530562611
national,district,-1,9110,62.27317585636063,55.10155354641538,7.171622309945249
national,district,-1,9202,73.30208812821694,68.76734876065336,4.534739367563574
national,district,-1,9204,66.15974740373468,59.62529909469894,6.534448309035746
national,district,-1,9205,68.42285257072064,63.6459838942804,4.7768686764402375
national,district,-1,9206,73.83154342224026,66.71681033918925,7.114733083051007
national,district,-1,9208,71.48742760794664,64.46594824426361,7.021479363683028
national,district,-1,9209,70.87594346312024,60.69835967414083,10.177583788979405
national,district,-1,9210,71.1632167291851,64.04296948020388,7.120247248981215
national,district,-1,9212,72.67780821333788,67.61668247657823,5.061125736759649
national,district,-1,9213,71.36213033647496,66.4375741565739,4.92455617990106
national,district,-1,9303,63.73228529388987,56.82000051627559,6.912284777614282
national,district,-1,9304,52.6869522665599,41.29335527974257,11.393596986817329
national,district,-1,9305,58.29337864902592,51.394367906779145,6.899010742246773
national,district,-1,9307,65.95731933810225,52.47253076434571,13.48478857375654
national,district,-1,9308,61.90684992665348,57.046048855156585,4.860801071496894
national,district,-1,9312,60.413716214180255,53.59026124687377,6.823454967306482
national,district,-1,9401,72.08808471026298,69.55666744240168,2.5314172678613005
national,district,-1,9403,65.4029742376163,61.5944172538052,3.8085569838111084
national,district,-1,9404,69.24468838054031,67.28229371152331,1.9623946690170015
national,district,-1,9405,69.13246940244781,65.94236097475839,3.190108427689424
national,district,-1,9406,71.06125122830002,66.58053402239449,4.480717205905535
national,district,-1,9407,66.30408743823926,60.968707890402754,5.33537954783651
national,district,-1,9408,72.93029595015577,67.90109034267913,5.029205607476641
national,district,-1,9501,69.01483050847457,66.71705389449627,2.2977766139783
national,district,-1,9502,65.57164798618956,60.44985466038766,5.121793325801903
national,district,-1,9503,66.34737191867589,60.58708699354142,5.760284925134471
national,district,-1,9504,64.37282001521072,58.80779418321052,5.565025832000202
national,district,-1,9506,67.6191041938933,64.50437606431429,3.114728129579021
national,district,-1,9507,65.19426895636062,59.529610878477946,5.66465807788267
national,district,-1,9509,60.763956768229676,55.41095316558214,5.353003602647533
national,district,-1,9510,64.30593203839877,57.759873002560916,6.54605903583785
national,district,-1,97101,39.01157648798131,30.695513285900972,8.316063202080336
national,district,-1,97102,38.125084547053255,30.84051043874284,7.284574108310416
national,district,-1,97103,43.50558496373854,36.61357647552643,6.892008488212113
national,district,-1,97104,40.97701149425288,30.83806198166739,10.138949512585487
national,district,-1,97201,37.61826511303655,28.17572950901305,9.442535604023501
national,district,-1,97202,41.349858801380606,32.92500784436774,8.424850957012865
national,district,-1,97203,38.15178067642471,31.17262438182482,6.9791562945998855
national,district,-1,97204,39.1082893084741,29.577598256378668,9.530691052095431
national,district,-1,97301,44.16322052493881,31.719132416237656,12.444088108701152
national,district,-1,97302,36.804954183868695,16.961031114691373,19.843923069177322
national,district,-1,97401,51.974092854642166,47.59506250917592,4.379030345466248
national,district,-1,97402,45.52303352564795,41.525215493940614,3.9978180317073395
national,district,-1,97403,47.147265644761475,44.91323923711236,2.234026407649118
national,district,-1,97404,51.488119264820654,47.971439591686625,3.5166796731340284
national,district,-1,97405,46.576967209497326,41.64018712211484,4.936780087382488
national,district,-1,97406,49.917998938115744,44.525986667453246,5.392012270662498
national,district,-1,97407,48.074224489459,42.0278011655358,6.0464233239232
national,district,-1,97501,59.035312684947726,53.205760505030575,5.829552179917151
national,district,-1,97602,49.507140269595226,46.000877042460296,3.50626322713493
national,district,-1,98702,46.99400678749368,46.10296772330132,0.8910390641923627
national,district,-1,98703,50.2890131540824,49.290143130323926,0.9988700237584709
national,district,-1,98801,61.66133198851414,67.90239082778425,-6.241058839270103
national,district,-1,98802,63.348832742435036,72.0634488719578,-8.714616129522767
national,district,-1,ZX01,37.852301105957906,27.89471597891148,9.957585127046425
national,district,-1,ZZ01,43.36070875261345,34.88560985515094,8.475098897462509
national,district,-1,ZZ02,34.642328805643515,22.828359395058257,11.813969410585258
national,district,-1,ZZ03,49.489834032645646,46.976356188602665,2.5134778440429812
national,district,-1,ZZ04,52.36207518397357,45.93992622074298,6.42214896323059
national,district,-1,ZZ05,44.02348011289848,36.47036414953854,7.553115963359943
national,district,-1,ZZ06,46.18300301728995,36.59434352033853,9.588659496951415
national,district,-1,ZZ07,50.233137650583984,45.32807435944475,4.905063291139236
national,district,-1,ZZ08,34.2165859946159,23.31545345300993,10.901132541605968
national,district,-1,ZZ09,37.775621802787086,26.968946290657815,10.80667551212927
national,district,-1,ZZ10,39.90206842035923,28.14193491721927,11.760133503139958
national,district,-1,ZZ11,45.86642961603533,35.97816840153318,9.888261214502151
