model,draw,role,NFP+,LR,RN+,ENS+,DIV,DVG,DVD,joint_score,observed_percentile
national,0,reference,172.0,24.0,169.0,164.0,10.0,13.0,25.0,NaN,NaN
national,1,calibration,216.0,39.0,92.0,181.0,12.0,13.0,24.0,30.160203545668733,NaN
national,2,reference,158.0,38.0,168.0,164.0,9.0,13.0,27.0,NaN,NaN
national,3,calibration,185.0,33.0,145.0,169.0,12.0,14.0,19.0,17.465658378399898,NaN
national,4,reference,212.0,42.0,104.0,173.0,10.0,14.0,22.0,NaN,NaN
national,5,calibration,208.0,41.0,123.0,160.0,10.0,11.0,24.0,13.43900454048477,NaN
national,6,reference,216.0,38.0,111.0,173.0,9.0,11.0,19.0,NaN,NaN
national,7,calibration,155.0,25.0,195.0,159.0,5.0,14.0,24.0,54.11131169414931,NaN
national,8,reference,193.0,41.0,120.0,174.0,10.0,12.0,27.0,NaN,NaN
national,9,calibration,185.0,35.0,141.0,166.0,10.0,14.0,26.0,16.09001921943293,NaN
national,10,reference,255.0,46.0,59.0,172.0,7.0,12.0,26.0,NaN,NaN
national,11,calibration,176.0,29.0,179.0,147.0,7.0,13.0,26.0,35.15401574648264,NaN
national,12,reference,246.0,28.0,108.0,151.0,11.0,11.0,22.0,NaN,NaN
national,13,calibration,193.0,42.0,114.0,179.0,10.0,11.0,28.0,20.149105474537958,NaN
national,14,reference,227.0,45.0,75.0,176.0,9.0,14.0,31.0,NaN,NaN
national,15,calibration,208.0,37.0,125.0,161.0,9.0,13.0,24.0,12.433708679090149,NaN
national,16,reference,174.0,36.0,153.0,166.0,11.0,14.0,23.0,NaN,NaN
national,17,calibration,185.0,39.0,134.0,168.0,9.0,12.0,30.0,16.691018770184126,NaN
national,18,reference,172.0,28.0,204.0,125.0,9.0,13.0,26.0,NaN,NaN
national,19,calibration,169.0,20.0,175.0,170.0,9.0,13.0,21.0,36.83332845878543,NaN
national,20,reference,205.0,40.0,119.0,172.0,11.0,13.0,17.0,NaN,NaN
national,21,calibration,211.0,30.0,142.0,156.0,9.0,12.0,17.0,14.914938055222375,NaN
national,22,reference,262.0,20.0,155.0,100.0,12.0,13.0,15.0,NaN,NaN
national,23,calibration,212.0,35.0,119.0,166.0,11.0,12.0,22.0,13.973546054530349,NaN
national,24,reference,187.0,36.0,150.0,159.0,10.0,12.0,23.0,NaN,NaN
national,25,calibration,214.0,33.0,117.0,167.0,10.0,13.0,23.0,14.907325817990017,NaN
national,26,reference,205.0,24.0,170.0,141.0,10.0,11.0,16.0,NaN,NaN
national,27,calibration,226.0,39.0,112.0,155.0,11.0,12.0,22.0,21.764007563557062,NaN
national,28,reference,201.0,39.0,119.0,173.0,11.0,13.0,21.0,NaN,NaN
national,29,calibration,186.0,25.0,151.0,165.0,8.0,14.0,28.0,18.774734415359806,NaN
national,30,reference,210.0,28.0,143.0,155.0,11.0,11.0,19.0,NaN,NaN
national,31,calibration,212.0,22.0,143.0,153.0,9.0,14.0,24.0,16.686597505286112,NaN
national,32,reference,183.0,21.0,198.0,134.0,10.0,12.0,19.0,NaN,NaN
national,33,calibration,187.0,45.0,118.0,177.0,10.0,12.0,28.0,20.920413013959323,NaN
national,34,reference,202.0,33.0,135.0,167.0,9.0,13.0,18.0,NaN,NaN
national,35,calibration,181.0,37.0,146.0,168.0,9.0,14.0,22.0,18.755773528460484,NaN
national,36,reference,177.0,33.0,149.0,175.0,9.0,9.0,25.0,NaN,NaN
national,37,calibration,151.0,42.0,170.0,169.0,10.0,12.0,23.0,43.825547141293285,NaN
national,38,reference,207.0,33.0,165.0,130.0,9.0,13.0,20.0,NaN,NaN
national,39,calibration,205.0,39.0,105.0,175.0,11.0,13.0,29.0,20.336004162838496,NaN
national,40,reference,159.0,24.0,197.0,154.0,8.0,12.0,23.0,NaN,NaN
national,41,calibration,219.0,26.0,149.0,149.0,5.0,11.0,18.0,20.773288834423877,NaN
national,42,reference,206.0,35.0,126.0,162.0,12.0,12.0,24.0,NaN,NaN
national,43,calibration,207.0,22.0,185.0,119.0,9.0,13.0,22.0,47.22638990743768,NaN
national,44,reference,172.0,26.0,173.0,159.0,10.0,12.0,25.0,NaN,NaN
national,45,calibration,193.0,38.0,129.0,172.0,11.0,13.0,21.0,14.511753015908614,NaN
national,46,reference,190.0,28.0,129.0,179.0,10.0,12.0,29.0,NaN,NaN
national,47,calibration,187.0,29.0,149.0,172.0,10.0,12.0,18.0,18.737686130406306,NaN
national,48,reference,169.0,42.0,138.0,177.0,11.0,14.0,26.0,NaN,NaN
national,49,calibration,224.0,45.0,68.0,193.0,8.0,12.0,27.0,54.61534753761583,NaN
national,50,reference,223.0,27.0,117.0,166.0,9.0,12.0,23.0,NaN,NaN
national,51,calibration,215.0,21.0,154.0,150.0,8.0,13.0,16.0,21.922001855642538,NaN
national,52,reference,215.0,41.0,99.0,174.0,9.0,13.0,26.0,NaN,NaN
national,53,calibration,197.0,33.0,157.0,149.0,9.0,14.0,18.0,19.311962595048325,NaN
national,54,reference,187.0,24.0,148.0,175.0,8.0,12.0,23.0,NaN,NaN
national,55,calibration,155.0,36.0,173.0,166.0,11.0,13.0,23.0,41.514265299744764,NaN
national,56,reference,188.0,38.0,134.0,168.0,8.0,13.0,28.0,NaN,NaN
national,57,calibration,217.0,39.0,106.0,165.0,9.0,11.0,30.0,20.11027696605601,NaN
national,58,reference,165.0,23.0,188.0,150.0,8.0,14.0,29.0,NaN,NaN
national,59,calibration,163.0,17.0,243.0,114.0,9.0,12.0,19.0,98.73802793893518,NaN
national,60,reference,197.0,37.0,129.0,167.0,10.0,13.0,24.0,NaN,NaN
national,61,calibration,223.0,35.0,83.0,185.0,11.0,14.0,26.0,39.205440249123754,NaN
national,62,reference,192.0,22.0,178.0,137.0,10.0,13.0,25.0,NaN,NaN
national,63,calibration,200.0,29.0,153.0,148.0,10.0,13.0,24.0,17.765761530606394,NaN
national,64,reference,175.0,41.0,147.0,163.0,10.0,13.0,28.0,NaN,NaN
national,65,calibration,220.0,38.0,100.0,166.0,10.0,12.0,31.0,23.982994486675597,NaN
national,66,reference,204.0,41.0,116.0,168.0,8.0,14.0,26.0,NaN,NaN
national,67,calibration,187.0,43.0,108.0,190.0,8.0,12.0,29.0,29.32087818779573,NaN
national,68,reference,172.0,37.0,139.0,180.0,11.0,12.0,26.0,NaN,NaN
national,69,calibration,207.0,37.0,124.0,165.0,9.0,12.0,23.0,12.408619674593734,NaN
national,70,reference,196.0,33.0,128.0,173.0,11.0,14.0,22.0,NaN,NaN
national,71,calibration,195.0,30.0,176.0,131.0,8.0,13.0,24.0,34.81396916327276,NaN
national,72,reference,217.0,36.0,113.0,164.0,10.0,13.0,24.0,NaN,NaN
national,73,calibration,188.0,23.0,173.0,154.0,8.0,12.0,19.0,28.17279901703964,NaN
national,74,reference,199.0,38.0,123.0,167.0,11.0,14.0,25.0,NaN,NaN
national,75,calibration,163.0,35.0,158.0,171.0,10.0,14.0,26.0,31.39494879626142,NaN
national,76,reference,193.0,32.0,176.0,129.0,8.0,14.0,25.0,NaN,NaN
national,77,calibration,228.0,21.0,137.0,151.0,9.0,12.0,19.0,22.740464829924274,NaN
national,78,reference,221.0,24.0,144.0,149.0,12.0,11.0,16.0,NaN,NaN
national,79,calibration,165.0,27.0,174.0,165.0,9.0,14.0,23.0,36.26972210041781,NaN
national,80,reference,229.0,40.0,96.0,164.0,9.0,13.0,26.0,NaN,NaN
national,81,calibration,226.0,31.0,118.0,154.0,10.0,13.0,25.0,20.1758745900497,NaN
national,82,reference,208.0,25.0,149.0,148.0,8.0,14.0,25.0,NaN,NaN
national,83,calibration,222.0,46.0,68.0,190.0,7.0,14.0,30.0,53.400654854073636,NaN
national,84,reference,206.0,24.0,161.0,148.0,9.0,12.0,17.0,NaN,NaN
national,85,calibration,181.0,37.0,159.0,150.0,10.0,12.0,28.0,23.410798194500064,NaN
national,86,reference,201.0,38.0,107.0,176.0,11.0,14.0,30.0,NaN,NaN
national,87,calibration,145.0,24.0,227.0,139.0,10.0,13.0,19.0,84.83659146549745,NaN
national,88,reference,213.0,37.0,131.0,151.0,12.0,12.0,21.0,NaN,NaN
national,89,calibration,201.0,39.0,123.0,170.0,11.0,11.0,22.0,13.44620365373412,NaN
national,90,reference,225.0,36.0,106.0,166.0,9.0,12.0,23.0,NaN,NaN
national,91,calibration,210.0,32.0,162.0,134.0,11.0,11.0,17.0,27.850264887875635,NaN
national,92,reference,220.0,27.0,111.0,172.0,9.0,10.0,28.0,NaN,NaN
national,93,calibration,195.0,38.0,120.0,171.0,11.0,13.0,29.0,15.350308149450473,NaN
national,94,reference,181.0,34.0,162.0,156.0,9.0,13.0,22.0,NaN,NaN
national,95,calibration,213.0,25.0,159.0,137.0,11.0,12.0,20.0,26.03249356286148,NaN
national,96,reference,209.0,41.0,115.0,169.0,9.0,12.0,22.0,NaN,NaN
national,97,calibration,198.0,18.0,155.0,162.0,7.0,13.0,24.0,19.61486314034627,NaN
national,98,reference,226.0,44.0,75.0,192.0,7.0,9.0,24.0,NaN,NaN
national,99,calibration,216.0,39.0,98.0,173.0,9.0,13.0,29.0,24.504556393880225,NaN
national,100,reference,201.0,26.0,127.0,174.0,8.0,13.0,28.0,NaN,NaN
national,101,calibration,221.0,37.0,106.0,162.0,10.0,13.0,28.0,20.965104541408312,NaN
national,102,reference,186.0,22.0,203.0,125.0,10.0,14.0,17.0,NaN,NaN
national,103,calibration,222.0,22.0,111.0,176.0,11.0,12.0,23.0,23.17210644766214,NaN
national,104,reference,195.0,36.0,122.0,176.0,12.0,12.0,24.0,NaN,NaN
national,105,calibration,205.0,40.0,125.0,163.0,8.0,13.0,23.0,12.613503357679146,NaN
national,106,reference,212.0,36.0,133.0,157.0,8.0,10.0,21.0,NaN,NaN
national,107,calibration,197.0,32.0,120.0,176.0,10.0,14.0,28.0,16.078076797022337,NaN
national,108,reference,175.0,35.0,149.0,174.0,10.0,11.0,23.0,NaN,NaN
national,109,calibration,230.0,43.0,92.0,166.0,9.0,11.0,26.0,32.457422445302285,NaN
national,110,reference,222.0,23.0,115.0,173.0,11.0,13.0,20.0,NaN,NaN
national,111,calibration,207.0,25.0,196.0,113.0,6.0,12.0,18.0,57.3922093902591,NaN
national,112,reference,234.0,38.0,99.0,157.0,10.0,13.0,26.0,NaN,NaN
national,113,calibration,251.0,33.0,119.0,135.0,10.0,12.0,17.0,41.95145794638219,NaN
national,114,reference,200.0,37.0,127.0,171.0,11.0,11.0,20.0,NaN,NaN
national,115,calibration,188.0,39.0,145.0,158.0,10.0,13.0,24.0,15.98282770836499,NaN
national,116,reference,166.0,16.0,192.0,160.0,9.0,14.0,20.0,NaN,NaN
national,117,calibration,202.0,26.0,162.0,146.0,12.0,13.0,16.0,22.892520823217627,NaN
national,118,reference,189.0,26.0,149.0,165.0,10.0,13.0,25.0,NaN,NaN
national,119,calibration,185.0,19.0,227.0,104.0,9.0,12.0,21.0,85.46367490872045,NaN
national,120,reference,214.0,23.0,189.0,106.0,10.0,13.0,22.0,NaN,NaN
national,121,calibration,184.0,33.0,143.0,168.0,9.0,12.0,28.0,17.111752133415035,NaN
national,122,reference,201.0,35.0,129.0,166.0,9.0,13.0,24.0,NaN,NaN
national,123,calibration,180.0,37.0,171.0,142.0,9.0,12.0,26.0,30.97423728373293,NaN
national,124,reference,212.0,24.0,156.0,144.0,8.0,13.0,20.0,NaN,NaN
national,125,calibration,240.0,39.0,73.0,179.0,11.0,10.0,25.0,51.484333062233105,NaN
national,126,reference,205.0,45.0,105.0,169.0,10.0,13.0,30.0,NaN,NaN
national,127,calibration,228.0,43.0,103.0,162.0,11.0,12.0,18.0,26.28413143062392,NaN
national,128,reference,205.0,28.0,161.0,140.0,9.0,12.0,22.0,NaN,NaN
national,129,calibration,204.0,41.0,111.0,179.0,7.0,11.0,24.0,19.14083945197906,NaN
national,130,reference,199.0,33.0,130.0,172.0,10.0,14.0,19.0,NaN,NaN
national,131,calibration,222.0,38.0,102.0,167.0,11.0,14.0,23.0,23.039722624592127,NaN
national,132,reference,184.0,35.0,136.0,175.0,10.0,14.0,23.0,NaN,NaN
national,133,calibration,197.0,38.0,133.0,159.0,10.0,12.0,28.0,12.881604053305683,NaN
national,134,reference,197.0,24.0,156.0,149.0,10.0,11.0,30.0,NaN,NaN
national,135,calibration,225.0,41.0,94.0,173.0,9.0,10.0,25.0,29.48283506507831,NaN
national,136,reference,214.0,27.0,149.0,142.0,8.0,12.0,25.0,NaN,NaN
national,137,calibration,139.0,34.0,192.0,164.0,10.0,13.0,25.0,61.93936240491665,NaN
national,138,reference,220.0,38.0,134.0,139.0,10.0,12.0,24.0,NaN,NaN
national,139,calibration,206.0,42.0,116.0,166.0,5.0,13.0,29.0,15.546129273700583,NaN
national,140,reference,210.0,38.0,111.0,173.0,10.0,12.0,23.0,NaN,NaN
national,141,calibration,216.0,37.0,117.0,164.0,6.0,13.0,24.0,15.491655343993482,NaN
national,142,reference,226.0,37.0,85.0,177.0,10.0,13.0,29.0,NaN,NaN
national,143,calibration,214.0,27.0,143.0,154.0,8.0,13.0,18.0,16.322460860041563,NaN
national,144,reference,183.0,39.0,119.0,188.0,10.0,14.0,24.0,NaN,NaN
national,145,calibration,199.0,26.0,141.0,169.0,8.0,12.0,22.0,14.340903201907974,NaN
national,146,reference,202.0,25.0,156.0,152.0,10.0,12.0,20.0,NaN,NaN
national,147,calibration,192.0,25.0,154.0,158.0,10.0,14.0,24.0,17.808811681070278,NaN
national,148,reference,236.0,29.0,135.0,134.0,9.0,13.0,21.0,NaN,NaN
national,149,calibration,200.0,43.0,99.0,184.0,10.0,14.0,27.0,27.410832179020286,NaN
national,150,reference,200.0,27.0,147.0,157.0,9.0,12.0,25.0,NaN,NaN
national,151,calibration,201.0,20.0,164.0,154.0,9.0,12.0,17.0,23.355190871780945,NaN
national,152,reference,229.0,33.0,100.0,171.0,9.0,13.0,22.0,NaN,NaN
national,153,calibration,227.0,41.0,91.0,168.0,11.0,13.0,26.0,31.577493734104333,NaN
national,154,reference,225.0,38.0,104.0,166.0,9.0,12.0,23.0,NaN,NaN
national,155,calibration,206.0,39.0,106.0,174.0,11.0,14.0,27.0,19.392492861930346,NaN
national,156,reference,227.0,33.0,89.0,175.0,8.0,13.0,32.0,NaN,NaN
national,157,calibration,211.0,42.0,107.0,171.0,11.0,13.0,22.0,19.02198373130471,NaN
national,158,reference,182.0,35.0,161.0,153.0,10.0,13.0,23.0,NaN,NaN
national,159,calibration,216.0,22.0,111.0,178.0,9.0,11.0,30.0,22.41946235159674,NaN
national,160,reference,224.0,38.0,86.0,187.0,9.0,11.0,22.0,NaN,NaN
national,161,calibration,220.0,28.0,117.0,166.0,12.0,13.0,21.0,17.531723625383872,NaN
national,162,reference,206.0,34.0,130.0,168.0,9.0,13.0,17.0,NaN,NaN
national,163,calibration,181.0,16.0,174.0,161.0,8.0,12.0,25.0,31.905076496587814,NaN
national,164,reference,190.0,32.0,165.0,150.0,10.0,13.0,17.0,NaN,NaN
national,165,calibration,175.0,39.0,133.0,180.0,11.0,13.0,26.0,23.904523426701633,NaN
national,166,reference,194.0,36.0,135.0,167.0,11.0,13.0,21.0,NaN,NaN
national,167,calibration,179.0,21.0,166.0,163.0,9.0,13.0,26.0,27.159163679468637,NaN
national,168,reference,176.0,38.0,164.0,160.0,8.0,13.0,18.0,NaN,NaN
national,169,calibration,166.0,37.0,148.0,177.0,8.0,13.0,28.0,28.923890620938554,NaN
national,170,reference,230.0,39.0,92.0,174.0,9.0,8.0,25.0,NaN,NaN
national,171,calibration,177.0,34.0,160.0,164.0,7.0,13.0,22.0,23.91342447444978,NaN
national,172,reference,207.0,23.0,142.0,165.0,10.0,13.0,17.0,NaN,NaN
national,173,calibration,211.0,42.0,104.0,170.0,12.0,12.0,26.0,20.30933431382923,NaN
national,174,reference,177.0,20.0,201.0,138.0,9.0,12.0,20.0,NaN,NaN
national,175,calibration,203.0,37.0,120.0,172.0,9.0,12.0,24.0,13.895541527258676,NaN
national,176,reference,215.0,37.0,124.0,156.0,10.0,13.0,22.0,NaN,NaN
national,177,calibration,216.0,33.0,112.0,166.0,10.0,12.0,28.0,17.036297669637083,NaN
national,178,reference,220.0,38.0,131.0,150.0,10.0,12.0,16.0,NaN,NaN
national,179,calibration,210.0,42.0,97.0,177.0,9.0,14.0,28.0,25.556210992522498,NaN
national,180,reference,170.0,20.0,195.0,151.0,9.0,14.0,18.0,NaN,NaN
national,181,calibration,196.0,36.0,113.0,192.0,7.0,9.0,24.0,25.68342182515003,NaN
national,182,reference,186.0,33.0,166.0,149.0,10.0,13.0,20.0,NaN,NaN
national,183,calibration,204.0,35.0,123.0,167.0,10.0,13.0,25.0,12.480436080765582,NaN
national,184,reference,191.0,34.0,148.0,159.0,12.0,13.0,20.0,NaN,NaN
national,185,calibration,234.0,41.0,79.0,173.0,9.0,12.0,29.0,43.454121100264175,NaN
national,186,reference,168.0,17.0,204.0,146.0,10.0,13.0,19.0,NaN,NaN
national,187,calibration,214.0,26.0,160.0,130.0,9.0,13.0,25.0,29.837077816386564,NaN
national,188,reference,251.0,27.0,106.0,149.0,10.0,11.0,23.0,NaN,NaN
national,189,calibration,203.0,39.0,119.0,168.0,10.0,13.0,25.0,13.656851026201874,NaN
national,190,reference,149.0,20.0,241.0,130.0,7.0,13.0,17.0,NaN,NaN
national,191,calibration,196.0,33.0,141.0,165.0,7.0,13.0,22.0,13.248075563356505,NaN
national,192,reference,221.0,38.0,109.0,166.0,9.0,10.0,24.0,NaN,NaN
national,193,calibration,204.0,29.0,151.0,149.0,10.0,12.0,22.0,16.991525658690495,NaN
national,194,reference,199.0,22.0,131.0,177.0,8.0,12.0,28.0,NaN,NaN
national,195,calibration,168.0,27.0,183.0,160.0,9.0,14.0,16.0,40.1683505189706,NaN
national,196,reference,162.0,29.0,194.0,147.0,8.0,12.0,25.0,NaN,NaN
national,197,calibration,217.0,40.0,106.0,172.0,10.0,12.0,20.0,20.608149878392044,NaN
national,198,reference,202.0,19.0,187.0,128.0,6.0,14.0,21.0,NaN,NaN
national,199,calibration,196.0,33.0,126.0,170.0,10.0,14.0,28.0,13.67131234084044,NaN
national,200,reference,236.0,33.0,115.0,150.0,10.0,10.0,23.0,NaN,NaN
national,201,calibration,165.0,41.0,151.0,174.0,9.0,14.0,23.0,29.5619253438143,NaN
national,202,reference,180.0,27.0,160.0,163.0,11.0,13.0,23.0,NaN,NaN
national,203,calibration,189.0,25.0,174.0,145.0,8.0,12.0,24.0,29.555995920299463,NaN
national,204,reference,225.0,28.0,145.0,135.0,9.0,13.0,22.0,NaN,NaN
national,205,calibration,183.0,36.0,133.0,172.0,9.0,13.0,31.0,18.103732243968263,NaN
national,206,reference,177.0,45.0,116.0,189.0,10.0,13.0,27.0,NaN,NaN
national,207,calibration,196.0,37.0,132.0,168.0,11.0,14.0,19.0,13.243683698777804,NaN
national,208,reference,139.0,38.0,167.0,187.0,11.0,12.0,23.0,NaN,NaN
national,209,calibration,208.0,36.0,114.0,170.0,9.0,13.0,27.0,15.227642305537447,NaN
national,210,reference,198.0,37.0,133.0,164.0,8.0,14.0,23.0,NaN,NaN
national,211,calibration,234.0,39.0,89.0,169.0,6.0,11.0,29.0,36.19906542018627,NaN
national,212,reference,229.0,37.0,101.0,164.0,11.0,12.0,23.0,NaN,NaN
national,213,calibration,215.0,41.0,92.0,186.0,10.0,10.0,23.0,32.19673521849138,NaN
national,214,reference,202.0,22.0,169.0,142.0,9.0,13.0,20.0,NaN,NaN
national,215,calibration,242.0,38.0,96.0,155.0,11.0,12.0,23.0,37.14638421048083,NaN
national,216,reference,162.0,41.0,143.0,179.0,11.0,13.0,28.0,NaN,NaN
national,217,calibration,208.0,44.0,97.0,181.0,9.0,12.0,26.0,26.970357688274905,NaN
national,218,reference,181.0,38.0,158.0,156.0,9.0,11.0,24.0,NaN,NaN
national,219,calibration,160.0,35.0,155.0,174.0,10.0,13.0,30.0,33.41294692307076,NaN
national,220,reference,208.0,37.0,133.0,155.0,9.0,11.0,24.0,NaN,NaN
national,221,calibration,187.0,37.0,129.0,171.0,9.0,13.0,31.0,16.617502466050443,NaN
national,222,reference,262.0,45.0,56.0,164.0,10.0,9.0,31.0,NaN,NaN
national,223,calibration,198.0,34.0,153.0,145.0,10.0,13.0,24.0,18.703572652575314,NaN
national,224,reference,167.0,39.0,156.0,172.0,8.0,13.0,22.0,NaN,NaN
national,225,calibration,211.0,35.0,118.0,169.0,9.0,13.0,22.0,14.289123496389077,NaN
national,226,reference,242.0,27.0,99.0,164.0,10.0,12.0,23.0,NaN,NaN
national,227,calibration,199.0,34.0,122.0,171.0,11.0,14.0,26.0,13.750778724762544,NaN
national,228,reference,202.0,40.0,119.0,174.0,8.0,14.0,20.0,NaN,NaN
national,229,calibration,223.0,36.0,112.0,159.0,9.0,13.0,25.0,19.45753245797192,NaN
national,230,reference,201.0,19.0,178.0,139.0,9.0,10.0,21.0,NaN,NaN
national,231,calibration,194.0,38.0,111.0,177.0,8.0,13.0,36.0,21.493316113760546,NaN
national,232,reference,193.0,37.0,142.0,157.0,10.0,13.0,25.0,NaN,NaN
national,233,calibration,221.0,42.0,82.0,183.0,10.0,12.0,27.0,39.031009599606975,NaN
national,234,reference,160.0,34.0,156.0,178.0,10.0,13.0,26.0,NaN,NaN
national,235,calibration,210.0,46.0,104.0,176.0,8.0,14.0,19.0,22.78271650189141,NaN
national,236,reference,217.0,44.0,77.0,195.0,10.0,9.0,25.0,NaN,NaN
national,237,calibration,242.0,45.0,65.0,177.0,9.0,10.0,29.0,58.90502186690513,NaN
national,238,reference,204.0,42.0,93.0,183.0,11.0,14.0,30.0,NaN,NaN
national,239,calibration,246.0,32.0,105.0,149.0,11.0,13.0,21.0,37.17359052928616,NaN
national,240,reference,148.0,38.0,169.0,173.0,10.0,12.0,27.0,NaN,NaN
national,241,calibration,203.0,38.0,127.0,165.0,9.0,11.0,24.0,12.119316586625896,NaN
national,242,reference,177.0,41.0,149.0,162.0,10.0,14.0,24.0,NaN,NaN
national,243,calibration,142.0,35.0,182.0,173.0,6.0,12.0,27.0,55.70694229247091,NaN
national,244,reference,234.0,46.0,72.0,177.0,11.0,11.0,26.0,NaN,NaN
national,245,calibration,222.0,22.0,139.0,149.0,9.0,12.0,24.0,20.1317244805977,NaN
national,246,reference,216.0,37.0,112.0,166.0,9.0,12.0,25.0,NaN,NaN
national,247,calibration,211.0,21.0,190.0,113.0,10.0,14.0,18.0,54.51673986927172,NaN
national,248,reference,223.0,23.0,142.0,145.0,8.0,11.0,25.0,NaN,NaN
national,249,calibration,193.0,31.0,154.0,158.0,9.0,13.0,19.0,17.15797170014105,NaN
national,250,reference,225.0,44.0,102.0,163.0,9.0,13.0,21.0,NaN,NaN
national,251,calibration,201.0,38.0,136.0,154.0,10.0,12.0,26.0,13.214970453218331,NaN
national,252,reference,200.0,32.0,115.0,181.0,10.0,13.0,26.0,NaN,NaN
national,253,calibration,221.0,38.0,101.0,170.0,10.0,11.0,26.0,23.39911975652854,NaN
national,254,reference,223.0,26.0,175.0,117.0,9.0,11.0,16.0,NaN,NaN
national,255,calibration,182.0,39.0,143.0,165.0,10.0,12.0,26.0,17.753344079056927,NaN
national,256,reference,207.0,40.0,110.0,167.0,11.0,13.0,29.0,NaN,NaN
national,257,calibration,221.0,39.0,94.0,177.0,9.0,11.0,26.0,28.775612840080623,NaN
national,258,reference,160.0,38.0,171.0,161.0,11.0,13.0,23.0,NaN,NaN
national,259,calibration,149.0,25.0,209.0,150.0,11.0,13.0,20.0,67.45366615406401,NaN
national,260,reference,216.0,38.0,113.0,163.0,10.0,11.0,26.0,NaN,NaN
national,261,calibration,179.0,39.0,149.0,166.0,10.0,12.0,22.0,20.180290152577616,NaN
national,262,reference,185.0,32.0,156.0,161.0,8.0,12.0,23.0,NaN,NaN
national,263,calibration,209.0,38.0,120.0,165.0,11.0,14.0,20.0,13.68670613407448,NaN
national,264,reference,208.0,35.0,122.0,168.0,11.0,12.0,21.0,NaN,NaN
national,265,calibration,234.0,37.0,75.0,180.0,12.0,13.0,26.0,47.419512881229636,NaN
national,266,reference,145.0,22.0,204.0,158.0,6.0,12.0,30.0,NaN,NaN
national,267,calibration,215.0,30.0,136.0,150.0,9.0,13.0,24.0,15.691434838653326,NaN
national,268,reference,219.0,39.0,90.0,180.0,9.0,13.0,27.0,NaN,NaN
national,269,calibration,190.0,39.0,128.0,170.0,10.0,13.0,27.0,15.109221323776861,NaN
national,270,reference,197.0,38.0,134.0,159.0,11.0,12.0,26.0,NaN,NaN
national,271,calibration,237.0,39.0,86.0,164.0,10.0,12.0,29.0,39.4215377587099,NaN
national,272,reference,202.0,36.0,146.0,145.0,9.0,13.0,26.0,NaN,NaN
national,273,calibration,210.0,38.0,125.0,156.0,10.0,14.0,24.0,13.533310973894825,NaN
national,274,reference,207.0,21.0,171.0,139.0,8.0,11.0,20.0,NaN,NaN
national,275,calibration,199.0,37.0,116.0,176.0,10.0,13.0,26.0,16.414807693993918,NaN
national,276,reference,189.0,36.0,139.0,168.0,10.0,11.0,24.0,NaN,NaN
national,277,calibration,160.0,32.0,203.0,139.0,8.0,13.0,22.0,59.21267555035642,NaN
national,278,reference,214.0,39.0,109.0,166.0,10.0,13.0,26.0,NaN,NaN
national,279,calibration,191.0,42.0,128.0,170.0,9.0,13.0,24.0,15.20231067648125,NaN
national,280,reference,168.0,34.0,172.0,159.0,10.0,12.0,22.0,NaN,NaN
national,281,calibration,235.0,34.0,104.0,162.0,10.0,10.0,22.0,28.348819111225392,NaN
national,282,reference,198.0,34.0,128.0,172.0,11.0,12.0,22.0,NaN,NaN
national,283,calibration,177.0,24.0,167.0,164.0,9.0,14.0,22.0,27.748581476631234,NaN
national,284,reference,183.0,25.0,173.0,150.0,11.0,12.0,23.0,NaN,NaN
national,285,calibration,202.0,38.0,121.0,162.0,11.0,13.0,30.0,13.707388417762449,NaN
national,286,reference,215.0,19.0,134.0,164.0,10.0,11.0,24.0,NaN,NaN
national,287,calibration,203.0,38.0,138.0,152.0,8.0,11.0,27.0,13.971899264765707,NaN
national,288,reference,222.0,39.0,91.0,175.0,10.0,13.0,27.0,NaN,NaN
national,289,calibration,213.0,44.0,90.0,179.0,9.0,12.0,30.0,31.37677650162978,NaN
national,290,reference,195.0,36.0,131.0,166.0,10.0,12.0,27.0,NaN,NaN
national,291,calibration,136.0,24.0,194.0,180.0,5.0,12.0,26.0,68.12107083889217,NaN
national,292,reference,208.0,34.0,128.0,164.0,10.0,12.0,21.0,NaN,NaN
national,293,calibration,201.0,45.0,94.0,184.0,9.0,12.0,32.0,31.132247420977993,NaN
national,294,reference,239.0,45.0,75.0,172.0,9.0,12.0,25.0,NaN,NaN
national,295,calibration,190.0,36.0,124.0,177.0,8.0,13.0,29.0,17.41360507164678,NaN
national,296,reference,192.0,31.0,141.0,163.0,10.0,13.0,27.0,NaN,NaN
national,297,calibration,188.0,33.0,172.0,136.0,8.0,13.0,27.0,31.503164520023287,NaN
national,298,reference,185.0,37.0,126.0,178.0,10.0,14.0,27.0,NaN,NaN
national,299,calibration,199.0,46.0,95.0,189.0,10.0,11.0,27.0,32.652174289918236,NaN
national,300,reference,164.0,37.0,154.0,172.0,11.0,13.0,26.0,NaN,NaN
national,301,calibration,211.0,39.0,88.0,196.0,10.0,12.0,21.0,39.22045362008559,NaN
national,302,reference,207.0,29.0,143.0,152.0,12.0,12.0,22.0,NaN,NaN
national,303,calibration,181.0,36.0,147.0,168.0,10.0,12.0,23.0,18.818719793902144,NaN
national,304,reference,174.0,31.0,157.0,167.0,10.0,13.0,25.0,NaN,NaN
national,305,calibration,218.0,43.0,95.0,171.0,11.0,13.0,26.0,26.79222926227278,NaN
national,306,reference,157.0,27.0,183.0,165.0,12.0,14.0,19.0,NaN,NaN
national,307,calibration,171.0,39.0,156.0,165.0,10.0,13.0,23.0,25.71005252159279,NaN
national,308,reference,200.0,32.0,162.0,137.0,9.0,12.0,25.0,NaN,NaN
national,309,calibration,210.0,23.0,158.0,135.0,8.0,14.0,29.0,26.60987375536624,NaN
national,310,reference,203.0,33.0,145.0,148.0,9.0,12.0,27.0,NaN,NaN
national,311,calibration,202.0,23.0,172.0,136.0,9.0,12.0,23.0,30.978853517441653,NaN
national,312,reference,204.0,40.0,108.0,177.0,10.0,13.0,25.0,NaN,NaN
national,313,calibration,180.0,36.0,153.0,162.0,12.0,13.0,21.0,20.376351079530576,NaN
national,314,reference,177.0,15.0,219.0,122.0,11.0,11.0,22.0,NaN,NaN
national,315,calibration,227.0,38.0,113.0,152.0,10.0,11.0,26.0,22.548168368798233,NaN
national,316,reference,196.0,35.0,139.0,161.0,11.0,12.0,23.0,NaN,NaN
national,317,calibration,205.0,21.0,166.0,141.0,12.0,13.0,19.0,26.9795431839408,NaN
national,318,reference,205.0,32.0,121.0,166.0,8.0,13.0,32.0,NaN,NaN
national,319,calibration,233.0,39.0,79.0,172.0,10.0,14.0,30.0,42.87151793841602,NaN
national,320,reference,161.0,23.0,183.0,162.0,8.0,14.0,26.0,NaN,NaN
national,321,calibration,223.0,25.0,136.0,148.0,9.0,13.0,23.0,19.845628578281858,NaN
national,322,reference,207.0,25.0,151.0,153.0,9.0,12.0,20.0,NaN,NaN
national,323,calibration,220.0,40.0,97.0,169.0,10.0,14.0,27.0,25.4839870244182,NaN
national,324,reference,212.0,34.0,122.0,164.0,8.0,11.0,26.0,NaN,NaN
national,325,calibration,169.0,36.0,168.0,159.0,6.0,12.0,27.0,31.116895990359875,NaN
national,326,reference,237.0,45.0,63.0,185.0,10.0,10.0,27.0,NaN,NaN
national,327,calibration,211.0,22.0,145.0,158.0,9.0,13.0,19.0,16.563376945087466,NaN
national,328,reference,202.0,19.0,174.0,142.0,9.0,13.0,18.0,NaN,NaN
national,329,calibration,198.0,37.0,134.0,164.0,11.0,12.0,21.0,12.350032636589066,NaN
national,330,reference,221.0,38.0,95.0,175.0,10.0,11.0,27.0,NaN,NaN
national,331,calibration,162.0,29.0,166.0,173.0,10.0,13.0,24.0,35.35187840217648,NaN
national,332,reference,194.0,19.0,145.0,171.0,8.0,11.0,29.0,NaN,NaN
national,333,calibration,196.0,18.0,165.0,157.0,10.0,12.0,19.0,24.063864814771204,NaN
national,334,reference,166.0,39.0,154.0,171.0,12.0,13.0,22.0,NaN,NaN
national,335,calibration,200.0,20.0,125.0,181.0,10.0,14.0,27.0,19.53340485417701,NaN
national,336,reference,221.0,22.0,164.0,126.0,9.0,12.0,23.0,NaN,NaN
national,337,calibration,245.0,38.0,95.0,150.0,11.0,12.0,26.0,40.61236789878595,NaN
national,338,reference,204.0,25.0,145.0,161.0,11.0,12.0,19.0,NaN,NaN
national,339,calibration,181.0,23.0,204.0,128.0,9.0,14.0,18.0,57.160217296889314,NaN
national,340,reference,175.0,18.0,192.0,150.0,10.0,13.0,19.0,NaN,NaN
national,341,calibration,200.0,32.0,148.0,154.0,12.0,13.0,18.0,15.319571161969339,NaN
national,342,reference,196.0,28.0,154.0,158.0,8.0,13.0,20.0,NaN,NaN
national,343,calibration,223.0,35.0,118.0,155.0,9.0,13.0,24.0,18.463724056911392,NaN
national,344,reference,205.0,37.0,129.0,160.0,8.0,13.0,25.0,NaN,NaN
national,345,calibration,197.0,38.0,135.0,162.0,8.0,13.0,24.0,12.47905551157918,NaN
national,346,reference,134.0,32.0,201.0,161.0,7.0,12.0,30.0,NaN,NaN
national,347,calibration,196.0,23.0,136.0,172.0,10.0,13.0,27.0,15.574504786622594,NaN
national,348,reference,211.0,33.0,144.0,145.0,10.0,13.0,21.0,NaN,NaN
national,349,calibration,191.0,39.0,120.0,178.0,11.0,13.0,25.0,18.09397569611559,NaN
national,350,reference,216.0,37.0,117.0,159.0,8.0,12.0,28.0,NaN,NaN
national,351,calibration,210.0,39.0,106.0,176.0,12.0,14.0,20.0,20.361453944046797,NaN
national,352,reference,202.0,37.0,126.0,171.0,9.0,13.0,19.0,NaN,NaN
national,353,calibration,190.0,37.0,150.0,154.0,10.0,12.0,24.0,16.85125388424105,NaN
national,354,reference,177.0,39.0,139.0,174.0,9.0,11.0,28.0,NaN,NaN
national,355,calibration,218.0,39.0,94.0,179.0,8.0,13.0,26.0,28.591314904220344,NaN
national,356,reference,177.0,27.0,175.0,148.0,9.0,13.0,28.0,NaN,NaN
national,357,calibration,221.0,40.0,93.0,176.0,9.0,14.0,24.0,29.23278939719142,NaN
national,358,reference,202.0,46.0,93.0,183.0,9.0,13.0,31.0,NaN,NaN
national,359,calibration,147.0,27.0,231.0,128.0,8.0,14.0,22.0,89.35659848788866,NaN
national,360,reference,198.0,43.0,114.0,177.0,9.0,11.0,25.0,NaN,NaN
national,361,calibration,183.0,40.0,124.0,182.0,9.0,13.0,26.0,21.916344590673194,NaN
national,362,reference,193.0,27.0,153.0,162.0,6.0,12.0,24.0,NaN,NaN
national,363,calibration,208.0,42.0,97.0,180.0,9.0,12.0,29.0,26.476940420065862,NaN
national,364,reference,215.0,31.0,124.0,161.0,10.0,12.0,24.0,NaN,NaN
national,365,calibration,246.0,40.0,59.0,181.0,10.0,13.0,28.0,65.7214628511352,NaN
national,366,reference,153.0,47.0,147.0,183.0,12.0,12.0,23.0,NaN,NaN
national,367,calibration,191.0,44.0,109.0,180.0,10.0,12.0,31.0,23.7128454509314,NaN
national,368,reference,220.0,39.0,99.0,173.0,11.0,11.0,24.0,NaN,NaN
national,369,calibration,222.0,38.0,93.0,175.0,9.0,13.0,27.0,29.179935806666446,NaN
national,370,reference,198.0,44.0,96.0,186.0,11.0,14.0,28.0,NaN,NaN
national,371,calibration,214.0,37.0,111.0,168.0,9.0,13.0,25.0,16.758705849865112,NaN
national,372,reference,212.0,27.0,129.0,161.0,10.0,12.0,26.0,NaN,NaN
national,373,calibration,235.0,44.0,56.0,186.0,9.0,14.0,33.0,65.59431480964916,NaN
national,374,reference,212.0,37.0,108.0,171.0,10.0,14.0,25.0,NaN,NaN
national,375,calibration,216.0,44.0,93.0,177.0,11.0,10.0,26.0,29.043023714912383,NaN
national,376,reference,211.0,35.0,129.0,158.0,11.0,11.0,22.0,NaN,NaN
national,377,calibration,184.0,20.0,171.0,154.0,9.0,13.0,26.0,28.46505162193282,NaN
national,378,reference,235.0,22.0,114.0,170.0,7.0,10.0,19.0,NaN,NaN
national,379,calibration,225.0,34.0,93.0,178.0,12.0,13.0,22.0,31.04611126861629,NaN
national,380,reference,209.0,38.0,112.0,170.0,11.0,13.0,24.0,NaN,NaN
national,381,calibration,176.0,21.0,199.0,137.0,9.0,12.0,23.0,51.68150179186823,NaN
national,382,reference,214.0,39.0,91.0,185.0,8.0,12.0,28.0,NaN,NaN
national,383,calibration,223.0,34.0,137.0,138.0,10.0,13.0,22.0,23.132136121548623,NaN
national,384,reference,184.0,32.0,167.0,151.0,10.0,12.0,21.0,NaN,NaN
national,385,calibration,225.0,40.0,95.0,170.0,10.0,14.0,23.0,28.355703904279732,NaN
national,386,reference,188.0,39.0,136.0,166.0,6.0,12.0,30.0,NaN,NaN
national,387,calibration,233.0,38.0,91.0,164.0,9.0,11.0,31.0,34.418605179493525,NaN
national,388,reference,198.0,36.0,156.0,147.0,10.0,12.0,18.0,NaN,NaN
national,389,calibration,209.0,22.0,137.0,163.0,8.0,12.0,26.0,14.657526189313739,NaN
national,390,reference,218.0,38.0,102.0,171.0,9.0,13.0,26.0,NaN,NaN
national,391,calibration,216.0,34.0,118.0,160.0,10.0,13.0,26.0,15.268465695426546,NaN
national,392,reference,223.0,39.0,113.0,154.0,9.0,14.0,25.0,NaN,NaN
national,393,calibration,197.0,43.0,123.0,167.0,11.0,11.0,25.0,14.358142579893165,NaN
national,394,reference,207.0,39.0,112.0,173.0,9.0,13.0,24.0,NaN,NaN
national,395,calibration,219.0,40.0,104.0,168.0,12.0,14.0,20.0,21.693795128216482,NaN
national,396,reference,231.0,36.0,103.0,157.0,10.0,13.0,27.0,NaN,NaN
national,397,calibration,231.0,45.0,67.0,183.0,10.0,14.0,27.0,53.998961714733966,NaN
national,398,reference,210.0,41.0,113.0,164.0,12.0,12.0,25.0,NaN,NaN
national,399,calibration,201.0,39.0,112.0,177.0,9.0,13.0,26.0,17.91734378946582,NaN
national,400,reference,153.0,27.0,184.0,165.0,8.0,13.0,27.0,NaN,NaN
national,401,calibration,176.0,31.0,169.0,156.0,8.0,14.0,23.0,28.25330098868383,NaN
national,402,reference,222.0,39.0,124.0,142.0,10.0,11.0,29.0,NaN,NaN
national,403,calibration,198.0,25.0,141.0,165.0,11.0,13.0,24.0,13.9905135738607,NaN
national,404,reference,208.0,38.0,121.0,162.0,9.0,12.0,27.0,NaN,NaN
national,405,calibration,234.0,38.0,110.0,150.0,11.0,12.0,22.0,27.66254187501568,NaN
national,406,reference,215.0,38.0,113.0,160.0,9.0,13.0,29.0,NaN,NaN
national,407,calibration,200.0,27.0,160.0,148.0,9.0,13.0,20.0,20.716460897984927,NaN
national,408,reference,207.0,44.0,91.0,185.0,9.0,13.0,28.0,NaN,NaN
national,409,calibration,225.0,45.0,65.0,191.0,8.0,12.0,31.0,56.73167542468282,NaN
national,410,reference,228.0,41.0,86.0,179.0,12.0,13.0,18.0,NaN,NaN
national,411,calibration,217.0,36.0,136.0,144.0,10.0,14.0,20.0,18.537874945484017,NaN
national,412,reference,242.0,27.0,137.0,125.0,10.0,14.0,22.0,NaN,NaN
national,413,calibration,227.0,25.0,146.0,141.0,9.0,11.0,18.0,25.764234618153285,NaN
national,414,reference,253.0,33.0,84.0,162.0,10.0,11.0,24.0,NaN,NaN
national,415,calibration,196.0,20.0,153.0,165.0,10.0,13.0,20.0,18.701444156459832,NaN
national,416,reference,174.0,18.0,173.0,162.0,10.0,12.0,28.0,NaN,NaN
national,417,calibration,217.0,16.0,146.0,162.0,9.0,11.0,16.0,20.968876146220477,NaN
national,418,reference,193.0,45.0,114.0,174.0,11.0,13.0,27.0,NaN,NaN
national,419,calibration,205.0,35.0,142.0,151.0,10.0,12.0,22.0,14.321755063347378,NaN
national,420,reference,179.0,31.0,146.0,174.0,8.0,12.0,27.0,NaN,NaN
national,421,calibration,197.0,16.0,159.0,164.0,8.0,13.0,20.0,22.209195566366493,NaN
national,422,reference,236.0,45.0,77.0,166.0,9.0,14.0,30.0,NaN,NaN
national,423,calibration,207.0,35.0,126.0,168.0,10.0,10.0,21.0,12.64963517563007,NaN
national,424,reference,200.0,32.0,153.0,154.0,9.0,12.0,17.0,NaN,NaN
national,425,calibration,221.0,42.0,84.0,178.0,9.0,13.0,30.0,36.39495909183073,NaN
national,426,reference,194.0,40.0,115.0,183.0,9.0,12.0,24.0,NaN,NaN
national,427,calibration,228.0,34.0,99.0,173.0,9.0,9.0,25.0,27.732046976083463,NaN
national,428,reference,142.0,25.0,192.0,171.0,10.0,13.0,24.0,NaN,NaN
national,429,calibration,224.0,33.0,123.0,146.0,9.0,14.0,28.0,20.91379161674016,NaN
national,430,reference,220.0,38.0,104.0,166.0,10.0,12.0,27.0,NaN,NaN
national,431,calibration,165.0,26.0,177.0,161.0,10.0,14.0,24.0,37.70682728109867,NaN
national,432,reference,203.0,28.0,151.0,148.0,11.0,13.0,23.0,NaN,NaN
national,433,calibration,190.0,25.0,157.0,158.0,10.0,12.0,25.0,19.26113080674671,NaN
national,434,reference,190.0,21.0,175.0,148.0,12.0,14.0,17.0,NaN,NaN
national,435,calibration,200.0,27.0,155.0,152.0,10.0,13.0,20.0,17.90066179625627,NaN
national,436,reference,204.0,18.0,149.0,164.0,9.0,12.0,21.0,NaN,NaN
national,437,calibration,168.0,39.0,159.0,165.0,10.0,13.0,23.0,28.264608986371375,NaN
national,438,reference,153.0,31.0,188.0,158.0,9.0,13.0,25.0,NaN,NaN
national,439,calibration,234.0,39.0,110.0,147.0,8.0,13.0,26.0,28.70176994748193,NaN
national,440,reference,229.0,38.0,114.0,155.0,10.0,13.0,18.0,NaN,NaN
national,441,calibration,198.0,31.0,145.0,157.0,11.0,13.0,22.0,13.861939169986965,NaN
national,442,reference,219.0,41.0,90.0,180.0,10.0,11.0,26.0,NaN,NaN
national,443,calibration,182.0,30.0,174.0,146.0,9.0,13.0,23.0,30.427956264803296,NaN
national,444,reference,220.0,28.0,151.0,139.0,7.0,12.0,20.0,NaN,NaN
national,445,calibration,214.0,29.0,128.0,167.0,10.0,12.0,17.0,14.627439923766392,NaN
national,446,reference,224.0,39.0,102.0,171.0,10.0,12.0,19.0,NaN,NaN
national,447,calibration,220.0,19.0,144.0,151.0,11.0,12.0,20.0,20.734269797789292,NaN
national,448,reference,195.0,18.0,172.0,146.0,7.0,13.0,26.0,NaN,NaN
national,449,calibration,159.0,26.0,201.0,149.0,9.0,14.0,19.0,56.67857685193529,NaN
national,450,reference,217.0,25.0,120.0,164.0,10.0,13.0,28.0,NaN,NaN
national,451,calibration,242.0,39.0,80.0,173.0,11.0,10.0,22.0,46.56828738782637,NaN
national,452,reference,181.0,20.0,192.0,139.0,9.0,12.0,24.0,NaN,NaN
national,453,calibration,216.0,39.0,105.0,171.0,9.0,13.0,24.0,20.194101723530803,NaN
national,454,reference,229.0,43.0,83.0,172.0,11.0,12.0,27.0,NaN,NaN
national,455,calibration,138.0,32.0,206.0,157.0,8.0,13.0,23.0,71.15137824100022,NaN
national,456,reference,232.0,45.0,79.0,170.0,8.0,12.0,31.0,NaN,NaN
national,457,calibration,227.0,30.0,134.0,137.0,9.0,12.0,28.0,25.490911076891866,NaN
national,458,reference,211.0,41.0,91.0,183.0,10.0,12.0,29.0,NaN,NaN
national,459,calibration,233.0,37.0,100.0,161.0,10.0,13.0,23.0,29.00768312198036,NaN
national,460,reference,194.0,27.0,184.0,130.0,11.0,13.0,18.0,NaN,NaN
national,461,calibration,199.0,24.0,151.0,158.0,8.0,13.0,24.0,16.33777753807269,NaN
national,462,reference,204.0,15.0,143.0,171.0,9.0,11.0,24.0,NaN,NaN
national,463,calibration,228.0,38.0,88.0,174.0,9.0,13.0,27.0,34.35864579802818,NaN
national,464,reference,215.0,38.0,120.0,160.0,10.0,13.0,21.0,NaN,NaN
national,465,calibration,221.0,39.0,116.0,154.0,8.0,13.0,26.0,18.79703413783884,NaN
national,466,reference,206.0,37.0,134.0,155.0,9.0,13.0,23.0,NaN,NaN
national,467,calibration,206.0,31.0,154.0,145.0,6.0,13.0,22.0,19.383648542416953,NaN
national,468,reference,195.0,35.0,134.0,166.0,10.0,13.0,24.0,NaN,NaN
national,469,calibration,143.0,18.0,215.0,154.0,8.0,12.0,27.0,75.70116244948461,NaN
national,470,reference,215.0,23.0,127.0,166.0,8.0,13.0,25.0,NaN,NaN
national,471,calibration,241.0,38.0,90.0,161.0,10.0,12.0,25.0,39.04292501989944,NaN
national,472,reference,192.0,26.0,170.0,139.0,10.0,14.0,26.0,NaN,NaN
national,473,calibration,174.0,45.0,131.0,177.0,10.0,12.0,28.0,24.712037385862583,NaN
national,474,reference,192.0,33.0,168.0,145.0,10.0,13.0,16.0,NaN,NaN
national,475,calibration,209.0,40.0,117.0,163.0,11.0,14.0,23.0,14.421165252054802,NaN
national,476,reference,211.0,33.0,133.0,155.0,10.0,13.0,22.0,NaN,NaN
national,477,calibration,204.0,34.0,158.0,139.0,8.0,14.0,20.0,22.990614382831854,NaN
national,478,reference,192.0,20.0,189.0,135.0,11.0,14.0,16.0,NaN,NaN
national,479,calibration,224.0,24.0,116.0,173.0,11.0,12.0,17.0,21.856421748575645,NaN
national,480,reference,226.0,45.0,84.0,174.0,10.0,14.0,24.0,NaN,NaN
national,481,calibration,159.0,26.0,172.0,177.0,11.0,14.0,18.0,41.34366233457308,NaN
national,482,reference,200.0,25.0,153.0,160.0,6.0,12.0,21.0,NaN,NaN
national,483,calibration,215.0,34.0,117.0,162.0,10.0,11.0,28.0,15.314312597514917,NaN
national,484,reference,191.0,23.0,181.0,136.0,9.0,14.0,23.0,NaN,NaN
national,485,calibration,217.0,23.0,143.0,150.0,10.0,13.0,21.0,18.452886781689546,NaN
national,486,reference,196.0,40.0,128.0,164.0,12.0,12.0,25.0,NaN,NaN
national,487,calibration,179.0,26.0,172.0,160.0,8.0,13.0,19.0,29.253897119976276,NaN
national,488,reference,198.0,38.0,129.0,162.0,11.0,13.0,26.0,NaN,NaN
national,489,calibration,212.0,20.0,138.0,162.0,9.0,13.0,23.0,15.875841981749883,NaN
national,490,reference,169.0,31.0,181.0,149.0,10.0,14.0,23.0,NaN,NaN
national,491,calibration,216.0,24.0,135.0,158.0,10.0,13.0,21.0,15.603735344648765,NaN
national,492,reference,172.0,40.0,139.0,180.0,9.0,13.0,24.0,NaN,NaN
national,493,calibration,182.0,27.0,195.0,134.0,8.0,13.0,18.0,47.86489372494074,NaN
national,494,reference,171.0,39.0,137.0,180.0,10.0,12.0,28.0,NaN,NaN
national,495,calibration,186.0,28.0,134.0,182.0,8.0,12.0,27.0,20.320922053629115,NaN
national,496,reference,144.0,35.0,199.0,156.0,8.0,13.0,22.0,NaN,NaN
national,497,calibration,211.0,36.0,131.0,150.0,9.0,13.0,27.0,14.784835401992769,NaN
national,498,reference,197.0,45.0,112.0,170.0,9.0,12.0,32.0,NaN,NaN
national,499,calibration,208.0,26.0,160.0,141.0,11.0,11.0,20.0,23.718714360083833,NaN
national,500,reference,172.0,26.0,170.0,164.0,9.0,13.0,23.0,NaN,NaN
national,501,calibration,201.0,28.0,136.0,164.0,10.0,13.0,25.0,12.513202724558337,NaN
national,502,reference,178.0,19.0,171.0,163.0,8.0,13.0,25.0,NaN,NaN
national,503,calibration,191.0,34.0,132.0,168.0,8.0,13.0,31.0,14.631530635650893,NaN
national,504,reference,227.0,42.0,94.0,164.0,11.0,13.0,26.0,NaN,NaN
national,505,calibration,179.0,42.0,137.0,171.0,10.0,11.0,27.0,19.92391516693085,NaN
national,506,reference,199.0,34.0,126.0,173.0,9.0,12.0,24.0,NaN,NaN
national,507,calibration,142.0,23.0,211.0,160.0,8.0,11.0,22.0,72.6242246966876,NaN
national,508,reference,241.0,41.0,77.0,170.0,12.0,11.0,25.0,NaN,NaN
national,509,calibration,147.0,41.0,177.0,163.0,10.0,13.0,26.0,49.050720042934046,NaN
national,510,reference,244.0,45.0,57.0,184.0,10.0,12.0,25.0,NaN,NaN
national,511,calibration,229.0,17.0,134.0,146.0,10.0,13.0,28.0,25.586179162239585,NaN
national,512,reference,170.0,37.0,164.0,163.0,7.0,14.0,22.0,NaN,NaN
national,513,calibration,169.0,37.0,157.0,169.0,9.0,13.0,23.0,27.337760152823495,NaN
national,514,reference,190.0,24.0,179.0,142.0,7.0,13.0,22.0,NaN,NaN
national,515,calibration,234.0,43.0,70.0,184.0,12.0,11.0,23.0,52.74059602162889,NaN
national,516,reference,212.0,47.0,84.0,183.0,9.0,12.0,30.0,NaN,NaN
national,517,calibration,162.0,27.0,192.0,153.0,8.0,11.0,24.0,48.43016877787832,NaN
national,518,reference,228.0,21.0,177.0,107.0,8.0,10.0,26.0,NaN,NaN
national,519,calibration,214.0,47.0,88.0,182.0,10.0,13.0,23.0,34.15405944631172,NaN
national,520,reference,232.0,38.0,108.0,151.0,10.0,13.0,25.0,NaN,NaN
national,521,calibration,188.0,41.0,116.0,180.0,10.0,13.0,29.0,21.405259850932897,NaN
national,522,reference,203.0,19.0,162.0,156.0,6.0,11.0,20.0,NaN,NaN
national,523,calibration,223.0,34.0,95.0,179.0,9.0,14.0,23.0,29.361045593359908,NaN
national,524,reference,187.0,35.0,142.0,165.0,8.0,13.0,27.0,NaN,NaN
national,525,calibration,201.0,43.0,95.0,185.0,9.0,13.0,31.0,30.395372370675776,NaN
national,526,reference,194.0,37.0,152.0,149.0,8.0,12.0,25.0,NaN,NaN
national,527,calibration,201.0,42.0,107.0,177.0,10.0,14.0,26.0,20.430766785058264,NaN
national,528,reference,168.0,21.0,187.0,157.0,9.0,12.0,23.0,NaN,NaN
national,529,calibration,204.0,45.0,93.0,184.0,10.0,14.0,27.0,30.93362889185254,NaN
national,530,reference,156.0,41.0,158.0,175.0,10.0,13.0,24.0,NaN,NaN
national,531,calibration,208.0,24.0,149.0,149.0,9.0,12.0,26.0,17.71455541304164,NaN
national,532,reference,169.0,40.0,150.0,167.0,10.0,13.0,28.0,NaN,NaN
national,533,calibration,211.0,20.0,159.0,142.0,10.0,12.0,23.0,24.536146388580715,NaN
national,534,reference,147.0,33.0,181.0,170.0,10.0,13.0,23.0,NaN,NaN
national,535,calibration,172.0,24.0,166.0,170.0,11.0,13.0,21.0,30.295926662368135,NaN
national,536,reference,156.0,41.0,156.0,178.0,11.0,13.0,22.0,NaN,NaN
national,537,calibration,218.0,21.0,120.0,167.0,8.0,14.0,29.0,18.46646378963001,NaN
national,538,reference,166.0,19.0,234.0,116.0,8.0,13.0,21.0,NaN,NaN
national,539,calibration,202.0,31.0,122.0,175.0,11.0,13.0,23.0,14.677782179461968,NaN
national,540,reference,227.0,38.0,69.0,191.0,8.0,14.0,30.0,NaN,NaN
national,541,calibration,146.0,23.0,216.0,150.0,9.0,13.0,20.0,74.39891668698012,NaN
national,542,reference,188.0,42.0,115.0,183.0,11.0,13.0,25.0,NaN,NaN
national,543,calibration,224.0,41.0,99.0,168.0,10.0,13.0,22.0,25.70423709975987,NaN
national,544,reference,156.0,37.0,173.0,165.0,11.0,13.0,22.0,NaN,NaN
national,545,calibration,185.0,20.0,190.0,136.0,8.0,12.0,26.0,43.833717485739456,NaN
national,546,reference,190.0,41.0,114.0,190.0,10.0,11.0,21.0,NaN,NaN
national,547,calibration,214.0,44.0,97.0,173.0,10.0,13.0,26.0,25.29347162338257,NaN
national,548,reference,218.0,23.0,148.0,144.0,8.0,13.0,23.0,NaN,NaN
national,549,calibration,203.0,42.0,106.0,174.0,9.0,12.0,31.0,20.482644970088177,NaN
national,550,reference,219.0,37.0,111.0,164.0,10.0,12.0,24.0,NaN,NaN
national,551,calibration,236.0,26.0,138.0,137.0,9.0,11.0,20.0,30.678911406649842,NaN
national,552,reference,205.0,36.0,131.0,160.0,9.0,13.0,23.0,NaN,NaN
national,553,calibration,198.0,19.0,197.0,121.0,9.0,13.0,20.0,53.87315224182373,NaN
national,554,reference,198.0,44.0,108.0,184.0,7.0,14.0,22.0,NaN,NaN
national,555,calibration,213.0,38.0,115.0,159.0,8.0,12.0,32.0,16.672459163780704,NaN
national,556,reference,202.0,42.0,116.0,176.0,11.0,13.0,17.0,NaN,NaN
national,557,calibration,205.0,41.0,117.0,165.0,12.0,12.0,25.0,14.405781049768496,NaN
national,558,reference,205.0,40.0,108.0,178.0,12.0,13.0,21.0,NaN,NaN
national,559,calibration,219.0,35.0,115.0,159.0,10.0,12.0,27.0,17.16276783010129,NaN
national,560,reference,225.0,22.0,145.0,142.0,8.0,12.0,23.0,NaN,NaN
national,561,calibration,236.0,37.0,109.0,147.0,9.0,13.0,26.0,29.973555522639703,NaN
national,562,reference,217.0,36.0,94.0,179.0,11.0,14.0,26.0,NaN,NaN
national,563,calibration,224.0,23.0,133.0,152.0,9.0,13.0,23.0,19.599195534171937,NaN
national,564,reference,224.0,30.0,132.0,146.0,9.0,12.0,24.0,NaN,NaN
national,565,calibration,192.0,34.0,135.0,170.0,11.0,13.0,22.0,14.01378512104677,NaN
national,566,reference,153.0,36.0,164.0,175.0,9.0,13.0,27.0,NaN,NaN
national,567,calibration,192.0,41.0,124.0,174.0,10.0,9.0,27.0,16.36424593846647,NaN
national,568,reference,216.0,31.0,153.0,138.0,9.0,12.0,18.0,NaN,NaN
national,569,calibration,156.0,21.0,194.0,162.0,9.0,14.0,21.0,53.434703553807964,NaN
national,570,reference,232.0,46.0,64.0,180.0,8.0,14.0,33.0,NaN,NaN
national,571,calibration,228.0,35.0,128.0,140.0,8.0,12.0,26.0,24.501142016979596,NaN
national,572,reference,188.0,39.0,132.0,171.0,12.0,12.0,23.0,NaN,NaN
national,573,calibration,154.0,26.0,194.0,159.0,9.0,13.0,22.0,53.7613555658546,NaN
national,574,reference,211.0,23.0,175.0,130.0,8.0,13.0,17.0,NaN,NaN
national,575,calibration,136.0,32.0,180.0,175.0,8.0,13.0,33.0,59.86410931646823,NaN
national,576,reference,222.0,45.0,81.0,178.0,10.0,14.0,27.0,NaN,NaN
national,577,calibration,210.0,40.0,111.0,170.0,9.0,13.0,24.0,16.64467525796184,NaN
national,578,reference,214.0,27.0,162.0,130.0,11.0,12.0,21.0,NaN,NaN
national,579,calibration,199.0,40.0,128.0,162.0,11.0,13.0,24.0,12.631265912555403,NaN
national,580,reference,208.0,40.0,103.0,174.0,10.0,11.0,31.0,NaN,NaN
national,581,calibration,204.0,19.0,136.0,169.0,10.0,13.0,26.0,15.827202265943352,NaN
national,582,reference,201.0,29.0,161.0,149.0,9.0,12.0,16.0,NaN,NaN
national,583,calibration,220.0,36.0,118.0,159.0,6.0,13.0,25.0,16.842054432355763,NaN
national,584,reference,181.0,29.0,154.0,166.0,10.0,14.0,23.0,NaN,NaN
national,585,calibration,155.0,21.0,194.0,159.0,10.0,13.0,25.0,53.83653891562025,NaN
national,586,reference,187.0,30.0,156.0,159.0,8.0,13.0,24.0,NaN,NaN
national,587,calibration,215.0,38.0,112.0,168.0,7.0,11.0,26.0,16.89266370552109,NaN
national,588,reference,166.0,22.0,207.0,142.0,10.0,12.0,18.0,NaN,NaN
national,589,calibration,218.0,18.0,136.0,168.0,6.0,12.0,19.0,19.105908610613238,NaN
national,590,reference,229.0,37.0,90.0,173.0,7.0,13.0,28.0,NaN,NaN
national,591,calibration,193.0,21.0,153.0,170.0,11.0,13.0,16.0,20.1960137683816,NaN
national,592,reference,236.0,35.0,105.0,157.0,10.0,11.0,23.0,NaN,NaN
national,593,calibration,161.0,38.0,188.0,147.0,9.0,12.0,22.0,47.321698016862,NaN
national,594,reference,213.0,46.0,98.0,170.0,10.0,12.0,28.0,NaN,NaN
national,595,calibration,212.0,37.0,105.0,179.0,9.0,12.0,23.0,21.4784294652618,NaN
national,596,reference,232.0,29.0,124.0,147.0,10.0,12.0,23.0,NaN,NaN
national,597,calibration,190.0,37.0,131.0,167.0,11.0,13.0,28.0,14.434106655830544,NaN
national,598,reference,229.0,46.0,80.0,176.0,12.0,12.0,22.0,NaN,NaN
national,599,calibration,223.0,36.0,123.0,155.0,12.0,12.0,16.0,18.58036592443079,NaN
national,600,reference,149.0,18.0,234.0,135.0,9.0,13.0,19.0,NaN,NaN
national,601,calibration,201.0,37.0,146.0,147.0,9.0,13.0,24.0,16.32370003163408,NaN
national,602,reference,144.0,20.0,250.0,117.0,8.0,13.0,25.0,NaN,NaN
national,603,calibration,214.0,33.0,107.0,177.0,9.0,13.0,24.0,20.308368433019485,NaN
national,604,reference,201.0,39.0,107.0,186.0,9.0,13.0,22.0,NaN,NaN
national,605,calibration,157.0,24.0,191.0,159.0,10.0,13.0,23.0,50.37607768114643,NaN
national,606,reference,227.0,38.0,108.0,155.0,11.0,11.0,27.0,NaN,NaN
national,607,calibration,158.0,38.0,162.0,172.0,8.0,14.0,25.0,36.17693950920345,NaN
national,608,reference,206.0,33.0,127.0,166.0,12.0,11.0,22.0,NaN,NaN
national,609,calibration,199.0,36.0,135.0,163.0,10.0,13.0,21.0,12.15518891782845,NaN
national,610,reference,218.0,44.0,98.0,171.0,9.0,12.0,25.0,NaN,NaN
national,611,calibration,191.0,31.0,176.0,141.0,11.0,11.0,16.0,31.738808102071967,NaN
national,612,reference,205.0,34.0,119.0,168.0,10.0,14.0,27.0,NaN,NaN
national,613,calibration,191.0,45.0,111.0,182.0,8.0,12.0,28.0,23.54192093379267,NaN
national,614,reference,209.0,41.0,99.0,182.0,12.0,11.0,23.0,NaN,NaN
national,615,calibration,212.0,27.0,130.0,165.0,7.0,14.0,22.0,13.7167850204352,NaN
national,616,reference,202.0,40.0,113.0,172.0,10.0,13.0,27.0,NaN,NaN
national,617,calibration,199.0,36.0,151.0,150.0,11.0,13.0,17.0,17.271122690414312,NaN
national,618,reference,210.0,40.0,107.0,170.0,8.0,13.0,29.0,NaN,NaN
national,619,calibration,201.0,22.0,163.0,151.0,8.0,14.0,18.0,22.633787328268273,NaN
national,620,reference,206.0,37.0,147.0,143.0,10.0,11.0,23.0,NaN,NaN
national,621,calibration,199.0,28.0,161.0,147.0,9.0,10.0,23.0,21.26457691143361,NaN
national,622,reference,199.0,37.0,140.0,157.0,11.0,11.0,22.0,NaN,NaN
national,623,calibration,234.0,26.0,132.0,139.0,7.0,14.0,25.0,28.429318850876687,NaN
national,624,reference,238.0,37.0,96.0,159.0,12.0,13.0,22.0,NaN,NaN
national,625,calibration,220.0,44.0,94.0,169.0,8.0,13.0,29.0,28.178976332515564,NaN
national,626,reference,241.0,38.0,93.0,162.0,11.0,10.0,22.0,NaN,NaN
national,627,calibration,211.0,36.0,132.0,158.0,9.0,12.0,19.0,13.183014769305846,NaN
national,628,reference,220.0,26.0,137.0,149.0,10.0,14.0,21.0,NaN,NaN
national,629,calibration,193.0,37.0,138.0,163.0,10.0,12.0,24.0,13.267904515089231,NaN
national,630,reference,198.0,26.0,161.0,146.0,11.0,13.0,22.0,NaN,NaN
national,631,calibration,244.0,35.0,107.0,143.0,9.0,13.0,26.0,36.846419091567654,NaN
national,632,reference,246.0,37.0,96.0,154.0,10.0,13.0,21.0,NaN,NaN
national,633,calibration,151.0,41.0,156.0,177.0,10.0,12.0,30.0,40.9838604375898,NaN
national,634,reference,227.0,19.0,154.0,138.0,11.0,12.0,16.0,NaN,NaN
national,635,calibration,242.0,33.0,121.0,139.0,9.0,11.0,22.0,33.57010707684927,NaN
national,636,reference,165.0,24.0,189.0,153.0,9.0,13.0,24.0,NaN,NaN
national,637,calibration,133.0,21.0,208.0,176.0,8.0,12.0,19.0,78.08470301609586,NaN
national,638,reference,205.0,41.0,114.0,169.0,10.0,11.0,27.0,NaN,NaN
national,639,calibration,217.0,43.0,90.0,179.0,9.0,11.0,28.0,31.567510459633613,NaN
national,640,reference,201.0,32.0,140.0,152.0,9.0,13.0,30.0,NaN,NaN
national,641,calibration,167.0,40.0,153.0,168.0,10.0,12.0,27.0,27.65563428705784,NaN
national,642,reference,175.0,33.0,149.0,173.0,8.0,10.0,29.0,NaN,NaN
national,643,calibration,148.0,27.0,220.0,140.0,12.0,13.0,17.0,77.70203067666951,NaN
national,644,reference,216.0,39.0,114.0,165.0,10.0,13.0,20.0,NaN,NaN
national,645,calibration,199.0,16.0,140.0,175.0,8.0,14.0,25.0,19.028924020672296,NaN
national,646,reference,209.0,26.0,135.0,162.0,9.0,12.0,24.0,NaN,NaN
national,647,calibration,213.0,29.0,117.0,169.0,12.0,12.0,25.0,15.52954845782553,NaN
national,648,reference,188.0,37.0,123.0,179.0,11.0,12.0,27.0,NaN,NaN
national,649,calibration,210.0,36.0,142.0,139.0,12.0,12.0,26.0,19.73488708489192,NaN
national,650,reference,210.0,36.0,121.0,160.0,10.0,11.0,29.0,NaN,NaN
national,651,calibration,220.0,39.0,103.0,167.0,12.0,12.0,24.0,21.962665832432,NaN
national,652,reference,213.0,32.0,137.0,149.0,12.0,13.0,21.0,NaN,NaN
national,653,calibration,186.0,24.0,161.0,159.0,8.0,13.0,26.0,22.02119652061825,NaN
national,654,reference,232.0,41.0,92.0,170.0,10.0,12.0,20.0,NaN,NaN
national,655,calibration,147.0,38.0,179.0,166.0,7.0,13.0,27.0,49.961006684917436,NaN
national,656,reference,196.0,38.0,120.0,172.0,9.0,14.0,28.0,NaN,NaN
national,657,calibration,215.0,43.0,91.0,182.0,10.0,12.0,24.0,31.402643184964315,NaN
national,658,reference,151.0,25.0,228.0,133.0,9.0,13.0,18.0,NaN,NaN
national,659,calibration,213.0,41.0,106.0,166.0,9.0,13.0,29.0,19.379296005430785,NaN
national,660,reference,216.0,41.0,96.0,176.0,10.0,13.0,25.0,NaN,NaN
national,661,calibration,182.0,20.0,216.0,118.0,9.0,13.0,19.0,70.54101562944791,NaN
national,662,reference,173.0,40.0,155.0,164.0,10.0,13.0,22.0,NaN,NaN
national,663,calibration,229.0,38.0,95.0,168.0,10.0,13.0,24.0,29.629753739917657,NaN
national,664,reference,162.0,37.0,154.0,172.0,10.0,14.0,28.0,NaN,NaN
national,665,calibration,147.0,39.0,165.0,174.0,10.0,13.0,29.0,45.455999055987334,NaN
national,666,reference,225.0,45.0,82.0,173.0,12.0,13.0,27.0,NaN,NaN
national,667,calibration,171.0,41.0,138.0,179.0,10.0,13.0,25.0,25.893315289387925,NaN
national,668,reference,228.0,46.0,64.0,187.0,11.0,14.0,27.0,NaN,NaN
national,669,calibration,221.0,26.0,123.0,166.0,8.0,14.0,19.0,17.478365161003612,NaN
national,670,reference,210.0,35.0,142.0,145.0,10.0,13.0,22.0,NaN,NaN
national,671,calibration,207.0,38.0,111.0,170.0,11.0,13.0,27.0,16.370869195876214,NaN
national,672,reference,229.0,36.0,95.0,170.0,7.0,11.0,29.0,NaN,NaN
national,673,calibration,199.0,37.0,116.0,175.0,11.0,13.0,26.0,16.145759380622497,NaN
national,674,reference,207.0,21.0,163.0,141.0,9.0,13.0,23.0,NaN,NaN
national,675,calibration,181.0,18.0,165.0,163.0,9.0,13.0,28.0,27.054406023628825,NaN
national,676,reference,233.0,33.0,114.0,158.0,7.0,14.0,18.0,NaN,NaN
national,677,calibration,153.0,26.0,209.0,145.0,8.0,13.0,23.0,65.84335244999487,NaN
national,678,reference,213.0,42.0,96.0,174.0,11.0,13.0,28.0,NaN,NaN
national,679,calibration,199.0,24.0,164.0,148.0,9.0,14.0,19.0,23.087110984607666,NaN
national,680,reference,202.0,23.0,173.0,139.0,10.0,13.0,17.0,NaN,NaN
national,681,calibration,187.0,33.0,158.0,155.0,10.0,13.0,21.0,19.876505959616576,NaN
national,682,reference,131.0,38.0,181.0,177.0,8.0,13.0,29.0,NaN,NaN
national,683,calibration,211.0,36.0,101.0,179.0,10.0,14.0,26.0,23.341106054721646,NaN
national,684,reference,203.0,36.0,109.0,178.0,11.0,14.0,26.0,NaN,NaN
national,685,calibration,192.0,39.0,139.0,165.0,7.0,13.0,22.0,14.091159268720045,NaN
national,686,reference,174.0,33.0,178.0,143.0,11.0,13.0,25.0,NaN,NaN
national,687,calibration,227.0,36.0,82.0,181.0,12.0,13.0,26.0,39.82059167263924,NaN
national,688,reference,183.0,35.0,146.0,166.0,8.0,13.0,26.0,NaN,NaN
national,689,calibration,135.0,18.0,222.0,165.0,9.0,11.0,17.0,85.72741133551193,NaN
national,690,reference,209.0,36.0,141.0,152.0,8.0,11.0,20.0,NaN,NaN
national,691,calibration,203.0,46.0,96.0,182.0,11.0,13.0,26.0,28.604597540588923,NaN
national,692,reference,199.0,33.0,130.0,164.0,9.0,12.0,30.0,NaN,NaN
national,693,calibration,226.0,41.0,91.0,177.0,10.0,10.0,22.0,32.62306091982431,NaN
national,694,reference,194.0,37.0,111.0,179.0,7.0,13.0,36.0,NaN,NaN
national,695,calibration,196.0,27.0,157.0,155.0,10.0,10.0,22.0,18.38779499836762,NaN
national,696,reference,203.0,46.0,98.0,179.0,9.0,13.0,29.0,NaN,NaN
national,697,calibration,196.0,29.0,153.0,153.0,9.0,14.0,23.0,16.875868599422983,NaN
national,698,reference,201.0,39.0,134.0,161.0,11.0,12.0,19.0,NaN,NaN
national,699,calibration,169.0,21.0,198.0,143.0,11.0,13.0,22.0,51.75107803940186,NaN
national,700,reference,209.0,25.0,152.0,152.0,10.0,12.0,17.0,NaN,NaN
national,701,calibration,186.0,18.0,230.0,102.0,8.0,13.0,20.0,88.88697317279413,NaN
national,702,reference,211.0,39.0,115.0,167.0,9.0,14.0,22.0,NaN,NaN
national,703,calibration,229.0,43.0,90.0,171.0,10.0,13.0,21.0,33.680402809986774,NaN
national,704,reference,226.0,44.0,72.0,192.0,8.0,12.0,23.0,NaN,NaN
national,705,calibration,195.0,39.0,137.0,162.0,9.0,14.0,21.0,13.19763792558049,NaN
national,706,reference,199.0,35.0,120.0,173.0,12.0,13.0,25.0,NaN,NaN
national,707,calibration,228.0,39.0,107.0,156.0,10.0,12.0,25.0,24.206616487048922,NaN
national,708,reference,163.0,39.0,156.0,170.0,7.0,12.0,30.0,NaN,NaN
national,709,calibration,196.0,23.0,203.0,112.0,9.0,13.0,21.0,62.17165551733352,NaN
national,710,reference,208.0,16.0,165.0,143.0,9.0,13.0,23.0,NaN,NaN
national,711,calibration,189.0,26.0,147.0,170.0,11.0,13.0,21.0,17.370897102071478,NaN
national,712,reference,209.0,16.0,161.0,151.0,11.0,13.0,16.0,NaN,NaN
national,713,calibration,208.0,26.0,174.0,127.0,10.0,13.0,19.0,36.59793186321839,NaN
national,714,reference,210.0,40.0,110.0,173.0,8.0,12.0,24.0,NaN,NaN
national,715,calibration,219.0,39.0,116.0,159.0,10.0,12.0,22.0,17.082544732534725,NaN
national,716,reference,174.0,38.0,173.0,147.0,9.0,13.0,23.0,NaN,NaN
national,717,calibration,162.0,25.0,190.0,152.0,9.0,13.0,26.0,47.408504069455006,NaN
national,718,reference,230.0,45.0,86.0,170.0,8.0,13.0,25.0,NaN,NaN
national,719,calibration,165.0,30.0,189.0,146.0,9.0,13.0,25.0,45.8654077577269,NaN
national,720,reference,199.0,35.0,151.0,144.0,11.0,12.0,25.0,NaN,NaN
national,721,calibration,199.0,31.0,154.0,150.0,9.0,13.0,21.0,17.552375608832858,NaN
national,722,reference,196.0,27.0,170.0,141.0,9.0,11.0,23.0,NaN,NaN
national,723,calibration,236.0,42.0,90.0,168.0,11.0,12.0,18.0,36.991093761557266,NaN
national,724,reference,206.0,38.0,132.0,154.0,11.0,12.0,24.0,NaN,NaN
national,725,calibration,210.0,27.0,129.0,167.0,10.0,11.0,23.0,13.409364185232118,NaN
national,726,reference,216.0,38.0,99.0,176.0,9.0,14.0,25.0,NaN,NaN
national,727,calibration,190.0,28.0,153.0,160.0,10.0,14.0,22.0,17.338052494380815,NaN
national,728,reference,146.0,20.0,247.0,121.0,9.0,13.0,21.0,NaN,NaN
national,729,calibration,219.0,31.0,117.0,164.0,9.0,12.0,25.0,16.404492051373655,NaN
national,730,reference,225.0,41.0,90.0,179.0,8.0,9.0,25.0,NaN,NaN
national,731,calibration,217.0,24.0,107.0,179.0,9.0,13.0,28.0,23.562801029107543,NaN
national,732,reference,202.0,38.0,125.0,164.0,10.0,12.0,26.0,NaN,NaN
national,733,calibration,163.0,41.0,155.0,169.0,11.0,11.0,27.0,30.886127105573376,NaN
national,734,reference,203.0,37.0,125.0,164.0,10.0,12.0,26.0,NaN,NaN
national,735,calibration,204.0,39.0,124.0,161.0,10.0,12.0,27.0,12.784608927698844,NaN
national,736,reference,227.0,40.0,104.0,158.0,9.0,12.0,27.0,NaN,NaN
national,737,calibration,196.0,44.0,99.0,185.0,11.0,14.0,28.0,28.817156445486535,NaN
national,738,reference,223.0,43.0,79.0,176.0,9.0,12.0,35.0,NaN,NaN
national,739,calibration,218.0,38.0,105.0,166.0,10.0,13.0,27.0,20.31377288737117,NaN
national,740,reference,216.0,36.0,137.0,143.0,9.0,13.0,23.0,NaN,NaN
national,741,calibration,167.0,28.0,173.0,167.0,6.0,14.0,22.0,35.026287934521875,NaN
national,742,reference,226.0,38.0,100.0,165.0,10.0,12.0,26.0,NaN,NaN
national,743,calibration,154.0,29.0,181.0,164.0,9.0,14.0,26.0,46.03280040745442,NaN
national,744,reference,216.0,43.0,80.0,183.0,11.0,14.0,30.0,NaN,NaN
national,745,calibration,187.0,45.0,116.0,180.0,8.0,11.0,30.0,22.74440628375626,NaN
national,746,reference,239.0,35.0,95.0,163.0,9.0,13.0,23.0,NaN,NaN
national,747,calibration,189.0,41.0,130.0,169.0,10.0,13.0,25.0,15.32671703325477,NaN
national,748,reference,181.0,20.0,205.0,132.0,6.0,12.0,21.0,NaN,NaN
national,749,calibration,224.0,39.0,111.0,156.0,7.0,12.0,28.0,21.24811113167615,NaN
national,750,reference,190.0,28.0,129.0,177.0,7.0,13.0,33.0,NaN,NaN
national,751,calibration,227.0,24.0,139.0,143.0,8.0,13.0,23.0,23.780536552302248,NaN
national,752,reference,216.0,37.0,129.0,150.0,10.0,12.0,23.0,NaN,NaN
national,753,calibration,158.0,19.0,216.0,143.0,11.0,11.0,19.0,70.07349434751042,NaN
national,754,reference,185.0,23.0,183.0,144.0,8.0,11.0,23.0,NaN,NaN
national,755,calibration,220.0,26.0,96.0,192.0,7.0,11.0,25.0,34.6685017048931,NaN
national,756,reference,194.0,41.0,130.0,163.0,7.0,14.0,28.0,NaN,NaN
national,757,calibration,180.0,17.0,209.0,130.0,7.0,14.0,20.0,61.2567853270335,NaN
national,758,reference,222.0,44.0,88.0,177.0,8.0,11.0,27.0,NaN,NaN
national,759,calibration,195.0,27.0,155.0,152.0,9.0,13.0,26.0,18.143104163821018,NaN
national,760,reference,193.0,39.0,120.0,176.0,10.0,12.0,27.0,NaN,NaN
national,761,calibration,182.0,26.0,187.0,135.0,8.0,13.0,26.0,42.00397400437852,NaN
national,762,reference,204.0,37.0,140.0,151.0,9.0,13.0,23.0,NaN,NaN
national,763,calibration,198.0,32.0,166.0,135.0,10.0,14.0,22.0,27.78236708659008,NaN
national,764,reference,209.0,25.0,139.0,154.0,10.0,12.0,28.0,NaN,NaN
national,765,calibration,204.0,39.0,99.0,183.0,11.0,13.0,28.0,26.135611149528597,NaN
national,766,reference,199.0,25.0,156.0,151.0,8.0,13.0,25.0,NaN,NaN
national,767,calibration,216.0,39.0,105.0,171.0,10.0,12.0,24.0,20.19038448517301,NaN
national,768,reference,210.0,39.0,107.0,174.0,10.0,13.0,24.0,NaN,NaN
national,769,calibration,201.0,36.0,109.0,179.0,12.0,13.0,27.0,19.781343838717934,NaN
national,770,reference,231.0,29.0,101.0,172.0,8.0,13.0,23.0,NaN,NaN
national,771,calibration,166.0,18.0,237.0,115.0,10.0,13.0,18.0,92.46217965729386,NaN
national,772,reference,199.0,39.0,131.0,162.0,8.0,13.0,25.0,NaN,NaN
national,773,calibration,229.0,42.0,79.0,181.0,11.0,13.0,22.0,43.07773753849122,NaN
national,774,reference,196.0,40.0,152.0,153.0,8.0,11.0,17.0,NaN,NaN
national,775,calibration,208.0,38.0,119.0,162.0,9.0,13.0,28.0,13.789772370413498,NaN
national,776,reference,194.0,24.0,148.0,167.0,10.0,13.0,21.0,NaN,NaN
national,777,calibration,212.0,38.0,127.0,155.0,10.0,12.0,23.0,13.85227612663505,NaN
national,778,reference,206.0,38.0,116.0,166.0,10.0,12.0,29.0,NaN,NaN
national,779,calibration,205.0,26.0,172.0,132.0,9.0,13.0,20.0,32.65352407813951,NaN
national,780,reference,201.0,38.0,122.0,172.0,10.0,12.0,22.0,NaN,NaN
national,781,calibration,189.0,39.0,127.0,171.0,11.0,12.0,28.0,15.858363568457452,NaN
national,782,reference,199.0,18.0,177.0,144.0,8.0,12.0,19.0,NaN,NaN
national,783,calibration,231.0,38.0,75.0,187.0,11.0,14.0,21.0,48.46668274322106,NaN
national,784,reference,233.0,46.0,58.0,192.0,9.0,10.0,29.0,NaN,NaN
national,785,calibration,201.0,38.0,150.0,144.0,7.0,12.0,25.0,18.610175181564426,NaN
national,786,reference,180.0,37.0,133.0,182.0,11.0,11.0,23.0,NaN,NaN
national,787,calibration,200.0,29.0,153.0,150.0,10.0,13.0,22.0,17.263014675217068,NaN
national,788,reference,240.0,43.0,58.0,187.0,11.0,13.0,25.0,NaN,NaN
national,789,calibration,224.0,41.0,83.0,181.0,9.0,12.0,27.0,38.34818772109884,NaN
national,790,reference,193.0,45.0,122.0,167.0,9.0,12.0,29.0,NaN,NaN
national,791,calibration,209.0,36.0,118.0,164.0,9.0,13.0,28.0,13.895804297107734,NaN
national,792,reference,225.0,26.0,138.0,145.0,8.0,11.0,24.0,NaN,NaN
national,793,calibration,191.0,31.0,156.0,152.0,9.0,12.0,26.0,18.74442530505272,NaN
national,794,reference,161.0,19.0,211.0,145.0,7.0,13.0,21.0,NaN,NaN
national,795,calibration,221.0,26.0,135.0,153.0,10.0,10.0,22.0,17.650141699468282,NaN
national,796,reference,209.0,18.0,181.0,131.0,8.0,12.0,18.0,NaN,NaN
national,797,calibration,224.0,40.0,91.0,171.0,12.0,13.0,26.0,30.658066739288582,NaN
national,798,reference,213.0,20.0,200.0,105.0,9.0,13.0,17.0,NaN,NaN
national,799,calibration,182.0,40.0,148.0,163.0,10.0,11.0,23.0,18.692375226068204,NaN
national,800,reference,178.0,20.0,147.0,188.0,8.0,14.0,22.0,NaN,NaN
national,801,calibration,227.0,25.0,161.0,122.0,8.0,11.0,23.0,39.00209437924836,NaN
national,802,reference,192.0,43.0,109.0,182.0,10.0,14.0,27.0,NaN,NaN
national,803,calibration,220.0,41.0,95.0,171.0,10.0,12.0,28.0,27.053996436843956,NaN
national,804,reference,217.0,32.0,132.0,158.0,8.0,13.0,17.0,NaN,NaN
national,805,calibration,237.0,41.0,78.0,171.0,9.0,13.0,28.0,45.287956816491246,NaN
national,806,reference,233.0,32.0,110.0,156.0,11.0,12.0,23.0,NaN,NaN
national,807,calibration,223.0,33.0,133.0,148.0,9.0,13.0,18.0,19.27770732003952,NaN
national,808,reference,180.0,32.0,163.0,163.0,8.0,13.0,18.0,NaN,NaN
national,809,calibration,190.0,43.0,116.0,175.0,10.0,11.0,32.0,20.053785759609152,NaN
national,810,reference,243.0,33.0,123.0,134.0,9.0,10.0,25.0,NaN,NaN
national,811,calibration,207.0,41.0,97.0,182.0,9.0,13.0,28.0,26.95262752967542,NaN
national,812,reference,225.0,45.0,72.0,183.0,10.0,14.0,28.0,NaN,NaN
national,813,calibration,207.0,16.0,153.0,160.0,11.0,12.0,18.0,20.348088898861956,NaN
national,814,reference,192.0,29.0,152.0,162.0,9.0,12.0,21.0,NaN,NaN
national,815,calibration,215.0,40.0,98.0,177.0,8.0,13.0,26.0,25.113497409803553,NaN
national,816,reference,246.0,44.0,73.0,166.0,12.0,10.0,26.0,NaN,NaN
national,817,calibration,201.0,17.0,180.0,138.0,11.0,14.0,16.0,36.59620035206994,NaN
national,818,reference,179.0,31.0,175.0,148.0,9.0,12.0,23.0,NaN,NaN
national,819,calibration,219.0,25.0,135.0,155.0,10.0,14.0,19.0,16.944943770795167,NaN
national,820,reference,217.0,37.0,111.0,168.0,12.0,12.0,20.0,NaN,NaN
national,821,calibration,208.0,38.0,116.0,171.0,9.0,11.0,24.0,14.824899293900888,NaN
national,822,reference,190.0,30.0,152.0,160.0,7.0,12.0,26.0,NaN,NaN
national,823,calibration,179.0,19.0,173.0,163.0,6.0,14.0,23.0,31.28912021932035,NaN
national,824,reference,207.0,47.0,102.0,173.0,12.0,11.0,25.0,NaN,NaN
national,825,calibration,160.0,33.0,177.0,160.0,9.0,12.0,26.0,40.07415452182984,NaN
national,826,reference,213.0,39.0,118.0,162.0,10.0,12.0,23.0,NaN,NaN
national,827,calibration,230.0,30.0,117.0,153.0,8.0,14.0,25.0,22.778595646485964,NaN
national,828,reference,195.0,21.0,174.0,147.0,8.0,13.0,19.0,NaN,NaN
national,829,calibration,189.0,45.0,111.0,182.0,12.0,13.0,25.0,24.075625826571386,NaN
national,830,reference,168.0,38.0,161.0,162.0,10.0,14.0,24.0,NaN,NaN
national,831,calibration,158.0,26.0,178.0,165.0,5.0,13.0,32.0,43.11880211025168,NaN
national,832,reference,197.0,39.0,108.0,184.0,10.0,14.0,25.0,NaN,NaN
national,833,calibration,220.0,41.0,113.0,159.0,7.0,13.0,24.0,18.63744293868545,NaN
national,834,reference,235.0,37.0,99.0,160.0,11.0,11.0,24.0,NaN,NaN
national,835,calibration,153.0,39.0,163.0,175.0,11.0,13.0,23.0,40.55790913398458,NaN
national,836,reference,230.0,38.0,101.0,161.0,11.0,13.0,23.0,NaN,NaN
national,837,calibration,206.0,43.0,94.0,182.0,8.0,14.0,30.0,29.372011400269297,NaN
national,838,reference,233.0,44.0,84.0,169.0,11.0,10.0,26.0,NaN,NaN
national,839,calibration,252.0,35.0,94.0,151.0,7.0,13.0,25.0,45.46908318709863,NaN
national,840,reference,226.0,32.0,146.0,126.0,10.0,12.0,25.0,NaN,NaN
national,841,calibration,217.0,33.0,113.0,168.0,12.0,12.0,22.0,17.065097964224496,NaN
national,842,reference,214.0,22.0,150.0,147.0,10.0,12.0,22.0,NaN,NaN
national,843,calibration,210.0,21.0,158.0,144.0,10.0,13.0,21.0,23.08507085045323,NaN
national,844,reference,230.0,37.0,110.0,156.0,7.0,13.0,24.0,NaN,NaN
national,845,calibration,159.0,22.0,210.0,146.0,9.0,12.0,19.0,64.10404707650308,NaN
national,846,reference,216.0,32.0,128.0,157.0,6.0,12.0,26.0,NaN,NaN
national,847,calibration,176.0,38.0,173.0,150.0,8.0,13.0,19.0,31.629938048308677,NaN
national,848,reference,167.0,24.0,198.0,144.0,9.0,11.0,24.0,NaN,NaN
national,849,calibration,195.0,24.0,141.0,169.0,11.0,12.0,25.0,15.202483186987674,NaN
national,850,reference,189.0,35.0,142.0,168.0,9.0,11.0,23.0,NaN,NaN
national,851,calibration,194.0,24.0,197.0,120.0,6.0,12.0,24.0,53.8344150428112,NaN
national,852,reference,217.0,28.0,127.0,158.0,9.0,12.0,26.0,NaN,NaN
national,853,calibration,170.0,40.0,143.0,176.0,10.0,13.0,25.0,25.734357967378397,NaN
national,854,reference,198.0,41.0,110.0,177.0,9.0,13.0,29.0,NaN,NaN
national,855,calibration,159.0,19.0,207.0,151.0,10.0,13.0,18.0,61.780524228813235,NaN
national,856,reference,213.0,37.0,130.0,155.0,8.0,14.0,20.0,NaN,NaN
national,857,calibration,226.0,39.0,103.0,165.0,10.0,12.0,22.0,24.16097426633088,NaN
national,858,reference,164.0,36.0,149.0,177.0,6.0,12.0,33.0,NaN,NaN
national,859,calibration,212.0,28.0,131.0,158.0,10.0,14.0,24.0,13.482035835753454,NaN
national,860,reference,177.0,34.0,186.0,133.0,10.0,13.0,24.0,NaN,NaN
national,861,calibration,230.0,39.0,101.0,157.0,11.0,12.0,27.0,27.765174032754945,NaN
national,862,reference,158.0,44.0,150.0,177.0,8.0,14.0,26.0,NaN,NaN
national,863,calibration,230.0,41.0,75.0,174.0,8.0,14.0,35.0,45.920582158688276,NaN
national,864,reference,234.0,31.0,101.0,162.0,10.0,13.0,26.0,NaN,NaN
national,865,calibration,230.0,34.0,122.0,148.0,7.0,11.0,25.0,23.0524687737233,NaN
national,866,reference,204.0,34.0,117.0,177.0,8.0,13.0,24.0,NaN,NaN
national,867,calibration,191.0,40.0,122.0,179.0,9.0,13.0,23.0,18.16485129606456,NaN
national,868,reference,238.0,37.0,93.0,163.0,10.0,11.0,25.0,NaN,NaN
national,869,calibration,217.0,21.0,141.0,155.0,10.0,11.0,22.0,17.75317921802581,NaN
national,870,reference,203.0,39.0,122.0,167.0,8.0,13.0,25.0,NaN,NaN
national,871,calibration,190.0,38.0,135.0,169.0,9.0,13.0,23.0,14.499623049713332,NaN
national,872,reference,208.0,37.0,111.0,175.0,11.0,13.0,22.0,NaN,NaN
national,873,calibration,175.0,37.0,168.0,151.0,9.0,14.0,23.0,29.017441239742066,NaN
national,874,reference,227.0,32.0,131.0,148.0,10.0,12.0,17.0,NaN,NaN
national,875,calibration,220.0,27.0,114.0,168.0,10.0,13.0,25.0,18.485825924932566,NaN
national,876,reference,217.0,37.0,110.0,165.0,10.0,13.0,25.0,NaN,NaN
national,877,calibration,220.0,42.0,86.0,178.0,8.0,13.0,30.0,34.74647914175418,NaN
national,878,reference,180.0,18.0,198.0,136.0,9.0,14.0,22.0,NaN,NaN
national,879,calibration,203.0,35.0,126.0,163.0,11.0,14.0,25.0,12.034208453523394,NaN
national,880,reference,202.0,31.0,185.0,112.0,9.0,13.0,25.0,NaN,NaN
national,881,calibration,189.0,21.0,188.0,131.0,11.0,13.0,24.0,43.48947984541647,NaN
national,882,reference,223.0,38.0,100.0,169.0,12.0,14.0,21.0,NaN,NaN
national,883,calibration,233.0,38.0,94.0,166.0,10.0,13.0,23.0,32.10292094940377,NaN
national,884,reference,146.0,35.0,189.0,162.0,8.0,10.0,27.0,NaN,NaN
national,885,calibration,227.0,25.0,134.0,146.0,10.0,12.0,23.0,22.191934521846267,NaN
national,886,reference,166.0,34.0,142.0,184.0,10.0,11.0,30.0,NaN,NaN
national,887,calibration,187.0,26.0,159.0,158.0,11.0,13.0,23.0,20.519591810098458,NaN
national,888,reference,222.0,35.0,111.0,163.0,8.0,13.0,25.0,NaN,NaN
national,889,calibration,162.0,38.0,168.0,165.0,12.0,13.0,19.0,35.3097034229465,NaN
national,890,reference,225.0,46.0,75.0,183.0,8.0,13.0,27.0,NaN,NaN
national,891,calibration,179.0,38.0,150.0,162.0,11.0,13.0,24.0,20.042426749768058,NaN
national,892,reference,207.0,23.0,128.0,168.0,11.0,13.0,27.0,NaN,NaN
national,893,calibration,189.0,40.0,121.0,176.0,10.0,14.0,27.0,18.106170703561094,NaN
national,894,reference,215.0,37.0,107.0,163.0,9.0,13.0,33.0,NaN,NaN
national,895,calibration,200.0,35.0,145.0,151.0,8.0,12.0,26.0,14.892825889341776,NaN
national,896,reference,196.0,42.0,124.0,172.0,11.0,13.0,19.0,NaN,NaN
national,897,calibration,218.0,26.0,138.0,145.0,10.0,13.0,27.0,19.08580959138828,NaN
national,898,reference,212.0,38.0,104.0,174.0,9.0,12.0,28.0,NaN,NaN
national,899,calibration,195.0,20.0,174.0,148.0,9.0,13.0,18.0,29.430691328747965,NaN
national,900,reference,141.0,23.0,204.0,162.0,10.0,13.0,24.0,NaN,NaN
national,901,calibration,210.0,42.0,104.0,170.0,10.0,14.0,27.0,20.22763313415337,NaN
national,902,reference,193.0,24.0,141.0,168.0,10.0,13.0,28.0,NaN,NaN
national,903,calibration,203.0,38.0,125.0,166.0,10.0,12.0,23.0,12.336096037566737,NaN
national,904,reference,166.0,45.0,143.0,175.0,10.0,12.0,26.0,NaN,NaN
national,905,calibration,154.0,26.0,189.0,161.0,11.0,13.0,23.0,50.65413698067589,NaN
national,906,reference,190.0,22.0,182.0,142.0,9.0,13.0,19.0,NaN,NaN
national,907,calibration,162.0,41.0,156.0,171.0,9.0,13.0,25.0,31.946850577592105,NaN
national,908,reference,209.0,22.0,143.0,157.0,9.0,14.0,23.0,NaN,NaN
national,909,calibration,222.0,45.0,82.0,180.0,12.0,13.0,23.0,38.900840200008545,NaN
national,910,reference,182.0,31.0,169.0,151.0,10.0,13.0,21.0,NaN,NaN
national,911,calibration,188.0,36.0,138.0,164.0,10.0,13.0,28.0,14.853128681738067,NaN
national,912,reference,202.0,24.0,128.0,181.0,10.0,13.0,19.0,NaN,NaN
national,913,calibration,208.0,24.0,141.0,161.0,8.0,13.0,22.0,14.373806093352417,NaN
national,914,reference,192.0,39.0,137.0,163.0,10.0,12.0,24.0,NaN,NaN
national,915,calibration,208.0,45.0,91.0,181.0,9.0,14.0,29.0,31.176570713039244,NaN
national,916,reference,189.0,37.0,151.0,160.0,11.0,12.0,17.0,NaN,NaN
national,917,calibration,176.0,38.0,154.0,161.0,7.0,13.0,28.0,22.705242836847948,NaN
national,918,reference,191.0,38.0,141.0,160.0,12.0,12.0,23.0,NaN,NaN
national,919,calibration,211.0,46.0,87.0,181.0,11.0,11.0,30.0,34.344908618968304,NaN
national,920,reference,209.0,35.0,110.0,174.0,11.0,13.0,25.0,NaN,NaN
national,921,calibration,232.0,39.0,102.0,159.0,7.0,14.0,24.0,27.969361406433716,NaN
national,922,reference,180.0,26.0,162.0,164.0,6.0,13.0,26.0,NaN,NaN
national,923,calibration,200.0,39.0,135.0,155.0,9.0,13.0,26.0,13.158101003013766,NaN
national,924,reference,241.0,44.0,81.0,159.0,11.0,13.0,28.0,NaN,NaN
national,925,calibration,167.0,24.0,214.0,133.0,8.0,13.0,18.0,66.8120326268053,NaN
national,926,reference,214.0,35.0,148.0,136.0,8.0,13.0,23.0,NaN,NaN
national,927,calibration,196.0,41.0,113.0,176.0,10.0,14.0,27.0,18.492167951951718,NaN
national,928,reference,192.0,39.0,147.0,151.0,10.0,13.0,25.0,NaN,NaN
national,929,calibration,162.0,19.0,218.0,134.0,11.0,12.0,21.0,71.89820235594318,NaN
national,930,reference,181.0,39.0,149.0,162.0,10.0,13.0,23.0,NaN,NaN
national,931,calibration,185.0,17.0,162.0,168.0,10.0,12.0,23.0,25.342935537079338,NaN
national,932,reference,208.0,39.0,118.0,168.0,10.0,12.0,22.0,NaN,NaN
national,933,calibration,231.0,40.0,87.0,165.0,10.0,13.0,31.0,36.184553468635784,NaN
national,934,reference,215.0,42.0,83.0,188.0,9.0,13.0,27.0,NaN,NaN
national,935,calibration,219.0,39.0,88.0,179.0,8.0,14.0,30.0,33.109581084432705,NaN
national,936,reference,154.0,38.0,176.0,158.0,10.0,13.0,28.0,NaN,NaN
national,937,calibration,201.0,39.0,124.0,169.0,8.0,13.0,23.0,13.054935148681263,NaN
national,938,reference,225.0,32.0,99.0,172.0,8.0,13.0,28.0,NaN,NaN
national,939,calibration,189.0,32.0,159.0,157.0,10.0,12.0,18.0,19.95924445556889,NaN
national,940,reference,199.0,39.0,128.0,166.0,10.0,13.0,22.0,NaN,NaN
national,941,calibration,204.0,19.0,155.0,156.0,10.0,14.0,19.0,19.605241117333637,NaN
national,942,reference,224.0,38.0,103.0,170.0,13.0,13.0,16.0,NaN,NaN
national,943,calibration,176.0,46.0,121.0,183.0,12.0,12.0,27.0,27.375559050911956,NaN
national,944,reference,227.0,39.0,95.0,167.0,11.0,13.0,25.0,NaN,NaN
national,945,calibration,207.0,20.0,165.0,140.0,9.0,13.0,23.0,27.083220991175846,NaN
national,946,reference,213.0,39.0,119.0,158.0,8.0,12.0,28.0,NaN,NaN
national,947,calibration,152.0,24.0,183.0,176.0,9.0,11.0,22.0,50.69668726349802,NaN
national,948,reference,167.0,25.0,222.0,122.0,10.0,13.0,18.0,NaN,NaN
national,949,calibration,178.0,31.0,158.0,165.0,9.0,14.0,22.0,22.820395834271263,NaN
national,950,reference,206.0,34.0,137.0,151.0,10.0,13.0,26.0,NaN,NaN
national,951,calibration,197.0,20.0,189.0,125.0,9.0,12.0,25.0,46.404038065470786,NaN
national,952,reference,176.0,38.0,167.0,153.0,11.0,13.0,19.0,NaN,NaN
national,953,calibration,145.0,44.0,147.0,186.0,12.0,14.0,29.0,46.92603446411455,NaN
national,954,reference,192.0,36.0,150.0,156.0,9.0,12.0,22.0,NaN,NaN
national,955,calibration,203.0,42.0,99.0,182.0,8.0,12.0,31.0,26.551643586911272,NaN
national,956,reference,195.0,27.0,138.0,170.0,12.0,14.0,21.0,NaN,NaN
national,957,calibration,182.0,34.0,144.0,168.0,12.0,13.0,24.0,17.873452313913265,NaN
national,958,reference,183.0,39.0,132.0,173.0,9.0,12.0,29.0,NaN,NaN
national,959,calibration,217.0,38.0,107.0,167.0,10.0,13.0,25.0,19.060455725015483,NaN
national,960,reference,199.0,39.0,109.0,179.0,10.0,13.0,28.0,NaN,NaN
national,961,calibration,204.0,24.0,170.0,132.0,10.0,14.0,23.0,31.735617456484224,NaN
national,962,reference,179.0,45.0,123.0,179.0,11.0,12.0,28.0,NaN,NaN
national,963,calibration,236.0,19.0,127.0,151.0,10.0,13.0,21.0,27.522823643194716,NaN
national,964,reference,202.0,38.0,127.0,160.0,10.0,13.0,27.0,NaN,NaN
national,965,calibration,180.0,20.0,207.0,130.0,10.0,13.0,17.0,59.3543684983194,NaN
national,966,reference,191.0,37.0,135.0,177.0,6.0,12.0,19.0,NaN,NaN
national,967,calibration,218.0,40.0,127.0,149.0,9.0,12.0,22.0,17.429793918352313,NaN
national,968,reference,186.0,39.0,130.0,177.0,10.0,12.0,23.0,NaN,NaN
national,969,calibration,170.0,38.0,172.0,156.0,9.0,11.0,21.0,32.74752983938225,NaN
national,970,reference,193.0,22.0,223.0,104.0,7.0,11.0,17.0,NaN,NaN
national,971,calibration,188.0,35.0,130.0,170.0,10.0,12.0,32.0,16.146566397565895,NaN
national,972,reference,185.0,22.0,215.0,111.0,10.0,12.0,22.0,NaN,NaN
national,973,calibration,184.0,44.0,108.0,192.0,9.0,13.0,27.0,31.41972350050491,NaN
national,974,reference,193.0,46.0,96.0,188.0,11.0,13.0,30.0,NaN,NaN
national,975,calibration,212.0,23.0,154.0,150.0,9.0,12.0,17.0,20.452171365551447,NaN
national,976,reference,196.0,39.0,119.0,175.0,10.0,13.0,25.0,NaN,NaN
national,977,calibration,172.0,25.0,200.0,140.0,9.0,13.0,18.0,52.53595141558321,NaN
national,978,reference,235.0,39.0,72.0,181.0,9.0,11.0,30.0,NaN,NaN
national,979,calibration,222.0,35.0,141.0,137.0,8.0,11.0,23.0,23.674052902464883,NaN
national,980,reference,197.0,28.0,160.0,153.0,10.0,13.0,16.0,NaN,NaN
national,981,calibration,221.0,41.0,97.0,167.0,7.0,11.0,33.0,26.8169582322915,NaN
national,982,reference,215.0,25.0,154.0,141.0,9.0,13.0,20.0,NaN,NaN
national,983,calibration,179.0,25.0,178.0,149.0,12.0,13.0,21.0,33.52850253470618,NaN
national,984,reference,172.0,35.0,156.0,165.0,10.0,13.0,26.0,NaN,NaN
national,985,calibration,150.0,28.0,198.0,156.0,9.0,11.0,25.0,58.59780710522908,NaN
national,986,reference,202.0,43.0,103.0,180.0,9.0,14.0,26.0,NaN,NaN
national,987,calibration,189.0,37.0,123.0,180.0,12.0,12.0,24.0,18.779310079535225,NaN
national,988,reference,203.0,36.0,139.0,154.0,10.0,12.0,23.0,NaN,NaN
national,989,calibration,218.0,40.0,84.0,183.0,9.0,13.0,30.0,36.998727401608846,NaN
national,990,reference,228.0,23.0,141.0,142.0,10.0,12.0,21.0,NaN,NaN
national,991,calibration,218.0,36.0,121.0,158.0,8.0,13.0,23.0,15.518882213356232,NaN
national,992,reference,232.0,35.0,114.0,151.0,10.0,12.0,23.0,NaN,NaN
national,993,calibration,187.0,35.0,164.0,145.0,10.0,14.0,22.0,24.574623254985152,NaN
national,994,reference,202.0,25.0,140.0,159.0,10.0,13.0,28.0,NaN,NaN
national,995,calibration,207.0,33.0,133.0,160.0,10.0,13.0,21.0,12.123374796887834,NaN
national,996,reference,193.0,39.0,144.0,157.0,9.0,11.0,24.0,NaN,NaN
national,997,calibration,219.0,38.0,121.0,153.0,11.0,13.0,22.0,17.09859364464236,NaN
national,998,reference,161.0,39.0,149.0,170.0,10.0,14.0,34.0,NaN,NaN
national,999,calibration,203.0,22.0,150.0,159.0,9.0,13.0,21.0,16.61018741290773,NaN
national,1000,reference,205.0,27.0,133.0,165.0,10.0,14.0,23.0,NaN,NaN
national,1001,calibration,211.0,39.0,129.0,159.0,10.0,13.0,16.0,14.029593884824326,NaN
national,1002,reference,192.0,37.0,121.0,175.0,8.0,13.0,31.0,NaN,NaN
national,1003,calibration,218.0,45.0,85.0,177.0,9.0,14.0,29.0,35.222341253146965,NaN
national,1004,reference,234.0,40.0,101.0,160.0,11.0,12.0,19.0,NaN,NaN
national,1005,calibration,181.0,39.0,153.0,159.0,7.0,14.0,24.0,20.295312011295724,NaN
national,1006,reference,189.0,27.0,153.0,161.0,9.0,14.0,24.0,NaN,NaN
national,1007,calibration,193.0,40.0,129.0,169.0,9.0,13.0,24.0,14.026240396927594,NaN
national,1008,reference,208.0,24.0,153.0,151.0,10.0,11.0,20.0,NaN,NaN
national,1009,calibration,230.0,33.0,101.0,167.0,9.0,12.0,25.0,26.87566211481335,NaN
national,1010,reference,171.0,35.0,161.0,161.0,9.0,13.0,27.0,NaN,NaN
national,1011,calibration,211.0,37.0,107.0,174.0,10.0,14.0,24.0,18.911249737030314,NaN
national,1012,reference,214.0,45.0,85.0,184.0,10.0,13.0,26.0,NaN,NaN
national,1013,calibration,155.0,25.0,184.0,167.0,9.0,13.0,24.0,47.666697338479736,NaN
national,1014,reference,213.0,32.0,110.0,172.0,8.0,12.0,30.0,NaN,NaN
national,1015,calibration,185.0,38.0,121.0,183.0,9.0,14.0,27.0,21.97488326175417,NaN
national,1016,reference,137.0,20.0,257.0,125.0,8.0,12.0,18.0,NaN,NaN
national,1017,calibration,211.0,38.0,134.0,157.0,10.0,10.0,17.0,14.058345422699855,NaN
national,1018,reference,211.0,24.0,126.0,173.0,9.0,13.0,21.0,NaN,NaN
national,1019,calibration,219.0,31.0,137.0,147.0,9.0,12.0,22.0,17.92468840035436,NaN
national,1020,reference,232.0,39.0,118.0,143.0,7.0,10.0,28.0,NaN,NaN
national,1021,calibration,216.0,26.0,141.0,146.0,7.0,14.0,27.0,18.552344563537584,NaN
national,1022,reference,182.0,38.0,120.0,189.0,10.0,12.0,26.0,NaN,NaN
national,1023,calibration,222.0,39.0,86.0,179.0,9.0,12.0,30.0,35.17419438011609,NaN
national,1024,reference,219.0,28.0,143.0,142.0,11.0,13.0,21.0,NaN,NaN
national,1025,calibration,148.0,22.0,192.0,166.0,10.0,12.0,27.0,56.949754969823914,NaN
national,1026,reference,226.0,29.0,98.0,179.0,12.0,12.0,21.0,NaN,NaN
national,1027,calibration,216.0,31.0,109.0,175.0,10.0,14.0,22.0,19.685894747418242,NaN
national,1028,reference,204.0,42.0,80.0,198.0,8.0,11.0,34.0,NaN,NaN
national,1029,calibration,213.0,26.0,120.0,171.0,10.0,10.0,27.0,16.01403211021731,NaN
national,1030,reference,234.0,30.0,127.0,142.0,12.0,12.0,20.0,NaN,NaN
national,1031,calibration,219.0,23.0,137.0,153.0,10.0,13.0,22.0,17.64140475142717,NaN
national,1032,reference,220.0,37.0,99.0,174.0,10.0,13.0,24.0,NaN,NaN
national,1033,calibration,154.0,36.0,170.0,167.0,9.0,14.0,27.0,41.03356139431956,NaN
national,1034,reference,221.0,24.0,155.0,138.0,9.0,11.0,19.0,NaN,NaN
national,1035,calibration,210.0,25.0,140.0,158.0,10.0,13.0,21.0,14.422483735513918,NaN
national,1036,reference,160.0,38.0,161.0,168.0,10.0,14.0,26.0,NaN,NaN
national,1037,calibration,197.0,31.0,163.0,143.0,8.0,12.0,23.0,23.211741160872347,NaN
national,1038,reference,207.0,38.0,126.0,156.0,10.0,13.0,27.0,NaN,NaN
national,1039,calibration,194.0,40.0,132.0,163.0,11.0,13.0,24.0,13.269683706581372,NaN
national,1040,reference,202.0,39.0,110.0,179.0,12.0,13.0,22.0,NaN,NaN
national,1041,calibration,190.0,31.0,163.0,153.0,9.0,12.0,19.0,21.80010511472734,NaN
national,1042,reference,206.0,19.0,178.0,130.0,11.0,11.0,22.0,NaN,NaN
national,1043,calibration,193.0,29.0,149.0,159.0,10.0,12.0,25.0,15.453013608686515,NaN
national,1044,reference,203.0,38.0,136.0,157.0,8.0,11.0,24.0,NaN,NaN
national,1045,calibration,205.0,26.0,144.0,162.0,10.0,13.0,17.0,14.761269882776727,NaN
national,1046,reference,228.0,32.0,134.0,142.0,10.0,12.0,19.0,NaN,NaN
national,1047,calibration,213.0,27.0,111.0,181.0,11.0,13.0,21.0,21.253202119805568,NaN
national,1048,reference,167.0,25.0,190.0,152.0,10.0,14.0,19.0,NaN,NaN
national,1049,calibration,166.0,25.0,186.0,152.0,7.0,13.0,28.0,43.17148367812695,NaN
national,1050,reference,209.0,35.0,142.0,142.0,10.0,12.0,27.0,NaN,NaN
national,1051,calibration,191.0,37.0,129.0,178.0,10.0,13.0,19.0,17.012823204023174,NaN
national,1052,reference,219.0,44.0,81.0,181.0,12.0,14.0,26.0,NaN,NaN
national,1053,calibration,228.0,37.0,119.0,143.0,11.0,14.0,25.0,24.55257183736398,NaN
national,1054,reference,180.0,31.0,180.0,146.0,10.0,12.0,18.0,NaN,NaN
national,1055,calibration,229.0,23.0,155.0,125.0,9.0,11.0,25.0,36.552238772569666,NaN
national,1056,reference,206.0,33.0,121.0,173.0,8.0,13.0,23.0,NaN,NaN
national,1057,calibration,206.0,16.0,150.0,162.0,10.0,12.0,21.0,19.023612826559376,NaN
national,1058,reference,224.0,38.0,113.0,158.0,8.0,13.0,23.0,NaN,NaN
national,1059,calibration,191.0,22.0,200.0,125.0,10.0,13.0,16.0,54.30182391350063,NaN
national,1060,reference,207.0,24.0,136.0,161.0,8.0,14.0,27.0,NaN,NaN
national,1061,calibration,229.0,44.0,85.0,165.0,9.0,12.0,33.0,37.606869777352046,NaN
national,1062,reference,223.0,44.0,114.0,153.0,7.0,12.0,24.0,NaN,NaN
national,1063,calibration,213.0,26.0,157.0,140.0,10.0,12.0,19.0,23.965365565046444,NaN
national,1064,reference,157.0,26.0,205.0,152.0,8.0,12.0,17.0,NaN,NaN
national,1065,calibration,200.0,29.0,146.0,156.0,13.0,13.0,20.0,14.569916192947392,NaN
national,1066,reference,205.0,34.0,125.0,168.0,9.0,12.0,24.0,NaN,NaN
national,1067,calibration,166.0,43.0,143.0,177.0,9.0,11.0,28.0,29.025002467296563,NaN
national,1068,reference,193.0,37.0,146.0,164.0,6.0,13.0,18.0,NaN,NaN
national,1069,calibration,181.0,34.0,158.0,153.0,9.0,12.0,30.0,22.5298920517282,NaN
national,1070,reference,153.0,42.0,157.0,173.0,10.0,13.0,29.0,NaN,NaN
national,1071,calibration,237.0,41.0,81.0,172.0,10.0,13.0,23.0,43.15735963753623,NaN
national,1072,reference,176.0,42.0,141.0,168.0,11.0,13.0,26.0,NaN,NaN
national,1073,calibration,212.0,44.0,93.0,179.0,8.0,11.0,30.0,29.363317890103357,NaN
national,1074,reference,161.0,36.0,176.0,157.0,9.0,14.0,24.0,NaN,NaN
national,1075,calibration,192.0,35.0,116.0,186.0,9.0,12.0,27.0,22.181161831675094,NaN
national,1076,reference,203.0,42.0,120.0,170.0,9.0,12.0,21.0,NaN,NaN
national,1077,calibration,190.0,43.0,128.0,169.0,10.0,11.0,26.0,15.678408521454518,NaN
national,1078,reference,191.0,29.0,142.0,171.0,10.0,13.0,21.0,NaN,NaN
national,1079,calibration,203.0,22.0,147.0,160.0,9.0,14.0,22.0,15.73478151223458,NaN
national,1080,reference,215.0,44.0,93.0,180.0,8.0,11.0,26.0,NaN,NaN
national,1081,calibration,203.0,31.0,126.0,170.0,9.0,13.0,25.0,12.803781633089375,NaN
national,1082,reference,173.0,35.0,156.0,165.0,10.0,13.0,25.0,NaN,NaN
national,1083,calibration,219.0,34.0,99.0,180.0,9.0,11.0,25.0,26.236563619958975,NaN
national,1084,reference,213.0,40.0,91.0,181.0,9.0,14.0,29.0,NaN,NaN
national,1085,calibration,215.0,38.0,127.0,151.0,11.0,13.0,22.0,15.6573267421232,NaN
national,1086,reference,204.0,37.0,117.0,167.0,9.0,13.0,30.0,NaN,NaN
national,1087,calibration,169.0,27.0,180.0,152.0,5.0,13.0,31.0,38.50636876300369,NaN
national,1088,reference,193.0,44.0,111.0,177.0,11.0,12.0,29.0,NaN,NaN
national,1089,calibration,192.0,27.0,166.0,145.0,9.0,12.0,26.0,24.756950160476674,NaN
national,1090,reference,161.0,27.0,183.0,162.0,10.0,13.0,21.0,NaN,NaN
national,1091,calibration,168.0,23.0,166.0,171.0,10.0,13.0,26.0,32.5509755691817,NaN
national,1092,reference,209.0,35.0,147.0,144.0,8.0,13.0,21.0,NaN,NaN
national,1093,calibration,213.0,34.0,133.0,154.0,8.0,12.0,23.0,13.900635497425295,NaN
national,1094,reference,251.0,34.0,78.0,165.0,9.0,12.0,28.0,NaN,NaN
national,1095,calibration,224.0,43.0,95.0,164.0,10.0,14.0,27.0,28.3550911215159,NaN
national,1096,reference,197.0,29.0,149.0,159.0,11.0,12.0,20.0,NaN,NaN
national,1097,calibration,192.0,40.0,126.0,177.0,8.0,13.0,21.0,16.737102134035563,NaN
national,1098,reference,194.0,37.0,139.0,164.0,8.0,12.0,23.0,NaN,NaN
national,1099,calibration,205.0,40.0,113.0,168.0,11.0,13.0,27.0,15.653506758398418,NaN
national,1100,reference,218.0,43.0,81.0,185.0,9.0,13.0,28.0,NaN,NaN
national,1101,calibration,213.0,23.0,154.0,142.0,10.0,14.0,21.0,22.551498403757716,NaN
national,1102,reference,208.0,37.0,111.0,170.0,10.0,12.0,29.0,NaN,NaN
national,1103,calibration,155.0,30.0,186.0,156.0,10.0,13.0,27.0,48.14637797290824,NaN
national,1104,reference,211.0,23.0,136.0,159.0,12.0,11.0,25.0,NaN,NaN
national,1105,calibration,206.0,20.0,132.0,172.0,9.0,13.0,25.0,15.978193874839452,NaN
national,1106,reference,168.0,16.0,187.0,164.0,8.0,11.0,23.0,NaN,NaN
national,1107,calibration,213.0,39.0,100.0,177.0,10.0,12.0,26.0,23.54795721684503,NaN
national,1108,reference,208.0,27.0,165.0,137.0,9.0,13.0,18.0,NaN,NaN
national,1109,calibration,218.0,25.0,121.0,166.0,10.0,11.0,26.0,16.600220216373298,NaN
national,1110,reference,176.0,21.0,188.0,147.0,8.0,14.0,23.0,NaN,NaN
national,1111,calibration,200.0,33.0,129.0,167.0,9.0,12.0,27.0,12.274799800161464,NaN
national,1112,reference,217.0,38.0,110.0,167.0,12.0,13.0,20.0,NaN,NaN
national,1113,calibration,211.0,40.0,107.0,169.0,12.0,13.0,25.0,18.400531486366884,NaN
national,1114,reference,211.0,25.0,184.0,115.0,10.0,13.0,19.0,NaN,NaN
national,1115,calibration,174.0,17.0,241.0,105.0,8.0,13.0,19.0,98.20068148577907,NaN
national,1116,reference,172.0,29.0,186.0,147.0,10.0,12.0,21.0,NaN,NaN
national,1117,calibration,205.0,27.0,149.0,152.0,10.0,12.0,22.0,16.04374394019541,NaN
national,1118,reference,174.0,37.0,149.0,169.0,9.0,13.0,26.0,NaN,NaN
national,1119,calibration,189.0,26.0,154.0,161.0,10.0,14.0,23.0,18.177953183033463,NaN
national,1120,reference,197.0,17.0,163.0,158.0,7.0,13.0,22.0,NaN,NaN
national,1121,calibration,220.0,44.0,84.0,179.0,10.0,12.0,28.0,36.520522912045095,NaN
national,1122,reference,224.0,33.0,115.0,160.0,9.0,13.0,23.0,NaN,NaN
national,1123,calibration,190.0,38.0,142.0,160.0,11.0,13.0,23.0,14.678744390163846,NaN
national,1124,reference,224.0,35.0,128.0,145.0,8.0,12.0,25.0,NaN,NaN
national,1125,calibration,208.0,45.0,93.0,177.0,9.0,14.0,31.0,28.995384918088238,NaN
national,1126,reference,187.0,24.0,187.0,136.0,10.0,12.0,21.0,NaN,NaN
national,1127,calibration,185.0,30.0,180.0,136.0,10.0,14.0,22.0,36.33905005616019,NaN
national,1128,reference,236.0,41.0,68.0,181.0,12.0,14.0,25.0,NaN,NaN
national,1129,calibration,217.0,27.0,114.0,172.0,11.0,13.0,23.0,18.222340386384683,NaN
national,1130,reference,204.0,39.0,113.0,169.0,9.0,14.0,29.0,NaN,NaN
national,1131,calibration,203.0,23.0,185.0,118.0,9.0,13.0,26.0,47.38794126659582,NaN
national,1132,reference,216.0,45.0,82.0,179.0,10.0,13.0,32.0,NaN,NaN
national,1133,calibration,199.0,44.0,110.0,172.0,9.0,13.0,30.0,19.095611189127577,NaN
national,1134,reference,205.0,41.0,118.0,170.0,9.0,13.0,21.0,NaN,NaN
national,1135,calibration,186.0,35.0,148.0,169.0,11.0,12.0,16.0,18.269992499582283,NaN
national,1136,reference,209.0,35.0,131.0,159.0,10.0,11.0,22.0,NaN,NaN
national,1137,calibration,224.0,20.0,129.0,157.0,10.0,13.0,24.0,19.728064119694647,NaN
national,1138,reference,210.0,44.0,88.0,179.0,10.0,14.0,32.0,NaN,NaN
national,1139,calibration,163.0,25.0,162.0,179.0,10.0,12.0,26.0,35.46112366370329,NaN
national,1140,reference,197.0,36.0,126.0,177.0,9.0,13.0,19.0,NaN,NaN
national,1141,calibration,220.0,32.0,110.0,169.0,11.0,13.0,22.0,19.16556391962052,NaN
national,1142,reference,208.0,37.0,114.0,172.0,11.0,13.0,22.0,NaN,NaN
national,1143,calibration,213.0,25.0,183.0,118.0,9.0,11.0,18.0,47.439138068442446,NaN
national,1144,reference,230.0,34.0,95.0,173.0,8.0,13.0,24.0,NaN,NaN
national,1145,calibration,221.0,32.0,119.0,161.0,10.0,12.0,22.0,16.737202263004416,NaN
national,1146,reference,164.0,35.0,161.0,168.0,10.0,13.0,26.0,NaN,NaN
national,1147,calibration,175.0,40.0,142.0,175.0,7.0,13.0,25.0,22.75600699191882,NaN
national,1148,reference,216.0,40.0,114.0,162.0,10.0,12.0,23.0,NaN,NaN
national,1149,calibration,202.0,29.0,124.0,168.0,11.0,14.0,29.0,13.53243733606261,NaN
national,1150,reference,200.0,35.0,120.0,170.0,11.0,13.0,28.0,NaN,NaN
national,1151,calibration,208.0,36.0,134.0,150.0,9.0,12.0,28.0,14.468623568074097,NaN
national,1152,reference,208.0,34.0,144.0,154.0,7.0,12.0,18.0,NaN,NaN
national,1153,calibration,156.0,17.0,210.0,151.0,8.0,13.0,22.0,65.57827065472001,NaN
national,1154,reference,191.0,21.0,178.0,147.0,9.0,14.0,17.0,NaN,NaN
national,1155,calibration,227.0,44.0,75.0,182.0,11.0,12.0,26.0,45.909122826255015,NaN
national,1156,reference,207.0,42.0,106.0,174.0,8.0,14.0,26.0,NaN,NaN
national,1157,calibration,169.0,26.0,183.0,150.0,10.0,12.0,27.0,40.01594281394439,NaN
national,1158,reference,216.0,39.0,128.0,145.0,10.0,14.0,25.0,NaN,NaN
national,1159,calibration,229.0,44.0,78.0,178.0,9.0,10.0,29.0,43.48945595120537,NaN
national,1160,reference,220.0,22.0,147.0,144.0,8.0,12.0,24.0,NaN,NaN
national,1161,calibration,221.0,34.0,115.0,159.0,9.0,12.0,27.0,17.876092187090148,NaN
national,1162,reference,223.0,36.0,126.0,145.0,9.0,13.0,25.0,NaN,NaN
national,1163,calibration,142.0,18.0,223.0,153.0,7.0,13.0,21.0,82.26716432866556,NaN
national,1164,reference,208.0,25.0,120.0,174.0,11.0,12.0,27.0,NaN,NaN
national,1165,calibration,212.0,45.0,91.0,180.0,11.0,14.0,24.0,30.84517101237815,NaN
national,1166,reference,156.0,23.0,212.0,138.0,10.0,14.0,24.0,NaN,NaN
national,1167,calibration,215.0,35.0,159.0,122.0,10.0,13.0,23.0,34.2110411648366,NaN
national,1168,reference,164.0,32.0,190.0,148.0,7.0,12.0,24.0,NaN,NaN
national,1169,calibration,207.0,36.0,129.0,158.0,11.0,12.0,24.0,12.305122058926163,NaN
national,1170,reference,162.0,38.0,165.0,162.0,10.0,13.0,27.0,NaN,NaN
national,1171,calibration,211.0,38.0,125.0,159.0,10.0,12.0,22.0,13.213803881617462,NaN
national,1172,reference,223.0,34.0,94.0,176.0,8.0,12.0,30.0,NaN,NaN
national,1173,calibration,239.0,41.0,74.0,178.0,11.0,11.0,23.0,50.181631030229056,NaN
national,1174,reference,226.0,38.0,100.0,170.0,8.0,12.0,23.0,NaN,NaN
national,1175,calibration,230.0,38.0,83.0,176.0,8.0,11.0,31.0,39.414880945879986,NaN
national,1176,reference,194.0,38.0,123.0,172.0,10.0,10.0,30.0,NaN,NaN
national,1177,calibration,227.0,39.0,95.0,170.0,7.0,13.0,26.0,29.09593918334986,NaN
national,1178,reference,214.0,41.0,85.0,186.0,10.0,14.0,27.0,NaN,NaN
national,1179,calibration,232.0,36.0,108.0,159.0,9.0,12.0,21.0,25.316442372993162,NaN
national,1180,reference,194.0,40.0,105.0,194.0,7.0,10.0,27.0,NaN,NaN
national,1181,calibration,202.0,36.0,130.0,164.0,10.0,13.0,22.0,11.813678711234761,NaN
national,1182,reference,232.0,45.0,70.0,176.0,10.0,12.0,32.0,NaN,NaN
national,1183,calibration,170.0,21.0,225.0,122.0,9.0,13.0,17.0,78.65044980307742,NaN
national,1184,reference,207.0,39.0,120.0,166.0,10.0,13.0,22.0,NaN,NaN
national,1185,calibration,223.0,25.0,123.0,159.0,8.0,13.0,26.0,18.236622376874426,NaN
national,1186,reference,188.0,25.0,176.0,142.0,8.0,12.0,26.0,NaN,NaN
national,1187,calibration,198.0,37.0,113.0,177.0,10.0,13.0,29.0,18.16531064118605,NaN
national,1188,reference,163.0,32.0,172.0,162.0,12.0,11.0,25.0,NaN,NaN
national,1189,calibration,207.0,18.0,189.0,124.0,8.0,12.0,19.0,47.90101925179725,NaN
national,1190,reference,202.0,19.0,187.0,128.0,9.0,12.0,20.0,NaN,NaN
national,1191,calibration,206.0,34.0,134.0,161.0,10.0,12.0,20.0,12.135339970572577,NaN
national,1192,reference,230.0,27.0,132.0,148.0,7.0,13.0,20.0,NaN,NaN
national,1193,calibration,219.0,33.0,123.0,158.0,10.0,13.0,21.0,15.616810112294846,NaN
national,1194,reference,216.0,20.0,125.0,169.0,9.0,12.0,26.0,NaN,NaN
national,1195,calibration,217.0,33.0,129.0,153.0,9.0,13.0,23.0,15.229483280378783,NaN
national,1196,reference,201.0,38.0,121.0,175.0,9.0,13.0,20.0,NaN,NaN
national,1197,calibration,216.0,40.0,99.0,175.0,10.0,13.0,24.0,24.162086257169346,NaN
national,1198,reference,248.0,34.0,85.0,166.0,9.0,13.0,22.0,NaN,NaN
national,1199,calibration,237.0,22.0,111.0,166.0,9.0,13.0,19.0,29.167977090601934,NaN
national,1200,reference,198.0,37.0,135.0,165.0,8.0,13.0,21.0,NaN,NaN
national,1201,calibration,198.0,22.0,176.0,136.0,8.0,13.0,24.0,33.292428973257984,NaN
national,1202,reference,197.0,34.0,165.0,138.0,9.0,13.0,21.0,NaN,NaN
national,1203,calibration,236.0,28.0,115.0,158.0,7.0,11.0,22.0,26.227450331683574,NaN
national,1204,reference,222.0,38.0,102.0,166.0,11.0,12.0,26.0,NaN,NaN
national,1205,calibration,207.0,36.0,123.0,165.0,11.0,13.0,22.0,12.570824253365036,NaN
national,1206,reference,156.0,24.0,192.0,157.0,9.0,14.0,25.0,NaN,NaN
national,1207,calibration,213.0,40.0,98.0,182.0,7.0,12.0,25.0,26.564884315864642,NaN
national,1208,reference,208.0,43.0,114.0,167.0,12.0,12.0,21.0,NaN,NaN
national,1209,calibration,199.0,43.0,113.0,178.0,11.0,12.0,21.0,19.027053689445314,NaN
national,1210,reference,145.0,17.0,214.0,162.0,5.0,10.0,24.0,NaN,NaN
national,1211,calibration,265.0,43.0,61.0,157.0,11.0,12.0,28.0,73.9763898898304,NaN
national,1212,reference,214.0,19.0,187.0,117.0,10.0,13.0,17.0,NaN,NaN
national,1213,calibration,206.0,24.0,154.0,149.0,8.0,12.0,24.0,18.914976340550066,NaN
national,1214,reference,212.0,39.0,113.0,167.0,11.0,13.0,22.0,NaN,NaN
national,1215,calibration,196.0,39.0,123.0,170.0,10.0,13.0,26.0,14.09197432522264,NaN
national,1216,reference,191.0,34.0,149.0,157.0,5.0,13.0,28.0,NaN,NaN
national,1217,calibration,216.0,30.0,125.0,160.0,9.0,14.0,23.0,14.349455891573324,NaN
national,1218,reference,200.0,24.0,209.0,107.0,8.0,12.0,17.0,NaN,NaN
national,1219,calibration,239.0,44.0,72.0,172.0,10.0,13.0,27.0,51.130198290048654,NaN
national,1220,reference,137.0,24.0,211.0,157.0,9.0,13.0,26.0,NaN,NaN
national,1221,calibration,140.0,21.0,205.0,170.0,8.0,13.0,20.0,70.73659168758965,NaN
national,1222,reference,216.0,39.0,98.0,173.0,10.0,13.0,28.0,NaN,NaN
national,1223,calibration,238.0,36.0,116.0,141.0,10.0,13.0,23.0,31.256404184702998,NaN
national,1224,reference,203.0,41.0,111.0,172.0,11.0,13.0,26.0,NaN,NaN
national,1225,calibration,205.0,18.0,177.0,137.0,11.0,13.0,16.0,35.17918696404661,NaN
national,1226,reference,207.0,20.0,156.0,150.0,11.0,12.0,21.0,NaN,NaN
national,1227,calibration,232.0,40.0,96.0,165.0,10.0,11.0,23.0,30.647659508897082,NaN
national,1228,reference,149.0,38.0,164.0,176.0,12.0,13.0,25.0,NaN,NaN
national,1229,calibration,198.0,35.0,132.0,164.0,8.0,13.0,27.0,12.220909406135778,NaN
national,1230,reference,213.0,37.0,99.0,178.0,10.0,12.0,28.0,NaN,NaN
national,1231,calibration,237.0,39.0,99.0,156.0,9.0,11.0,26.0,32.56487084911994,NaN
national,1232,reference,185.0,39.0,145.0,165.0,9.0,12.0,22.0,NaN,NaN
national,1233,calibration,201.0,34.0,141.0,152.0,9.0,13.0,27.0,13.940993876826926,NaN
national,1234,reference,229.0,39.0,99.0,164.0,8.0,11.0,27.0,NaN,NaN
national,1235,calibration,225.0,24.0,129.0,158.0,10.0,13.0,18.0,19.336501710966164,NaN
national,1236,reference,231.0,38.0,89.0,175.0,9.0,10.0,25.0,NaN,NaN
national,1237,calibration,218.0,38.0,112.0,164.0,11.0,12.0,22.0,17.486859034836595,NaN
national,1238,reference,196.0,21.0,188.0,123.0,9.0,13.0,27.0,NaN,NaN
national,1239,calibration,208.0,19.0,153.0,152.0,10.0,12.0,23.0,19.580061774693693,NaN
national,1240,reference,237.0,41.0,70.0,182.0,9.0,11.0,27.0,NaN,NaN
national,1241,calibration,231.0,37.0,89.0,176.0,11.0,11.0,22.0,35.40854694610451,NaN
national,1242,reference,211.0,35.0,146.0,140.0,8.0,13.0,24.0,NaN,NaN
national,1243,calibration,191.0,41.0,128.0,171.0,10.0,12.0,24.0,15.175991649024613,NaN
national,1244,reference,212.0,40.0,100.0,174.0,10.0,14.0,27.0,NaN,NaN
national,1245,calibration,247.0,38.0,77.0,173.0,9.0,11.0,22.0,51.38642739956542,NaN
national,1246,reference,214.0,29.0,146.0,144.0,8.0,13.0,23.0,NaN,NaN
national,1247,calibration,156.0,42.0,149.0,183.0,8.0,10.0,29.0,38.06910326174061,NaN
national,1248,reference,245.0,41.0,64.0,186.0,10.0,10.0,21.0,NaN,NaN
national,1249,calibration,227.0,45.0,70.0,188.0,11.0,10.0,26.0,51.91505969062405,NaN
national,1250,reference,203.0,30.0,173.0,125.0,8.0,13.0,25.0,NaN,NaN
national,1251,calibration,222.0,24.0,178.0,110.0,9.0,12.0,22.0,51.79350190395637,NaN
national,1252,reference,199.0,40.0,111.0,177.0,9.0,14.0,27.0,NaN,NaN
national,1253,calibration,199.0,40.0,114.0,178.0,9.0,13.0,24.0,17.940545485036832,NaN
national,1254,reference,231.0,35.0,122.0,143.0,11.0,12.0,23.0,NaN,NaN
national,1255,calibration,206.0,21.0,156.0,151.0,8.0,13.0,22.0,19.961465009748405,NaN
national,1256,reference,193.0,20.0,174.0,145.0,9.0,13.0,23.0,NaN,NaN
national,1257,calibration,229.0,39.0,94.0,165.0,11.0,13.0,26.0,30.284625092516155,NaN
national,1258,reference,160.0,16.0,216.0,146.0,8.0,13.0,18.0,NaN,NaN
national,1259,calibration,156.0,28.0,216.0,135.0,9.0,13.0,20.0,71.73429590641689,NaN
national,1260,reference,204.0,20.0,202.0,113.0,6.0,13.0,19.0,NaN,NaN
national,1261,calibration,223.0,36.0,128.0,146.0,12.0,12.0,20.0,19.992338705394747,NaN
national,1262,reference,209.0,39.0,121.0,161.0,12.0,13.0,22.0,NaN,NaN
national,1263,calibration,236.0,36.0,91.0,170.0,9.0,13.0,22.0,35.67348945213966,NaN
national,1264,reference,175.0,44.0,136.0,174.0,12.0,13.0,23.0,NaN,NaN
national,1265,calibration,222.0,46.0,70.0,185.0,9.0,13.0,32.0,50.24079173355473,NaN
national,1266,reference,158.0,19.0,234.0,128.0,8.0,13.0,17.0,NaN,NaN
national,1267,calibration,225.0,45.0,73.0,187.0,9.0,13.0,25.0,48.59416638611155,NaN
national,1268,reference,235.0,35.0,89.0,173.0,9.0,12.0,24.0,NaN,NaN
national,1269,calibration,243.0,38.0,80.0,170.0,10.0,13.0,23.0,46.66139364598615,NaN
national,1270,reference,182.0,27.0,187.0,136.0,9.0,14.0,22.0,NaN,NaN
national,1271,calibration,171.0,20.0,188.0,154.0,7.0,13.0,24.0,42.7911250739882,NaN
national,1272,reference,170.0,22.0,222.0,119.0,8.0,13.0,23.0,NaN,NaN
national,1273,calibration,203.0,25.0,172.0,137.0,9.0,11.0,20.0,30.46808095408618,NaN
national,1274,reference,213.0,20.0,151.0,151.0,9.0,14.0,19.0,NaN,NaN
national,1275,calibration,229.0,40.0,96.0,165.0,11.0,13.0,23.0,29.213944547300603,NaN
national,1276,reference,190.0,16.0,174.0,152.0,9.0,12.0,24.0,NaN,NaN
national,1277,calibration,143.0,36.0,203.0,153.0,10.0,13.0,19.0,66.41482728559984,NaN
national,1278,reference,202.0,33.0,115.0,178.0,11.0,13.0,25.0,NaN,NaN
national,1279,calibration,193.0,31.0,144.0,161.0,10.0,13.0,25.0,14.070180352079962,NaN
national,1280,reference,160.0,43.0,159.0,163.0,10.0,13.0,29.0,NaN,NaN
national,1281,calibration,157.0,30.0,197.0,148.0,8.0,12.0,25.0,54.712197743100745,NaN
national,1282,reference,208.0,41.0,103.0,176.0,10.0,13.0,26.0,NaN,NaN
national,1283,calibration,240.0,36.0,106.0,155.0,11.0,11.0,18.0,31.80904835578517,NaN
national,1284,reference,210.0,25.0,138.0,158.0,9.0,14.0,23.0,NaN,NaN
national,1285,calibration,193.0,39.0,117.0,175.0,11.0,13.0,29.0,17.65634783315802,NaN
national,1286,reference,210.0,37.0,132.0,151.0,11.0,14.0,22.0,NaN,NaN
national,1287,calibration,207.0,38.0,111.0,173.0,10.0,12.0,26.0,16.797304758338914,NaN
national,1288,reference,161.0,38.0,153.0,177.0,10.0,13.0,25.0,NaN,NaN
national,1289,calibration,206.0,42.0,98.0,176.0,10.0,13.0,32.0,25.24269418714866,NaN
national,1290,reference,198.0,35.0,145.0,154.0,10.0,12.0,23.0,NaN,NaN
national,1291,calibration,176.0,37.0,172.0,145.0,10.0,13.0,24.0,31.897971299857137,NaN
national,1292,reference,156.0,43.0,154.0,172.0,9.0,14.0,29.0,NaN,NaN
national,1293,calibration,226.0,25.0,117.0,162.0,10.0,14.0,23.0,20.454483488544472,NaN
national,1294,reference,192.0,41.0,132.0,167.0,10.0,12.0,23.0,NaN,NaN
national,1295,calibration,193.0,30.0,166.0,145.0,11.0,13.0,19.0,24.549417943446056,NaN
national,1296,reference,226.0,24.0,142.0,141.0,8.0,12.0,24.0,NaN,NaN
national,1297,calibration,192.0,26.0,162.0,150.0,11.0,13.0,23.0,21.749965008764132,NaN
national,1298,reference,201.0,37.0,103.0,188.0,10.0,13.0,25.0,NaN,NaN
national,1299,calibration,203.0,35.0,153.0,134.0,10.0,14.0,28.0,23.944153892450945,NaN
national,1300,reference,176.0,28.0,190.0,139.0,9.0,13.0,22.0,NaN,NaN
national,1301,calibration,206.0,33.0,115.0,174.0,10.0,12.0,27.0,15.782874364787158,NaN
national,1302,reference,211.0,33.0,126.0,161.0,10.0,11.0,25.0,NaN,NaN
national,1303,calibration,177.0,38.0,148.0,166.0,12.0,14.0,22.0,20.83497108781003,NaN
national,1304,reference,195.0,23.0,157.0,158.0,12.0,13.0,19.0,NaN,NaN
national,1305,calibration,161.0,39.0,165.0,168.0,11.0,13.0,20.0,34.97084922735547,NaN
national,1306,reference,225.0,38.0,98.0,169.0,9.0,13.0,25.0,NaN,NaN
national,1307,calibration,214.0,32.0,144.0,146.0,10.0,12.0,19.0,17.894010473549482,NaN
national,1308,reference,230.0,42.0,83.0,176.0,11.0,13.0,22.0,NaN,NaN
national,1309,calibration,193.0,37.0,139.0,163.0,10.0,13.0,22.0,13.419837514338102,NaN
national,1310,reference,200.0,16.0,145.0,173.0,9.0,12.0,22.0,NaN,NaN
national,1311,calibration,162.0,29.0,212.0,131.0,9.0,11.0,23.0,67.26504008880006,NaN
national,1312,reference,174.0,35.0,181.0,143.0,9.0,12.0,23.0,NaN,NaN
national,1313,calibration,180.0,42.0,141.0,171.0,10.0,13.0,20.0,19.829311303818447,NaN
national,1314,reference,212.0,29.0,154.0,138.0,7.0,13.0,24.0,NaN,NaN
national,1315,calibration,165.0,43.0,136.0,181.0,11.0,14.0,27.0,30.542244156792282,NaN
national,1316,reference,227.0,27.0,134.0,151.0,8.0,12.0,18.0,NaN,NaN
national,1317,calibration,205.0,42.0,106.0,171.0,10.0,13.0,30.0,19.637520325779573,NaN
national,1318,reference,163.0,39.0,167.0,167.0,10.0,10.0,21.0,NaN,NaN
national,1319,calibration,168.0,25.0,215.0,131.0,8.0,13.0,17.0,67.85966577282957,NaN
national,1320,reference,180.0,29.0,161.0,165.0,10.0,14.0,18.0,NaN,NaN
national,1321,calibration,202.0,28.0,162.0,141.0,9.0,13.0,22.0,23.596759621264557,NaN
national,1322,reference,188.0,26.0,161.0,158.0,9.0,14.0,21.0,NaN,NaN
national,1323,calibration,195.0,21.0,192.0,132.0,7.0,12.0,18.0,45.51918187722953,NaN
national,1324,reference,178.0,31.0,167.0,152.0,11.0,11.0,27.0,NaN,NaN
national,1325,calibration,167.0,16.0,199.0,155.0,8.0,12.0,20.0,52.82094735890327,NaN
national,1326,reference,191.0,23.0,181.0,134.0,9.0,14.0,25.0,NaN,NaN
national,1327,calibration,210.0,39.0,122.0,156.0,9.0,14.0,27.0,14.296570456412457,NaN
national,1328,reference,169.0,35.0,155.0,169.0,8.0,13.0,28.0,NaN,NaN
national,1329,calibration,207.0,42.0,107.0,171.0,9.0,13.0,28.0,18.842268649889963,NaN
national,1330,reference,182.0,31.0,167.0,154.0,7.0,13.0,23.0,NaN,NaN
national,1331,calibration,184.0,37.0,147.0,159.0,9.0,13.0,28.0,17.604376066703804,NaN
national,1332,reference,216.0,35.0,134.0,149.0,9.0,12.0,22.0,NaN,NaN
national,1333,calibration,168.0,21.0,186.0,159.0,8.0,13.0,22.0,42.3617922488384,NaN
national,1334,reference,191.0,44.0,91.0,199.0,10.0,13.0,29.0,NaN,NaN
national,1335,calibration,240.0,40.0,88.0,159.0,9.0,13.0,28.0,40.13889489022465,NaN
national,1336,reference,222.0,17.0,145.0,151.0,7.0,12.0,23.0,NaN,NaN
national,1337,calibration,199.0,40.0,117.0,173.0,10.0,13.0,25.0,15.563658044198942,NaN
national,1338,reference,150.0,36.0,195.0,153.0,6.0,13.0,24.0,NaN,NaN
national,1339,calibration,184.0,19.0,206.0,132.0,8.0,12.0,16.0,57.45730212373313,NaN
national,1340,reference,219.0,36.0,119.0,164.0,11.0,12.0,16.0,NaN,NaN
national,1341,calibration,225.0,30.0,117.0,159.0,8.0,11.0,27.0,19.392500825968735,NaN
national,1342,reference,230.0,45.0,62.0,191.0,8.0,12.0,29.0,NaN,NaN
national,1343,calibration,201.0,44.0,104.0,178.0,12.0,13.0,25.0,22.62082062016673,NaN
national,1344,reference,202.0,20.0,192.0,123.0,9.0,13.0,18.0,NaN,NaN
national,1345,calibration,219.0,44.0,97.0,171.0,11.0,11.0,24.0,26.041497506641452,NaN
national,1346,reference,190.0,38.0,144.0,158.0,9.0,12.0,26.0,NaN,NaN
national,1347,calibration,212.0,40.0,101.0,175.0,9.0,14.0,26.0,22.4874157917741,NaN
national,1348,reference,204.0,28.0,169.0,139.0,6.0,13.0,18.0,NaN,NaN
national,1349,calibration,210.0,36.0,123.0,161.0,8.0,13.0,26.0,12.9896636790026,NaN
national,1350,reference,208.0,37.0,123.0,169.0,6.0,10.0,24.0,NaN,NaN
national,1351,calibration,180.0,39.0,142.0,169.0,10.0,14.0,23.0,18.895805999536133,NaN
national,1352,reference,189.0,36.0,157.0,150.0,10.0,13.0,22.0,NaN,NaN
national,1353,calibration,206.0,38.0,96.0,182.0,10.0,13.0,32.0,27.864322466237606,NaN
national,1354,reference,227.0,37.0,99.0,163.0,9.0,13.0,29.0,NaN,NaN
national,1355,calibration,217.0,39.0,105.0,169.0,10.0,13.0,24.0,20.189251501513734,NaN
national,1356,reference,220.0,22.0,170.0,125.0,7.0,13.0,20.0,NaN,NaN
national,1357,calibration,187.0,18.0,173.0,158.0,9.0,13.0,19.0,29.388162912593128,NaN
national,1358,reference,201.0,36.0,130.0,173.0,8.0,12.0,17.0,NaN,NaN
national,1359,calibration,221.0,35.0,128.0,157.0,7.0,10.0,19.0,16.51587559871658,NaN
national,1360,reference,189.0,30.0,150.0,158.0,10.0,14.0,26.0,NaN,NaN
national,1361,calibration,231.0,33.0,108.0,165.0,6.0,13.0,21.0,24.69891439009719,NaN
national,1362,reference,236.0,39.0,66.0,187.0,8.0,11.0,30.0,NaN,NaN
national,1363,calibration,228.0,37.0,101.0,161.0,10.0,11.0,29.0,26.332096312223438,NaN
national,1364,reference,198.0,35.0,135.0,161.0,9.0,13.0,26.0,NaN,NaN
national,1365,calibration,209.0,46.0,79.0,189.0,10.0,14.0,30.0,42.941095116970644,NaN
national,1366,reference,244.0,33.0,102.0,157.0,8.0,10.0,23.0,NaN,NaN
national,1367,calibration,208.0,40.0,115.0,168.0,11.0,12.0,23.0,14.96466069016557,NaN
national,1368,reference,172.0,27.0,162.0,170.0,8.0,13.0,25.0,NaN,NaN
national,1369,calibration,221.0,20.0,158.0,136.0,7.0,14.0,21.0,29.47321712142647,NaN
national,1370,reference,212.0,35.0,144.0,145.0,9.0,14.0,18.0,NaN,NaN
national,1371,calibration,198.0,43.0,114.0,175.0,6.0,14.0,27.0,18.057887511631055,NaN
national,1372,reference,219.0,16.0,132.0,165.0,11.0,12.0,22.0,NaN,NaN
national,1373,calibration,196.0,26.0,179.0,134.0,10.0,10.0,22.0,35.40582411834134,NaN
national,1374,reference,183.0,29.0,164.0,157.0,9.0,13.0,22.0,NaN,NaN
national,1375,calibration,166.0,41.0,154.0,172.0,12.0,13.0,19.0,29.540952328861156,NaN
national,1376,reference,176.0,40.0,135.0,171.0,10.0,14.0,31.0,NaN,NaN
national,1377,calibration,203.0,41.0,114.0,167.0,10.0,12.0,30.0,15.903310041858472,NaN
national,1378,reference,194.0,36.0,144.0,156.0,9.0,13.0,25.0,NaN,NaN
national,1379,calibration,183.0,18.0,157.0,173.0,11.0,13.0,22.0,24.772512535680175,NaN
national,1380,reference,225.0,18.0,125.0,161.0,8.0,13.0,27.0,NaN,NaN
national,1381,calibration,211.0,39.0,120.0,160.0,11.0,13.0,23.0,14.010819638645717,NaN
national,1382,reference,213.0,28.0,151.0,138.0,10.0,13.0,24.0,NaN,NaN
national,1383,calibration,225.0,29.0,120.0,156.0,11.0,13.0,23.0,19.157387490920858,NaN
national,1384,reference,179.0,19.0,223.0,115.0,7.0,10.0,24.0,NaN,NaN
national,1385,calibration,187.0,42.0,132.0,172.0,9.0,11.0,24.0,16.695526757277914,NaN
national,1386,reference,260.0,46.0,57.0,170.0,9.0,8.0,27.0,NaN,NaN
national,1387,calibration,208.0,25.0,180.0,127.0,7.0,11.0,19.0,40.05975747677846,NaN
national,1388,reference,162.0,30.0,178.0,165.0,10.0,13.0,19.0,NaN,NaN
national,1389,calibration,168.0,32.0,164.0,170.0,10.0,13.0,20.0,30.596953462871188,NaN
national,1390,reference,173.0,38.0,146.0,169.0,11.0,14.0,26.0,NaN,NaN
national,1391,calibration,173.0,33.0,182.0,146.0,8.0,13.0,22.0,38.135182777108085,NaN
national,1392,reference,172.0,36.0,159.0,166.0,9.0,12.0,23.0,NaN,NaN
national,1393,calibration,211.0,40.0,109.0,168.0,10.0,12.0,27.0,17.45037373205908,NaN
national,1394,reference,216.0,39.0,108.0,168.0,10.0,13.0,23.0,NaN,NaN
national,1395,calibration,218.0,44.0,94.0,174.0,8.0,14.0,25.0,28.087320750552838,NaN
national,1396,reference,226.0,26.0,111.0,169.0,8.0,13.0,24.0,NaN,NaN
national,1397,calibration,214.0,36.0,125.0,153.0,9.0,14.0,26.0,14.905234836198918,NaN
national,1398,reference,171.0,32.0,174.0,148.0,9.0,13.0,30.0,NaN,NaN
national,1399,calibration,187.0,35.0,134.0,174.0,10.0,12.0,25.0,16.365164687038135,NaN
national,1400,reference,235.0,39.0,78.0,172.0,10.0,13.0,30.0,NaN,NaN
national,1401,calibration,188.0,18.0,181.0,149.0,9.0,13.0,19.0,34.70056316227654,NaN
national,1402,reference,154.0,37.0,189.0,153.0,9.0,13.0,22.0,NaN,NaN
national,1403,calibration,226.0,30.0,163.0,120.0,9.0,12.0,17.0,40.44244662760046,NaN
national,1404,reference,208.0,38.0,113.0,174.0,10.0,11.0,23.0,NaN,NaN
national,1405,calibration,215.0,19.0,171.0,130.0,10.0,13.0,19.0,36.08969004579579,NaN
national,1406,reference,157.0,27.0,210.0,141.0,9.0,13.0,20.0,NaN,NaN
national,1407,calibration,169.0,35.0,151.0,177.0,10.0,10.0,25.0,27.607527698417822,NaN
national,1408,reference,217.0,35.0,119.0,165.0,11.0,12.0,18.0,NaN,NaN
national,1409,calibration,199.0,41.0,119.0,172.0,11.0,12.0,23.0,15.060123330881293,NaN
national,1410,reference,208.0,26.0,162.0,137.0,8.0,12.0,24.0,NaN,NaN
national,1411,calibration,210.0,39.0,111.0,169.0,10.0,14.0,24.0,16.424685532496166,NaN
national,1412,reference,235.0,23.0,98.0,174.0,10.0,11.0,26.0,NaN,NaN
national,1413,calibration,190.0,37.0,151.0,153.0,9.0,13.0,24.0,17.30201279255,NaN
national,1414,reference,230.0,32.0,117.0,156.0,8.0,11.0,23.0,NaN,NaN
national,1415,calibration,147.0,36.0,173.0,178.0,8.0,13.0,22.0,49.051540810689545,NaN
national,1416,reference,215.0,39.0,107.0,171.0,11.0,14.0,20.0,NaN,NaN
national,1417,calibration,187.0,45.0,128.0,173.0,9.0,12.0,23.0,17.891974225517938,NaN
national,1418,reference,207.0,28.0,133.0,160.0,11.0,12.0,26.0,NaN,NaN
national,1419,calibration,201.0,16.0,206.0,114.0,9.0,13.0,18.0,64.42511833471322,NaN
national,1420,reference,184.0,20.0,147.0,176.0,10.0,14.0,26.0,NaN,NaN
national,1421,calibration,208.0,38.0,136.0,152.0,10.0,13.0,20.0,14.09727476586016,NaN
national,1422,reference,234.0,40.0,99.0,160.0,9.0,12.0,23.0,NaN,NaN
national,1423,calibration,205.0,21.0,159.0,152.0,9.0,12.0,19.0,21.07069292756373,NaN
national,1424,reference,163.0,36.0,167.0,161.0,11.0,13.0,26.0,NaN,NaN
national,1425,calibration,169.0,35.0,176.0,152.0,10.0,13.0,22.0,35.39530742236725,NaN
national,1426,reference,201.0,38.0,134.0,157.0,10.0,12.0,25.0,NaN,NaN
national,1427,calibration,181.0,21.0,190.0,136.0,7.0,14.0,28.0,44.68902183166162,NaN
national,1428,reference,204.0,31.0,142.0,151.0,10.0,14.0,25.0,NaN,NaN
national,1429,calibration,207.0,40.0,110.0,171.0,10.0,12.0,27.0,17.09784895597029,NaN
national,1430,reference,198.0,43.0,107.0,182.0,8.0,12.0,27.0,NaN,NaN
national,1431,calibration,204.0,26.0,120.0,178.0,11.0,14.0,24.0,16.999314892737086,NaN
national,1432,reference,213.0,40.0,113.0,164.0,9.0,14.0,24.0,NaN,NaN
national,1433,calibration,234.0,42.0,93.0,160.0,9.0,12.0,27.0,33.96567264253204,NaN
national,1434,reference,184.0,37.0,136.0,179.0,8.0,11.0,22.0,NaN,NaN
national,1435,calibration,207.0,31.0,125.0,168.0,10.0,12.0,24.0,12.679299157910517,NaN
national,1436,reference,204.0,35.0,150.0,148.0,9.0,12.0,19.0,NaN,NaN
national,1437,calibration,217.0,41.0,87.0,181.0,9.0,13.0,29.0,34.01578534194003,NaN
national,1438,reference,199.0,36.0,146.0,145.0,10.0,13.0,28.0,NaN,NaN
national,1439,calibration,199.0,38.0,125.0,168.0,11.0,13.0,23.0,12.871401451556093,NaN
national,1440,reference,197.0,37.0,129.0,170.0,10.0,13.0,21.0,NaN,NaN
national,1441,calibration,206.0,19.0,171.0,144.0,7.0,12.0,18.0,29.336764260259688,NaN
national,1442,reference,202.0,23.0,167.0,144.0,12.0,10.0,19.0,NaN,NaN
national,1443,calibration,209.0,23.0,149.0,152.0,12.0,12.0,20.0,17.587864171208647,NaN
national,1444,reference,177.0,40.0,129.0,178.0,11.0,12.0,30.0,NaN,NaN
national,1445,calibration,227.0,35.0,86.0,181.0,10.0,11.0,27.0,37.02642599042056,NaN
national,1446,reference,224.0,39.0,109.0,159.0,11.0,13.0,22.0,NaN,NaN
national,1447,calibration,200.0,39.0,122.0,171.0,12.0,13.0,20.0,14.138819874299625,NaN
national,1448,reference,161.0,20.0,199.0,156.0,9.0,14.0,18.0,NaN,NaN
national,1449,calibration,229.0,26.0,116.0,165.0,8.0,10.0,23.0,22.055309650202584,NaN
national,1450,reference,220.0,23.0,148.0,142.0,11.0,12.0,21.0,NaN,NaN
national,1451,calibration,235.0,41.0,76.0,177.0,10.0,12.0,26.0,46.59730633566316,NaN
national,1452,reference,217.0,25.0,164.0,123.0,10.0,13.0,25.0,NaN,NaN
national,1453,calibration,184.0,21.0,198.0,136.0,9.0,12.0,17.0,49.72092004200438,NaN
national,1454,reference,210.0,27.0,126.0,166.0,10.0,13.0,25.0,NaN,NaN
national,1455,calibration,199.0,37.0,129.0,169.0,8.0,14.0,21.0,12.774282430606537,NaN
national,1456,reference,220.0,47.0,82.0,178.0,12.0,13.0,25.0,NaN,NaN
national,1457,calibration,223.0,38.0,108.0,164.0,10.0,13.0,21.0,20.770396778505567,NaN
national,1458,reference,205.0,40.0,114.0,175.0,8.0,10.0,25.0,NaN,NaN
national,1459,calibration,210.0,20.0,200.0,107.0,8.0,13.0,19.0,64.26195182498282,NaN
national,1460,reference,204.0,37.0,122.0,166.0,10.0,12.0,26.0,NaN,NaN
national,1461,calibration,192.0,37.0,146.0,158.0,9.0,12.0,23.0,14.921987507437056,NaN
national,1462,reference,201.0,35.0,133.0,160.0,11.0,14.0,23.0,NaN,NaN
national,1463,calibration,190.0,24.0,160.0,155.0,10.0,13.0,25.0,20.851521357157413,NaN
national,1464,reference,220.0,38.0,116.0,162.0,9.0,13.0,19.0,NaN,NaN
national,1465,calibration,228.0,44.0,74.0,181.0,6.0,12.0,32.0,47.311678104096,NaN
national,1466,reference,175.0,37.0,150.0,168.0,10.0,12.0,25.0,NaN,NaN
national,1467,calibration,186.0,25.0,161.0,164.0,10.0,11.0,20.0,22.13640312167399,NaN
national,1468,reference,255.0,46.0,52.0,176.0,8.0,10.0,30.0,NaN,NaN
national,1469,calibration,161.0,42.0,148.0,175.0,10.0,13.0,28.0,32.060183135997676,NaN
national,1470,reference,212.0,40.0,104.0,169.0,12.0,13.0,27.0,NaN,NaN
national,1471,calibration,221.0,33.0,116.0,165.0,8.0,13.0,21.0,17.40502927265329,NaN
national,1472,reference,220.0,30.0,146.0,137.0,8.0,13.0,23.0,NaN,NaN
national,1473,calibration,192.0,28.0,140.0,168.0,10.0,13.0,26.0,14.594415620600092,NaN
national,1474,reference,154.0,34.0,161.0,180.0,8.0,13.0,27.0,NaN,NaN
national,1475,calibration,203.0,36.0,110.0,181.0,9.0,14.0,24.0,19.84486941841436,NaN
national,1476,reference,239.0,42.0,93.0,157.0,10.0,13.0,23.0,NaN,NaN
national,1477,calibration,194.0,21.0,140.0,173.0,10.0,12.0,27.0,17.149596250246834,NaN
national,1478,reference,196.0,39.0,124.0,174.0,11.0,13.0,20.0,NaN,NaN
national,1479,calibration,189.0,16.0,156.0,176.0,11.0,13.0,16.0,25.140022463729363,NaN
national,1480,reference,209.0,40.0,112.0,170.0,10.0,12.0,24.0,NaN,NaN
national,1481,calibration,228.0,34.0,94.0,171.0,9.0,14.0,27.0,30.136677428633238,NaN
national,1482,reference,174.0,33.0,163.0,160.0,10.0,12.0,25.0,NaN,NaN
national,1483,calibration,204.0,19.0,194.0,120.0,10.0,14.0,16.0,52.88890440774584,NaN
national,1484,reference,219.0,34.0,143.0,140.0,10.0,11.0,20.0,NaN,NaN
national,1485,calibration,222.0,34.0,103.0,176.0,12.0,14.0,16.0,25.02302135388454,NaN
national,1486,reference,200.0,26.0,156.0,151.0,10.0,12.0,22.0,NaN,NaN
national,1487,calibration,221.0,40.0,95.0,173.0,10.0,12.0,26.0,27.35948042005405,NaN
national,1488,reference,173.0,19.0,189.0,157.0,7.0,12.0,20.0,NaN,NaN
national,1489,calibration,167.0,39.0,157.0,169.0,10.0,13.0,22.0,28.68058322398618,NaN
national,1490,reference,168.0,26.0,217.0,119.0,10.0,12.0,25.0,NaN,NaN
national,1491,calibration,204.0,40.0,115.0,170.0,10.0,12.0,26.0,15.12373710681089,NaN
national,1492,reference,198.0,21.0,164.0,155.0,10.0,12.0,17.0,NaN,NaN
national,1493,calibration,186.0,45.0,110.0,185.0,10.0,12.0,29.0,26.910946589281405,NaN
national,1494,reference,210.0,39.0,109.0,169.0,11.0,13.0,26.0,NaN,NaN
national,1495,calibration,168.0,17.0,214.0,140.0,7.0,11.0,20.0,65.62602892856322,NaN
national,1496,reference,208.0,25.0,120.0,177.0,8.0,11.0,28.0,NaN,NaN
national,1497,calibration,168.0,28.0,187.0,150.0,7.0,13.0,24.0,42.698908517793,NaN
national,1498,reference,199.0,26.0,170.0,141.0,10.0,12.0,19.0,NaN,NaN
national,1499,calibration,195.0,43.0,102.0,187.0,9.0,13.0,28.0,28.132904443601735,NaN
national,1500,reference,204.0,18.0,170.0,144.0,6.0,13.0,22.0,NaN,NaN
national,1501,calibration,194.0,44.0,105.0,178.0,8.0,14.0,34.0,24.672688386667705,NaN
national,1502,reference,224.0,35.0,95.0,173.0,8.0,12.0,30.0,NaN,NaN
national,1503,calibration,213.0,35.0,100.0,178.0,12.0,13.0,26.0,23.84958598117454,NaN
national,1504,reference,190.0,37.0,149.0,155.0,9.0,14.0,23.0,NaN,NaN
national,1505,calibration,192.0,25.0,157.0,163.0,9.0,13.0,18.0,19.380099418334186,NaN
national,1506,reference,189.0,24.0,188.0,134.0,10.0,12.0,20.0,NaN,NaN
national,1507,calibration,236.0,36.0,101.0,158.0,10.0,11.0,25.0,30.519843230674685,NaN
national,1508,reference,209.0,22.0,178.0,128.0,10.0,13.0,17.0,NaN,NaN
national,1509,calibration,206.0,32.0,133.0,165.0,12.0,13.0,16.0,13.092426964588402,NaN
national,1510,reference,226.0,16.0,119.0,174.0,10.0,10.0,22.0,NaN,NaN
national,1511,calibration,205.0,21.0,159.0,150.0,11.0,11.0,20.0,21.367150613617586,NaN
national,1512,reference,217.0,26.0,119.0,171.0,10.0,12.0,22.0,NaN,NaN
national,1513,calibration,180.0,40.0,144.0,169.0,10.0,12.0,22.0,19.337090212635598,NaN
national,1514,reference,207.0,24.0,145.0,156.0,7.0,13.0,25.0,NaN,NaN
national,1515,calibration,169.0,36.0,148.0,177.0,9.0,12.0,26.0,26.989549362785116,NaN
national,1516,reference,198.0,19.0,190.0,130.0,8.0,11.0,21.0,NaN,NaN
national,1517,calibration,229.0,31.0,135.0,139.0,12.0,8.0,23.0,25.54657819288619,NaN
national,1518,reference,209.0,41.0,116.0,164.0,13.0,12.0,22.0,NaN,NaN
national,1519,calibration,214.0,41.0,111.0,165.0,9.0,9.0,28.0,17.54381121612212,NaN
national,1520,reference,191.0,21.0,182.0,141.0,10.0,14.0,18.0,NaN,NaN
national,1521,calibration,206.0,38.0,117.0,169.0,11.0,11.0,25.0,14.1844877770808,NaN
national,1522,reference,180.0,38.0,156.0,157.0,10.0,13.0,23.0,NaN,NaN
national,1523,calibration,156.0,36.0,175.0,159.0,9.0,13.0,29.0,41.80623616500095,NaN
national,1524,reference,189.0,24.0,174.0,151.0,9.0,13.0,17.0,NaN,NaN
national,1525,calibration,195.0,24.0,157.0,155.0,9.0,13.0,24.0,18.891708636455906,NaN
national,1526,reference,237.0,23.0,133.0,149.0,6.0,10.0,19.0,NaN,NaN
national,1527,calibration,210.0,37.0,131.0,156.0,11.0,11.0,21.0,13.188810835498185,NaN
national,1528,reference,224.0,38.0,112.0,158.0,10.0,13.0,22.0,NaN,NaN
national,1529,calibration,208.0,25.0,155.0,149.0,11.0,11.0,18.0,19.738928974507335,NaN
national,1530,reference,181.0,38.0,150.0,165.0,9.0,12.0,22.0,NaN,NaN
national,1531,calibration,221.0,25.0,120.0,165.0,9.0,14.0,23.0,17.730516612352407,NaN
national,1532,reference,202.0,36.0,144.0,150.0,9.0,12.0,24.0,NaN,NaN
national,1533,calibration,215.0,32.0,109.0,173.0,9.0,11.0,28.0,18.937524271931895,NaN
national,1534,reference,231.0,36.0,104.0,163.0,8.0,12.0,23.0,NaN,NaN
national,1535,calibration,196.0,31.0,135.0,165.0,10.0,12.0,28.0,12.862583104950506,NaN
national,1536,reference,152.0,23.0,229.0,133.0,10.0,13.0,17.0,NaN,NaN
national,1537,calibration,204.0,37.0,110.0,173.0,11.0,14.0,28.0,17.428009954403908,NaN
national,1538,reference,204.0,40.0,112.0,175.0,10.0,13.0,23.0,NaN,NaN
national,1539,calibration,197.0,40.0,119.0,173.0,11.0,14.0,23.0,15.491338655843517,NaN
national,1540,reference,209.0,39.0,109.0,170.0,8.0,12.0,30.0,NaN,NaN
national,1541,calibration,199.0,26.0,192.0,119.0,9.0,13.0,19.0,50.758502526553684,NaN
national,1542,reference,177.0,34.0,150.0,168.0,10.0,13.0,25.0,NaN,NaN
national,1543,calibration,217.0,37.0,113.0,170.0,7.0,11.0,22.0,17.33576435575711,NaN
national,1544,reference,198.0,40.0,115.0,180.0,9.0,13.0,22.0,NaN,NaN
national,1545,calibration,189.0,30.0,159.0,155.0,11.0,12.0,21.0,19.905911617280747,NaN
national,1546,reference,163.0,25.0,222.0,120.0,7.0,13.0,27.0,NaN,NaN
national,1547,calibration,174.0,39.0,159.0,163.0,6.0,12.0,24.0,25.25593578722093,NaN
national,1548,reference,206.0,40.0,104.0,176.0,11.0,13.0,27.0,NaN,NaN
national,1549,calibration,208.0,31.0,142.0,150.0,11.0,13.0,22.0,14.913218715220236,NaN
national,1550,reference,211.0,31.0,112.0,176.0,9.0,12.0,26.0,NaN,NaN
national,1551,calibration,192.0,38.0,118.0,176.0,10.0,14.0,29.0,17.86154230097927,NaN
national,1552,reference,176.0,37.0,169.0,155.0,10.0,12.0,18.0,NaN,NaN
national,1553,calibration,199.0,29.0,184.0,126.0,10.0,12.0,17.0,42.11767220409283,NaN
national,1554,reference,200.0,17.0,175.0,137.0,10.0,14.0,24.0,NaN,NaN
national,1555,calibration,203.0,37.0,144.0,150.0,11.0,13.0,19.0,15.33036952177643,NaN
national,1556,reference,190.0,28.0,142.0,171.0,9.0,14.0,23.0,NaN,NaN
national,1557,calibration,191.0,21.0,177.0,146.0,10.0,13.0,19.0,31.629023174708575,NaN
national,1558,reference,205.0,38.0,126.0,160.0,9.0,13.0,26.0,NaN,NaN
national,1559,calibration,193.0,23.0,188.0,134.0,9.0,12.0,18.0,41.78970956519373,NaN
national,1560,reference,176.0,44.0,128.0,177.0,9.0,13.0,30.0,NaN,NaN
national,1561,calibration,201.0,36.0,126.0,166.0,11.0,12.0,25.0,12.205808445984243,NaN
national,1562,reference,148.0,38.0,186.0,160.0,11.0,13.0,21.0,NaN,NaN
national,1563,calibration,190.0,26.0,126.0,177.0,10.0,14.0,34.0,19.131859411360228,NaN
national,1564,reference,218.0,42.0,90.0,180.0,10.0,11.0,26.0,NaN,NaN
national,1565,calibration,188.0,22.0,156.0,165.0,8.0,12.0,26.0,20.36662058023688,NaN
national,1566,reference,200.0,36.0,154.0,148.0,10.0,13.0,16.0,NaN,NaN
national,1567,calibration,232.0,31.0,94.0,177.0,8.0,11.0,24.0,33.320753142030966,NaN
national,1568,reference,229.0,37.0,103.0,163.0,8.0,13.0,24.0,NaN,NaN
national,1569,calibration,203.0,35.0,118.0,174.0,8.0,14.0,25.0,14.880364084979984,NaN
national,1570,reference,167.0,20.0,172.0,167.0,12.0,13.0,26.0,NaN,NaN
national,1571,calibration,142.0,38.0,167.0,180.0,9.0,14.0,27.0,51.01424498416961,NaN
national,1572,reference,161.0,22.0,234.0,118.0,7.0,14.0,21.0,NaN,NaN
national,1573,calibration,193.0,40.0,126.0,170.0,10.0,14.0,24.0,14.493910937030495,NaN
national,1574,reference,203.0,28.0,146.0,149.0,9.0,14.0,28.0,NaN,NaN
national,1575,calibration,214.0,40.0,117.0,156.0,11.0,14.0,25.0,16.173350389369528,NaN
national,1576,reference,227.0,35.0,103.0,166.0,12.0,12.0,22.0,NaN,NaN
national,1577,calibration,196.0,34.0,143.0,159.0,10.0,12.0,23.0,13.376246219154222,NaN
national,1578,reference,225.0,18.0,130.0,158.0,11.0,13.0,22.0,NaN,NaN
national,1579,calibration,207.0,40.0,114.0,163.0,10.0,14.0,29.0,15.55333059336689,NaN
national,1580,reference,205.0,32.0,105.0,180.0,10.0,12.0,33.0,NaN,NaN
national,1581,calibration,197.0,35.0,143.0,159.0,9.0,13.0,21.0,13.397070420714716,NaN
national,1582,reference,211.0,17.0,177.0,131.0,12.0,13.0,16.0,NaN,NaN
national,1583,calibration,159.0,30.0,156.0,182.0,9.0,12.0,29.0,36.682285549356735,NaN
national,1584,reference,199.0,39.0,127.0,166.0,9.0,13.0,24.0,NaN,NaN
national,1585,calibration,205.0,39.0,128.0,162.0,9.0,13.0,21.0,12.314895313841166,NaN
national,1586,reference,192.0,38.0,146.0,160.0,10.0,13.0,18.0,NaN,NaN
national,1587,calibration,224.0,34.0,87.0,184.0,7.0,14.0,27.0,36.496648189863194,NaN
national,1588,reference,223.0,37.0,84.0,184.0,8.0,12.0,29.0,NaN,NaN
national,1589,calibration,190.0,27.0,163.0,149.0,10.0,13.0,25.0,22.61255208553133,NaN
national,1590,reference,207.0,39.0,112.0,164.0,11.0,14.0,30.0,NaN,NaN
national,1591,calibration,165.0,42.0,143.0,177.0,8.0,12.0,30.0,29.665393926505036,NaN
national,1592,reference,249.0,32.0,117.0,134.0,10.0,11.0,24.0,NaN,NaN
national,1593,calibration,185.0,40.0,139.0,163.0,9.0,13.0,28.0,16.41261998679177,NaN
national,1594,reference,212.0,43.0,101.0,172.0,10.0,13.0,26.0,NaN,NaN
national,1595,calibration,220.0,35.0,94.0,179.0,11.0,13.0,25.0,28.973354119595346,NaN
national,1596,reference,216.0,27.0,128.0,159.0,11.0,12.0,24.0,NaN,NaN
national,1597,calibration,159.0,19.0,216.0,143.0,9.0,12.0,19.0,69.62360278026945,NaN
national,1598,reference,201.0,44.0,104.0,177.0,11.0,14.0,26.0,NaN,NaN
national,1599,calibration,189.0,26.0,147.0,167.0,9.0,14.0,25.0,16.729769414647162,NaN
national,1600,reference,202.0,42.0,115.0,169.0,10.0,12.0,27.0,NaN,NaN
national,1601,calibration,195.0,30.0,145.0,159.0,9.0,13.0,26.0,14.13704123597957,NaN
national,1602,reference,182.0,39.0,140.0,170.0,10.0,12.0,24.0,NaN,NaN
national,1603,calibration,153.0,44.0,164.0,162.0,11.0,14.0,29.0,40.32129020712895,NaN
national,1604,reference,182.0,30.0,157.0,162.0,10.0,12.0,24.0,NaN,NaN
national,1605,calibration,187.0,40.0,122.0,177.0,10.0,13.0,28.0,18.992457714855387,NaN
national,1606,reference,183.0,28.0,168.0,155.0,11.0,14.0,18.0,NaN,NaN
national,1607,calibration,140.0,38.0,175.0,174.0,10.0,14.0,26.0,54.159593711763506,NaN
national,1608,reference,198.0,22.0,161.0,152.0,8.0,14.0,22.0,NaN,NaN
national,1609,calibration,218.0,41.0,99.0,174.0,9.0,13.0,23.0,24.56111726781491,NaN
national,1610,reference,208.0,23.0,152.0,156.0,8.0,13.0,17.0,NaN,NaN
national,1611,calibration,232.0,39.0,102.0,162.0,9.0,10.0,23.0,27.664463116772172,NaN
national,1612,reference,203.0,33.0,169.0,131.0,10.0,14.0,17.0,NaN,NaN
national,1613,calibration,207.0,39.0,118.0,165.0,11.0,11.0,26.0,13.85718216627723,NaN
national,1614,reference,200.0,38.0,128.0,160.0,10.0,14.0,27.0,NaN,NaN
national,1615,calibration,183.0,43.0,120.0,182.0,10.0,13.0,26.0,23.18385207497246,NaN
national,1616,reference,180.0,36.0,165.0,160.0,6.0,13.0,17.0,NaN,NaN
national,1617,calibration,160.0,30.0,182.0,160.0,10.0,13.0,22.0,42.824814625463816,NaN
national,1618,reference,238.0,45.0,60.0,185.0,10.0,11.0,28.0,NaN,NaN
national,1619,calibration,183.0,44.0,128.0,176.0,8.0,12.0,26.0,20.019769561969003,NaN
national,1620,reference,203.0,37.0,113.0,173.0,9.0,13.0,29.0,NaN,NaN
national,1621,calibration,155.0,35.0,180.0,161.0,11.0,14.0,21.0,44.74626014826799,NaN
national,1622,reference,236.0,23.0,137.0,141.0,6.0,11.0,23.0,NaN,NaN
national,1623,calibration,216.0,31.0,127.0,157.0,10.0,12.0,24.0,14.356609092548585,NaN
national,1624,reference,140.0,26.0,213.0,151.0,10.0,13.0,24.0,NaN,NaN
national,1625,calibration,187.0,36.0,134.0,173.0,11.0,13.0,23.0,16.15427557573739,NaN
national,1626,reference,174.0,37.0,146.0,170.0,10.0,13.0,27.0,NaN,NaN
national,1627,calibration,232.0,37.0,92.0,171.0,7.0,12.0,26.0,33.14353299066279,NaN
national,1628,reference,161.0,39.0,155.0,173.0,9.0,13.0,27.0,NaN,NaN
national,1629,calibration,152.0,23.0,211.0,151.0,9.0,13.0,18.0,67.55593697421428,NaN
national,1630,reference,201.0,46.0,95.0,184.0,9.0,12.0,30.0,NaN,NaN
national,1631,calibration,213.0,24.0,145.0,149.0,10.0,14.0,22.0,17.686870585015395,NaN
national,1632,reference,225.0,21.0,114.0,170.0,8.0,12.0,27.0,NaN,NaN
national,1633,calibration,209.0,39.0,106.0,176.0,11.0,14.0,22.0,19.99207285007977,NaN
national,1634,reference,189.0,39.0,143.0,167.0,4.0,11.0,24.0,NaN,NaN
national,1635,calibration,204.0,42.0,107.0,176.0,7.0,13.0,28.0,20.082740746498583,NaN
national,1636,reference,207.0,24.0,161.0,142.0,10.0,14.0,19.0,NaN,NaN
national,1637,calibration,165.0,45.0,137.0,177.0,10.0,14.0,29.0,29.848774685936835,NaN
national,1638,reference,216.0,44.0,99.0,169.0,11.0,12.0,26.0,NaN,NaN
national,1639,calibration,221.0,27.0,113.0,173.0,5.0,11.0,27.0,20.421184954184337,NaN
national,1640,reference,219.0,44.0,75.0,190.0,10.0,11.0,28.0,NaN,NaN
national,1641,calibration,203.0,41.0,121.0,163.0,12.0,12.0,25.0,13.540412593874382,NaN
national,1642,reference,222.0,43.0,93.0,171.0,8.0,12.0,28.0,NaN,NaN
national,1643,calibration,246.0,36.0,113.0,136.0,11.0,11.0,24.0,39.11270354953892,NaN
national,1644,reference,209.0,34.0,116.0,172.0,8.0,13.0,25.0,NaN,NaN
national,1645,calibration,193.0,32.0,149.0,160.0,8.0,12.0,23.0,15.215359875474132,NaN
national,1646,reference,201.0,45.0,100.0,177.0,8.0,14.0,32.0,NaN,NaN
national,1647,calibration,202.0,25.0,160.0,145.0,7.0,11.0,27.0,22.045982759625463,NaN
national,1648,reference,211.0,26.0,156.0,144.0,8.0,13.0,19.0,NaN,NaN
national,1649,calibration,226.0,32.0,102.0,168.0,10.0,13.0,26.0,24.710799163411135,NaN
national,1650,reference,208.0,26.0,132.0,162.0,10.0,11.0,28.0,NaN,NaN
national,1651,calibration,194.0,32.0,132.0,167.0,11.0,13.0,28.0,13.323232193720909,NaN
national,1652,reference,209.0,24.0,138.0,154.0,9.0,14.0,29.0,NaN,NaN
national,1653,calibration,258.0,44.0,60.0,168.0,10.0,11.0,26.0,70.16983330446476,NaN
national,1654,reference,205.0,39.0,107.0,176.0,11.0,13.0,26.0,NaN,NaN
national,1655,calibration,195.0,37.0,141.0,164.0,9.0,13.0,18.0,13.852057104685468,NaN
national,1656,reference,208.0,23.0,169.0,137.0,9.0,13.0,18.0,NaN,NaN
national,1657,calibration,213.0,35.0,138.0,153.0,7.0,12.0,19.0,14.921689261895043,NaN
national,1658,reference,201.0,23.0,198.0,106.0,10.0,13.0,26.0,NaN,NaN
national,1659,calibration,211.0,22.0,163.0,140.0,7.0,12.0,22.0,26.501994169398618,NaN
national,1660,reference,180.0,27.0,149.0,171.0,8.0,14.0,28.0,NaN,NaN
national,1661,calibration,184.0,16.0,186.0,149.0,8.0,13.0,21.0,39.12523658128215,NaN
national,1662,reference,236.0,40.0,98.0,157.0,9.0,14.0,23.0,NaN,NaN
national,1663,calibration,171.0,37.0,169.0,153.0,10.0,13.0,24.0,30.923202552673704,NaN
national,1664,reference,196.0,35.0,134.0,166.0,10.0,13.0,23.0,NaN,NaN
national,1665,calibration,204.0,33.0,137.0,163.0,8.0,13.0,19.0,12.459122911461865,NaN
national,1666,reference,199.0,26.0,179.0,126.0,9.0,13.0,25.0,NaN,NaN
national,1667,calibration,205.0,16.0,171.0,148.0,9.0,12.0,16.0,29.425407419016903,NaN
national,1668,reference,195.0,34.0,158.0,143.0,9.0,14.0,24.0,NaN,NaN
national,1669,calibration,178.0,28.0,161.0,165.0,10.0,10.0,25.0,24.276447735420806,NaN
national,1670,reference,206.0,42.0,97.0,182.0,12.0,14.0,24.0,NaN,NaN
national,1671,calibration,239.0,41.0,62.0,185.0,9.0,14.0,27.0,61.14166334092877,NaN
national,1672,reference,214.0,37.0,109.0,173.0,6.0,14.0,24.0,NaN,NaN
national,1673,calibration,159.0,43.0,152.0,174.0,11.0,13.0,25.0,33.8930150148075,NaN
national,1674,reference,221.0,39.0,109.0,166.0,9.0,11.0,22.0,NaN,NaN
national,1675,calibration,201.0,34.0,170.0,132.0,10.0,13.0,17.0,31.526853541714342,NaN
national,1676,reference,223.0,19.0,147.0,148.0,9.0,13.0,18.0,NaN,NaN
national,1677,calibration,230.0,39.0,100.0,158.0,10.0,12.0,28.0,28.150929533663064,NaN
national,1678,reference,250.0,35.0,84.0,162.0,10.0,12.0,24.0,NaN,NaN
national,1679,calibration,213.0,41.0,103.0,173.0,10.0,10.0,27.0,21.392814676622333,NaN
national,1680,reference,197.0,39.0,135.0,160.0,8.0,13.0,25.0,NaN,NaN
national,1681,calibration,204.0,45.0,89.0,188.0,10.0,13.0,28.0,35.212478143359505,NaN
national,1682,reference,221.0,40.0,112.0,160.0,10.0,12.0,22.0,NaN,NaN
national,1683,calibration,160.0,42.0,158.0,173.0,10.0,12.0,22.0,34.35120534539857,NaN
national,1684,reference,232.0,39.0,92.0,165.0,10.0,13.0,26.0,NaN,NaN
national,1685,calibration,224.0,39.0,103.0,164.0,10.0,13.0,24.0,23.274376005265868,NaN
national,1686,reference,196.0,24.0,163.0,150.0,6.0,12.0,26.0,NaN,NaN
national,1687,calibration,214.0,28.0,165.0,128.0,9.0,12.0,21.0,32.70176299665255,NaN
national,1688,reference,232.0,20.0,101.0,172.0,10.0,14.0,28.0,NaN,NaN
national,1689,calibration,214.0,31.0,115.0,172.0,10.0,13.0,22.0,16.46299979172782,NaN
national,1690,reference,216.0,39.0,104.0,173.0,9.0,11.0,25.0,NaN,NaN
national,1691,calibration,196.0,38.0,137.0,158.0,10.0,12.0,26.0,13.07986861098907,NaN
national,1692,reference,225.0,22.0,161.0,128.0,9.0,14.0,18.0,NaN,NaN
national,1693,calibration,232.0,29.0,138.0,138.0,10.0,13.0,17.0,27.993712537557204,NaN
national,1694,reference,185.0,30.0,166.0,150.0,8.0,14.0,24.0,NaN,NaN
national,1695,calibration,209.0,39.0,116.0,169.0,10.0,12.0,22.0,14.757030434847568,NaN
national,1696,reference,191.0,44.0,118.0,173.0,11.0,10.0,30.0,NaN,NaN
national,1697,calibration,213.0,39.0,102.0,178.0,9.0,12.0,24.0,22.790365130966148,NaN
national,1698,reference,212.0,35.0,100.0,178.0,9.0,12.0,31.0,NaN,NaN
national,1699,calibration,230.0,34.0,121.0,147.0,10.0,11.0,24.0,23.448451057591814,NaN
national,1700,reference,188.0,39.0,124.0,183.0,7.0,12.0,24.0,NaN,NaN
national,1701,calibration,212.0,38.0,112.0,166.0,10.0,13.0,26.0,16.029663429381596,NaN
national,1702,reference,210.0,20.0,158.0,143.0,12.0,13.0,21.0,NaN,NaN
national,1703,calibration,207.0,36.0,124.0,165.0,11.0,13.0,21.0,12.524021092902519,NaN
national,1704,reference,239.0,24.0,138.0,130.0,11.0,12.0,23.0,NaN,NaN
national,1705,calibration,233.0,37.0,82.0,176.0,7.0,11.0,31.0,41.399288040161935,NaN
national,1706,reference,214.0,17.0,175.0,129.0,11.0,14.0,17.0,NaN,NaN
national,1707,calibration,190.0,38.0,131.0,172.0,10.0,13.0,23.0,15.083471172871104,NaN
national,1708,reference,229.0,23.0,118.0,163.0,10.0,12.0,22.0,NaN,NaN
national,1709,calibration,237.0,34.0,73.0,180.0,9.0,14.0,30.0,50.46410621928128,NaN
national,1710,reference,191.0,36.0,144.0,153.0,9.0,13.0,31.0,NaN,NaN
national,1711,calibration,206.0,28.0,130.0,165.0,8.0,13.0,27.0,12.660347138132845,NaN
national,1712,reference,176.0,42.0,133.0,177.0,10.0,13.0,26.0,NaN,NaN
national,1713,calibration,215.0,25.0,134.0,154.0,10.0,14.0,25.0,15.512002137707515,NaN
national,1714,reference,213.0,38.0,119.0,162.0,9.0,13.0,23.0,NaN,NaN
national,1715,calibration,169.0,19.0,196.0,152.0,9.0,12.0,20.0,49.415263238034726,NaN
national,1716,reference,221.0,18.0,149.0,147.0,9.0,12.0,21.0,NaN,NaN
national,1717,calibration,201.0,37.0,129.0,169.0,10.0,10.0,21.0,12.654309476179638,NaN
national,1718,reference,226.0,44.0,80.0,181.0,9.0,13.0,24.0,NaN,NaN
national,1719,calibration,253.0,40.0,91.0,146.0,10.0,10.0,27.0,49.0987217227883,NaN
national,1720,reference,234.0,38.0,108.0,156.0,8.0,12.0,21.0,NaN,NaN
national,1721,calibration,199.0,37.0,120.0,172.0,10.0,14.0,25.0,14.317547505740084,NaN
national,1722,reference,199.0,18.0,171.0,150.0,9.0,13.0,17.0,NaN,NaN
national,1723,calibration,203.0,35.0,163.0,132.0,9.0,14.0,21.0,28.197984880830543,NaN
national,1724,reference,204.0,31.0,145.0,157.0,8.0,13.0,19.0,NaN,NaN
national,1725,calibration,189.0,37.0,129.0,177.0,10.0,13.0,22.0,16.917719622812786,NaN
national,1726,reference,187.0,32.0,138.0,170.0,10.0,13.0,27.0,NaN,NaN
national,1727,calibration,200.0,26.0,148.0,158.0,9.0,13.0,23.0,14.983276517210673,NaN
national,1728,reference,211.0,32.0,109.0,179.0,9.0,13.0,24.0,NaN,NaN
national,1729,calibration,234.0,46.0,71.0,173.0,7.0,11.0,35.0,51.097244455983244,NaN
national,1730,reference,191.0,36.0,171.0,137.0,8.0,12.0,22.0,NaN,NaN
national,1731,calibration,212.0,41.0,102.0,172.0,9.0,13.0,28.0,21.603275494462675,NaN
national,1732,reference,223.0,40.0,90.0,181.0,9.0,11.0,23.0,NaN,NaN
national,1733,calibration,207.0,31.0,114.0,174.0,10.0,13.0,28.0,16.450767086248153,NaN
national,1734,reference,159.0,26.0,196.0,151.0,10.0,13.0,22.0,NaN,NaN
national,1735,calibration,210.0,34.0,145.0,147.0,8.0,11.0,22.0,16.715964135669378,NaN
national,1736,reference,151.0,44.0,140.0,191.0,10.0,12.0,29.0,NaN,NaN
national,1737,calibration,228.0,25.0,108.0,166.0,11.0,13.0,26.0,24.20369909635549,NaN
national,1738,reference,222.0,18.0,140.0,156.0,11.0,12.0,18.0,NaN,NaN
national,1739,calibration,222.0,39.0,129.0,142.0,9.0,11.0,25.0,21.28229182322144,NaN
national,1740,reference,207.0,33.0,124.0,162.0,10.0,14.0,27.0,NaN,NaN
national,1741,calibration,201.0,37.0,141.0,157.0,10.0,13.0,18.0,13.536606548854468,NaN
national,1742,reference,222.0,41.0,103.0,166.0,11.0,12.0,22.0,NaN,NaN
national,1743,calibration,211.0,45.0,81.0,185.0,11.0,13.0,31.0,39.91997339054328,NaN
national,1744,reference,219.0,37.0,116.0,155.0,11.0,14.0,25.0,NaN,NaN
national,1745,calibration,137.0,34.0,190.0,165.0,11.0,14.0,26.0,62.340676728019034,NaN
national,1746,reference,222.0,37.0,130.0,140.0,12.0,12.0,24.0,NaN,NaN
national,1747,calibration,210.0,26.0,122.0,172.0,10.0,14.0,23.0,15.18532623124786,NaN
national,1748,reference,196.0,35.0,121.0,183.0,11.0,13.0,18.0,NaN,NaN
national,1749,calibration,141.0,20.0,204.0,166.0,9.0,13.0,24.0,69.06885108333515,NaN
national,1750,reference,186.0,36.0,132.0,174.0,10.0,12.0,27.0,NaN,NaN
national,1751,calibration,199.0,35.0,128.0,168.0,8.0,12.0,27.0,12.55291690334806,NaN
national,1752,reference,183.0,37.0,158.0,154.0,12.0,12.0,21.0,NaN,NaN
national,1753,calibration,168.0,42.0,136.0,182.0,10.0,13.0,26.0,28.831659102869242,NaN
national,1754,reference,204.0,22.0,129.0,181.0,7.0,13.0,21.0,NaN,NaN
national,1755,calibration,145.0,35.0,193.0,165.0,12.0,11.0,16.0,59.08878726794306,NaN
national,1756,reference,205.0,21.0,144.0,167.0,10.0,13.0,17.0,NaN,NaN
national,1757,calibration,208.0,24.0,140.0,163.0,11.0,12.0,19.0,14.549768330100644,NaN
national,1758,reference,218.0,40.0,108.0,159.0,9.0,13.0,30.0,NaN,NaN
national,1759,calibration,207.0,19.0,126.0,184.0,8.0,12.0,21.0,21.199185742246424,NaN
national,1760,reference,193.0,26.0,166.0,149.0,9.0,12.0,22.0,NaN,NaN
national,1761,calibration,196.0,36.0,139.0,152.0,10.0,13.0,31.0,14.910087293821174,NaN
national,1762,reference,208.0,43.0,101.0,177.0,11.0,12.0,25.0,NaN,NaN
national,1763,calibration,222.0,27.0,131.0,152.0,10.0,13.0,22.0,17.88189196283243,NaN
national,1764,reference,229.0,24.0,110.0,166.0,11.0,10.0,27.0,NaN,NaN
national,1765,calibration,205.0,17.0,176.0,135.0,10.0,14.0,20.0,35.210479653475474,NaN
national,1766,reference,202.0,28.0,152.0,149.0,10.0,14.0,22.0,NaN,NaN
national,1767,calibration,203.0,43.0,99.0,179.0,10.0,14.0,29.0,25.396821491881187,NaN
national,1768,reference,213.0,45.0,84.0,187.0,9.0,12.0,27.0,NaN,NaN
national,1769,calibration,129.0,39.0,172.0,182.0,10.0,15.0,30.0,63.517323037065196,NaN
national,1770,reference,230.0,42.0,72.0,185.0,11.0,14.0,23.0,NaN,NaN
national,1771,calibration,198.0,26.0,150.0,158.0,10.0,12.0,23.0,15.630009227026964,NaN
national,1772,reference,178.0,38.0,163.0,148.0,10.0,13.0,27.0,NaN,NaN
national,1773,calibration,207.0,39.0,121.0,166.0,11.0,11.0,22.0,13.261564547453812,NaN
national,1774,reference,223.0,22.0,117.0,170.0,7.0,12.0,26.0,NaN,NaN
national,1775,calibration,132.0,22.0,207.0,169.0,9.0,13.0,25.0,76.84887107584386,NaN
national,1776,reference,217.0,38.0,112.0,160.0,9.0,14.0,27.0,NaN,NaN
national,1777,calibration,167.0,45.0,131.0,184.0,9.0,13.0,28.0,31.042269810267985,NaN
national,1778,reference,225.0,30.0,118.0,159.0,6.0,12.0,27.0,NaN,NaN
national,1779,calibration,172.0,33.0,162.0,164.0,10.0,14.0,22.0,26.868339757396722,NaN
national,1780,reference,194.0,29.0,156.0,153.0,8.0,14.0,23.0,NaN,NaN
national,1781,calibration,209.0,41.0,117.0,159.0,10.0,14.0,27.0,15.119431181835818,NaN
national,1782,reference,222.0,30.0,133.0,151.0,8.0,11.0,22.0,NaN,NaN
national,1783,calibration,193.0,37.0,145.0,157.0,10.0,13.0,22.0,14.64600962338353,NaN
national,1784,reference,193.0,41.0,119.0,171.0,10.0,14.0,29.0,NaN,NaN
national,1785,calibration,194.0,43.0,108.0,187.0,13.0,11.0,21.0,25.84919504617167,NaN
national,1786,reference,206.0,40.0,101.0,181.0,10.0,12.0,27.0,NaN,NaN
national,1787,calibration,233.0,39.0,89.0,171.0,10.0,13.0,22.0,35.57744114691313,NaN
national,1788,reference,231.0,20.0,162.0,119.0,8.0,12.0,25.0,NaN,NaN
national,1789,calibration,162.0,34.0,144.0,185.0,9.0,14.0,29.0,33.66443180865646,NaN
national,1790,reference,220.0,36.0,101.0,172.0,9.0,12.0,27.0,NaN,NaN
national,1791,calibration,216.0,39.0,118.0,157.0,10.0,12.0,25.0,15.961720843269344,NaN
national,1792,reference,211.0,39.0,121.0,163.0,8.0,11.0,24.0,NaN,NaN
national,1793,calibration,194.0,37.0,144.0,155.0,9.0,12.0,26.0,14.60856035011101,NaN
national,1794,reference,214.0,38.0,121.0,159.0,9.0,13.0,23.0,NaN,NaN
national,1795,calibration,149.0,46.0,140.0,191.0,11.0,12.0,28.0,45.661553503996544,NaN
national,1796,reference,185.0,35.0,160.0,151.0,9.0,13.0,24.0,NaN,NaN
national,1797,calibration,226.0,37.0,95.0,171.0,10.0,13.0,25.0,28.576784563090445,NaN
national,1798,reference,213.0,43.0,104.0,167.0,9.0,13.0,28.0,NaN,NaN
national,1799,calibration,202.0,34.0,125.0,170.0,11.0,13.0,22.0,12.804898377437976,NaN
national,1800,reference,228.0,27.0,124.0,157.0,9.0,10.0,22.0,NaN,NaN
national,1801,calibration,203.0,39.0,106.0,179.0,8.0,13.0,29.0,21.196224224861123,NaN
national,1802,reference,212.0,23.0,170.0,129.0,8.0,10.0,25.0,NaN,NaN
national,1803,calibration,182.0,42.0,140.0,166.0,7.0,13.0,27.0,18.17301010177408,NaN
national,1804,reference,210.0,30.0,149.0,148.0,8.0,13.0,19.0,NaN,NaN
national,1805,calibration,181.0,34.0,163.0,156.0,9.0,12.0,22.0,23.596983002582828,NaN
national,1806,reference,218.0,38.0,138.0,131.0,10.0,13.0,29.0,NaN,NaN
national,1807,calibration,221.0,44.0,94.0,168.0,11.0,14.0,25.0,28.168554661617815,NaN
national,1808,reference,177.0,22.0,167.0,165.0,9.0,13.0,24.0,NaN,NaN
national,1809,calibration,181.0,35.0,152.0,160.0,9.0,13.0,27.0,19.614402277000305,NaN
national,1810,reference,165.0,38.0,154.0,172.0,9.0,13.0,26.0,NaN,NaN
national,1811,calibration,216.0,26.0,145.0,141.0,10.0,13.0,26.0,20.903326409975524,NaN
national,1812,reference,205.0,39.0,110.0,175.0,9.0,13.0,26.0,NaN,NaN
national,1813,calibration,153.0,28.0,195.0,158.0,6.0,12.0,25.0,54.92877318216691,NaN
national,1814,reference,162.0,38.0,164.0,164.0,10.0,14.0,25.0,NaN,NaN
national,1815,calibration,219.0,40.0,98.0,168.0,10.0,11.0,31.0,25.088155616556374,NaN
national,1816,reference,187.0,38.0,138.0,170.0,9.0,13.0,22.0,NaN,NaN
national,1817,calibration,195.0,40.0,112.0,182.0,9.0,13.0,26.0,21.015092012562608,NaN
national,1818,reference,153.0,35.0,192.0,147.0,11.0,14.0,25.0,NaN,NaN
national,1819,calibration,178.0,37.0,145.0,172.0,8.0,13.0,24.0,20.57576551894206,NaN
national,1820,reference,223.0,20.0,190.0,105.0,9.0,12.0,18.0,NaN,NaN
national,1821,calibration,183.0,24.0,206.0,124.0,9.0,13.0,18.0,59.78176735279541,NaN
national,1822,reference,174.0,36.0,152.0,169.0,10.0,13.0,23.0,NaN,NaN
national,1823,calibration,208.0,29.0,154.0,141.0,10.0,11.0,24.0,21.082693798485632,NaN
national,1824,reference,229.0,35.0,137.0,133.0,9.0,13.0,21.0,NaN,NaN
national,1825,calibration,212.0,21.0,135.0,163.0,9.0,13.0,24.0,15.270676904015023,NaN
national,1826,reference,203.0,38.0,124.0,162.0,12.0,13.0,25.0,NaN,NaN
national,1827,calibration,191.0,26.0,175.0,139.0,9.0,12.0,25.0,31.55128530564269,NaN
national,1828,reference,208.0,19.0,193.0,114.0,10.0,14.0,19.0,NaN,NaN
national,1829,calibration,212.0,45.0,89.0,181.0,11.0,13.0,26.0,32.48354348012241,NaN
national,1830,reference,193.0,22.0,150.0,163.0,10.0,14.0,25.0,NaN,NaN
national,1831,calibration,233.0,33.0,103.0,163.0,9.0,10.0,26.0,27.610197561749697,NaN
national,1832,reference,155.0,17.0,209.0,149.0,8.0,13.0,26.0,NaN,NaN
national,1833,calibration,201.0,20.0,173.0,137.0,8.0,13.0,25.0,31.72824003410877,NaN
national,1834,reference,202.0,38.0,114.0,173.0,10.0,12.0,28.0,NaN,NaN
national,1835,calibration,212.0,41.0,99.0,174.0,10.0,11.0,30.0,23.921441031287376,NaN
national,1836,reference,173.0,36.0,162.0,162.0,12.0,13.0,19.0,NaN,NaN
national,1837,calibration,203.0,25.0,183.0,121.0,6.0,12.0,27.0,44.47374421976703,NaN
national,1838,reference,202.0,31.0,128.0,167.0,9.0,14.0,26.0,NaN,NaN
national,1839,calibration,213.0,40.0,96.0,179.0,11.0,13.0,25.0,26.578419856578744,NaN
national,1840,reference,206.0,29.0,145.0,150.0,10.0,13.0,24.0,NaN,NaN
national,1841,calibration,199.0,45.0,99.0,178.0,9.0,14.0,33.0,26.710562178286015,NaN
national,1842,reference,215.0,21.0,190.0,112.0,8.0,12.0,19.0,NaN,NaN
national,1843,calibration,175.0,24.0,184.0,150.0,8.0,13.0,23.0,38.418129243598884,NaN
national,1844,reference,211.0,32.0,125.0,169.0,11.0,12.0,17.0,NaN,NaN
national,1845,calibration,218.0,45.0,83.0,185.0,12.0,13.0,21.0,39.044375036411324,NaN
national,1846,reference,197.0,39.0,114.0,179.0,9.0,12.0,27.0,NaN,NaN
national,1847,calibration,202.0,37.0,134.0,160.0,8.0,14.0,22.0,12.097314763188603,NaN
national,1848,reference,189.0,31.0,130.0,180.0,10.0,13.0,24.0,NaN,NaN
national,1849,calibration,209.0,25.0,167.0,136.0,9.0,13.0,18.0,29.2148504064219,NaN
national,1850,reference,214.0,24.0,155.0,140.0,9.0,12.0,23.0,NaN,NaN
national,1851,calibration,221.0,45.0,76.0,185.0,9.0,13.0,28.0,44.72524249960878,NaN
national,1852,reference,141.0,45.0,152.0,186.0,12.0,14.0,27.0,NaN,NaN
national,1853,calibration,213.0,42.0,98.0,175.0,11.0,12.0,26.0,24.582396322830203,NaN
national,1854,reference,214.0,25.0,125.0,170.0,8.0,12.0,23.0,NaN,NaN
national,1855,calibration,202.0,22.0,140.0,164.0,12.0,12.0,25.0,14.52790297915315,NaN
national,1856,reference,205.0,39.0,128.0,162.0,9.0,13.0,21.0,NaN,NaN
national,1857,calibration,201.0,34.0,136.0,163.0,10.0,12.0,21.0,12.043971397695547,NaN
national,1858,reference,203.0,35.0,129.0,165.0,10.0,13.0,22.0,NaN,NaN
national,1859,calibration,211.0,17.0,181.0,129.0,8.0,13.0,18.0,41.60128469294192,NaN
national,1860,reference,203.0,21.0,143.0,164.0,8.0,12.0,26.0,NaN,NaN
national,1861,calibration,191.0,41.0,130.0,171.0,10.0,13.0,21.0,15.190139243015448,NaN
national,1862,reference,214.0,39.0,118.0,164.0,10.0,11.0,21.0,NaN,NaN
national,1863,calibration,200.0,37.0,134.0,161.0,11.0,11.0,23.0,12.088237191120559,NaN
national,1864,reference,194.0,37.0,138.0,165.0,7.0,13.0,23.0,NaN,NaN
national,1865,calibration,209.0,36.0,114.0,173.0,10.0,11.0,24.0,15.809439639842399,NaN
national,1866,reference,192.0,37.0,137.0,174.0,6.0,13.0,18.0,NaN,NaN
national,1867,calibration,181.0,38.0,147.0,164.0,11.0,12.0,24.0,18.613513316694164,NaN
national,1868,reference,204.0,40.0,98.0,188.0,10.0,11.0,26.0,NaN,NaN
national,1869,calibration,194.0,25.0,155.0,161.0,7.0,13.0,22.0,17.931114155373937,NaN
national,1870,reference,201.0,39.0,116.0,171.0,9.0,13.0,28.0,NaN,NaN
national,1871,calibration,199.0,23.0,164.0,151.0,9.0,11.0,20.0,22.635107847681414,NaN
national,1872,reference,191.0,38.0,145.0,158.0,11.0,13.0,21.0,NaN,NaN
national,1873,calibration,224.0,38.0,89.0,178.0,8.0,14.0,26.0,33.130952898148266,NaN
national,1874,reference,200.0,42.0,96.0,191.0,6.0,12.0,30.0,NaN,NaN
national,1875,calibration,195.0,38.0,134.0,164.0,9.0,12.0,25.0,12.768730616218196,NaN
national,1876,reference,225.0,45.0,90.0,171.0,12.0,9.0,25.0,NaN,NaN
national,1877,calibration,214.0,44.0,92.0,177.0,9.0,12.0,29.0,29.50690090490159,NaN
national,1878,reference,222.0,31.0,101.0,178.0,10.0,12.0,23.0,NaN,NaN
national,1879,calibration,195.0,42.0,105.0,188.0,9.0,11.0,27.0,27.003455936135563,NaN
national,1880,reference,211.0,34.0,123.0,162.0,10.0,13.0,24.0,NaN,NaN
national,1881,calibration,171.0,44.0,130.0,181.0,10.0,12.0,29.0,27.593823918867,NaN
national,1882,reference,182.0,41.0,131.0,175.0,6.0,12.0,30.0,NaN,NaN
national,1883,calibration,226.0,38.0,82.0,184.0,11.0,10.0,26.0,40.49457521002414,NaN
national,1884,reference,194.0,30.0,158.0,149.0,6.0,13.0,27.0,NaN,NaN
national,1885,calibration,161.0,38.0,171.0,164.0,11.0,12.0,20.0,37.03669352115847,NaN
national,1886,reference,217.0,21.0,159.0,145.0,6.0,11.0,18.0,NaN,NaN
national,1887,calibration,256.0,32.0,70.0,174.0,7.0,10.0,28.0,61.96623100277674,NaN
national,1888,reference,220.0,41.0,78.0,185.0,9.0,13.0,31.0,NaN,NaN
national,1889,calibration,211.0,26.0,189.0,110.0,11.0,13.0,17.0,55.29998278945567,NaN
national,1890,reference,154.0,40.0,165.0,171.0,10.0,13.0,24.0,NaN,NaN
national,1891,calibration,216.0,44.0,90.0,181.0,12.0,12.0,22.0,32.222516092304815,NaN
national,1892,reference,181.0,28.0,154.0,167.0,8.0,13.0,26.0,NaN,NaN
national,1893,calibration,180.0,31.0,164.0,156.0,11.0,13.0,22.0,24.401754326772963,NaN
national,1894,reference,214.0,45.0,76.0,192.0,8.0,14.0,28.0,NaN,NaN
national,1895,calibration,209.0,28.0,145.0,149.0,11.0,13.0,22.0,16.163377667390616,NaN
national,1896,reference,223.0,40.0,94.0,176.0,9.0,12.0,23.0,NaN,NaN
national,1897,calibration,199.0,36.0,107.0,190.0,9.0,11.0,25.0,25.96521638944591,NaN
national,1898,reference,191.0,39.0,122.0,178.0,10.0,11.0,26.0,NaN,NaN
national,1899,calibration,225.0,38.0,113.0,156.0,10.0,11.0,24.0,20.630036115848004,NaN
national,1900,reference,181.0,23.0,157.0,166.0,8.0,14.0,28.0,NaN,NaN
national,1901,calibration,187.0,28.0,166.0,156.0,9.0,13.0,18.0,23.840140939545382,NaN
national,1902,reference,231.0,45.0,89.0,165.0,11.0,11.0,25.0,NaN,NaN
national,1903,calibration,214.0,25.0,121.0,173.0,11.0,12.0,21.0,16.74155434917412,NaN
national,1904,reference,203.0,18.0,156.0,162.0,8.0,13.0,17.0,NaN,NaN
national,1905,calibration,238.0,38.0,107.0,147.0,10.0,11.0,26.0,31.92975976273112,NaN
national,1906,reference,192.0,24.0,146.0,170.0,8.0,11.0,26.0,NaN,NaN
national,1907,calibration,203.0,26.0,164.0,143.0,10.0,13.0,18.0,24.35595674481166,NaN
national,1908,reference,188.0,26.0,162.0,159.0,10.0,12.0,20.0,NaN,NaN
national,1909,calibration,209.0,39.0,111.0,168.0,10.0,13.0,27.0,16.326172922977914,NaN
national,1910,reference,200.0,35.0,154.0,148.0,11.0,14.0,15.0,NaN,NaN
national,1911,calibration,233.0,42.0,91.0,162.0,10.0,12.0,27.0,34.48372426984719,NaN
national,1912,reference,223.0,31.0,129.0,150.0,9.0,13.0,22.0,NaN,NaN
national,1913,calibration,188.0,35.0,106.0,198.0,8.0,12.0,30.0,33.82230980213997,NaN
national,1914,reference,213.0,39.0,104.0,172.0,9.0,14.0,26.0,NaN,NaN
national,1915,calibration,191.0,31.0,162.0,149.0,7.0,14.0,23.0,21.7668136573936,NaN
national,1916,reference,156.0,15.0,215.0,149.0,11.0,13.0,18.0,NaN,NaN
national,1917,calibration,219.0,37.0,101.0,168.0,10.0,13.0,29.0,22.837744634202227,NaN
national,1918,reference,175.0,43.0,136.0,174.0,11.0,13.0,25.0,NaN,NaN
national,1919,calibration,181.0,26.0,172.0,155.0,6.0,12.0,25.0,28.67559141148325,NaN
national,1920,reference,158.0,39.0,164.0,173.0,5.0,13.0,25.0,NaN,NaN
national,1921,calibration,242.0,42.0,65.0,186.0,9.0,13.0,20.0,60.56616310539175,NaN
national,1922,reference,211.0,37.0,137.0,145.0,9.0,13.0,25.0,NaN,NaN
national,1923,calibration,209.0,36.0,139.0,147.0,9.0,12.0,25.0,15.66227529219378,NaN
national,1924,reference,200.0,30.0,146.0,154.0,12.0,14.0,21.0,NaN,NaN
national,1925,calibration,211.0,38.0,122.0,162.0,9.0,13.0,22.0,13.357601854831497,NaN
national,1926,reference,239.0,39.0,84.0,170.0,7.0,13.0,25.0,NaN,NaN
national,1927,calibration,238.0,44.0,66.0,182.0,9.0,11.0,27.0,57.05424971429416,NaN
national,1928,reference,233.0,26.0,125.0,148.0,9.0,12.0,24.0,NaN,NaN
national,1929,calibration,206.0,32.0,145.0,155.0,8.0,14.0,17.0,14.823799673087063,NaN
national,1930,reference,165.0,44.0,144.0,176.0,9.0,12.0,27.0,NaN,NaN
national,1931,calibration,222.0,38.0,96.0,176.0,10.0,13.0,22.0,27.628752485246434,NaN
national,1932,reference,229.0,38.0,74.0,185.0,10.0,12.0,29.0,NaN,NaN
national,1933,calibration,211.0,24.0,135.0,162.0,10.0,12.0,23.0,14.100600056240399,NaN
national,1934,reference,216.0,37.0,133.0,152.0,9.0,10.0,20.0,NaN,NaN
national,1935,calibration,177.0,18.0,194.0,145.0,9.0,13.0,21.0,46.47701834032958,NaN
national,1936,reference,206.0,22.0,163.0,147.0,8.0,13.0,18.0,NaN,NaN
national,1937,calibration,188.0,22.0,206.0,119.0,10.0,14.0,18.0,61.530424670771296,NaN
national,1938,reference,235.0,39.0,82.0,174.0,11.0,13.0,23.0,NaN,NaN
national,1939,calibration,152.0,26.0,201.0,152.0,9.0,13.0,24.0,59.81725432670707,NaN
national,1940,reference,193.0,42.0,120.0,174.0,10.0,11.0,27.0,NaN,NaN
national,1941,calibration,194.0,16.0,165.0,161.0,10.0,13.0,18.0,25.047693118164023,NaN
national,1942,reference,212.0,26.0,105.0,181.0,12.0,12.0,29.0,NaN,NaN
national,1943,calibration,212.0,29.0,127.0,165.0,9.0,13.0,22.0,13.302754958907489,NaN
national,1944,reference,198.0,32.0,147.0,160.0,10.0,12.0,18.0,NaN,NaN
national,1945,calibration,209.0,39.0,113.0,167.0,10.0,11.0,28.0,15.686980000426335,NaN
national,1946,reference,206.0,45.0,94.0,180.0,9.0,14.0,29.0,NaN,NaN
national,1947,calibration,146.0,42.0,159.0,180.0,10.0,13.0,27.0,46.037205553526974,NaN
national,1948,reference,215.0,38.0,108.0,167.0,9.0,12.0,28.0,NaN,NaN
national,1949,calibration,210.0,34.0,114.0,172.0,12.0,13.0,22.0,15.88580162135582,NaN
national,1950,reference,151.0,41.0,167.0,172.0,12.0,13.0,21.0,NaN,NaN
national,1951,calibration,207.0,38.0,107.0,177.0,11.0,13.0,24.0,19.54689286218883,NaN
national,1952,reference,234.0,37.0,105.0,147.0,7.0,14.0,33.0,NaN,NaN
national,1953,calibration,218.0,23.0,150.0,145.0,9.0,12.0,20.0,21.824410487424853,NaN
national,1954,reference,226.0,38.0,108.0,162.0,10.0,11.0,22.0,NaN,NaN
national,1955,calibration,178.0,38.0,144.0,172.0,10.0,12.0,23.0,20.499043175179057,NaN
national,1956,reference,146.0,24.0,208.0,158.0,10.0,12.0,19.0,NaN,NaN
national,1957,calibration,224.0,38.0,103.0,158.0,10.0,13.0,31.0,24.459680219553395,NaN
national,1958,reference,197.0,39.0,123.0,166.0,10.0,14.0,28.0,NaN,NaN
national,1959,calibration,196.0,38.0,108.0,183.0,11.0,13.0,28.0,22.7622284908548,NaN
national,1960,reference,177.0,29.0,171.0,157.0,13.0,14.0,16.0,NaN,NaN
national,1961,calibration,217.0,36.0,104.0,175.0,12.0,12.0,21.0,21.868066686975776,NaN
national,1962,reference,164.0,21.0,204.0,146.0,7.0,13.0,22.0,NaN,NaN
national,1963,calibration,248.0,33.0,107.0,140.0,11.0,13.0,25.0,40.55830800952974,NaN
national,1964,reference,172.0,25.0,210.0,129.0,9.0,13.0,19.0,NaN,NaN
national,1965,calibration,169.0,39.0,154.0,166.0,12.0,11.0,26.0,26.459907017053755,NaN
national,1966,reference,214.0,40.0,108.0,163.0,10.0,12.0,30.0,NaN,NaN
national,1967,calibration,157.0,27.0,205.0,142.0,10.0,12.0,24.0,61.44761579770797,NaN
national,1968,reference,230.0,18.0,129.0,154.0,11.0,13.0,22.0,NaN,NaN
national,1969,calibration,161.0,22.0,216.0,136.0,10.0,12.0,20.0,69.83551257481498,NaN
national,1970,reference,204.0,38.0,137.0,156.0,9.0,12.0,21.0,NaN,NaN
national,1971,calibration,193.0,20.0,139.0,181.0,8.0,11.0,25.0,20.31995408067137,NaN
national,1972,reference,189.0,30.0,158.0,150.0,9.0,14.0,27.0,NaN,NaN
national,1973,calibration,202.0,24.0,130.0,173.0,10.0,14.0,24.0,14.808356394284946,NaN
national,1974,reference,196.0,37.0,121.0,174.0,10.0,11.0,28.0,NaN,NaN
national,1975,calibration,169.0,31.0,168.0,168.0,8.0,14.0,19.0,31.652081076114488,NaN
national,1976,reference,206.0,25.0,175.0,134.0,6.0,12.0,19.0,NaN,NaN
national,1977,calibration,142.0,27.0,206.0,157.0,9.0,14.0,22.0,68.78598989194614,NaN
national,1978,reference,196.0,40.0,126.0,166.0,10.0,14.0,25.0,NaN,NaN
national,1979,calibration,208.0,20.0,142.0,162.0,7.0,13.0,25.0,15.855206986658107,NaN
national,1980,reference,218.0,20.0,150.0,152.0,10.0,10.0,17.0,NaN,NaN
national,1981,calibration,203.0,21.0,197.0,118.0,10.0,12.0,16.0,55.529425255680565,NaN
national,1982,reference,186.0,18.0,150.0,170.0,9.0,12.0,32.0,NaN,NaN
national,1983,calibration,192.0,37.0,136.0,166.0,10.0,13.0,23.0,13.521798874141783,NaN
national,1984,reference,196.0,41.0,115.0,178.0,8.0,14.0,25.0,NaN,NaN
national,1985,calibration,228.0,42.0,90.0,174.0,8.0,10.0,25.0,33.46229963089445,NaN
national,1986,reference,182.0,38.0,157.0,155.0,10.0,13.0,22.0,NaN,NaN
national,1987,calibration,201.0,35.0,119.0,169.0,10.0,13.0,30.0,14.261691027334653,NaN
national,1988,reference,223.0,36.0,110.0,164.0,8.0,11.0,25.0,NaN,NaN
national,1989,calibration,186.0,38.0,145.0,163.0,11.0,11.0,23.0,16.37978319731265,NaN
national,1990,reference,213.0,41.0,104.0,170.0,10.0,11.0,28.0,NaN,NaN
national,1991,calibration,193.0,37.0,148.0,152.0,12.0,12.0,23.0,16.223787638761014,NaN
national,1992,reference,138.0,45.0,159.0,187.0,7.0,12.0,29.0,NaN,NaN
national,1993,calibration,198.0,38.0,113.0,178.0,10.0,13.0,27.0,18.332680849903983,NaN
national,1994,reference,214.0,35.0,126.0,157.0,8.0,13.0,24.0,NaN,NaN
national,1995,calibration,145.0,29.0,226.0,134.0,10.0,13.0,20.0,84.82611913248658,NaN
national,1996,reference,218.0,39.0,102.0,173.0,10.0,12.0,23.0,NaN,NaN
national,1997,calibration,159.0,19.0,236.0,122.0,6.0,10.0,25.0,91.13845861316649,NaN
national,1998,reference,202.0,24.0,140.0,165.0,10.0,12.0,24.0,NaN,NaN
national,1999,calibration,196.0,39.0,125.0,168.0,11.0,13.0,25.0,13.495266102696679,NaN
national,2000,reference,209.0,33.0,122.0,168.0,10.0,14.0,21.0,NaN,NaN
national,2001,calibration,190.0,37.0,138.0,164.0,11.0,13.0,24.0,14.084679084417015,NaN
national,2002,reference,198.0,25.0,149.0,157.0,9.0,14.0,25.0,NaN,NaN
national,2003,calibration,172.0,19.0,219.0,123.0,7.0,13.0,24.0,73.03533455737005,NaN
national,2004,reference,216.0,41.0,103.0,168.0,10.0,14.0,25.0,NaN,NaN
national,2005,calibration,225.0,31.0,101.0,170.0,11.0,12.0,27.0,25.179469926248625,NaN
national,2006,reference,173.0,37.0,164.0,155.0,9.0,13.0,26.0,NaN,NaN
national,2007,calibration,218.0,35.0,122.0,156.0,11.0,12.0,23.0,15.652752437012321,NaN
national,2008,reference,229.0,33.0,96.0,172.0,8.0,11.0,28.0,NaN,NaN
national,2009,calibration,212.0,38.0,115.0,165.0,8.0,12.0,27.0,15.158459290857852,NaN
national,2010,reference,193.0,20.0,195.0,128.0,8.0,13.0,20.0,NaN,NaN
national,2011,calibration,213.0,37.0,112.0,171.0,8.0,13.0,23.0,16.67366884061074,NaN
national,2012,reference,221.0,40.0,98.0,171.0,9.0,13.0,25.0,NaN,NaN
national,2013,calibration,220.0,37.0,111.0,167.0,10.0,11.0,21.0,18.58174189472979,NaN
national,2014,reference,237.0,40.0,81.0,171.0,9.0,11.0,28.0,NaN,NaN
national,2015,calibration,191.0,26.0,141.0,171.0,9.0,12.0,27.0,16.00515772702062,NaN
national,2016,reference,218.0,38.0,95.0,180.0,9.0,14.0,23.0,NaN,NaN
national,2017,calibration,192.0,18.0,197.0,130.0,8.0,13.0,19.0,50.42424502909205,NaN
national,2018,reference,200.0,40.0,119.0,169.0,11.0,12.0,26.0,NaN,NaN
national,2019,calibration,184.0,23.0,143.0,178.0,8.0,13.0,28.0,21.212887526423128,NaN
national,2020,reference,219.0,22.0,163.0,133.0,9.0,12.0,19.0,NaN,NaN
national,2021,calibration,204.0,37.0,137.0,155.0,11.0,12.0,21.0,13.001307889212061,NaN
national,2022,reference,142.0,18.0,250.0,126.0,10.0,12.0,19.0,NaN,NaN
national,2023,calibration,199.0,39.0,129.0,164.0,6.0,13.0,27.0,12.704066941468927,NaN
national,2024,reference,208.0,42.0,120.0,161.0,11.0,13.0,22.0,NaN,NaN
national,2025,calibration,218.0,38.0,101.0,172.0,11.0,12.0,25.0,22.771449419158383,NaN
national,2026,reference,230.0,42.0,90.0,167.0,8.0,12.0,28.0,NaN,NaN
national,2027,calibration,212.0,27.0,141.0,159.0,9.0,12.0,17.0,15.102091860761082,NaN
national,2028,reference,174.0,36.0,140.0,179.0,9.0,12.0,27.0,NaN,NaN
national,2029,calibration,181.0,19.0,151.0,183.0,8.0,12.0,23.0,26.7623273721599,NaN
national,2030,reference,197.0,22.0,197.0,118.0,8.0,12.0,23.0,NaN,NaN
national,2031,calibration,159.0,27.0,182.0,161.0,11.0,14.0,23.0,43.604566922891266,NaN
national,2032,reference,216.0,27.0,149.0,139.0,7.0,12.0,27.0,NaN,NaN
national,2033,calibration,169.0,38.0,159.0,164.0,9.0,13.0,25.0,27.54155417190344,NaN
national,2034,reference,228.0,47.0,62.0,185.0,9.0,11.0,35.0,NaN,NaN
national,2035,calibration,169.0,26.0,200.0,140.0,9.0,13.0,20.0,53.35299894092633,NaN
national,2036,reference,216.0,35.0,120.0,161.0,10.0,12.0,23.0,NaN,NaN
national,2037,calibration,191.0,23.0,166.0,150.0,10.0,13.0,24.0,24.254767957270953,NaN
national,2038,reference,225.0,25.0,147.0,138.0,9.0,12.0,21.0,NaN,NaN
national,2039,calibration,151.0,18.0,214.0,150.0,8.0,14.0,22.0,70.91779673353388,NaN
national,2040,reference,210.0,38.0,116.0,173.0,10.0,13.0,17.0,NaN,NaN
national,2041,calibration,180.0,19.0,212.0,124.0,9.0,13.0,20.0,65.387830793666,NaN
national,2042,reference,221.0,35.0,83.0,185.0,9.0,14.0,30.0,NaN,NaN
national,2043,calibration,207.0,21.0,150.0,157.0,9.0,13.0,20.0,17.436573102649444,NaN
national,2044,reference,168.0,36.0,172.0,156.0,11.0,12.0,22.0,NaN,NaN
national,2045,calibration,157.0,39.0,194.0,144.0,8.0,11.0,24.0,53.86375591065466,NaN
national,2046,reference,221.0,39.0,102.0,172.0,7.0,13.0,23.0,NaN,NaN
national,2047,calibration,187.0,45.0,123.0,175.0,10.0,12.0,25.0,19.061536481794196,NaN
national,2048,reference,200.0,18.0,205.0,113.0,8.0,13.0,20.0,NaN,NaN
national,2049,calibration,213.0,38.0,123.0,155.0,10.0,13.0,25.0,14.552994525321832,NaN
national,2050,reference,137.0,45.0,154.0,186.0,10.0,14.0,31.0,NaN,NaN
national,2051,calibration,204.0,18.0,178.0,136.0,11.0,14.0,16.0,36.03586043180145,NaN
national,2052,reference,210.0,39.0,123.0,159.0,9.0,13.0,24.0,NaN,NaN
national,2053,calibration,198.0,41.0,129.0,177.0,4.0,10.0,18.0,16.518138609819825,NaN
national,2054,reference,235.0,32.0,85.0,177.0,10.0,12.0,26.0,NaN,NaN
national,2055,calibration,147.0,20.0,202.0,163.0,8.0,13.0,24.0,63.93487649298571,NaN
national,2056,reference,210.0,18.0,128.0,170.0,10.0,14.0,27.0,NaN,NaN
national,2057,calibration,162.0,38.0,177.0,157.0,9.0,13.0,21.0,39.32547026101837,NaN
national,2058,reference,195.0,38.0,138.0,164.0,10.0,12.0,20.0,NaN,NaN
national,2059,calibration,163.0,19.0,194.0,151.0,11.0,14.0,25.0,50.584946738133695,NaN
national,2060,reference,173.0,39.0,140.0,181.0,10.0,12.0,22.0,NaN,NaN
national,2061,calibration,158.0,20.0,210.0,154.0,5.0,12.0,18.0,64.28884082601918,NaN
national,2062,reference,180.0,38.0,168.0,144.0,11.0,13.0,23.0,NaN,NaN
national,2063,calibration,220.0,32.0,136.0,143.0,11.0,13.0,22.0,19.70092025917302,NaN
national,2064,reference,243.0,43.0,57.0,187.0,9.0,11.0,27.0,NaN,NaN
national,2065,calibration,190.0,36.0,128.0,178.0,11.0,13.0,21.0,17.101506997778888,NaN
national,2066,reference,216.0,34.0,127.0,157.0,9.0,12.0,22.0,NaN,NaN
national,2067,calibration,189.0,22.0,192.0,130.0,9.0,14.0,21.0,46.42422513608362,NaN
national,2068,reference,195.0,22.0,184.0,127.0,9.0,13.0,27.0,NaN,NaN
national,2069,calibration,218.0,19.0,118.0,173.0,10.0,13.0,26.0,20.288960932572007,NaN
national,2070,reference,207.0,21.0,169.0,137.0,9.0,12.0,22.0,NaN,NaN
national,2071,calibration,223.0,42.0,96.0,170.0,11.0,13.0,22.0,27.384425977848334,NaN
national,2072,reference,213.0,36.0,142.0,142.0,8.0,12.0,24.0,NaN,NaN
national,2073,calibration,198.0,25.0,148.0,162.0,9.0,12.0,23.0,15.246845678484885,NaN
national,2074,reference,231.0,36.0,97.0,163.0,11.0,13.0,26.0,NaN,NaN
national,2075,calibration,173.0,38.0,154.0,163.0,10.0,13.0,26.0,23.92872507226654,NaN
national,2076,reference,224.0,37.0,85.0,181.0,10.0,13.0,27.0,NaN,NaN
national,2077,calibration,203.0,28.0,159.0,142.0,10.0,13.0,22.0,22.041182249351824,NaN
national,2078,reference,215.0,21.0,188.0,115.0,10.0,11.0,17.0,NaN,NaN
national,2079,calibration,222.0,40.0,112.0,152.0,9.0,13.0,29.0,21.322391277330784,NaN
national,2080,reference,193.0,39.0,125.0,175.0,10.0,13.0,22.0,NaN,NaN
national,2081,calibration,200.0,24.0,172.0,136.0,10.0,13.0,22.0,30.764019647211367,NaN
national,2082,reference,199.0,22.0,183.0,134.0,8.0,13.0,18.0,NaN,NaN
national,2083,calibration,170.0,42.0,127.0,186.0,9.0,14.0,29.0,30.10598739690423,NaN
national,2084,reference,224.0,26.0,130.0,153.0,11.0,11.0,22.0,NaN,NaN
national,2085,calibration,200.0,42.0,117.0,169.0,9.0,13.0,27.0,15.220272955899457,NaN
national,2086,reference,208.0,33.0,113.0,180.0,9.0,12.0,22.0,NaN,NaN
national,2087,calibration,215.0,39.0,95.0,182.0,8.0,12.0,26.0,28.452086875945998,NaN
national,2088,reference,208.0,39.0,111.0,172.0,11.0,13.0,23.0,NaN,NaN
national,2089,calibration,191.0,36.0,144.0,162.0,10.0,14.0,20.0,14.720209767708024,NaN
national,2090,reference,210.0,30.0,150.0,148.0,7.0,12.0,20.0,NaN,NaN
national,2091,calibration,191.0,45.0,117.0,182.0,10.0,11.0,21.0,21.637111525091857,NaN
national,2092,reference,200.0,39.0,106.0,178.0,10.0,14.0,30.0,NaN,NaN
national,2093,calibration,218.0,44.0,82.0,185.0,10.0,13.0,25.0,39.359935235621975,NaN
national,2094,reference,204.0,22.0,203.0,108.0,9.0,13.0,18.0,NaN,NaN
national,2095,calibration,168.0,46.0,116.0,194.0,11.0,14.0,28.0,37.72959267448903,NaN
national,2096,reference,179.0,31.0,176.0,142.0,10.0,13.0,26.0,NaN,NaN
national,2097,calibration,183.0,35.0,152.0,162.0,9.0,11.0,25.0,18.772993262588937,NaN
national,2098,reference,221.0,30.0,129.0,158.0,7.0,13.0,19.0,NaN,NaN
national,2099,calibration,194.0,46.0,98.0,191.0,12.0,11.0,25.0,32.90081187818883,NaN
national,2100,reference,178.0,17.0,189.0,153.0,12.0,12.0,16.0,NaN,NaN
national,2101,calibration,213.0,37.0,114.0,166.0,11.0,12.0,24.0,15.446442895330488,NaN
national,2102,reference,156.0,29.0,174.0,169.0,10.0,13.0,26.0,NaN,NaN
national,2103,calibration,221.0,25.0,130.0,160.0,7.0,10.0,24.0,16.934064316378272,NaN
national,2104,reference,189.0,25.0,212.0,108.0,11.0,13.0,19.0,NaN,NaN
national,2105,calibration,227.0,33.0,90.0,179.0,10.0,14.0,24.0,33.861642398693505,NaN
national,2106,reference,196.0,37.0,137.0,162.0,10.0,11.0,24.0,NaN,NaN
national,2107,calibration,212.0,35.0,116.0,165.0,7.0,13.0,29.0,15.082188319234806,NaN
national,2108,reference,202.0,36.0,152.0,150.0,7.0,12.0,18.0,NaN,NaN
national,2109,calibration,198.0,26.0,144.0,164.0,9.0,13.0,23.0,14.19199168259669,NaN
national,2110,reference,202.0,24.0,180.0,127.0,9.0,14.0,21.0,NaN,NaN
national,2111,calibration,203.0,38.0,107.0,187.0,11.0,13.0,18.0,24.55405295903361,NaN
national,2112,reference,206.0,38.0,110.0,172.0,10.0,14.0,27.0,NaN,NaN
national,2113,calibration,237.0,36.0,122.0,144.0,8.0,12.0,18.0,28.745541184685106,NaN
national,2114,reference,232.0,31.0,113.0,159.0,9.0,12.0,21.0,NaN,NaN
national,2115,calibration,197.0,32.0,144.0,161.0,10.0,12.0,21.0,13.517404617563738,NaN
national,2116,reference,169.0,24.0,192.0,146.0,9.0,12.0,25.0,NaN,NaN
national,2117,calibration,238.0,40.0,96.0,159.0,8.0,14.0,22.0,34.37693947401266,NaN
national,2118,reference,161.0,20.0,210.0,144.0,10.0,13.0,19.0,NaN,NaN
national,2119,calibration,202.0,26.0,164.0,142.0,8.0,13.0,22.0,24.354291751402148,NaN
national,2120,reference,219.0,40.0,123.0,147.0,10.0,13.0,25.0,NaN,NaN
national,2121,calibration,172.0,43.0,142.0,174.0,10.0,12.0,24.0,24.50510234473985,NaN
national,2122,reference,149.0,25.0,177.0,180.0,8.0,13.0,25.0,NaN,NaN
national,2123,calibration,209.0,40.0,87.0,185.0,9.0,12.0,35.0,35.55671175154953,NaN
national,2124,reference,212.0,33.0,132.0,155.0,8.0,14.0,23.0,NaN,NaN
national,2125,calibration,207.0,27.0,139.0,160.0,10.0,9.0,25.0,13.431546737642012,NaN
national,2126,reference,180.0,19.0,225.0,112.0,9.0,13.0,19.0,NaN,NaN
national,2127,calibration,186.0,40.0,123.0,180.0,7.0,12.0,29.0,20.427614054348194,NaN
national,2128,reference,183.0,36.0,137.0,174.0,10.0,13.0,24.0,NaN,NaN
national,2129,calibration,202.0,35.0,154.0,146.0,10.0,13.0,17.0,19.219367912666794,NaN
national,2130,reference,222.0,47.0,79.0,182.0,10.0,9.0,28.0,NaN,NaN
national,2131,calibration,204.0,39.0,127.0,163.0,9.0,12.0,23.0,12.200229937423604,NaN
national,2132,reference,169.0,17.0,228.0,122.0,8.0,12.0,21.0,NaN,NaN
national,2133,calibration,216.0,29.0,133.0,157.0,8.0,10.0,24.0,14.633125780671431,NaN
national,2134,reference,208.0,30.0,163.0,133.0,9.0,12.0,22.0,NaN,NaN
national,2135,calibration,158.0,31.0,181.0,162.0,7.0,13.0,25.0,43.46058316141439,NaN
national,2136,reference,195.0,21.0,208.0,112.0,9.0,12.0,20.0,NaN,NaN
national,2137,calibration,188.0,45.0,109.0,186.0,9.0,13.0,27.0,26.862742832231344,NaN
national,2138,reference,223.0,41.0,73.0,188.0,11.0,14.0,27.0,NaN,NaN
national,2139,calibration,211.0,37.0,125.0,157.0,10.0,14.0,23.0,13.39992062731508,NaN
national,2140,reference,204.0,31.0,125.0,169.0,9.0,13.0,26.0,NaN,NaN
national,2141,calibration,194.0,44.0,106.0,177.0,10.0,14.0,32.0,23.458375642514188,NaN
national,2142,reference,208.0,37.0,104.0,178.0,9.0,11.0,30.0,NaN,NaN
national,2143,calibration,252.0,33.0,86.0,164.0,8.0,11.0,23.0,48.36178331949269,NaN
national,2144,reference,202.0,40.0,117.0,168.0,11.0,12.0,27.0,NaN,NaN
national,2145,calibration,179.0,26.0,177.0,154.0,10.0,13.0,18.0,32.360988907656335,NaN
national,2146,reference,219.0,39.0,100.0,171.0,8.0,12.0,28.0,NaN,NaN
national,2147,calibration,169.0,40.0,141.0,177.0,10.0,13.0,27.0,26.504868783734242,NaN
national,2148,reference,239.0,25.0,90.0,175.0,10.0,12.0,26.0,NaN,NaN
national,2149,calibration,204.0,38.0,116.0,168.0,9.0,13.0,29.0,14.690013668143191,NaN
national,2150,reference,214.0,21.0,130.0,167.0,10.0,13.0,22.0,NaN,NaN
national,2151,calibration,187.0,39.0,132.0,169.0,11.0,13.0,26.0,15.673283416614314,NaN
national,2152,reference,148.0,43.0,158.0,183.0,11.0,13.0,21.0,NaN,NaN
national,2153,calibration,210.0,20.0,147.0,155.0,9.0,12.0,24.0,17.443667624180737,NaN
national,2154,reference,154.0,38.0,162.0,175.0,9.0,14.0,25.0,NaN,NaN
national,2155,calibration,165.0,36.0,142.0,186.0,7.0,14.0,27.0,32.023661751043534,NaN
national,2156,reference,212.0,42.0,98.0,177.0,11.0,11.0,26.0,NaN,NaN
national,2157,calibration,202.0,45.0,101.0,178.0,11.0,14.0,26.0,24.30575629736116,NaN
national,2158,reference,204.0,43.0,106.0,175.0,10.0,12.0,27.0,NaN,NaN
national,2159,calibration,235.0,36.0,106.0,159.0,8.0,11.0,22.0,27.76651421398839,NaN
national,2160,reference,216.0,39.0,124.0,157.0,9.0,10.0,22.0,NaN,NaN
national,2161,calibration,147.0,40.0,159.0,181.0,11.0,14.0,25.0,45.32401716211625,NaN
national,2162,reference,210.0,44.0,96.0,177.0,12.0,12.0,26.0,NaN,NaN
national,2163,calibration,208.0,24.0,111.0,179.0,9.0,13.0,33.0,21.515709212721493,NaN
national,2164,reference,210.0,36.0,132.0,152.0,11.0,13.0,23.0,NaN,NaN
national,2165,calibration,194.0,38.0,128.0,170.0,10.0,13.0,24.0,13.738457424954358,NaN
national,2166,reference,225.0,20.0,133.0,156.0,9.0,12.0,22.0,NaN,NaN
national,2167,calibration,236.0,41.0,83.0,171.0,11.0,11.0,24.0,41.17507367564066,NaN
national,2168,reference,182.0,37.0,135.0,173.0,9.0,13.0,28.0,NaN,NaN
national,2169,calibration,160.0,30.0,200.0,141.0,9.0,13.0,24.0,56.59524639667569,NaN
national,2170,reference,184.0,42.0,130.0,172.0,11.0,13.0,25.0,NaN,NaN
national,2171,calibration,218.0,29.0,133.0,157.0,9.0,13.0,18.0,15.640113630415588,NaN
national,2172,reference,180.0,32.0,162.0,158.0,6.0,12.0,27.0,NaN,NaN
national,2173,calibration,219.0,39.0,101.0,171.0,10.0,11.0,26.0,22.994794231203766,NaN
national,2174,reference,192.0,37.0,153.0,153.0,8.0,13.0,21.0,NaN,NaN
national,2175,calibration,136.0,23.0,213.0,163.0,8.0,13.0,21.0,77.76750743832679,NaN
national,2176,reference,199.0,22.0,176.0,139.0,12.0,13.0,16.0,NaN,NaN
national,2177,calibration,213.0,38.0,125.0,157.0,9.0,12.0,23.0,13.861191710350223,NaN
national,2178,reference,236.0,45.0,63.0,184.0,12.0,11.0,26.0,NaN,NaN
national,2179,calibration,206.0,36.0,115.0,174.0,11.0,14.0,21.0,15.821257045168263,NaN
national,2180,reference,208.0,38.0,100.0,184.0,9.0,13.0,25.0,NaN,NaN
national,2181,calibration,229.0,36.0,113.0,153.0,9.0,13.0,24.0,23.040162717787833,NaN
national,2182,reference,206.0,37.0,123.0,163.0,9.0,12.0,27.0,NaN,NaN
national,2183,calibration,194.0,42.0,121.0,174.0,8.0,12.0,26.0,16.32621348985214,NaN
national,2184,reference,170.0,37.0,155.0,174.0,7.0,14.0,20.0,NaN,NaN
national,2185,calibration,240.0,47.0,53.0,186.0,10.0,13.0,28.0,69.90312540516375,NaN
national,2186,reference,214.0,45.0,95.0,173.0,10.0,12.0,28.0,NaN,NaN
national,2187,calibration,154.0,37.0,197.0,148.0,9.0,13.0,19.0,56.63144182147461,NaN
national,2188,reference,175.0,28.0,164.0,168.0,8.0,10.0,24.0,NaN,NaN
national,2189,calibration,205.0,40.0,113.0,170.0,9.0,13.0,27.0,15.827692348740168,NaN
national,2190,reference,219.0,30.0,117.0,164.0,10.0,13.0,24.0,NaN,NaN
national,2191,calibration,143.0,19.0,195.0,170.0,8.0,13.0,29.0,62.94571194533276,NaN
national,2192,reference,200.0,43.0,114.0,173.0,7.0,12.0,28.0,NaN,NaN
national,2193,calibration,175.0,27.0,196.0,137.0,10.0,13.0,19.0,49.31085139996776,NaN
national,2194,reference,192.0,34.0,144.0,156.0,10.0,13.0,28.0,NaN,NaN
national,2195,calibration,194.0,17.0,172.0,151.0,9.0,13.0,21.0,28.492833676343718,NaN
national,2196,reference,154.0,43.0,158.0,167.0,11.0,13.0,31.0,NaN,NaN
national,2197,calibration,207.0,38.0,114.0,170.0,11.0,13.0,24.0,15.183255693538452,NaN
national,2198,reference,192.0,39.0,125.0,181.0,9.0,10.0,21.0,NaN,NaN
national,2199,calibration,200.0,26.0,144.0,159.0,9.0,13.0,26.0,14.085075867855121,NaN
national,2200,reference,186.0,37.0,149.0,163.0,9.0,14.0,19.0,NaN,NaN
national,2201,calibration,234.0,32.0,110.0,155.0,10.0,13.0,23.0,26.328937666822494,NaN
national,2202,reference,215.0,39.0,113.0,163.0,9.0,12.0,26.0,NaN,NaN
national,2203,calibration,145.0,40.0,163.0,180.0,7.0,13.0,29.0,47.84103883319848,NaN
national,2204,reference,197.0,42.0,116.0,174.0,11.0,13.0,24.0,NaN,NaN
national,2205,calibration,176.0,36.0,157.0,167.0,8.0,13.0,20.0,23.74502967034655,NaN
national,2206,reference,228.0,37.0,112.0,153.0,10.0,12.0,25.0,NaN,NaN
national,2207,calibration,213.0,33.0,150.0,143.0,8.0,12.0,18.0,20.297144999020606,NaN
national,2208,reference,235.0,23.0,137.0,142.0,7.0,9.0,24.0,NaN,NaN
national,2209,calibration,249.0,45.0,53.0,179.0,7.0,13.0,31.0,72.31032868925807,NaN
national,2210,reference,205.0,36.0,121.0,167.0,9.0,14.0,25.0,NaN,NaN
national,2211,calibration,234.0,46.0,76.0,172.0,10.0,11.0,28.0,46.23937410046405,NaN
national,2212,reference,171.0,24.0,206.0,132.0,9.0,14.0,21.0,NaN,NaN
national,2213,calibration,237.0,39.0,76.0,182.0,6.0,9.0,28.0,48.828733306806285,NaN
national,2214,reference,228.0,34.0,153.0,120.0,9.0,11.0,22.0,NaN,NaN
national,2215,calibration,192.0,20.0,169.0,155.0,9.0,14.0,18.0,26.080523106834743,NaN
national,2216,reference,152.0,39.0,176.0,163.0,11.0,13.0,23.0,NaN,NaN
national,2217,calibration,183.0,39.0,136.0,171.0,10.0,12.0,26.0,17.534325777566746,NaN
national,2218,reference,187.0,34.0,151.0,159.0,11.0,12.0,23.0,NaN,NaN
national,2219,calibration,236.0,27.0,76.0,184.0,8.0,14.0,32.0,49.76257092646138,NaN
national,2220,reference,144.0,25.0,190.0,171.0,10.0,12.0,25.0,NaN,NaN
national,2221,calibration,194.0,39.0,133.0,165.0,10.0,14.0,22.0,13.203267894985377,NaN
national,2222,reference,219.0,37.0,110.0,165.0,9.0,12.0,25.0,NaN,NaN
national,2223,calibration,204.0,36.0,121.0,167.0,7.0,11.0,31.0,13.820450845329265,NaN
national,2224,reference,211.0,42.0,100.0,174.0,11.0,13.0,26.0,NaN,NaN
national,2225,calibration,173.0,37.0,165.0,157.0,9.0,13.0,23.0,27.78028015526034,NaN
national,2226,reference,200.0,37.0,141.0,151.0,12.0,13.0,23.0,NaN,NaN
national,2227,calibration,200.0,40.0,121.0,166.0,10.0,13.0,27.0,13.624648076088004,NaN
national,2228,reference,213.0,26.0,108.0,179.0,10.0,14.0,27.0,NaN,NaN
national,2229,calibration,211.0,37.0,102.0,178.0,9.0,13.0,27.0,22.514574807771123,NaN
national,2230,reference,160.0,34.0,195.0,141.0,11.0,13.0,23.0,NaN,NaN
national,2231,calibration,196.0,24.0,193.0,121.0,10.0,13.0,20.0,50.509465438278255,NaN
national,2232,reference,203.0,44.0,106.0,176.0,10.0,12.0,26.0,NaN,NaN
national,2233,calibration,223.0,39.0,87.0,181.0,10.0,11.0,26.0,35.06141861750049,NaN
national,2234,reference,153.0,25.0,212.0,146.0,6.0,14.0,21.0,NaN,NaN
national,2235,calibration,197.0,36.0,160.0,139.0,8.0,13.0,24.0,23.733832777992408,NaN
national,2236,reference,236.0,19.0,127.0,158.0,9.0,10.0,18.0,NaN,NaN
national,2237,calibration,194.0,28.0,170.0,136.0,10.0,13.0,26.0,29.642770552258757,NaN
national,2238,reference,216.0,35.0,125.0,155.0,10.0,12.0,24.0,NaN,NaN
national,2239,calibration,148.0,21.0,201.0,166.0,10.0,13.0,18.0,62.9657214154346,NaN
national,2240,reference,223.0,33.0,104.0,176.0,8.0,9.0,24.0,NaN,NaN
national,2241,calibration,189.0,21.0,180.0,144.0,9.0,12.0,22.0,34.03435690953306,NaN
national,2242,reference,171.0,44.0,134.0,177.0,9.0,13.0,29.0,NaN,NaN
national,2243,calibration,195.0,40.0,113.0,177.0,10.0,12.0,30.0,19.224507618076704,NaN
national,2244,reference,209.0,17.0,190.0,122.0,9.0,13.0,17.0,NaN,NaN
national,2245,calibration,241.0,36.0,89.0,164.0,9.0,13.0,25.0,39.43712904072852,NaN
national,2246,reference,186.0,20.0,197.0,131.0,10.0,13.0,20.0,NaN,NaN
national,2247,calibration,210.0,39.0,121.0,164.0,11.0,12.0,20.0,13.696348833922297,NaN
national,2248,reference,211.0,25.0,145.0,151.0,12.0,13.0,20.0,NaN,NaN
national,2249,calibration,203.0,39.0,122.0,167.0,10.0,12.0,24.0,12.94556915965045,NaN
national,2250,reference,224.0,43.0,93.0,165.0,11.0,14.0,27.0,NaN,NaN
national,2251,calibration,233.0,32.0,111.0,157.0,10.0,14.0,20.0,25.314515300786514,NaN
national,2252,reference,243.0,40.0,85.0,165.0,9.0,12.0,23.0,NaN,NaN
national,2253,calibration,213.0,32.0,133.0,159.0,10.0,11.0,19.0,13.563593545602867,NaN
national,2254,reference,197.0,45.0,113.0,176.0,12.0,12.0,22.0,NaN,NaN
national,2255,calibration,209.0,38.0,126.0,160.0,7.0,13.0,24.0,12.748449612296707,NaN
national,2256,reference,212.0,36.0,93.0,181.0,10.0,11.0,34.0,NaN,NaN
national,2257,calibration,209.0,35.0,107.0,177.0,9.0,11.0,29.0,19.894710879485576,NaN
national,2258,reference,215.0,43.0,85.0,185.0,9.0,13.0,27.0,NaN,NaN
national,2259,calibration,254.0,28.0,122.0,128.0,10.0,14.0,21.0,46.664753471680086,NaN
national,2260,reference,199.0,38.0,115.0,177.0,9.0,14.0,25.0,NaN,NaN
national,2261,calibration,201.0,39.0,109.0,172.0,10.0,14.0,32.0,18.771092875181804,NaN
national,2262,reference,211.0,24.0,144.0,155.0,10.0,13.0,20.0,NaN,NaN
national,2263,calibration,186.0,37.0,114.0,190.0,8.0,14.0,28.0,26.88557184877499,NaN
national,2264,reference,188.0,40.0,135.0,168.0,8.0,13.0,25.0,NaN,NaN
national,2265,calibration,206.0,41.0,101.0,177.0,11.0,14.0,27.0,22.989458893405125,NaN
national,2266,reference,217.0,43.0,96.0,173.0,10.0,12.0,26.0,NaN,NaN
national,2267,calibration,175.0,35.0,163.0,157.0,9.0,13.0,25.0,25.906001986714923,NaN
national,2268,reference,204.0,24.0,140.0,160.0,10.0,11.0,28.0,NaN,NaN
national,2269,calibration,221.0,36.0,111.0,165.0,10.0,13.0,21.0,18.789128734995213,NaN
national,2270,reference,220.0,44.0,96.0,171.0,10.0,11.0,25.0,NaN,NaN
national,2271,calibration,195.0,35.0,144.0,160.0,9.0,12.0,22.0,13.729173390759467,NaN
national,2272,reference,209.0,36.0,118.0,168.0,9.0,13.0,24.0,NaN,NaN
national,2273,calibration,228.0,36.0,88.0,176.0,10.0,13.0,26.0,34.663407695826905,NaN
national,2274,reference,176.0,37.0,143.0,173.0,11.0,13.0,24.0,NaN,NaN
national,2275,calibration,196.0,38.0,131.0,163.0,10.0,14.0,25.0,12.602704498392104,NaN
national,2276,reference,164.0,32.0,180.0,161.0,4.0,12.0,24.0,NaN,NaN
national,2277,calibration,228.0,38.0,100.0,163.0,10.0,14.0,24.0,26.45113320958097,NaN
national,2278,reference,222.0,43.0,91.0,170.0,10.0,13.0,28.0,NaN,NaN
national,2279,calibration,200.0,33.0,177.0,127.0,8.0,13.0,19.0,37.41999145488481,NaN
national,2280,reference,197.0,41.0,106.0,184.0,13.0,14.0,22.0,NaN,NaN
national,2281,calibration,142.0,18.0,239.0,133.0,11.0,13.0,21.0,97.58590567448144,NaN
national,2282,reference,152.0,17.0,221.0,138.0,9.0,13.0,27.0,NaN,NaN
national,2283,calibration,169.0,22.0,197.0,147.0,10.0,13.0,19.0,50.267901986085974,NaN
national,2284,reference,205.0,41.0,110.0,171.0,11.0,14.0,25.0,NaN,NaN
national,2285,calibration,162.0,25.0,201.0,144.0,5.0,11.0,29.0,56.439184455326824,NaN
national,2286,reference,201.0,37.0,127.0,171.0,11.0,13.0,17.0,NaN,NaN
national,2287,calibration,207.0,45.0,114.0,162.0,9.0,12.0,28.0,16.626314707182278,NaN
national,2288,reference,199.0,41.0,118.0,173.0,11.0,14.0,21.0,NaN,NaN
national,2289,calibration,206.0,39.0,124.0,166.0,11.0,11.0,20.0,12.96954013595023,NaN
national,2290,reference,225.0,20.0,180.0,113.0,12.0,12.0,15.0,NaN,NaN
national,2291,calibration,202.0,36.0,140.0,154.0,10.0,13.0,22.0,13.299095297611476,NaN
national,2292,reference,195.0,25.0,147.0,161.0,10.0,13.0,26.0,NaN,NaN
national,2293,calibration,187.0,37.0,138.0,166.0,10.0,14.0,25.0,15.171051761581953,NaN
national,2294,reference,225.0,44.0,88.0,170.0,11.0,13.0,26.0,NaN,NaN
national,2295,calibration,200.0,26.0,148.0,157.0,9.0,13.0,24.0,15.054021793103292,NaN
national,2296,reference,225.0,39.0,78.0,180.0,9.0,14.0,32.0,NaN,NaN
national,2297,calibration,180.0,37.0,158.0,160.0,10.0,9.0,23.0,22.10875548676157,NaN
national,2298,reference,232.0,39.0,88.0,169.0,8.0,13.0,28.0,NaN,NaN
national,2299,calibration,196.0,32.0,129.0,171.0,10.0,11.0,28.0,13.684340817072435,NaN
national,2300,reference,190.0,19.0,175.0,152.0,7.0,13.0,21.0,NaN,NaN
national,2301,calibration,136.0,30.0,194.0,170.0,10.0,13.0,24.0,65.73349468521297,NaN
national,2302,reference,213.0,45.0,92.0,179.0,10.0,10.0,28.0,NaN,NaN
national,2303,calibration,204.0,33.0,163.0,135.0,11.0,13.0,18.0,26.90810669658821,NaN
national,2304,reference,222.0,35.0,93.0,181.0,11.0,10.0,25.0,NaN,NaN
national,2305,calibration,172.0,38.0,165.0,158.0,8.0,13.0,23.0,28.318784344942696,NaN
national,2306,reference,191.0,25.0,172.0,148.0,11.0,13.0,17.0,NaN,NaN
national,2307,calibration,206.0,19.0,176.0,138.0,7.0,14.0,17.0,34.053927581191545,NaN
national,2308,reference,203.0,23.0,154.0,151.0,7.0,12.0,27.0,NaN,NaN
national,2309,calibration,226.0,37.0,94.0,168.0,10.0,13.0,29.0,29.187210886785547,NaN
national,2310,reference,155.0,29.0,184.0,169.0,9.0,13.0,18.0,NaN,NaN
national,2311,calibration,235.0,42.0,75.0,174.0,10.0,13.0,28.0,47.052857894053616,NaN
national,2312,reference,211.0,38.0,125.0,159.0,8.0,13.0,23.0,NaN,NaN
national,2313,calibration,201.0,43.0,106.0,179.0,11.0,12.0,25.0,21.70646943132702,NaN
national,2314,reference,220.0,39.0,102.0,167.0,10.0,11.0,28.0,NaN,NaN
national,2315,calibration,220.0,41.0,97.0,174.0,11.0,13.0,21.0,26.407682939210158,NaN
national,2316,reference,225.0,40.0,101.0,167.0,11.0,11.0,22.0,NaN,NaN
national,2317,calibration,212.0,45.0,101.0,170.0,12.0,10.0,27.0,22.837636591463816,NaN
national,2318,reference,205.0,38.0,111.0,172.0,9.0,13.0,29.0,NaN,NaN
national,2319,calibration,198.0,41.0,114.0,174.0,10.0,12.0,28.0,17.26244582039305,NaN
national,2320,reference,139.0,40.0,167.0,189.0,8.0,10.0,24.0,NaN,NaN
national,2321,calibration,240.0,21.0,114.0,157.0,10.0,13.0,22.0,30.522352975088783,NaN
national,2322,reference,224.0,39.0,111.0,159.0,10.0,12.0,22.0,NaN,NaN
national,2323,calibration,205.0,26.0,131.0,170.0,7.0,13.0,25.0,13.658830699353476,NaN
national,2324,reference,218.0,41.0,97.0,171.0,10.0,13.0,27.0,NaN,NaN
national,2325,calibration,174.0,36.0,181.0,142.0,10.0,13.0,21.0,38.36088557025967,NaN
national,2326,reference,202.0,38.0,144.0,148.0,9.0,13.0,23.0,NaN,NaN
national,2327,calibration,204.0,39.0,101.0,182.0,10.0,14.0,27.0,24.558010054233552,NaN
national,2328,reference,241.0,30.0,116.0,143.0,8.0,14.0,25.0,NaN,NaN
national,2329,calibration,150.0,43.0,148.0,187.0,8.0,13.0,28.0,43.52393468203293,NaN
national,2330,reference,197.0,38.0,126.0,167.0,10.0,13.0,26.0,NaN,NaN
national,2331,calibration,212.0,34.0,146.0,140.0,10.0,13.0,22.0,20.00975226447034,NaN
national,2332,reference,227.0,18.0,150.0,144.0,9.0,12.0,17.0,NaN,NaN
national,2333,calibration,228.0,25.0,127.0,154.0,5.0,12.0,26.0,21.11108567652251,NaN
national,2334,reference,199.0,39.0,114.0,179.0,11.0,12.0,23.0,NaN,NaN
national,2335,calibration,212.0,26.0,135.0,160.0,9.0,12.0,23.0,13.840821708540812,NaN
national,2336,reference,206.0,37.0,113.0,175.0,11.0,12.0,23.0,NaN,NaN
national,2337,calibration,215.0,46.0,96.0,165.0,9.0,13.0,33.0,26.979669517080385,NaN
national,2338,reference,241.0,39.0,94.0,153.0,8.0,12.0,30.0,NaN,NaN
national,2339,calibration,202.0,37.0,131.0,166.0,10.0,13.0,18.0,12.539716640551614,NaN
national,2340,reference,208.0,13.0,188.0,131.0,10.0,10.0,17.0,NaN,NaN
national,2341,calibration,196.0,41.0,112.0,179.0,11.0,13.0,25.0,19.734092697717674,NaN
national,2342,reference,219.0,38.0,103.0,172.0,10.0,10.0,25.0,NaN,NaN
national,2343,calibration,201.0,36.0,142.0,158.0,10.0,13.0,17.0,13.699806767969182,NaN
national,2344,reference,166.0,21.0,238.0,109.0,10.0,13.0,20.0,NaN,NaN
national,2345,calibration,212.0,19.0,172.0,131.0,8.0,12.0,23.0,35.29697889892681,NaN
national,2346,reference,161.0,37.0,161.0,172.0,10.0,14.0,22.0,NaN,NaN
national,2347,calibration,210.0,21.0,141.0,163.0,9.0,11.0,22.0,15.666526482711316,NaN
national,2348,reference,200.0,27.0,159.0,148.0,9.0,12.0,22.0,NaN,NaN
national,2349,calibration,228.0,37.0,109.0,157.0,9.0,12.0,25.0,23.083418104315168,NaN
national,2350,reference,197.0,18.0,150.0,164.0,10.0,13.0,25.0,NaN,NaN
national,2351,calibration,243.0,39.0,73.0,178.0,9.0,11.0,24.0,52.75734571070225,NaN
national,2352,reference,203.0,23.0,177.0,136.0,10.0,12.0,16.0,NaN,NaN
national,2353,calibration,217.0,42.0,99.0,168.0,10.0,14.0,27.0,23.811813642771664,NaN
national,2354,reference,210.0,42.0,108.0,180.0,10.0,11.0,16.0,NaN,NaN
national,2355,calibration,188.0,40.0,124.0,173.0,10.0,14.0,28.0,17.190557162001344,NaN
national,2356,reference,209.0,35.0,113.0,176.0,8.0,13.0,23.0,NaN,NaN
national,2357,calibration,177.0,33.0,155.0,166.0,10.0,14.0,22.0,22.284137504862205,NaN
national,2358,reference,202.0,27.0,129.0,170.0,9.0,13.0,27.0,NaN,NaN
national,2359,calibration,202.0,39.0,121.0,170.0,9.0,11.0,25.0,13.60372045253489,NaN
national,2360,reference,228.0,42.0,86.0,172.0,9.0,12.0,28.0,NaN,NaN
national,2361,calibration,169.0,34.0,141.0,182.0,10.0,14.0,27.0,27.88459192483433,NaN
national,2362,reference,196.0,39.0,125.0,170.0,10.0,12.0,25.0,NaN,NaN
national,2363,calibration,189.0,36.0,131.0,177.0,11.0,9.0,24.0,16.924460804557125,NaN
national,2364,reference,160.0,27.0,190.0,153.0,7.0,12.0,28.0,NaN,NaN
national,2365,calibration,210.0,37.0,138.0,151.0,10.0,9.0,22.0,14.74787533333689,NaN
national,2366,reference,209.0,38.0,126.0,152.0,9.0,14.0,29.0,NaN,NaN
national,2367,calibration,216.0,38.0,99.0,177.0,7.0,12.0,28.0,24.775588287769207,NaN
national,2368,reference,226.0,34.0,96.0,175.0,8.0,13.0,25.0,NaN,NaN
national,2369,calibration,134.0,22.0,229.0,147.0,10.0,13.0,22.0,91.2124728975618,NaN
national,2370,reference,217.0,22.0,119.0,173.0,10.0,12.0,24.0,NaN,NaN
national,2371,calibration,192.0,17.0,150.0,178.0,10.0,13.0,17.0,22.91018402430166,NaN
national,2372,reference,228.0,33.0,95.0,174.0,9.0,13.0,25.0,NaN,NaN
national,2373,calibration,227.0,19.0,169.0,124.0,9.0,12.0,17.0,42.24022886256235,NaN
national,2374,reference,154.0,25.0,196.0,161.0,5.0,13.0,23.0,NaN,NaN
national,2375,calibration,190.0,32.0,148.0,160.0,11.0,13.0,23.0,15.561814606517299,NaN
national,2376,reference,231.0,32.0,128.0,144.0,10.0,12.0,20.0,NaN,NaN
national,2377,calibration,242.0,39.0,84.0,163.0,9.0,13.0,27.0,43.36981245188707,NaN
national,2378,reference,187.0,38.0,151.0,156.0,11.0,13.0,21.0,NaN,NaN
national,2379,calibration,180.0,45.0,120.0,178.0,10.0,13.0,31.0,24.068500991578343,NaN
national,2380,reference,178.0,29.0,183.0,143.0,9.0,13.0,22.0,NaN,NaN
national,2381,calibration,216.0,36.0,139.0,140.0,10.0,13.0,23.0,20.04905291763067,NaN
national,2382,reference,210.0,39.0,100.0,185.0,7.0,12.0,24.0,NaN,NaN
national,2383,calibration,202.0,43.0,100.0,182.0,10.0,13.0,27.0,25.77818782630374,NaN
national,2384,reference,233.0,44.0,68.0,176.0,11.0,14.0,31.0,NaN,NaN
national,2385,calibration,202.0,27.0,158.0,150.0,10.0,12.0,18.0,19.714614951913294,NaN
national,2386,reference,246.0,44.0,60.0,180.0,7.0,12.0,28.0,NaN,NaN
national,2387,calibration,193.0,40.0,121.0,170.0,10.0,13.0,30.0,15.859299525748977,NaN
national,2388,reference,199.0,39.0,120.0,172.0,12.0,12.0,23.0,NaN,NaN
national,2389,calibration,163.0,35.0,173.0,155.0,10.0,14.0,27.0,36.7090236099794,NaN
national,2390,reference,185.0,21.0,171.0,153.0,10.0,14.0,23.0,NaN,NaN
national,2391,calibration,216.0,37.0,115.0,165.0,8.0,14.0,22.0,15.952589004825828,NaN
national,2392,reference,217.0,38.0,105.0,171.0,9.0,14.0,23.0,NaN,NaN
national,2393,calibration,174.0,44.0,130.0,182.0,11.0,13.0,23.0,26.11894008305053,NaN
national,2394,reference,213.0,35.0,140.0,148.0,9.0,12.0,20.0,NaN,NaN
national,2395,calibration,193.0,38.0,136.0,161.0,10.0,12.0,27.0,13.4331638208463,NaN
national,2396,reference,214.0,19.0,122.0,173.0,10.0,13.0,26.0,NaN,NaN
national,2397,calibration,221.0,23.0,142.0,148.0,9.0,12.0,22.0,20.17376518693327,NaN
national,2398,reference,163.0,35.0,163.0,168.0,10.0,13.0,25.0,NaN,NaN
national,2399,calibration,186.0,39.0,127.0,177.0,11.0,13.0,24.0,18.286001982591397,NaN
national,2400,reference,159.0,18.0,214.0,146.0,6.0,13.0,21.0,NaN,NaN
national,2401,calibration,202.0,40.0,120.0,168.0,10.0,12.0,25.0,13.647514044815022,NaN
national,2402,reference,189.0,43.0,110.0,179.0,10.0,14.0,32.0,NaN,NaN
national,2403,calibration,226.0,38.0,104.0,170.0,13.0,10.0,16.0,25.115217273563832,NaN
national,2404,reference,216.0,38.0,94.0,173.0,9.0,14.0,33.0,NaN,NaN
national,2405,calibration,194.0,37.0,140.0,159.0,9.0,13.0,25.0,13.433626369936544,NaN
national,2406,reference,195.0,39.0,139.0,166.0,9.0,13.0,16.0,NaN,NaN
national,2407,calibration,214.0,44.0,78.0,192.0,11.0,11.0,27.0,44.73168954455154,NaN
national,2408,reference,204.0,39.0,118.0,170.0,9.0,12.0,25.0,NaN,NaN
national,2409,calibration,203.0,44.0,116.0,163.0,10.0,14.0,27.0,15.615082004568993,NaN
national,2410,reference,223.0,35.0,125.0,153.0,9.0,14.0,18.0,NaN,NaN
national,2411,calibration,211.0,28.0,145.0,148.0,11.0,11.0,23.0,16.827666767000405,NaN
national,2412,reference,179.0,38.0,141.0,171.0,11.0,12.0,25.0,NaN,NaN
national,2413,calibration,234.0,38.0,99.0,163.0,10.0,11.0,22.0,30.047643884009975,NaN
national,2414,reference,230.0,40.0,82.0,177.0,10.0,12.0,26.0,NaN,NaN
national,2415,calibration,207.0,35.0,126.0,161.0,10.0,14.0,24.0,12.16617991159907,NaN
national,2416,reference,206.0,43.0,111.0,165.0,9.0,13.0,30.0,NaN,NaN
national,2417,calibration,242.0,38.0,87.0,167.0,10.0,11.0,22.0,41.410864305497384,NaN
national,2418,reference,215.0,32.0,96.0,185.0,9.0,10.0,30.0,NaN,NaN
national,2419,calibration,194.0,29.0,164.0,146.0,9.0,14.0,21.0,23.096124033434553,NaN
national,2420,reference,198.0,19.0,190.0,130.0,8.0,13.0,19.0,NaN,NaN
national,2421,calibration,165.0,20.0,184.0,160.0,11.0,14.0,23.0,42.693384774585454,NaN
national,2422,reference,226.0,37.0,75.0,188.0,9.0,12.0,30.0,NaN,NaN
national,2423,calibration,212.0,38.0,127.0,154.0,10.0,14.0,22.0,14.15783952645491,NaN
national,2424,reference,216.0,37.0,106.0,169.0,9.0,12.0,28.0,NaN,NaN
national,2425,calibration,183.0,47.0,108.0,184.0,10.0,14.0,31.0,29.193672299112134,NaN
national,2426,reference,213.0,24.0,140.0,159.0,9.0,13.0,19.0,NaN,NaN
national,2427,calibration,212.0,38.0,100.0,178.0,11.0,14.0,24.0,23.712383366609547,NaN
national,2428,reference,210.0,37.0,114.0,164.0,10.0,13.0,29.0,NaN,NaN
national,2429,calibration,217.0,24.0,150.0,141.0,11.0,12.0,22.0,22.618912070899395,NaN
national,2430,reference,197.0,19.0,194.0,126.0,9.0,14.0,18.0,NaN,NaN
national,2431,calibration,178.0,15.0,183.0,159.0,11.0,13.0,18.0,38.589907248424,NaN
national,2432,reference,232.0,27.0,105.0,169.0,10.0,12.0,22.0,NaN,NaN
national,2433,calibration,219.0,35.0,92.0,185.0,11.0,13.0,22.0,32.269555785478474,NaN
national,2434,reference,216.0,23.0,137.0,161.0,11.0,13.0,16.0,NaN,NaN
national,2435,calibration,184.0,31.0,176.0,148.0,8.0,11.0,19.0,30.84207786376189,NaN
national,2436,reference,222.0,39.0,95.0,172.0,9.0,12.0,28.0,NaN,NaN
national,2437,calibration,214.0,39.0,127.0,156.0,11.0,12.0,18.0,14.793198825057974,NaN
national,2438,reference,183.0,39.0,136.0,170.0,10.0,13.0,26.0,NaN,NaN
national,2439,calibration,205.0,45.0,90.0,187.0,10.0,13.0,27.0,34.00700564417079,NaN
national,2440,reference,173.0,20.0,215.0,132.0,7.0,13.0,17.0,NaN,NaN
national,2441,calibration,139.0,23.0,213.0,160.0,12.0,12.0,18.0,76.00268651539773,NaN
national,2442,reference,192.0,33.0,139.0,166.0,12.0,13.0,22.0,NaN,NaN
national,2443,calibration,233.0,38.0,87.0,171.0,8.0,12.0,28.0,36.88661086775896,NaN
national,2444,reference,167.0,18.0,238.0,115.0,8.0,13.0,18.0,NaN,NaN
national,2445,calibration,214.0,36.0,147.0,136.0,9.0,13.0,22.0,22.7355390648428,NaN
national,2446,reference,149.0,16.0,248.0,121.0,12.0,12.0,19.0,NaN,NaN
national,2447,calibration,207.0,26.0,180.0,125.0,7.0,14.0,18.0,40.914472790367284,NaN
national,2448,reference,193.0,39.0,138.0,158.0,10.0,13.0,26.0,NaN,NaN
national,2449,calibration,149.0,20.0,195.0,165.0,9.0,13.0,26.0,58.37254381597468,NaN
national,2450,reference,233.0,20.0,140.0,145.0,10.0,12.0,17.0,NaN,NaN
national,2451,calibration,246.0,40.0,90.0,161.0,10.0,13.0,17.0,42.814355268124984,NaN
national,2452,reference,211.0,43.0,96.0,180.0,9.0,10.0,28.0,NaN,NaN
national,2453,calibration,189.0,19.0,199.0,130.0,6.0,13.0,21.0,51.9483011181854,NaN
national,2454,reference,219.0,31.0,123.0,158.0,10.0,14.0,22.0,NaN,NaN
national,2455,calibration,173.0,39.0,152.0,162.0,10.0,13.0,28.0,23.680688105897918,NaN
national,2456,reference,227.0,37.0,87.0,177.0,7.0,13.0,29.0,NaN,NaN
national,2457,calibration,208.0,23.0,178.0,127.0,9.0,13.0,19.0,39.083940375405305,NaN
national,2458,reference,186.0,43.0,130.0,170.0,9.0,11.0,28.0,NaN,NaN
national,2459,calibration,235.0,32.0,130.0,129.0,9.0,14.0,28.0,33.61606545024904,NaN
national,2460,reference,170.0,23.0,169.0,169.0,11.0,13.0,22.0,NaN,NaN
national,2461,calibration,240.0,40.0,82.0,182.0,5.0,9.0,19.0,46.55442282413466,NaN
national,2462,reference,201.0,26.0,136.0,164.0,10.0,14.0,26.0,NaN,NaN
national,2463,calibration,199.0,25.0,157.0,155.0,9.0,13.0,19.0,18.701238693761976,NaN
national,2464,reference,173.0,39.0,143.0,175.0,11.0,13.0,23.0,NaN,NaN
national,2465,calibration,233.0,26.0,113.0,164.0,11.0,13.0,17.0,25.510664756059175,NaN
national,2466,reference,213.0,43.0,98.0,173.0,10.0,12.0,28.0,NaN,NaN
national,2467,calibration,208.0,39.0,121.0,163.0,11.0,13.0,22.0,13.269609986497581,NaN
national,2468,reference,202.0,23.0,192.0,120.0,9.0,13.0,18.0,NaN,NaN
national,2469,calibration,215.0,40.0,115.0,166.0,10.0,11.0,20.0,16.234070902958347,NaN
national,2470,reference,248.0,35.0,74.0,177.0,10.0,11.0,22.0,NaN,NaN
national,2471,calibration,192.0,38.0,138.0,164.0,9.0,9.0,27.0,14.002986158357498,NaN
national,2472,reference,223.0,15.0,130.0,167.0,12.0,13.0,17.0,NaN,NaN
national,2473,calibration,237.0,38.0,108.0,149.0,7.0,13.0,25.0,30.37780545962295,NaN
national,2474,reference,235.0,41.0,91.0,170.0,10.0,11.0,19.0,NaN,NaN
national,2475,calibration,161.0,32.0,184.0,151.0,9.0,12.0,28.0,44.116681356973984,NaN
national,2476,reference,171.0,26.0,167.0,168.0,9.0,13.0,23.0,NaN,NaN
national,2477,calibration,210.0,38.0,121.0,158.0,11.0,13.0,26.0,13.882657776732426,NaN
national,2478,reference,208.0,35.0,128.0,160.0,9.0,13.0,24.0,NaN,NaN
national,2479,calibration,199.0,24.0,189.0,121.0,10.0,14.0,20.0,47.90545792304145,NaN
national,2480,reference,189.0,23.0,175.0,147.0,10.0,13.0,20.0,NaN,NaN
national,2481,calibration,195.0,31.0,134.0,170.0,10.0,12.0,25.0,13.422882584168622,NaN
national,2482,reference,202.0,41.0,106.0,180.0,10.0,13.0,25.0,NaN,NaN
national,2483,calibration,213.0,34.0,156.0,123.0,10.0,13.0,28.0,32.40302961053139,NaN
national,2484,reference,211.0,42.0,93.0,180.0,8.0,13.0,30.0,NaN,NaN
national,2485,calibration,159.0,37.0,154.0,176.0,10.0,12.0,29.0,34.29211248697726,NaN
national,2486,reference,153.0,35.0,205.0,147.0,9.0,12.0,16.0,NaN,NaN
national,2487,calibration,202.0,43.0,95.0,188.0,9.0,10.0,30.0,31.54548836224011,NaN
national,2488,reference,215.0,32.0,133.0,158.0,10.0,12.0,17.0,NaN,NaN
national,2489,calibration,242.0,38.0,82.0,167.0,11.0,10.0,27.0,44.6817594947764,NaN
national,2490,reference,202.0,20.0,183.0,131.0,9.0,13.0,19.0,NaN,NaN
national,2491,calibration,203.0,45.0,95.0,179.0,11.0,13.0,31.0,28.47770117822225,NaN
national,2492,reference,206.0,30.0,110.0,181.0,10.0,14.0,26.0,NaN,NaN
national,2493,calibration,203.0,27.0,144.0,154.0,9.0,14.0,26.0,14.472298047435867,NaN
national,2494,reference,229.0,27.0,153.0,127.0,7.0,12.0,22.0,NaN,NaN
national,2495,calibration,208.0,41.0,108.0,173.0,10.0,14.0,23.0,18.460705584180413,NaN
national,2496,reference,151.0,25.0,214.0,145.0,10.0,13.0,19.0,NaN,NaN
national,2497,calibration,201.0,43.0,100.0,179.0,10.0,12.0,32.0,25.500470589414792,NaN
national,2498,reference,208.0,39.0,115.0,173.0,8.0,12.0,22.0,NaN,NaN
national,2499,calibration,208.0,45.0,98.0,177.0,9.0,13.0,27.0,25.411295010608857,NaN
national,2500,reference,226.0,30.0,129.0,146.0,10.0,10.0,26.0,NaN,NaN
national,2501,calibration,183.0,25.0,171.0,154.0,9.0,13.0,22.0,27.626243498305296,NaN
national,2502,reference,195.0,44.0,115.0,172.0,11.0,14.0,26.0,NaN,NaN
national,2503,calibration,161.0,30.0,176.0,162.0,10.0,14.0,24.0,39.03490716117376,NaN
national,2504,reference,186.0,43.0,120.0,179.0,6.0,13.0,30.0,NaN,NaN
national,2505,calibration,158.0,21.0,199.0,156.0,8.0,12.0,23.0,55.67368452458771,NaN
national,2506,reference,230.0,44.0,78.0,176.0,10.0,13.0,26.0,NaN,NaN
national,2507,calibration,195.0,46.0,93.0,194.0,9.0,11.0,29.0,37.12202904294766,NaN
national,2508,reference,185.0,38.0,153.0,155.0,10.0,13.0,23.0,NaN,NaN
national,2509,calibration,198.0,39.0,122.0,169.0,10.0,12.0,27.0,13.825805027458454,NaN
national,2510,reference,195.0,39.0,139.0,158.0,8.0,13.0,25.0,NaN,NaN
national,2511,calibration,198.0,30.0,173.0,128.0,9.0,13.0,26.0,34.68035108246512,NaN
national,2512,reference,182.0,18.0,182.0,149.0,10.0,14.0,22.0,NaN,NaN
national,2513,calibration,220.0,23.0,162.0,136.0,7.0,10.0,19.0,30.210678431824345,NaN
national,2514,reference,170.0,43.0,141.0,173.0,7.0,14.0,29.0,NaN,NaN
national,2515,calibration,244.0,30.0,128.0,135.0,9.0,11.0,20.0,36.030732313195955,NaN
national,2516,reference,203.0,42.0,113.0,166.0,10.0,12.0,31.0,NaN,NaN
national,2517,calibration,176.0,30.0,147.0,174.0,10.0,13.0,27.0,22.5059809466026,NaN
national,2518,reference,204.0,37.0,131.0,164.0,7.0,12.0,22.0,NaN,NaN
national,2519,calibration,214.0,33.0,126.0,161.0,9.0,12.0,22.0,13.395566125088248,NaN
national,2520,reference,176.0,38.0,170.0,153.0,10.0,13.0,17.0,NaN,NaN
national,2521,calibration,193.0,39.0,123.0,169.0,11.0,14.0,28.0,14.938214314620136,NaN
national,2522,reference,208.0,37.0,119.0,167.0,10.0,13.0,23.0,NaN,NaN
national,2523,calibration,192.0,39.0,123.0,171.0,10.0,14.0,28.0,15.500834110447979,NaN
national,2524,reference,197.0,29.0,128.0,173.0,10.0,13.0,27.0,NaN,NaN
national,2525,calibration,228.0,44.0,77.0,182.0,6.0,9.0,31.0,45.28199591964004,NaN
national,2526,reference,195.0,39.0,142.0,157.0,10.0,9.0,25.0,NaN,NaN
national,2527,calibration,184.0,36.0,162.0,156.0,6.0,11.0,22.0,22.537081780328503,NaN
national,2528,reference,207.0,19.0,141.0,164.0,11.0,12.0,23.0,NaN,NaN
national,2529,calibration,192.0,34.0,129.0,177.0,11.0,11.0,23.0,16.00691535369368,NaN
national,2530,reference,206.0,39.0,122.0,164.0,8.0,13.0,25.0,NaN,NaN
national,2531,calibration,210.0,40.0,114.0,168.0,10.0,12.0,23.0,15.420567393747003,NaN
national,2532,reference,208.0,37.0,146.0,141.0,12.0,13.0,20.0,NaN,NaN
national,2533,calibration,218.0,38.0,99.0,173.0,9.0,11.0,29.0,24.33143998328409,NaN
national,2534,reference,191.0,21.0,191.0,134.0,8.0,13.0,19.0,NaN,NaN
national,2535,calibration,200.0,23.0,148.0,160.0,9.0,13.0,24.0,15.619330117481102,NaN
national,2536,reference,195.0,39.0,131.0,164.0,10.0,12.0,26.0,NaN,NaN
national,2537,calibration,236.0,28.0,110.0,159.0,9.0,11.0,24.0,27.401958846110876,NaN
national,2538,reference,184.0,29.0,154.0,164.0,9.0,13.0,24.0,NaN,NaN
national,2539,calibration,230.0,38.0,78.0,176.0,9.0,13.0,33.0,43.34005399579027,NaN
national,2540,reference,218.0,30.0,158.0,135.0,8.0,11.0,17.0,NaN,NaN
national,2541,calibration,248.0,32.0,91.0,165.0,10.0,9.0,22.0,43.01533681104026,NaN
national,2542,reference,192.0,23.0,162.0,158.0,10.0,13.0,19.0,NaN,NaN
national,2543,calibration,168.0,41.0,148.0,178.0,8.0,14.0,20.0,28.544278264469494,NaN
national,2544,reference,202.0,42.0,104.0,178.0,10.0,13.0,28.0,NaN,NaN
national,2545,calibration,210.0,40.0,109.0,172.0,10.0,11.0,25.0,17.784749773034623,NaN
national,2546,reference,185.0,22.0,162.0,162.0,10.0,13.0,23.0,NaN,NaN
national,2547,calibration,170.0,29.0,187.0,144.0,10.0,14.0,23.0,42.88560261004713,NaN
national,2548,reference,236.0,45.0,63.0,184.0,9.0,12.0,28.0,NaN,NaN
national,2549,calibration,220.0,42.0,94.0,176.0,11.0,11.0,23.0,28.65136049163201,NaN
national,2550,reference,237.0,31.0,93.0,167.0,9.0,12.0,28.0,NaN,NaN
national,2551,calibration,181.0,26.0,166.0,158.0,11.0,12.0,23.0,25.311312471359816,NaN
national,2552,reference,200.0,23.0,145.0,165.0,9.0,13.0,22.0,NaN,NaN
national,2553,calibration,207.0,25.0,142.0,157.0,10.0,12.0,24.0,14.282948833977688,NaN
national,2554,reference,216.0,39.0,113.0,163.0,9.0,11.0,26.0,NaN,NaN
national,2555,calibration,221.0,29.0,174.0,112.0,8.0,12.0,21.0,48.04811008114032,NaN
national,2556,reference,201.0,39.0,112.0,175.0,10.0,12.0,28.0,NaN,NaN
national,2557,calibration,186.0,21.0,202.0,129.0,8.0,12.0,19.0,54.617325144107795,NaN
national,2558,reference,161.0,45.0,136.0,180.0,10.0,13.0,32.0,NaN,NaN
national,2559,calibration,203.0,41.0,109.0,172.0,11.0,13.0,28.0,18.108933963344032,NaN
national,2560,reference,206.0,38.0,114.0,167.0,8.0,13.0,31.0,NaN,NaN
national,2561,calibration,205.0,38.0,113.0,176.0,12.0,12.0,21.0,17.158743311477327,NaN
national,2562,reference,156.0,38.0,162.0,171.0,11.0,13.0,26.0,NaN,NaN
national,2563,calibration,168.0,36.0,153.0,170.0,10.0,13.0,27.0,26.97753267033946,NaN
national,2564,reference,197.0,32.0,131.0,174.0,9.0,12.0,22.0,NaN,NaN
national,2565,calibration,200.0,45.0,101.0,180.0,10.0,14.0,27.0,25.221901067375814,NaN
national,2566,reference,202.0,34.0,117.0,174.0,10.0,14.0,26.0,NaN,NaN
national,2567,calibration,170.0,42.0,141.0,175.0,7.0,14.0,28.0,25.853606739054346,NaN
national,2568,reference,171.0,38.0,153.0,168.0,12.0,13.0,22.0,NaN,NaN
national,2569,calibration,222.0,21.0,178.0,121.0,8.0,9.0,18.0,45.989767302084445,NaN
national,2570,reference,207.0,41.0,119.0,166.0,12.0,13.0,19.0,NaN,NaN
national,2571,calibration,158.0,37.0,162.0,169.0,9.0,14.0,28.0,35.732991741330125,NaN
national,2572,reference,206.0,27.0,123.0,173.0,9.0,13.0,26.0,NaN,NaN
national,2573,calibration,205.0,40.0,110.0,173.0,11.0,14.0,24.0,17.445745241755898,NaN
national,2574,reference,180.0,39.0,131.0,181.0,13.0,14.0,19.0,NaN,NaN
national,2575,calibration,165.0,22.0,179.0,169.0,11.0,14.0,17.0,40.64869819992735,NaN
national,2576,reference,200.0,43.0,116.0,170.0,10.0,12.0,26.0,NaN,NaN
national,2577,calibration,193.0,42.0,124.0,177.0,10.0,12.0,19.0,17.300996056852913,NaN
national,2578,reference,203.0,25.0,118.0,182.0,11.0,13.0,25.0,NaN,NaN
national,2579,calibration,208.0,37.0,120.0,165.0,10.0,13.0,24.0,13.124593386040512,NaN
national,2580,reference,171.0,36.0,178.0,147.0,9.0,13.0,23.0,NaN,NaN
national,2581,calibration,201.0,35.0,145.0,149.0,10.0,12.0,25.0,15.329832337666314,NaN
national,2582,reference,216.0,33.0,125.0,162.0,9.0,11.0,21.0,NaN,NaN
national,2583,calibration,185.0,24.0,167.0,153.0,10.0,13.0,25.0,25.34353664870326,NaN
national,2584,reference,166.0,37.0,160.0,168.0,9.0,12.0,25.0,NaN,NaN
national,2585,calibration,235.0,43.0,90.0,162.0,8.0,12.0,27.0,36.27396454268556,NaN
national,2586,reference,202.0,19.0,140.0,171.0,9.0,14.0,22.0,NaN,NaN
national,2587,calibration,191.0,27.0,128.0,183.0,9.0,14.0,25.0,19.579790845080364,NaN
national,2588,reference,155.0,36.0,174.0,164.0,10.0,14.0,24.0,NaN,NaN
national,2589,calibration,163.0,46.0,138.0,182.0,10.0,14.0,24.0,32.645068998607144,NaN
national,2590,reference,224.0,18.0,148.0,143.0,6.0,13.0,25.0,NaN,NaN
national,2591,calibration,211.0,43.0,107.0,165.0,11.0,13.0,27.0,18.875931327715552,NaN
national,2592,reference,164.0,42.0,166.0,157.0,10.0,12.0,26.0,NaN,NaN
national,2593,calibration,150.0,17.0,270.0,101.0,6.0,13.0,20.0,130.32367224226948,NaN
national,2594,reference,199.0,19.0,140.0,170.0,10.0,13.0,26.0,NaN,NaN
national,2595,calibration,208.0,38.0,118.0,167.0,10.0,12.0,24.0,13.750547455642515,NaN
national,2596,reference,208.0,36.0,112.0,171.0,9.0,13.0,28.0,NaN,NaN
national,2597,calibration,176.0,36.0,171.0,146.0,12.0,13.0,23.0,31.103871579832,NaN
national,2598,reference,195.0,23.0,178.0,143.0,8.0,12.0,18.0,NaN,NaN
national,2599,calibration,197.0,44.0,119.0,167.0,10.0,12.0,28.0,15.628426592785633,NaN
national,2600,reference,170.0,22.0,217.0,129.0,9.0,13.0,17.0,NaN,NaN
national,2601,calibration,235.0,43.0,76.0,173.0,10.0,12.0,28.0,46.28457821560488,NaN
national,2602,reference,215.0,38.0,119.0,163.0,9.0,11.0,22.0,NaN,NaN
national,2603,calibration,234.0,35.0,135.0,128.0,6.0,12.0,27.0,33.64702433717933,NaN
national,2604,reference,207.0,42.0,114.0,167.0,10.0,13.0,24.0,NaN,NaN
national,2605,calibration,223.0,24.0,122.0,163.0,9.0,13.0,23.0,18.396944516492145,NaN
national,2606,reference,168.0,37.0,166.0,163.0,6.0,13.0,24.0,NaN,NaN
national,2607,calibration,205.0,33.0,133.0,161.0,8.0,14.0,23.0,11.870543311703177,NaN
national,2608,reference,191.0,39.0,128.0,172.0,9.0,14.0,24.0,NaN,NaN
national,2609,calibration,140.0,18.0,252.0,124.0,11.0,14.0,18.0,111.3705734980247,NaN
national,2610,reference,224.0,34.0,122.0,149.0,10.0,13.0,25.0,NaN,NaN
national,2611,calibration,173.0,37.0,159.0,163.0,8.0,12.0,25.0,25.38402377880981,NaN
national,2612,reference,225.0,45.0,84.0,177.0,9.0,11.0,26.0,NaN,NaN
national,2613,calibration,175.0,40.0,144.0,173.0,8.0,11.0,26.0,22.504939814977593,NaN
national,2614,reference,185.0,36.0,161.0,148.0,8.0,13.0,26.0,NaN,NaN
national,2615,calibration,216.0,35.0,117.0,160.0,10.0,13.0,26.0,15.507005570627282,NaN
national,2616,reference,205.0,39.0,116.0,167.0,11.0,13.0,26.0,NaN,NaN
national,2617,calibration,158.0,31.0,166.0,173.0,10.0,12.0,27.0,37.74678869656927,NaN
national,2618,reference,223.0,24.0,130.0,160.0,13.0,13.0,14.0,NaN,NaN
national,2619,calibration,202.0,24.0,159.0,146.0,9.0,12.0,25.0,21.26975129555863,NaN
national,2620,reference,212.0,44.0,94.0,181.0,10.0,8.0,28.0,NaN,NaN
national,2621,calibration,210.0,38.0,106.0,176.0,11.0,14.0,22.0,19.984960479270573,NaN
national,2622,reference,213.0,37.0,111.0,166.0,8.0,14.0,28.0,NaN,NaN
national,2623,calibration,198.0,36.0,120.0,178.0,4.0,11.0,30.0,17.234048831103,NaN
national,2624,reference,191.0,24.0,156.0,165.0,7.0,14.0,20.0,NaN,NaN
national,2625,calibration,243.0,33.0,108.0,153.0,10.0,12.0,18.0,33.403897752568525,NaN
national,2626,reference,184.0,24.0,179.0,144.0,6.0,10.0,30.0,NaN,NaN
national,2627,calibration,178.0,38.0,140.0,182.0,5.0,12.0,22.0,23.596057123962797,NaN
national,2628,reference,222.0,40.0,90.0,181.0,6.0,12.0,26.0,NaN,NaN
national,2629,calibration,210.0,38.0,124.0,160.0,8.0,13.0,24.0,13.033590582676329,NaN
national,2630,reference,234.0,33.0,107.0,156.0,9.0,11.0,27.0,NaN,NaN
national,2631,calibration,200.0,41.0,131.0,161.0,9.0,12.0,23.0,12.625534667798373,NaN
national,2632,reference,234.0,32.0,105.0,163.0,10.0,12.0,21.0,NaN,NaN
national,2633,calibration,182.0,18.0,222.0,119.0,7.0,12.0,17.0,75.28979518466514,NaN
national,2634,reference,199.0,23.0,164.0,147.0,9.0,13.0,22.0,NaN,NaN
national,2635,calibration,206.0,38.0,131.0,156.0,9.0,13.0,24.0,12.660765310552843,NaN
national,2636,reference,222.0,28.0,126.0,159.0,9.0,13.0,20.0,NaN,NaN
national,2637,calibration,201.0,20.0,202.0,114.0,11.0,13.0,16.0,61.109666371696804,NaN
national,2638,reference,202.0,39.0,117.0,173.0,11.0,13.0,22.0,NaN,NaN
national,2639,calibration,154.0,40.0,165.0,170.0,11.0,12.0,25.0,39.734561225591335,NaN
national,2640,reference,235.0,39.0,96.0,160.0,9.0,14.0,24.0,NaN,NaN
national,2641,calibration,190.0,32.0,158.0,153.0,9.0,12.0,23.0,19.395335789218752,NaN
national,2642,reference,198.0,19.0,194.0,126.0,9.0,13.0,18.0,NaN,NaN
national,2643,calibration,205.0,38.0,116.0,176.0,7.0,13.0,22.0,16.18266793337826,NaN
national,2644,reference,208.0,36.0,128.0,164.0,11.0,13.0,17.0,NaN,NaN
national,2645,calibration,192.0,39.0,133.0,168.0,10.0,12.0,23.0,13.887150036326414,NaN
national,2646,reference,192.0,34.0,156.0,149.0,9.0,12.0,25.0,NaN,NaN
national,2647,calibration,214.0,39.0,100.0,173.0,12.0,14.0,25.0,22.847271660549364,NaN
national,2648,reference,194.0,28.0,144.0,165.0,7.0,13.0,26.0,NaN,NaN
national,2649,calibration,220.0,33.0,152.0,134.0,10.0,12.0,16.0,27.13341894455721,NaN
national,2650,reference,195.0,42.0,110.0,182.0,9.0,12.0,27.0,NaN,NaN
national,2651,calibration,235.0,47.0,60.0,186.0,6.0,12.0,31.0,62.52794860816428,NaN
national,2652,reference,218.0,22.0,113.0,174.0,10.0,13.0,27.0,NaN,NaN
national,2653,calibration,153.0,39.0,167.0,178.0,9.0,12.0,19.0,42.94958120395694,NaN
national,2654,reference,187.0,39.0,133.0,171.0,9.0,13.0,25.0,NaN,NaN
national,2655,calibration,152.0,40.0,175.0,164.0,9.0,13.0,24.0,44.59838353788919,NaN
national,2656,reference,215.0,34.0,132.0,151.0,10.0,13.0,22.0,NaN,NaN
national,2657,calibration,208.0,39.0,127.0,155.0,11.0,13.0,24.0,13.431549482085234,NaN
national,2658,reference,200.0,31.0,157.0,147.0,10.0,13.0,19.0,NaN,NaN
national,2659,calibration,223.0,18.0,127.0,166.0,10.0,13.0,20.0,20.26059770559505,NaN
national,2660,reference,248.0,33.0,96.0,154.0,10.0,10.0,26.0,NaN,NaN
national,2661,calibration,198.0,42.0,120.0,168.0,9.0,12.0,28.0,14.778213544795623,NaN
national,2662,reference,187.0,39.0,146.0,157.0,10.0,14.0,24.0,NaN,NaN
national,2663,calibration,150.0,41.0,156.0,179.0,12.0,13.0,26.0,41.99789898792105,NaN
national,2664,reference,194.0,15.0,216.0,116.0,7.0,12.0,17.0,NaN,NaN
national,2665,calibration,182.0,14.0,172.0,164.0,10.0,12.0,23.0,31.413816520629286,NaN
national,2666,reference,165.0,38.0,161.0,164.0,9.0,13.0,27.0,NaN,NaN
national,2667,calibration,173.0,26.0,137.0,189.0,6.0,14.0,32.0,30.051213716989448,NaN
national,2668,reference,205.0,25.0,180.0,128.0,11.0,12.0,16.0,NaN,NaN
national,2669,calibration,199.0,39.0,128.0,165.0,11.0,12.0,23.0,12.468387809937543,NaN
national,2670,reference,156.0,37.0,188.0,149.0,8.0,13.0,26.0,NaN,NaN
national,2671,calibration,210.0,29.0,130.0,161.0,12.0,13.0,22.0,12.843010090733163,NaN
national,2672,reference,211.0,20.0,169.0,133.0,9.0,12.0,23.0,NaN,NaN
national,2673,calibration,194.0,39.0,136.0,162.0,9.0,13.0,24.0,13.15760873909353,NaN
national,2674,reference,212.0,32.0,150.0,146.0,9.0,11.0,17.0,NaN,NaN
national,2675,calibration,214.0,22.0,154.0,144.0,6.0,13.0,24.0,22.419041098902756,NaN
national,2676,reference,174.0,22.0,207.0,130.0,11.0,13.0,20.0,NaN,NaN
national,2677,calibration,177.0,38.0,161.0,162.0,12.0,12.0,15.0,25.383016038317866,NaN
national,2678,reference,202.0,36.0,125.0,168.0,8.0,14.0,24.0,NaN,NaN
national,2679,calibration,223.0,36.0,130.0,143.0,7.0,12.0,26.0,20.98309992396808,NaN
national,2680,reference,210.0,39.0,104.0,176.0,8.0,10.0,30.0,NaN,NaN
national,2681,calibration,226.0,39.0,94.0,168.0,11.0,13.0,26.0,29.085711748189507,NaN
national,2682,reference,172.0,18.0,197.0,146.0,13.0,12.0,19.0,NaN,NaN
national,2683,calibration,211.0,20.0,141.0,160.0,11.0,13.0,21.0,16.18592103100786,NaN
national,2684,reference,142.0,35.0,182.0,171.0,10.0,13.0,24.0,NaN,NaN
national,2685,calibration,174.0,42.0,160.0,156.0,10.0,13.0,22.0,26.236653641948163,NaN
national,2686,reference,227.0,39.0,102.0,162.0,11.0,10.0,26.0,NaN,NaN
national,2687,calibration,210.0,34.0,122.0,163.0,9.0,13.0,26.0,12.985485823483781,NaN
national,2688,reference,141.0,15.0,207.0,168.0,9.0,14.0,23.0,NaN,NaN
national,2689,calibration,188.0,33.0,155.0,153.0,8.0,14.0,26.0,18.896581621373517,NaN
national,2690,reference,231.0,39.0,83.0,185.0,8.0,10.0,21.0,NaN,NaN
national,2691,calibration,180.0,32.0,170.0,150.0,9.0,12.0,24.0,28.026725750060724,NaN
national,2692,reference,203.0,35.0,123.0,169.0,10.0,12.0,25.0,NaN,NaN
national,2693,calibration,206.0,20.0,151.0,161.0,7.0,11.0,21.0,17.928229989003338,NaN
national,2694,reference,198.0,39.0,137.0,158.0,10.0,13.0,22.0,NaN,NaN
national,2695,calibration,219.0,46.0,71.0,187.0,8.0,12.0,34.0,49.827026114845495,NaN
national,2696,reference,171.0,39.0,137.0,175.0,10.0,14.0,31.0,NaN,NaN
national,2697,calibration,228.0,39.0,98.0,166.0,9.0,11.0,26.0,27.546978685106037,NaN
national,2698,reference,156.0,19.0,198.0,159.0,8.0,13.0,24.0,NaN,NaN
national,2699,calibration,203.0,34.0,131.0,163.0,10.0,14.0,22.0,11.748217413826513,NaN
national,2700,reference,186.0,40.0,129.0,173.0,11.0,13.0,25.0,NaN,NaN
national,2701,calibration,190.0,43.0,118.0,181.0,10.0,11.0,24.0,20.66007225947251,NaN
national,2702,reference,213.0,23.0,113.0,178.0,10.0,14.0,26.0,NaN,NaN
national,2703,calibration,167.0,36.0,163.0,165.0,11.0,11.0,24.0,30.010596125083094,NaN
national,2704,reference,186.0,26.0,181.0,144.0,11.0,12.0,17.0,NaN,NaN
national,2705,calibration,215.0,24.0,124.0,172.0,10.0,12.0,20.0,16.698571976740883,NaN
national,2706,reference,181.0,42.0,144.0,163.0,9.0,12.0,26.0,NaN,NaN
national,2707,calibration,207.0,43.0,104.0,177.0,10.0,13.0,23.0,21.666295995324017,NaN
national,2708,reference,240.0,45.0,62.0,184.0,8.0,11.0,27.0,NaN,NaN
national,2709,calibration,201.0,27.0,151.0,155.0,10.0,12.0,21.0,16.030928162181933,NaN
national,2710,reference,205.0,20.0,146.0,165.0,6.0,12.0,23.0,NaN,NaN
national,2711,calibration,223.0,26.0,160.0,129.0,10.0,13.0,16.0,33.58004003296233,NaN
national,2712,reference,233.0,25.0,113.0,159.0,9.0,13.0,25.0,NaN,NaN
national,2713,calibration,207.0,37.0,111.0,170.0,9.0,13.0,30.0,16.705747859966184,NaN
national,2714,reference,203.0,38.0,121.0,167.0,6.0,13.0,29.0,NaN,NaN
national,2715,calibration,224.0,22.0,168.0,120.0,9.0,13.0,21.0,42.091468967661385,NaN
national,2716,reference,177.0,33.0,147.0,170.0,9.0,14.0,27.0,NaN,NaN
national,2717,calibration,203.0,28.0,134.0,173.0,6.0,14.0,19.0,14.508258078484534,NaN
national,2718,reference,193.0,24.0,161.0,158.0,8.0,12.0,21.0,NaN,NaN
national,2719,calibration,204.0,42.0,103.0,175.0,7.0,12.0,34.0,22.903109011396385,NaN
national,2720,reference,168.0,19.0,193.0,155.0,9.0,13.0,20.0,NaN,NaN
national,2721,calibration,213.0,39.0,117.0,160.0,10.0,12.0,26.0,15.084590439253834,NaN
national,2722,reference,192.0,45.0,105.0,184.0,8.0,14.0,29.0,NaN,NaN
national,2723,calibration,157.0,36.0,179.0,160.0,10.0,13.0,22.0,42.97488969531889,NaN
national,2724,reference,171.0,19.0,181.0,158.0,10.0,13.0,25.0,NaN,NaN
national,2725,calibration,151.0,30.0,191.0,163.0,11.0,12.0,19.0,53.667479743870516,NaN
national,2726,reference,242.0,36.0,119.0,135.0,11.0,13.0,21.0,NaN,NaN
national,2727,calibration,187.0,44.0,117.0,181.0,9.0,13.0,26.0,22.172745980335353,NaN
national,2728,reference,215.0,35.0,132.0,150.0,12.0,10.0,23.0,NaN,NaN
national,2729,calibration,204.0,29.0,181.0,120.0,9.0,12.0,22.0,43.492720228322824,NaN
national,2730,reference,197.0,31.0,155.0,150.0,7.0,13.0,24.0,NaN,NaN
national,2731,calibration,229.0,40.0,92.0,169.0,9.0,11.0,27.0,31.751317009080655,NaN
national,2732,reference,198.0,28.0,144.0,163.0,12.0,12.0,20.0,NaN,NaN
national,2733,calibration,200.0,25.0,181.0,130.0,10.0,12.0,19.0,38.47912251594259,NaN
national,2734,reference,202.0,38.0,135.0,158.0,10.0,13.0,21.0,NaN,NaN
national,2735,calibration,183.0,28.0,175.0,141.0,10.0,14.0,26.0,32.344141591752546,NaN
national,2736,reference,206.0,38.0,129.0,160.0,8.0,12.0,24.0,NaN,NaN
national,2737,calibration,204.0,24.0,163.0,139.0,7.0,12.0,28.0,25.77716481478541,NaN
national,2738,reference,213.0,21.0,156.0,150.0,10.0,11.0,16.0,NaN,NaN
national,2739,calibration,165.0,32.0,165.0,169.0,9.0,13.0,24.0,32.281406764372406,NaN
national,2740,reference,221.0,42.0,94.0,174.0,11.0,13.0,22.0,NaN,NaN
national,2741,calibration,217.0,37.0,110.0,165.0,10.0,12.0,26.0,17.765872781062374,NaN
national,2742,reference,237.0,45.0,61.0,185.0,10.0,10.0,29.0,NaN,NaN
national,2743,calibration,224.0,36.0,112.0,159.0,10.0,12.0,24.0,19.856942006612886,NaN
national,2744,reference,188.0,39.0,128.0,178.0,9.0,12.0,23.0,NaN,NaN
national,2745,calibration,207.0,42.0,114.0,173.0,9.0,12.0,20.0,16.671752823809054,NaN
national,2746,reference,252.0,39.0,94.0,145.0,8.0,11.0,28.0,NaN,NaN
national,2747,calibration,204.0,38.0,124.0,164.0,10.0,12.0,25.0,12.375667239489598,NaN
national,2748,reference,226.0,37.0,88.0,180.0,10.0,12.0,24.0,NaN,NaN
national,2749,calibration,233.0,39.0,116.0,143.0,9.0,12.0,25.0,27.859770756112734,NaN
national,2750,reference,205.0,45.0,85.0,187.0,10.0,14.0,31.0,NaN,NaN
national,2751,calibration,219.0,40.0,99.0,171.0,10.0,11.0,27.0,24.243339653974164,NaN
national,2752,reference,231.0,35.0,92.0,168.0,10.0,12.0,29.0,NaN,NaN
national,2753,calibration,189.0,38.0,132.0,168.0,10.0,14.0,26.0,14.727091158066461,NaN
national,2754,reference,194.0,38.0,134.0,172.0,6.0,13.0,20.0,NaN,NaN
national,2755,calibration,175.0,36.0,166.0,158.0,10.0,12.0,20.0,27.35061438608417,NaN
national,2756,reference,209.0,41.0,104.0,177.0,11.0,12.0,23.0,NaN,NaN
national,2757,calibration,222.0,40.0,88.0,181.0,11.0,12.0,23.0,34.20486434852339,NaN
national,2758,reference,213.0,38.0,116.0,161.0,11.0,13.0,25.0,NaN,NaN
national,2759,calibration,232.0,26.0,149.0,131.0,9.0,11.0,19.0,33.028078998918986,NaN
national,2760,reference,193.0,39.0,130.0,164.0,10.0,13.0,28.0,NaN,NaN
national,2761,calibration,169.0,38.0,143.0,177.0,8.0,14.0,28.0,26.587238458977733,NaN
national,2762,reference,214.0,36.0,127.0,154.0,10.0,13.0,23.0,NaN,NaN
national,2763,calibration,161.0,40.0,150.0,176.0,9.0,11.0,30.0,32.583293807021235,NaN
national,2764,reference,211.0,37.0,112.0,171.0,11.0,13.0,22.0,NaN,NaN
national,2765,calibration,190.0,35.0,159.0,153.0,9.0,14.0,17.0,20.45626678374696,NaN
national,2766,reference,216.0,23.0,180.0,119.0,8.0,14.0,17.0,NaN,NaN
national,2767,calibration,195.0,45.0,110.0,177.0,9.0,13.0,28.0,21.07484294746146,NaN
national,2768,reference,197.0,29.0,127.0,172.0,11.0,14.0,27.0,NaN,NaN
national,2769,calibration,200.0,32.0,141.0,159.0,12.0,13.0,20.0,13.01105068409274,NaN
national,2770,reference,189.0,45.0,113.0,179.0,10.0,13.0,28.0,NaN,NaN
national,2771,calibration,142.0,20.0,252.0,123.0,9.0,13.0,18.0,110.55596974635912,NaN
national,2772,reference,181.0,33.0,163.0,158.0,8.0,11.0,23.0,NaN,NaN
national,2773,calibration,203.0,25.0,173.0,137.0,6.0,10.0,23.0,31.09644962588953,NaN
national,2774,reference,141.0,43.0,159.0,185.0,10.0,11.0,28.0,NaN,NaN
national,2775,calibration,230.0,36.0,123.0,149.0,8.0,11.0,20.0,22.772036498567626,NaN
national,2776,reference,160.0,38.0,169.0,165.0,10.0,12.0,23.0,NaN,NaN
national,2777,calibration,148.0,20.0,243.0,123.0,10.0,12.0,21.0,100.52469443412767,NaN
national,2778,reference,214.0,39.0,108.0,169.0,11.0,13.0,23.0,NaN,NaN
national,2779,calibration,202.0,26.0,160.0,148.0,9.0,13.0,19.0,20.995195174542364,NaN
national,2780,reference,178.0,36.0,161.0,160.0,10.0,13.0,19.0,NaN,NaN
national,2781,calibration,195.0,35.0,141.0,161.0,10.0,12.0,23.0,13.130411698401812,NaN
national,2782,reference,236.0,37.0,93.0,162.0,9.0,13.0,27.0,NaN,NaN
national,2783,calibration,195.0,41.0,120.0,172.0,10.0,13.0,26.0,15.59869530978732,NaN
national,2784,reference,222.0,21.0,169.0,125.0,8.0,12.0,20.0,NaN,NaN
national,2785,calibration,197.0,30.0,144.0,165.0,10.0,14.0,17.0,14.45749336896375,NaN
national,2786,reference,191.0,38.0,146.0,158.0,8.0,13.0,23.0,NaN,NaN
national,2787,calibration,209.0,36.0,152.0,140.0,9.0,13.0,18.0,21.436484851982026,NaN
national,2788,reference,203.0,20.0,176.0,135.0,9.0,12.0,22.0,NaN,NaN
national,2789,calibration,163.0,22.0,234.0,115.0,9.0,14.0,20.0,90.38469312070572,NaN
national,2790,reference,195.0,21.0,203.0,117.0,9.0,13.0,19.0,NaN,NaN
national,2791,calibration,205.0,41.0,107.0,171.0,10.0,13.0,30.0,18.986041199146424,NaN
national,2792,reference,220.0,34.0,104.0,174.0,9.0,12.0,24.0,NaN,NaN
national,2793,calibration,222.0,42.0,80.0,179.0,8.0,12.0,34.0,40.50436562015312,NaN
national,2794,reference,233.0,21.0,165.0,120.0,10.0,11.0,17.0,NaN,NaN
national,2795,calibration,225.0,45.0,82.0,174.0,10.0,12.0,29.0,38.56178971437437,NaN
national,2796,reference,231.0,36.0,110.0,156.0,8.0,12.0,24.0,NaN,NaN
national,2797,calibration,229.0,35.0,105.0,160.0,9.0,11.0,28.0,24.901330973222553,NaN
national,2798,reference,224.0,40.0,113.0,154.0,10.0,13.0,23.0,NaN,NaN
national,2799,calibration,197.0,40.0,121.0,175.0,9.0,12.0,23.0,15.532376980343901,NaN
national,2800,reference,223.0,27.0,146.0,140.0,12.0,12.0,17.0,NaN,NaN
national,2801,calibration,195.0,32.0,137.0,169.0,10.0,14.0,20.0,13.58664966118322,NaN
national,2802,reference,162.0,38.0,166.0,167.0,11.0,13.0,20.0,NaN,NaN
national,2803,calibration,197.0,39.0,140.0,154.0,9.0,12.0,26.0,14.040000260243271,NaN
national,2804,reference,216.0,26.0,124.0,165.0,10.0,12.0,24.0,NaN,NaN
national,2805,calibration,168.0,21.0,192.0,151.0,9.0,12.0,24.0,46.65847756967466,NaN
national,2806,reference,187.0,37.0,167.0,139.0,9.0,13.0,25.0,NaN,NaN
national,2807,calibration,248.0,37.0,80.0,167.0,9.0,12.0,24.0,49.4173504740762,NaN
national,2808,reference,215.0,36.0,129.0,152.0,9.0,13.0,23.0,NaN,NaN
national,2809,calibration,215.0,45.0,83.0,183.0,11.0,14.0,26.0,37.720579767343054,NaN
national,2810,reference,164.0,37.0,169.0,160.0,9.0,14.0,24.0,NaN,NaN
national,2811,calibration,142.0,35.0,178.0,177.0,11.0,13.0,21.0,54.51398472907316,NaN
national,2812,reference,142.0,46.0,154.0,184.0,8.0,14.0,29.0,NaN,NaN
national,2813,calibration,224.0,36.0,108.0,159.0,11.0,12.0,27.0,21.467874806483483,NaN
national,2814,reference,202.0,33.0,135.0,164.0,10.0,13.0,20.0,NaN,NaN
national,2815,calibration,231.0,30.0,119.0,160.0,8.0,9.0,20.0,22.21295633750383,NaN
national,2816,reference,162.0,37.0,170.0,166.0,9.0,11.0,22.0,NaN,NaN
national,2817,calibration,189.0,27.0,183.0,135.0,10.0,14.0,19.0,38.11278447658101,NaN
national,2818,reference,152.0,31.0,193.0,157.0,9.0,12.0,23.0,NaN,NaN
national,2819,calibration,209.0,39.0,102.0,177.0,11.0,13.0,26.0,22.146510043602408,NaN
national,2820,reference,210.0,24.0,135.0,163.0,12.0,12.0,21.0,NaN,NaN
national,2821,calibration,236.0,24.0,113.0,160.0,7.0,11.0,26.0,27.33683222496722,NaN
national,2822,reference,215.0,39.0,101.0,178.0,9.0,11.0,24.0,NaN,NaN
national,2823,calibration,221.0,45.0,77.0,181.0,10.0,13.0,30.0,42.909789065221005,NaN
national,2824,reference,230.0,45.0,85.0,173.0,9.0,12.0,23.0,NaN,NaN
national,2825,calibration,191.0,27.0,170.0,148.0,8.0,12.0,21.0,26.14935794354839,NaN
national,2826,reference,196.0,36.0,141.0,160.0,9.0,13.0,22.0,NaN,NaN
national,2827,calibration,231.0,21.0,137.0,145.0,6.0,12.0,25.0,25.787847823770147,NaN
national,2828,reference,210.0,29.0,104.0,185.0,10.0,14.0,25.0,NaN,NaN
national,2829,calibration,174.0,36.0,153.0,169.0,10.0,12.0,23.0,23.533739546650214,NaN
national,2830,reference,194.0,37.0,137.0,172.0,7.0,13.0,17.0,NaN,NaN
national,2831,calibration,171.0,40.0,141.0,176.0,9.0,13.0,27.0,25.076958291155396,NaN
national,2832,reference,219.0,34.0,105.0,176.0,10.0,10.0,23.0,NaN,NaN
national,2833,calibration,221.0,24.0,168.0,121.0,8.0,12.0,23.0,40.21194595143227,NaN
national,2834,reference,216.0,27.0,98.0,189.0,11.0,10.0,26.0,NaN,NaN
national,2835,calibration,220.0,45.0,81.0,181.0,10.0,13.0,27.0,39.40512029997305,NaN
national,2836,reference,187.0,39.0,135.0,172.0,11.0,12.0,21.0,NaN,NaN
national,2837,calibration,179.0,36.0,156.0,156.0,8.0,12.0,30.0,22.346615711107265,NaN
national,2838,reference,238.0,36.0,102.0,159.0,9.0,11.0,22.0,NaN,NaN
national,2839,calibration,194.0,28.0,171.0,142.0,11.0,14.0,17.0,28.259087433507784,NaN
national,2840,reference,180.0,40.0,140.0,167.0,9.0,13.0,28.0,NaN,NaN
national,2841,calibration,182.0,22.0,181.0,145.0,10.0,12.0,25.0,35.67563486056906,NaN
national,2842,reference,235.0,38.0,112.0,143.0,10.0,12.0,27.0,NaN,NaN
national,2843,calibration,213.0,37.0,97.0,178.0,10.0,13.0,29.0,25.71024540604323,NaN
national,2844,reference,189.0,26.0,161.0,155.0,10.0,14.0,22.0,NaN,NaN
national,2845,calibration,165.0,36.0,168.0,161.0,6.0,13.0,28.0,33.27584346599441,NaN
national,2846,reference,158.0,33.0,200.0,142.0,9.0,13.0,22.0,NaN,NaN
national,2847,calibration,182.0,22.0,142.0,184.0,10.0,12.0,25.0,24.291509867683043,NaN
national,2848,reference,224.0,39.0,115.0,158.0,11.0,13.0,17.0,NaN,NaN
national,2849,calibration,179.0,20.0,177.0,164.0,7.0,10.0,20.0,33.520340239612935,NaN
national,2850,reference,199.0,38.0,132.0,159.0,12.0,14.0,23.0,NaN,NaN
national,2851,calibration,180.0,40.0,135.0,180.0,11.0,12.0,19.0,21.90528408524843,NaN
national,2852,reference,213.0,38.0,100.0,176.0,10.0,12.0,28.0,NaN,NaN
national,2853,calibration,216.0,35.0,124.0,161.0,10.0,13.0,18.0,14.639081229750122,NaN
national,2854,reference,217.0,36.0,127.0,156.0,11.0,13.0,17.0,NaN,NaN
national,2855,calibration,202.0,34.0,137.0,160.0,10.0,13.0,21.0,12.154915418962144,NaN
national,2856,reference,215.0,38.0,117.0,157.0,10.0,13.0,27.0,NaN,NaN
national,2857,calibration,190.0,41.0,127.0,167.0,9.0,11.0,32.0,16.017558128991535,NaN
national,2858,reference,208.0,35.0,140.0,151.0,10.0,12.0,21.0,NaN,NaN
national,2859,calibration,187.0,39.0,135.0,167.0,10.0,12.0,27.0,15.451816785784718,NaN
national,2860,reference,206.0,21.0,151.0,159.0,11.0,13.0,16.0,NaN,NaN
national,2861,calibration,203.0,18.0,209.0,109.0,10.0,13.0,15.0,69.2021362824041,NaN
national,2862,reference,204.0,19.0,161.0,148.0,8.0,13.0,24.0,NaN,NaN
national,2863,calibration,195.0,25.0,190.0,123.0,10.0,13.0,21.0,47.43290012240274,NaN
national,2864,reference,251.0,44.0,66.0,172.0,8.0,11.0,25.0,NaN,NaN
national,2865,calibration,194.0,35.0,153.0,150.0,7.0,14.0,24.0,17.756000379497156,NaN
national,2866,reference,225.0,26.0,163.0,125.0,9.0,10.0,19.0,NaN,NaN
national,2867,calibration,184.0,36.0,133.0,176.0,10.0,11.0,27.0,18.24306675675029,NaN
national,2868,reference,194.0,27.0,134.0,173.0,12.0,10.0,27.0,NaN,NaN
national,2869,calibration,177.0,41.0,136.0,178.0,8.0,9.0,28.0,22.736337394365545,NaN
national,2870,reference,211.0,27.0,135.0,163.0,7.0,13.0,21.0,NaN,NaN
national,2871,calibration,232.0,36.0,103.0,166.0,10.0,12.0,18.0,27.421089080200115,NaN
national,2872,reference,225.0,35.0,118.0,156.0,9.0,11.0,23.0,NaN,NaN
national,2873,calibration,204.0,31.0,155.0,143.0,8.0,12.0,24.0,20.109979596519384,NaN
national,2874,reference,204.0,30.0,126.0,167.0,11.0,14.0,25.0,NaN,NaN
national,2875,calibration,214.0,37.0,108.0,174.0,10.0,12.0,22.0,19.02612477137784,NaN
national,2876,reference,225.0,37.0,124.0,149.0,12.0,12.0,18.0,NaN,NaN
national,2877,calibration,215.0,39.0,97.0,179.0,11.0,13.0,23.0,26.22456617973781,NaN
national,2878,reference,221.0,40.0,115.0,158.0,11.0,12.0,20.0,NaN,NaN
national,2879,calibration,188.0,26.0,177.0,137.0,10.0,13.0,26.0,33.92733509538641,NaN
national,2880,reference,196.0,23.0,195.0,122.0,11.0,13.0,17.0,NaN,NaN
national,2881,calibration,209.0,38.0,108.0,169.0,11.0,13.0,29.0,17.843481206854893,NaN
national,2882,reference,203.0,15.0,176.0,143.0,7.0,12.0,21.0,NaN,NaN
national,2883,calibration,213.0,21.0,114.0,181.0,9.0,10.0,29.0,22.25131123624293,NaN
national,2884,reference,192.0,39.0,134.0,164.0,12.0,13.0,23.0,NaN,NaN
national,2885,calibration,161.0,27.0,180.0,167.0,10.0,13.0,19.0,42.015674366702385,NaN
national,2886,reference,204.0,38.0,118.0,174.0,8.0,10.0,25.0,NaN,NaN
national,2887,calibration,190.0,38.0,130.0,167.0,10.0,13.0,29.0,14.689939907157235,NaN
national,2888,reference,202.0,38.0,125.0,167.0,10.0,12.0,23.0,NaN,NaN
national,2889,calibration,191.0,18.0,206.0,123.0,9.0,13.0,17.0,60.09042794395221,NaN
national,2890,reference,215.0,36.0,99.0,182.0,11.0,12.0,22.0,NaN,NaN
national,2891,calibration,197.0,37.0,139.0,161.0,9.0,12.0,22.0,12.76155315938075,NaN
national,2892,reference,214.0,35.0,114.0,166.0,10.0,13.0,25.0,NaN,NaN
national,2893,calibration,241.0,38.0,87.0,164.0,11.0,12.0,24.0,40.742056254678744,NaN
national,2894,reference,201.0,44.0,112.0,172.0,10.0,12.0,26.0,NaN,NaN
national,2895,calibration,210.0,38.0,123.0,160.0,10.0,13.0,23.0,13.151793390196499,NaN
national,2896,reference,141.0,27.0,228.0,138.0,12.0,13.0,18.0,NaN,NaN
national,2897,calibration,203.0,20.0,160.0,153.0,9.0,13.0,19.0,21.467592607208072,NaN
national,2898,reference,202.0,36.0,135.0,161.0,11.0,13.0,19.0,NaN,NaN
national,2899,calibration,210.0,33.0,116.0,172.0,9.0,13.0,24.0,15.184420859935347,NaN
national,2900,reference,165.0,29.0,176.0,163.0,9.0,13.0,22.0,NaN,NaN
national,2901,calibration,219.0,24.0,154.0,139.0,9.0,11.0,21.0,25.279556525469612,NaN
national,2902,reference,197.0,41.0,99.0,189.0,9.0,10.0,32.0,NaN,NaN
national,2903,calibration,226.0,39.0,86.0,174.0,9.0,13.0,30.0,35.32431461550915,NaN
national,2904,reference,226.0,29.0,125.0,152.0,11.0,13.0,21.0,NaN,NaN
national,2905,calibration,186.0,20.0,154.0,169.0,9.0,14.0,25.0,21.329723842569305,NaN
national,2906,reference,219.0,29.0,144.0,138.0,11.0,13.0,23.0,NaN,NaN
national,2907,calibration,167.0,22.0,206.0,134.0,12.0,13.0,23.0,60.496967968692644,NaN
national,2908,reference,207.0,20.0,159.0,153.0,6.0,11.0,21.0,NaN,NaN
national,2909,calibration,200.0,21.0,146.0,163.0,9.0,11.0,27.0,16.00377191320764,NaN
national,2910,reference,224.0,33.0,133.0,145.0,9.0,11.0,22.0,NaN,NaN
national,2911,calibration,232.0,27.0,115.0,163.0,11.0,13.0,16.0,24.412682715140004,NaN
national,2912,reference,167.0,38.0,165.0,159.0,9.0,13.0,26.0,NaN,NaN
national,2913,calibration,200.0,40.0,119.0,169.0,10.0,14.0,25.0,14.228563452860907,NaN
national,2914,reference,214.0,35.0,118.0,171.0,10.0,11.0,18.0,NaN,NaN
national,2915,calibration,192.0,39.0,143.0,157.0,10.0,14.0,22.0,14.790700652102846,NaN
national,2916,reference,159.0,26.0,188.0,156.0,10.0,13.0,25.0,NaN,NaN
national,2917,calibration,188.0,23.0,186.0,135.0,9.0,14.0,22.0,40.44857107868755,NaN
national,2918,reference,209.0,42.0,107.0,170.0,7.0,12.0,30.0,NaN,NaN
national,2919,calibration,221.0,23.0,124.0,161.0,11.0,13.0,24.0,17.65049147414693,NaN
national,2920,reference,182.0,21.0,175.0,154.0,10.0,13.0,22.0,NaN,NaN
national,2921,calibration,218.0,38.0,110.0,169.0,8.0,11.0,23.0,18.41508525887725,NaN
national,2922,reference,183.0,21.0,186.0,147.0,8.0,13.0,19.0,NaN,NaN
national,2923,calibration,200.0,32.0,149.0,146.0,10.0,14.0,26.0,17.234538476342617,NaN
national,2924,reference,222.0,20.0,135.0,154.0,9.0,13.0,24.0,NaN,NaN
national,2925,calibration,205.0,30.0,148.0,154.0,10.0,11.0,19.0,15.376233819179529,NaN
national,2926,reference,216.0,41.0,108.0,170.0,8.0,12.0,22.0,NaN,NaN
national,2927,calibration,128.0,27.0,197.0,183.0,10.0,12.0,20.0,75.73666700259012,NaN
national,2928,reference,193.0,41.0,125.0,167.0,11.0,13.0,27.0,NaN,NaN
national,2929,calibration,207.0,23.0,156.0,150.0,8.0,14.0,19.0,20.01239534902756,NaN
national,2930,reference,226.0,37.0,112.0,156.0,7.0,11.0,28.0,NaN,NaN
national,2931,calibration,178.0,36.0,150.0,161.0,9.0,14.0,29.0,20.659291117024072,NaN
national,2932,reference,211.0,41.0,107.0,171.0,11.0,14.0,22.0,NaN,NaN
national,2933,calibration,217.0,41.0,105.0,164.0,10.0,13.0,27.0,20.459014234327785,NaN
national,2934,reference,235.0,25.0,113.0,155.0,9.0,13.0,27.0,NaN,NaN
national,2935,calibration,192.0,40.0,119.0,178.0,10.0,13.0,25.0,18.120964373459376,NaN
national,2936,reference,217.0,37.0,96.0,179.0,12.0,13.0,23.0,NaN,NaN
national,2937,calibration,169.0,27.0,166.0,168.0,10.0,14.0,23.0,30.820641931410808,NaN
national,2938,reference,211.0,42.0,102.0,176.0,11.0,13.0,22.0,NaN,NaN
national,2939,calibration,210.0,46.0,92.0,180.0,11.0,13.0,25.0,30.258003564146765,NaN
national,2940,reference,213.0,37.0,94.0,185.0,9.0,14.0,25.0,NaN,NaN
national,2941,calibration,199.0,38.0,104.0,182.0,10.0,14.0,30.0,23.844918478200835,NaN
national,2942,reference,200.0,27.0,160.0,143.0,8.0,11.0,28.0,NaN,NaN
national,2943,calibration,222.0,33.0,151.0,128.0,9.0,13.0,21.0,30.294223331812237,NaN
national,2944,reference,201.0,35.0,114.0,181.0,9.0,12.0,25.0,NaN,NaN
national,2945,calibration,169.0,28.0,180.0,153.0,8.0,14.0,25.0,37.61566100453649,NaN
national,2946,reference,166.0,21.0,163.0,186.0,6.0,12.0,23.0,NaN,NaN
national,2947,calibration,140.0,40.0,170.0,178.0,11.0,14.0,24.0,53.177746029427496,NaN
national,2948,reference,185.0,40.0,125.0,177.0,10.0,14.0,26.0,NaN,NaN
national,2949,calibration,225.0,40.0,99.0,168.0,10.0,12.0,23.0,25.89137824701844,NaN
national,2950,reference,168.0,40.0,148.0,176.0,10.0,11.0,24.0,NaN,NaN
national,2951,calibration,188.0,35.0,160.0,150.0,9.0,13.0,22.0,21.307116861943232,NaN
national,2952,reference,236.0,21.0,121.0,157.0,12.0,12.0,18.0,NaN,NaN
national,2953,calibration,209.0,37.0,132.0,151.0,10.0,13.0,25.0,14.086900146364105,NaN
national,2954,reference,172.0,43.0,132.0,182.0,12.0,13.0,23.0,NaN,NaN
national,2955,calibration,199.0,29.0,169.0,142.0,6.0,13.0,19.0,26.78355900319713,NaN
national,2956,reference,217.0,37.0,103.0,174.0,11.0,10.0,25.0,NaN,NaN
national,2957,calibration,224.0,42.0,102.0,160.0,10.0,11.0,28.0,24.746032890476567,NaN
national,2958,reference,198.0,34.0,161.0,140.0,9.0,13.0,22.0,NaN,NaN
national,2959,calibration,185.0,38.0,130.0,176.0,12.0,14.0,22.0,18.128907891175448,NaN
national,2960,reference,200.0,38.0,128.0,166.0,10.0,13.0,22.0,NaN,NaN
national,2961,calibration,202.0,30.0,119.0,180.0,12.0,11.0,23.0,17.3482061100809,NaN
national,2962,reference,206.0,21.0,174.0,130.0,7.0,12.0,27.0,NaN,NaN
national,2963,calibration,162.0,37.0,156.0,177.0,10.0,12.0,23.0,32.929395930544885,NaN
national,2964,reference,169.0,45.0,125.0,186.0,10.0,14.0,28.0,NaN,NaN
national,2965,calibration,187.0,37.0,144.0,160.0,10.0,13.0,26.0,15.791161172855293,NaN
national,2966,reference,215.0,42.0,94.0,175.0,10.0,14.0,27.0,NaN,NaN
national,2967,calibration,229.0,41.0,87.0,168.0,11.0,13.0,28.0,35.156295021415715,NaN
national,2968,reference,205.0,36.0,114.0,175.0,9.0,11.0,27.0,NaN,NaN
national,2969,calibration,225.0,45.0,75.0,192.0,10.0,13.0,17.0,49.57739861148552,NaN
national,2970,reference,217.0,22.0,147.0,148.0,8.0,13.0,22.0,NaN,NaN
national,2971,calibration,171.0,17.0,236.0,110.0,10.0,13.0,20.0,92.4927424138818,NaN
national,2972,reference,157.0,25.0,184.0,164.0,10.0,13.0,24.0,NaN,NaN
national,2973,calibration,215.0,17.0,128.0,167.0,11.0,12.0,27.0,17.9995473647722,NaN
national,2974,reference,168.0,30.0,170.0,166.0,6.0,12.0,25.0,NaN,NaN
national,2975,calibration,212.0,39.0,125.0,157.0,11.0,12.0,21.0,13.947432074988914,NaN
national,2976,reference,214.0,39.0,100.0,178.0,10.0,13.0,23.0,NaN,NaN
national,2977,calibration,206.0,19.0,158.0,154.0,4.0,12.0,24.0,21.277252102141627,NaN
national,2978,reference,148.0,28.0,179.0,178.0,9.0,12.0,23.0,NaN,NaN
national,2979,calibration,198.0,32.0,152.0,152.0,10.0,13.0,20.0,16.564168516226598,NaN
national,2980,reference,215.0,38.0,105.0,169.0,10.0,13.0,27.0,NaN,NaN
national,2981,calibration,221.0,35.0,117.0,157.0,11.0,12.0,24.0,17.54182923123272,NaN
national,2982,reference,209.0,38.0,129.0,158.0,9.0,13.0,21.0,NaN,NaN
national,2983,calibration,196.0,37.0,130.0,168.0,6.0,14.0,26.0,13.114824251114253,NaN
national,2984,reference,218.0,43.0,85.0,188.0,12.0,10.0,21.0,NaN,NaN
national,2985,calibration,178.0,37.0,159.0,165.0,5.0,13.0,20.0,23.716578968740397,NaN
national,2986,reference,184.0,23.0,154.0,171.0,10.0,14.0,21.0,NaN,NaN
national,2987,calibration,159.0,41.0,142.0,182.0,11.0,14.0,28.0,34.679331698427546,NaN
national,2988,reference,194.0,39.0,122.0,180.0,6.0,13.0,23.0,NaN,NaN
national,2989,calibration,157.0,41.0,156.0,174.0,10.0,14.0,25.0,35.804250634586126,NaN
national,2990,reference,227.0,38.0,99.0,165.0,9.0,12.0,27.0,NaN,NaN
national,2991,calibration,224.0,39.0,118.0,152.0,10.0,13.0,21.0,20.041821792448896,NaN
national,2992,reference,202.0,36.0,140.0,154.0,9.0,12.0,24.0,NaN,NaN
national,2993,calibration,186.0,34.0,150.0,156.0,8.0,12.0,31.0,18.23087075120254,NaN
national,2994,reference,210.0,29.0,147.0,146.0,10.0,12.0,23.0,NaN,NaN
national,2995,calibration,219.0,23.0,143.0,154.0,9.0,9.0,20.0,18.654691526825193,NaN
national,2996,reference,214.0,40.0,107.0,170.0,7.0,14.0,25.0,NaN,NaN
national,2997,calibration,147.0,21.0,214.0,151.0,12.0,13.0,19.0,72.59754672768692,NaN
national,2998,reference,216.0,43.0,89.0,185.0,8.0,10.0,26.0,NaN,NaN
national,2999,calibration,198.0,39.0,116.0,173.0,11.0,14.0,26.0,15.999834054244129,NaN
national,-1,observed,181.0,39.0,143.0,165.0,10.0,12.0,27.0,18.24201607463475,0.3111259160559627
