model,draw,role,NFP+,LR,RN+,ENS+,DIV,DVG,DVD,joint_score,observed_percentile
kernel,0,reference,215.0,31.0,126.0,159.0,9.0,13.0,24.0,NaN,NaN
kernel,1,calibration,179.0,34.0,148.0,172.0,6.0,11.0,27.0,18.546206527615865,NaN
kernel,2,reference,199.0,35.0,132.0,167.0,7.0,11.0,26.0,NaN,NaN
kernel,3,calibration,192.0,36.0,142.0,166.0,8.0,11.0,22.0,10.255308427963659,NaN
kernel,4,reference,192.0,36.0,139.0,166.0,9.0,12.0,23.0,NaN,NaN
kernel,5,calibration,180.0,41.0,134.0,174.0,10.0,12.0,26.0,17.93075506670864,NaN
kernel,6,reference,199.0,39.0,118.0,174.0,10.0,14.0,23.0,NaN,NaN
kernel,7,calibration,182.0,25.0,183.0,144.0,8.0,13.0,22.0,37.82895419520985,NaN
kernel,8,reference,211.0,30.0,139.0,150.0,10.0,14.0,23.0,NaN,NaN
kernel,9,calibration,220.0,25.0,125.0,163.0,9.0,12.0,23.0,16.436481220575594,NaN
kernel,10,reference,179.0,38.0,161.0,159.0,8.0,11.0,21.0,NaN,NaN
kernel,11,calibration,187.0,28.0,159.0,156.0,10.0,13.0,24.0,17.374161830590673,NaN
kernel,12,reference,208.0,34.0,119.0,168.0,9.0,11.0,28.0,NaN,NaN
kernel,13,calibration,220.0,32.0,114.0,161.0,11.0,14.0,25.0,18.78365212683105,NaN
kernel,14,reference,168.0,29.0,181.0,153.0,10.0,14.0,22.0,NaN,NaN
kernel,15,calibration,200.0,36.0,121.0,170.0,10.0,11.0,29.0,12.516342267066026,NaN
kernel,16,reference,193.0,37.0,137.0,165.0,9.0,13.0,23.0,NaN,NaN
kernel,17,calibration,201.0,43.0,111.0,179.0,8.0,12.0,23.0,21.019366955941585,NaN
kernel,18,reference,191.0,24.0,175.0,145.0,11.0,13.0,18.0,NaN,NaN
kernel,19,calibration,188.0,34.0,148.0,158.0,10.0,13.0,26.0,12.171159528221274,NaN
kernel,20,reference,200.0,31.0,149.0,150.0,11.0,14.0,22.0,NaN,NaN
kernel,21,calibration,190.0,33.0,148.0,158.0,10.0,13.0,25.0,11.419740116749619,NaN
kernel,22,reference,163.0,34.0,164.0,169.0,10.0,13.0,24.0,NaN,NaN
kernel,23,calibration,199.0,30.0,153.0,150.0,11.0,13.0,21.0,13.978307648353557,NaN
kernel,24,reference,192.0,28.0,166.0,149.0,9.0,13.0,20.0,NaN,NaN
kernel,25,calibration,210.0,37.0,101.0,182.0,10.0,10.0,27.0,28.03105877019565,NaN
kernel,26,reference,190.0,28.0,157.0,161.0,9.0,12.0,20.0,NaN,NaN
kernel,27,calibration,164.0,29.0,167.0,169.0,10.0,12.0,26.0,34.37562520310596,NaN
kernel,28,reference,187.0,39.0,134.0,172.0,11.0,13.0,21.0,NaN,NaN
kernel,29,calibration,205.0,37.0,122.0,166.0,10.0,13.0,24.0,10.984906046717256,NaN
kernel,30,reference,228.0,35.0,90.0,176.0,9.0,13.0,26.0,NaN,NaN
kernel,31,calibration,183.0,29.0,167.0,151.0,9.0,14.0,24.0,23.972821113012728,NaN
kernel,32,reference,187.0,28.0,173.0,147.0,8.0,13.0,21.0,NaN,NaN
kernel,33,calibration,200.0,31.0,173.0,131.0,9.0,11.0,22.0,33.846575376360136,NaN
kernel,34,reference,204.0,24.0,166.0,139.0,11.0,12.0,21.0,NaN,NaN
kernel,35,calibration,197.0,37.0,123.0,171.0,11.0,14.0,24.0,12.102285229820083,NaN
kernel,36,reference,205.0,38.0,123.0,164.0,10.0,14.0,23.0,NaN,NaN
kernel,37,calibration,207.0,36.0,125.0,161.0,8.0,11.0,29.0,10.722867057187617,NaN
kernel,38,reference,214.0,31.0,137.0,151.0,8.0,12.0,24.0,NaN,NaN
kernel,39,calibration,194.0,39.0,119.0,176.0,11.0,13.0,25.0,16.174143694405224,NaN
kernel,40,reference,198.0,34.0,167.0,136.0,7.0,13.0,22.0,NaN,NaN
kernel,41,calibration,214.0,35.0,113.0,170.0,6.0,13.0,26.0,17.605179868478928,NaN
kernel,42,reference,207.0,35.0,133.0,159.0,10.0,13.0,20.0,NaN,NaN
kernel,43,calibration,196.0,37.0,122.0,170.0,10.0,13.0,29.0,12.7364277166756,NaN
kernel,44,reference,182.0,39.0,121.0,183.0,11.0,13.0,28.0,NaN,NaN
kernel,45,calibration,214.0,24.0,142.0,152.0,10.0,13.0,22.0,14.771406854101542,NaN
kernel,46,reference,215.0,29.0,126.0,160.0,10.0,13.0,24.0,NaN,NaN
kernel,47,calibration,205.0,38.0,126.0,164.0,10.0,12.0,22.0,9.88774676052185,NaN
kernel,48,reference,203.0,32.0,142.0,155.0,9.0,13.0,23.0,NaN,NaN
kernel,49,calibration,208.0,33.0,128.0,158.0,12.0,12.0,26.0,10.061209087586388,NaN
kernel,50,reference,192.0,32.0,151.0,161.0,7.0,13.0,21.0,NaN,NaN
kernel,51,calibration,203.0,37.0,150.0,145.0,9.0,11.0,22.0,15.384871385383605,NaN
kernel,52,reference,194.0,22.0,199.0,122.0,10.0,12.0,18.0,NaN,NaN
kernel,53,calibration,192.0,29.0,146.0,168.0,11.0,13.0,18.0,12.403135715325025,NaN
kernel,54,reference,228.0,32.0,133.0,140.0,10.0,13.0,21.0,NaN,NaN
kernel,55,calibration,181.0,30.0,160.0,160.0,9.0,13.0,24.0,19.74160198784662,NaN
kernel,56,reference,184.0,23.0,174.0,154.0,8.0,11.0,23.0,NaN,NaN
kernel,57,calibration,215.0,32.0,117.0,165.0,10.0,13.0,25.0,15.232576947723082,NaN
kernel,58,reference,182.0,39.0,138.0,172.0,11.0,12.0,23.0,NaN,NaN
kernel,59,calibration,218.0,33.0,138.0,148.0,7.0,11.0,22.0,16.16221381581964,NaN
kernel,60,reference,208.0,42.0,105.0,172.0,12.0,13.0,25.0,NaN,NaN
kernel,61,calibration,201.0,35.0,123.0,172.0,7.0,10.0,29.0,12.542719974223576,NaN
kernel,62,reference,201.0,36.0,145.0,152.0,9.0,12.0,22.0,NaN,NaN
kernel,63,calibration,231.0,28.0,136.0,140.0,11.0,12.0,19.0,27.67741052707482,NaN
kernel,64,reference,218.0,39.0,106.0,171.0,8.0,13.0,22.0,NaN,NaN
kernel,65,calibration,196.0,28.0,154.0,152.0,9.0,13.0,25.0,14.044819593935088,NaN
kernel,66,reference,189.0,41.0,127.0,178.0,9.0,12.0,21.0,NaN,NaN
kernel,67,calibration,192.0,34.0,143.0,161.0,10.0,14.0,23.0,9.652187266880318,NaN
kernel,68,reference,176.0,31.0,171.0,152.0,9.0,13.0,25.0,NaN,NaN
kernel,69,calibration,223.0,31.0,103.0,170.0,9.0,12.0,29.0,27.16237341024292,NaN
kernel,70,reference,219.0,34.0,117.0,162.0,8.0,12.0,25.0,NaN,NaN
kernel,71,calibration,184.0,34.0,161.0,156.0,10.0,13.0,19.0,19.524535750053836,NaN
kernel,72,reference,205.0,25.0,145.0,155.0,11.0,13.0,23.0,NaN,NaN
kernel,73,calibration,203.0,34.0,135.0,162.0,10.0,12.0,21.0,8.197653337522816,NaN
kernel,74,reference,183.0,33.0,152.0,163.0,8.0,10.0,28.0,NaN,NaN
kernel,75,calibration,195.0,24.0,178.0,137.0,12.0,13.0,18.0,35.09978382143968,NaN
kernel,76,reference,185.0,35.0,156.0,155.0,9.0,12.0,25.0,NaN,NaN
kernel,77,calibration,187.0,27.0,190.0,128.0,9.0,13.0,23.0,48.39706569926636,NaN
kernel,78,reference,196.0,40.0,121.0,169.0,12.0,13.0,26.0,NaN,NaN
kernel,79,calibration,196.0,39.0,119.0,173.0,11.0,14.0,25.0,14.669052313814724,NaN
kernel,80,reference,221.0,39.0,97.0,173.0,10.0,9.0,28.0,NaN,NaN
kernel,81,calibration,198.0,38.0,125.0,171.0,10.0,11.0,24.0,11.438271644636636,NaN
kernel,82,reference,195.0,33.0,145.0,160.0,10.0,13.0,21.0,NaN,NaN
kernel,83,calibration,211.0,42.0,93.0,181.0,9.0,11.0,30.0,34.27673072484744,NaN
kernel,84,reference,198.0,31.0,150.0,152.0,11.0,11.0,24.0,NaN,NaN
kernel,85,calibration,184.0,30.0,163.0,153.0,10.0,12.0,25.0,20.78569029410305,NaN
kernel,86,reference,206.0,37.0,126.0,162.0,10.0,13.0,23.0,NaN,NaN
kernel,87,calibration,183.0,36.0,155.0,157.0,9.0,13.0,24.0,16.739680944489308,NaN
kernel,88,reference,208.0,28.0,161.0,138.0,9.0,10.0,23.0,NaN,NaN
kernel,89,calibration,212.0,29.0,146.0,150.0,9.0,13.0,18.0,14.805351615239147,NaN
kernel,90,reference,197.0,41.0,124.0,169.0,8.0,13.0,25.0,NaN,NaN
kernel,91,calibration,202.0,37.0,108.0,181.0,10.0,13.0,26.0,22.599727250570268,NaN
kernel,92,reference,190.0,32.0,150.0,163.0,9.0,11.0,22.0,NaN,NaN
kernel,93,calibration,215.0,42.0,86.0,183.0,11.0,14.0,26.0,40.92452689745846,NaN
kernel,94,reference,217.0,35.0,109.0,171.0,8.0,11.0,26.0,NaN,NaN
kernel,95,calibration,206.0,38.0,134.0,155.0,9.0,11.0,24.0,9.78766556274461,NaN
kernel,96,reference,182.0,34.0,151.0,165.0,10.0,12.0,23.0,NaN,NaN
kernel,97,calibration,207.0,29.0,143.0,153.0,9.0,14.0,22.0,11.138720982594293,NaN
kernel,98,reference,242.0,28.0,72.0,186.0,9.0,12.0,28.0,NaN,NaN
kernel,99,calibration,172.0,26.0,188.0,146.0,9.0,12.0,24.0,44.62511409447296,NaN
kernel,100,reference,169.0,33.0,170.0,160.0,9.0,13.0,23.0,NaN,NaN
kernel,101,calibration,198.0,29.0,156.0,148.0,9.0,13.0,24.0,15.91501648352866,NaN
kernel,102,reference,198.0,38.0,126.0,175.0,8.0,11.0,21.0,NaN,NaN
kernel,103,calibration,221.0,43.0,103.0,167.0,9.0,11.0,23.0,26.347440774055627,NaN
kernel,104,reference,181.0,45.0,106.0,191.0,10.0,12.0,32.0,NaN,NaN
kernel,105,calibration,210.0,31.0,116.0,170.0,11.0,13.0,26.0,15.188747421174469,NaN
kernel,106,reference,206.0,35.0,123.0,167.0,7.0,12.0,27.0,NaN,NaN
kernel,107,calibration,188.0,36.0,126.0,179.0,10.0,12.0,26.0,16.874965596659514,NaN
kernel,108,reference,205.0,36.0,120.0,170.0,10.0,12.0,24.0,NaN,NaN
kernel,109,calibration,196.0,35.0,138.0,161.0,8.0,13.0,26.0,8.463561872056143,NaN
kernel,110,reference,221.0,39.0,98.0,172.0,8.0,11.0,28.0,NaN,NaN
kernel,111,calibration,202.0,35.0,120.0,176.0,10.0,11.0,23.0,14.484335935349257,NaN
kernel,112,reference,197.0,31.0,159.0,142.0,10.0,13.0,25.0,NaN,NaN
kernel,113,calibration,216.0,38.0,98.0,175.0,10.0,12.0,28.0,28.820815180342684,NaN
kernel,114,reference,186.0,35.0,134.0,174.0,10.0,13.0,25.0,NaN,NaN
kernel,115,calibration,184.0,27.0,175.0,146.0,9.0,13.0,23.0,30.423930258676336,NaN
kernel,116,reference,226.0,36.0,90.0,176.0,10.0,13.0,26.0,NaN,NaN
kernel,117,calibration,196.0,32.0,145.0,163.0,9.0,12.0,20.0,9.769702961315762,NaN
kernel,118,reference,193.0,33.0,149.0,156.0,9.0,13.0,24.0,NaN,NaN
kernel,119,calibration,219.0,34.0,102.0,172.0,11.0,12.0,27.0,26.106378805174707,NaN
kernel,120,reference,203.0,38.0,121.0,165.0,10.0,13.0,27.0,NaN,NaN
kernel,121,calibration,196.0,29.0,143.0,163.0,9.0,13.0,24.0,9.346887504915948,NaN
kernel,122,reference,191.0,34.0,150.0,157.0,9.0,13.0,23.0,NaN,NaN
kernel,123,calibration,194.0,32.0,138.0,169.0,9.0,13.0,22.0,9.914848511800606,NaN
kernel,124,reference,195.0,38.0,132.0,164.0,9.0,13.0,26.0,NaN,NaN
kernel,125,calibration,190.0,36.0,138.0,164.0,10.0,13.0,26.0,10.103227308038853,NaN
kernel,126,reference,203.0,29.0,150.0,151.0,10.0,13.0,21.0,NaN,NaN
kernel,127,calibration,189.0,31.0,132.0,181.0,7.0,11.0,26.0,16.941685433283794,NaN
kernel,128,reference,179.0,41.0,133.0,175.0,10.0,13.0,26.0,NaN,NaN
kernel,129,calibration,200.0,37.0,121.0,175.0,9.0,10.0,25.0,13.912076074735573,NaN
kernel,130,reference,225.0,32.0,137.0,144.0,10.0,10.0,19.0,NaN,NaN
kernel,131,calibration,182.0,34.0,169.0,146.0,12.0,13.0,21.0,27.022770851372343,NaN
kernel,132,reference,190.0,31.0,157.0,156.0,8.0,12.0,23.0,NaN,NaN
kernel,133,calibration,220.0,25.0,139.0,149.0,9.0,12.0,23.0,17.807164277065,NaN
kernel,134,reference,181.0,36.0,154.0,156.0,9.0,13.0,28.0,NaN,NaN
kernel,135,calibration,203.0,35.0,130.0,163.0,9.0,13.0,24.0,8.414423544661666,NaN
kernel,136,reference,224.0,39.0,105.0,162.0,10.0,12.0,25.0,NaN,NaN
kernel,137,calibration,204.0,35.0,143.0,149.0,9.0,13.0,24.0,11.624825795152166,NaN
kernel,138,reference,215.0,31.0,123.0,161.0,10.0,12.0,25.0,NaN,NaN
kernel,139,calibration,229.0,40.0,100.0,160.0,10.0,12.0,26.0,31.673366821506306,NaN
kernel,140,reference,186.0,31.0,161.0,149.0,10.0,13.0,27.0,NaN,NaN
kernel,141,calibration,173.0,35.0,171.0,152.0,10.0,13.0,23.0,30.7082774017237,NaN
kernel,142,reference,174.0,25.0,181.0,157.0,9.0,13.0,18.0,NaN,NaN
kernel,143,calibration,219.0,43.0,86.0,180.0,9.0,11.0,29.0,41.14488939637633,NaN
kernel,144,reference,215.0,37.0,111.0,165.0,11.0,13.0,25.0,NaN,NaN
kernel,145,calibration,212.0,32.0,128.0,156.0,9.0,13.0,27.0,11.5917812673543,NaN
kernel,146,reference,215.0,33.0,117.0,164.0,9.0,13.0,26.0,NaN,NaN
kernel,147,calibration,200.0,41.0,118.0,167.0,10.0,14.0,27.0,13.69995478329517,NaN
kernel,148,reference,196.0,33.0,140.0,167.0,8.0,13.0,20.0,NaN,NaN
kernel,149,calibration,206.0,31.0,128.0,164.0,8.0,10.0,30.0,10.35588157392366,NaN
kernel,150,reference,197.0,32.0,142.0,161.0,12.0,13.0,20.0,NaN,NaN
kernel,151,calibration,196.0,23.0,156.0,152.0,8.0,14.0,28.0,16.62121173213852,NaN
kernel,152,reference,207.0,35.0,119.0,172.0,10.0,10.0,24.0,NaN,NaN
kernel,153,calibration,197.0,39.0,125.0,170.0,7.0,13.0,26.0,11.61128791906318,NaN
kernel,154,reference,224.0,25.0,137.0,144.0,9.0,14.0,24.0,NaN,NaN
kernel,155,calibration,184.0,34.0,141.0,168.0,10.0,13.0,27.0,13.390603829377767,NaN
kernel,156,reference,187.0,31.0,153.0,161.0,9.0,13.0,23.0,NaN,NaN
kernel,157,calibration,200.0,29.0,146.0,157.0,10.0,12.0,23.0,9.974909307676814,NaN
kernel,158,reference,180.0,31.0,135.0,183.0,8.0,12.0,28.0,NaN,NaN
kernel,159,calibration,196.0,36.0,136.0,163.0,10.0,12.0,24.0,8.386412903335344,NaN
kernel,160,reference,194.0,24.0,155.0,160.0,10.0,13.0,21.0,NaN,NaN
kernel,161,calibration,214.0,35.0,111.0,165.0,11.0,13.0,28.0,18.0131214246437,NaN
kernel,162,reference,221.0,25.0,151.0,138.0,12.0,13.0,17.0,NaN,NaN
kernel,163,calibration,184.0,38.0,140.0,165.0,8.0,14.0,28.0,13.401680866149476,NaN
kernel,164,reference,219.0,32.0,113.0,166.0,9.0,12.0,26.0,NaN,NaN
kernel,165,calibration,193.0,30.0,160.0,150.0,9.0,13.0,22.0,17.552018888434958,NaN
kernel,166,reference,198.0,23.0,153.0,154.0,8.0,14.0,27.0,NaN,NaN
kernel,167,calibration,197.0,28.0,155.0,154.0,8.0,11.0,24.0,14.07126185375136,NaN
kernel,168,reference,222.0,37.0,96.0,171.0,11.0,13.0,27.0,NaN,NaN
kernel,169,calibration,195.0,25.0,159.0,151.0,9.0,13.0,25.0,17.396030696859498,NaN
kernel,170,reference,236.0,37.0,91.0,167.0,11.0,11.0,24.0,NaN,NaN
kernel,171,calibration,212.0,28.0,139.0,154.0,11.0,11.0,22.0,12.111050667440207,NaN
kernel,172,reference,186.0,33.0,144.0,170.0,9.0,11.0,24.0,NaN,NaN
kernel,173,calibration,192.0,35.0,141.0,163.0,10.0,12.0,24.0,9.439805628516556,NaN
kernel,174,reference,211.0,38.0,112.0,170.0,9.0,12.0,25.0,NaN,NaN
kernel,175,calibration,176.0,28.0,171.0,158.0,9.0,12.0,23.0,28.74445197966294,NaN
kernel,176,reference,187.0,42.0,120.0,177.0,9.0,13.0,29.0,NaN,NaN
kernel,177,calibration,225.0,35.0,100.0,168.0,8.0,13.0,28.0,29.442993438875348,NaN
kernel,178,reference,182.0,36.0,151.0,163.0,11.0,13.0,21.0,NaN,NaN
kernel,179,calibration,200.0,35.0,127.0,167.0,9.0,14.0,25.0,9.491107368940963,NaN
kernel,180,reference,170.0,32.0,171.0,155.0,10.0,13.0,26.0,NaN,NaN
kernel,181,calibration,198.0,28.0,135.0,165.0,10.0,14.0,27.0,9.23755605849076,NaN
kernel,182,reference,248.0,26.0,118.0,143.0,10.0,11.0,21.0,NaN,NaN
kernel,183,calibration,177.0,42.0,160.0,151.0,12.0,14.0,21.0,24.29521274491001,NaN
kernel,184,reference,198.0,23.0,169.0,146.0,7.0,14.0,20.0,NaN,NaN
kernel,185,calibration,203.0,35.0,135.0,156.0,10.0,13.0,25.0,8.692748101086202,NaN
kernel,186,reference,215.0,34.0,107.0,170.0,10.0,13.0,28.0,NaN,NaN
kernel,187,calibration,190.0,30.0,158.0,157.0,10.0,13.0,19.0,16.11536780386448,NaN
kernel,188,reference,175.0,34.0,176.0,147.0,10.0,12.0,23.0,NaN,NaN
kernel,189,calibration,158.0,28.0,196.0,150.0,8.0,13.0,24.0,56.94693583218388,NaN
kernel,190,reference,189.0,24.0,177.0,144.0,8.0,12.0,23.0,NaN,NaN
kernel,191,calibration,176.0,33.0,173.0,154.0,7.0,13.0,21.0,30.27448762615198,NaN
kernel,192,reference,199.0,22.0,172.0,143.0,10.0,13.0,18.0,NaN,NaN
kernel,193,calibration,236.0,43.0,83.0,172.0,11.0,12.0,20.0,48.66324056277172,NaN
kernel,194,reference,201.0,30.0,155.0,149.0,9.0,12.0,21.0,NaN,NaN
kernel,195,calibration,216.0,34.0,118.0,163.0,12.0,13.0,21.0,15.335474226490348,NaN
kernel,196,reference,191.0,24.0,177.0,143.0,7.0,13.0,22.0,NaN,NaN
kernel,197,calibration,180.0,35.0,158.0,160.0,10.0,14.0,20.0,19.478403378054516,NaN
kernel,198,reference,192.0,34.0,144.0,164.0,10.0,12.0,21.0,NaN,NaN
kernel,199,calibration,195.0,37.0,136.0,165.0,9.0,13.0,22.0,8.967902099534559,NaN
kernel,200,reference,194.0,27.0,174.0,139.0,9.0,13.0,21.0,NaN,NaN
kernel,201,calibration,197.0,32.0,142.0,159.0,9.0,14.0,24.0,8.68710832175298,NaN
kernel,202,reference,200.0,31.0,141.0,162.0,9.0,11.0,23.0,NaN,NaN
kernel,203,calibration,196.0,29.0,150.0,157.0,9.0,14.0,22.0,11.427108125268258,NaN
kernel,204,reference,190.0,39.0,135.0,168.0,10.0,12.0,23.0,NaN,NaN
kernel,205,calibration,202.0,27.0,155.0,148.0,9.0,13.0,23.0,15.989583993044775,NaN
kernel,206,reference,209.0,39.0,111.0,167.0,9.0,13.0,29.0,NaN,NaN
kernel,207,calibration,212.0,36.0,132.0,152.0,12.0,12.0,21.0,12.335996659324437,NaN
kernel,208,reference,197.0,41.0,127.0,163.0,9.0,13.0,27.0,NaN,NaN
kernel,209,calibration,203.0,29.0,153.0,148.0,8.0,14.0,22.0,15.054821201391093,NaN
kernel,210,reference,205.0,37.0,114.0,172.0,10.0,11.0,28.0,NaN,NaN
kernel,211,calibration,205.0,27.0,151.0,150.0,9.0,12.0,23.0,14.152577305221591,NaN
kernel,212,reference,198.0,36.0,130.0,159.0,11.0,13.0,30.0,NaN,NaN
kernel,213,calibration,222.0,38.0,116.0,161.0,9.0,11.0,20.0,19.311215406371623,NaN
kernel,214,reference,207.0,41.0,92.0,186.0,9.0,10.0,32.0,NaN,NaN
kernel,215,calibration,238.0,28.0,132.0,138.0,10.0,12.0,19.0,33.404683615673356,NaN
kernel,216,reference,220.0,35.0,104.0,174.0,9.0,10.0,25.0,NaN,NaN
kernel,217,calibration,194.0,37.0,136.0,166.0,8.0,13.0,23.0,9.299250391225879,NaN
kernel,218,reference,218.0,32.0,148.0,139.0,9.0,11.0,20.0,NaN,NaN
kernel,219,calibration,208.0,34.0,121.0,168.0,11.0,10.0,25.0,12.135341363650976,NaN
kernel,220,reference,213.0,33.0,133.0,154.0,10.0,13.0,21.0,NaN,NaN
kernel,221,calibration,185.0,38.0,133.0,171.0,11.0,14.0,25.0,13.97535448930384,NaN
kernel,222,reference,182.0,30.0,156.0,159.0,10.0,13.0,27.0,NaN,NaN
kernel,223,calibration,208.0,38.0,128.0,158.0,10.0,13.0,22.0,10.274610081647747,NaN
kernel,224,reference,186.0,32.0,144.0,168.0,6.0,11.0,30.0,NaN,NaN
kernel,225,calibration,200.0,38.0,130.0,168.0,10.0,12.0,19.0,10.025869143794704,NaN
kernel,226,reference,190.0,20.0,174.0,150.0,9.0,13.0,21.0,NaN,NaN
kernel,227,calibration,176.0,21.0,177.0,160.0,9.0,12.0,22.0,34.21777496803584,NaN
kernel,228,reference,207.0,29.0,143.0,159.0,10.0,12.0,17.0,NaN,NaN
kernel,229,calibration,203.0,39.0,124.0,166.0,8.0,13.0,24.0,10.593104448288464,NaN
kernel,230,reference,207.0,43.0,98.0,177.0,9.0,13.0,30.0,NaN,NaN
kernel,231,calibration,194.0,29.0,161.0,148.0,9.0,13.0,23.0,18.652931937005242,NaN
kernel,232,reference,200.0,34.0,130.0,168.0,7.0,13.0,25.0,NaN,NaN
kernel,233,calibration,203.0,27.0,139.0,163.0,8.0,13.0,24.0,9.282853032611921,NaN
kernel,234,reference,232.0,41.0,98.0,163.0,9.0,9.0,25.0,NaN,NaN
kernel,235,calibration,197.0,38.0,140.0,158.0,10.0,14.0,20.0,9.370937026187924,NaN
kernel,236,reference,170.0,38.0,147.0,172.0,10.0,13.0,27.0,NaN,NaN
kernel,237,calibration,192.0,40.0,122.0,173.0,10.0,13.0,27.0,14.746914508841442,NaN
kernel,238,reference,213.0,22.0,163.0,138.0,9.0,12.0,20.0,NaN,NaN
kernel,239,calibration,220.0,31.0,131.0,148.0,10.0,12.0,25.0,17.14802100879512,NaN
kernel,240,reference,191.0,33.0,141.0,166.0,11.0,13.0,22.0,NaN,NaN
kernel,241,calibration,203.0,35.0,115.0,174.0,10.0,13.0,27.0,15.840385997284905,NaN
kernel,242,reference,196.0,31.0,145.0,158.0,9.0,13.0,25.0,NaN,NaN
kernel,243,calibration,190.0,38.0,119.0,180.0,12.0,13.0,25.0,19.065845447362307,NaN
kernel,244,reference,216.0,33.0,129.0,157.0,10.0,13.0,19.0,NaN,NaN
kernel,245,calibration,184.0,39.0,148.0,158.0,10.0,14.0,24.0,14.435234719124075,NaN
kernel,246,reference,219.0,40.0,103.0,167.0,10.0,12.0,26.0,NaN,NaN
kernel,247,calibration,181.0,33.0,152.0,166.0,10.0,13.0,22.0,16.764089334170308,NaN
kernel,248,reference,208.0,39.0,113.0,167.0,9.0,13.0,28.0,NaN,NaN
kernel,249,calibration,193.0,29.0,140.0,168.0,10.0,14.0,23.0,10.384607280212794,NaN
kernel,250,reference,196.0,32.0,160.0,141.0,11.0,13.0,24.0,NaN,NaN
kernel,251,calibration,195.0,25.0,181.0,139.0,7.0,12.0,18.0,36.290887384572045,NaN
kernel,252,reference,205.0,39.0,106.0,180.0,8.0,12.0,27.0,NaN,NaN
kernel,253,calibration,213.0,33.0,143.0,142.0,8.0,12.0,26.0,17.37306552629949,NaN
kernel,254,reference,193.0,26.0,175.0,142.0,8.0,13.0,20.0,NaN,NaN
kernel,255,calibration,211.0,35.0,127.0,160.0,10.0,12.0,22.0,10.678684275345613,NaN
kernel,256,reference,214.0,41.0,108.0,168.0,9.0,12.0,25.0,NaN,NaN
kernel,257,calibration,192.0,36.0,132.0,173.0,9.0,14.0,21.0,12.060781561423763,NaN
kernel,258,reference,164.0,36.0,171.0,160.0,11.0,14.0,21.0,NaN,NaN
kernel,259,calibration,215.0,31.0,114.0,170.0,11.0,13.0,23.0,17.531294108647188,NaN
kernel,260,reference,188.0,38.0,119.0,182.0,10.0,13.0,27.0,NaN,NaN
kernel,261,calibration,211.0,34.0,142.0,146.0,10.0,13.0,21.0,14.517182229222776,NaN
kernel,262,reference,193.0,33.0,148.0,159.0,10.0,12.0,22.0,NaN,NaN
kernel,263,calibration,190.0,30.0,166.0,145.0,9.0,14.0,23.0,23.15281614490712,NaN
kernel,264,reference,222.0,36.0,116.0,162.0,8.0,11.0,22.0,NaN,NaN
kernel,265,calibration,207.0,26.0,134.0,165.0,11.0,12.0,22.0,10.358283442504074,NaN
kernel,266,reference,225.0,37.0,104.0,163.0,11.0,10.0,27.0,NaN,NaN
kernel,267,calibration,200.0,26.0,146.0,164.0,6.0,9.0,26.0,11.451221621291069,NaN
kernel,268,reference,188.0,40.0,135.0,169.0,10.0,11.0,24.0,NaN,NaN
kernel,269,calibration,184.0,34.0,150.0,164.0,9.0,13.0,23.0,14.34123987734985,NaN
kernel,270,reference,168.0,32.0,165.0,166.0,10.0,13.0,23.0,NaN,NaN
kernel,271,calibration,219.0,34.0,113.0,164.0,10.0,13.0,24.0,18.534972881445157,NaN
kernel,272,reference,225.0,39.0,92.0,174.0,11.0,12.0,24.0,NaN,NaN
kernel,273,calibration,188.0,34.0,171.0,142.0,7.0,13.0,22.0,27.993644055314498,NaN
kernel,274,reference,204.0,33.0,124.0,169.0,9.0,11.0,27.0,NaN,NaN
kernel,275,calibration,199.0,33.0,135.0,162.0,10.0,13.0,25.0,7.942303003252871,NaN
kernel,276,reference,191.0,33.0,161.0,148.0,11.0,13.0,20.0,NaN,NaN
kernel,277,calibration,222.0,34.0,116.0,164.0,10.0,12.0,19.0,19.215857493650084,NaN
kernel,278,reference,210.0,36.0,126.0,159.0,9.0,13.0,24.0,NaN,NaN
kernel,279,calibration,228.0,35.0,91.0,175.0,10.0,12.0,26.0,38.310360772416274,NaN
kernel,280,reference,202.0,34.0,148.0,149.0,9.0,13.0,22.0,NaN,NaN
kernel,281,calibration,193.0,31.0,163.0,142.0,10.0,13.0,25.0,22.22109135029342,NaN
kernel,282,reference,204.0,34.0,128.0,166.0,10.0,12.0,23.0,NaN,NaN
kernel,283,calibration,212.0,25.0,152.0,142.0,8.0,14.0,24.0,20.14093810794052,NaN
kernel,284,reference,211.0,34.0,119.0,162.0,9.0,13.0,29.0,NaN,NaN
kernel,285,calibration,196.0,37.0,138.0,161.0,10.0,13.0,22.0,8.626617507679317,NaN
kernel,286,reference,188.0,38.0,135.0,166.0,11.0,11.0,28.0,NaN,NaN
kernel,287,calibration,196.0,35.0,139.0,162.0,10.0,14.0,21.0,8.610432073282787,NaN
kernel,288,reference,208.0,35.0,140.0,153.0,8.0,10.0,23.0,NaN,NaN
kernel,289,calibration,203.0,37.0,129.0,161.0,11.0,13.0,23.0,8.882491930480473,NaN
kernel,290,reference,213.0,33.0,128.0,161.0,9.0,13.0,20.0,NaN,NaN
kernel,291,calibration,205.0,28.0,144.0,152.0,11.0,13.0,24.0,11.33271985220986,NaN
kernel,292,reference,209.0,40.0,124.0,159.0,9.0,11.0,25.0,NaN,NaN
kernel,293,calibration,223.0,36.0,103.0,169.0,9.0,12.0,25.0,26.455504491998,NaN
kernel,294,reference,222.0,36.0,121.0,154.0,10.0,12.0,22.0,NaN,NaN
kernel,295,calibration,194.0,38.0,124.0,175.0,10.0,14.0,22.0,14.001832473038,NaN
kernel,296,reference,233.0,39.0,83.0,176.0,10.0,12.0,24.0,NaN,NaN
kernel,297,calibration,208.0,33.0,127.0,163.0,11.0,12.0,23.0,9.769916538769671,NaN
kernel,298,reference,188.0,31.0,144.0,166.0,8.0,13.0,27.0,NaN,NaN
kernel,299,calibration,189.0,27.0,158.0,155.0,9.0,14.0,25.0,16.678483042987807,NaN
kernel,300,reference,195.0,36.0,137.0,161.0,8.0,13.0,27.0,NaN,NaN
kernel,301,calibration,210.0,36.0,120.0,164.0,7.0,13.0,27.0,12.620908660009377,NaN
kernel,302,reference,186.0,32.0,142.0,170.0,7.0,13.0,27.0,NaN,NaN
kernel,303,calibration,197.0,32.0,132.0,165.0,10.0,13.0,28.0,8.999941496508935,NaN
kernel,304,reference,227.0,38.0,82.0,182.0,8.0,10.0,30.0,NaN,NaN
kernel,305,calibration,228.0,44.0,80.0,176.0,9.0,13.0,27.0,48.0502380288402,NaN
kernel,306,reference,206.0,32.0,146.0,146.0,11.0,12.0,24.0,NaN,NaN
kernel,307,calibration,199.0,31.0,149.0,152.0,10.0,13.0,23.0,11.639519456553145,NaN
kernel,308,reference,208.0,35.0,131.0,157.0,11.0,14.0,21.0,NaN,NaN
kernel,309,calibration,216.0,38.0,122.0,159.0,9.0,12.0,21.0,14.316173169476514,NaN
kernel,310,reference,180.0,30.0,163.0,158.0,10.0,14.0,22.0,NaN,NaN
kernel,311,calibration,229.0,26.0,128.0,148.0,8.0,14.0,24.0,23.608891649308696,NaN
kernel,312,reference,216.0,44.0,109.0,159.0,10.0,12.0,27.0,NaN,NaN
kernel,313,calibration,217.0,25.0,150.0,145.0,9.0,11.0,20.0,20.303359639649415,NaN
kernel,314,reference,187.0,33.0,149.0,160.0,10.0,13.0,25.0,NaN,NaN
kernel,315,calibration,197.0,33.0,153.0,149.0,9.0,13.0,23.0,14.08244395920483,NaN
kernel,316,reference,204.0,37.0,126.0,159.0,11.0,13.0,27.0,NaN,NaN
kernel,317,calibration,217.0,29.0,138.0,149.0,10.0,12.0,22.0,15.435468596875793,NaN
kernel,318,reference,209.0,38.0,125.0,162.0,8.0,12.0,23.0,NaN,NaN
kernel,319,calibration,180.0,38.0,162.0,150.0,9.0,14.0,24.0,22.98890891714622,NaN
kernel,320,reference,189.0,26.0,161.0,154.0,9.0,13.0,25.0,NaN,NaN
kernel,321,calibration,207.0,35.0,121.0,164.0,10.0,13.0,27.0,11.47075110785924,NaN
kernel,322,reference,222.0,24.0,147.0,142.0,10.0,12.0,20.0,NaN,NaN
kernel,323,calibration,200.0,30.0,145.0,160.0,7.0,12.0,23.0,9.514148580307218,NaN
kernel,324,reference,219.0,33.0,133.0,149.0,9.0,11.0,23.0,NaN,NaN
kernel,325,calibration,215.0,29.0,122.0,165.0,9.0,13.0,24.0,13.896760280547632,NaN
kernel,326,reference,190.0,37.0,132.0,169.0,10.0,11.0,28.0,NaN,NaN
kernel,327,calibration,192.0,24.0,177.0,140.0,8.0,12.0,24.0,32.92709178488229,NaN
kernel,328,reference,216.0,34.0,119.0,163.0,10.0,11.0,24.0,NaN,NaN
kernel,329,calibration,221.0,38.0,94.0,177.0,10.0,13.0,24.0,33.7711645161692,NaN
kernel,330,reference,184.0,32.0,156.0,160.0,9.0,12.0,24.0,NaN,NaN
kernel,331,calibration,196.0,30.0,147.0,158.0,9.0,13.0,24.0,10.113535616574694,NaN
kernel,332,reference,206.0,24.0,160.0,141.0,9.0,13.0,24.0,NaN,NaN
kernel,333,calibration,204.0,33.0,113.0,178.0,9.0,12.0,28.0,18.648896033477165,NaN
kernel,334,reference,211.0,31.0,128.0,166.0,9.0,11.0,21.0,NaN,NaN
kernel,335,calibration,216.0,40.0,109.0,165.0,9.0,14.0,24.0,20.032825819368675,NaN
kernel,336,reference,216.0,39.0,105.0,171.0,12.0,12.0,22.0,NaN,NaN
kernel,337,calibration,205.0,36.0,112.0,179.0,9.0,13.0,23.0,19.432407591840338,NaN
kernel,338,reference,176.0,25.0,183.0,146.0,10.0,12.0,25.0,NaN,NaN
kernel,339,calibration,220.0,42.0,97.0,173.0,8.0,13.0,24.0,30.697398312761564,NaN
kernel,340,reference,207.0,33.0,122.0,166.0,10.0,11.0,28.0,NaN,NaN
kernel,341,calibration,203.0,40.0,112.0,172.0,11.0,13.0,26.0,17.221273765280287,NaN
kernel,342,reference,197.0,31.0,148.0,156.0,10.0,13.0,22.0,NaN,NaN
kernel,343,calibration,188.0,37.0,126.0,176.0,10.0,14.0,26.0,15.590256498813481,NaN
kernel,344,reference,208.0,31.0,149.0,142.0,9.0,11.0,27.0,NaN,NaN
kernel,345,calibration,203.0,39.0,118.0,169.0,10.0,13.0,25.0,13.25982752382835,NaN
kernel,346,reference,192.0,27.0,167.0,147.0,10.0,14.0,20.0,NaN,NaN
kernel,347,calibration,211.0,42.0,95.0,181.0,10.0,12.0,26.0,32.405554344331776,NaN
kernel,348,reference,202.0,38.0,143.0,145.0,9.0,13.0,27.0,NaN,NaN
kernel,349,calibration,181.0,26.0,166.0,158.0,11.0,13.0,22.0,23.76666607558049,NaN
kernel,350,reference,184.0,35.0,164.0,148.0,11.0,13.0,22.0,NaN,NaN
kernel,351,calibration,189.0,33.0,173.0,140.0,12.0,12.0,18.0,30.2928718887896,NaN
kernel,352,reference,202.0,33.0,129.0,166.0,11.0,13.0,23.0,NaN,NaN
kernel,353,calibration,183.0,29.0,176.0,150.0,10.0,12.0,17.0,30.82550086400188,NaN
kernel,354,reference,194.0,41.0,118.0,175.0,10.0,12.0,27.0,NaN,NaN
kernel,355,calibration,196.0,31.0,156.0,154.0,9.0,14.0,17.0,15.03015029302528,NaN
kernel,356,reference,169.0,27.0,172.0,161.0,9.0,13.0,26.0,NaN,NaN
kernel,357,calibration,221.0,39.0,87.0,181.0,10.0,13.0,26.0,40.56066757002928,NaN
kernel,358,reference,196.0,30.0,133.0,170.0,11.0,13.0,24.0,NaN,NaN
kernel,359,calibration,188.0,34.0,147.0,163.0,9.0,13.0,23.0,11.773177891947718,NaN
kernel,360,reference,218.0,31.0,138.0,145.0,10.0,12.0,23.0,NaN,NaN
kernel,361,calibration,196.0,26.0,161.0,151.0,10.0,13.0,20.0,18.356107250138393,NaN
kernel,362,reference,187.0,26.0,184.0,139.0,10.0,13.0,18.0,NaN,NaN
kernel,363,calibration,209.0,31.0,125.0,167.0,11.0,13.0,21.0,11.30059251893752,NaN
kernel,364,reference,194.0,36.0,116.0,182.0,7.0,13.0,29.0,NaN,NaN
kernel,365,calibration,205.0,32.0,150.0,144.0,8.0,12.0,26.0,15.872406293663524,NaN
kernel,366,reference,208.0,37.0,127.0,156.0,9.0,14.0,26.0,NaN,NaN
kernel,367,calibration,199.0,42.0,111.0,179.0,8.0,11.0,27.0,21.03338505860816,NaN
kernel,368,reference,172.0,23.0,183.0,151.0,10.0,13.0,25.0,NaN,NaN
kernel,369,calibration,198.0,33.0,150.0,152.0,9.0,13.0,22.0,11.97711849104823,NaN
kernel,370,reference,176.0,40.0,136.0,178.0,7.0,14.0,26.0,NaN,NaN
kernel,371,calibration,175.0,24.0,175.0,159.0,11.0,11.0,22.0,32.60762928218377,NaN
kernel,372,reference,227.0,41.0,97.0,166.0,8.0,13.0,25.0,NaN,NaN
kernel,373,calibration,207.0,34.0,122.0,167.0,10.0,13.0,24.0,11.238563583499467,NaN
kernel,374,reference,222.0,38.0,124.0,155.0,8.0,10.0,20.0,NaN,NaN
kernel,375,calibration,184.0,31.0,176.0,141.0,9.0,12.0,24.0,32.59811308033583,NaN
kernel,376,reference,169.0,34.0,161.0,167.0,9.0,12.0,25.0,NaN,NaN
kernel,377,calibration,205.0,40.0,120.0,172.0,8.0,10.0,22.0,13.826010381121442,NaN
kernel,378,reference,210.0,36.0,123.0,161.0,10.0,12.0,25.0,NaN,NaN
kernel,379,calibration,230.0,32.0,107.0,163.0,9.0,12.0,24.0,27.726687399863188,NaN
kernel,380,reference,206.0,36.0,118.0,169.0,9.0,14.0,25.0,NaN,NaN
kernel,381,calibration,233.0,33.0,91.0,173.0,9.0,13.0,25.0,40.48322418801684,NaN
kernel,382,reference,195.0,31.0,164.0,145.0,7.0,13.0,22.0,NaN,NaN
kernel,383,calibration,214.0,37.0,111.0,169.0,7.0,12.0,27.0,18.47554629246524,NaN
kernel,384,reference,207.0,34.0,131.0,160.0,10.0,12.0,23.0,NaN,NaN
kernel,385,calibration,196.0,28.0,159.0,146.0,9.0,13.0,26.0,18.424316875076542,NaN
kernel,386,reference,220.0,31.0,139.0,146.0,9.0,13.0,19.0,NaN,NaN
kernel,387,calibration,212.0,21.0,167.0,136.0,9.0,13.0,19.0,31.128346143053903,NaN
kernel,388,reference,198.0,31.0,146.0,160.0,11.0,11.0,20.0,NaN,NaN
kernel,389,calibration,183.0,32.0,163.0,157.0,11.0,13.0,18.0,21.094160541045923,NaN
kernel,390,reference,210.0,31.0,147.0,149.0,9.0,13.0,18.0,NaN,NaN
kernel,391,calibration,176.0,26.0,188.0,143.0,8.0,14.0,22.0,43.84716684809804,NaN
kernel,392,reference,220.0,31.0,117.0,162.0,12.0,13.0,22.0,NaN,NaN
kernel,393,calibration,209.0,30.0,148.0,148.0,10.0,11.0,21.0,14.534100841429826,NaN
kernel,394,reference,215.0,22.0,162.0,135.0,9.0,12.0,22.0,NaN,NaN
kernel,395,calibration,210.0,30.0,127.0,164.0,11.0,14.0,21.0,10.921744688731746,NaN
kernel,396,reference,186.0,36.0,140.0,164.0,11.0,12.0,28.0,NaN,NaN
kernel,397,calibration,204.0,36.0,133.0,157.0,10.0,13.0,24.0,8.742183901517961,NaN
kernel,398,reference,200.0,33.0,137.0,156.0,10.0,11.0,30.0,NaN,NaN
kernel,399,calibration,217.0,37.0,112.0,166.0,9.0,11.0,25.0,18.418090046908155,NaN
kernel,400,reference,189.0,28.0,157.0,154.0,9.0,14.0,26.0,NaN,NaN
kernel,401,calibration,206.0,29.0,155.0,146.0,8.0,13.0,20.0,17.349281217843043,NaN
kernel,402,reference,171.0,26.0,194.0,142.0,10.0,14.0,20.0,NaN,NaN
kernel,403,calibration,177.0,36.0,145.0,172.0,10.0,13.0,24.0,18.748213592490814,NaN
kernel,404,reference,213.0,35.0,121.0,164.0,10.0,13.0,21.0,NaN,NaN
kernel,405,calibration,229.0,37.0,99.0,165.0,12.0,10.0,25.0,32.00375935781262,NaN
kernel,406,reference,189.0,31.0,156.0,154.0,10.0,14.0,23.0,NaN,NaN
kernel,407,calibration,177.0,35.0,141.0,177.0,10.0,12.0,25.0,20.07806001414331,NaN
kernel,408,reference,181.0,39.0,136.0,172.0,11.0,12.0,26.0,NaN,NaN
kernel,409,calibration,200.0,34.0,125.0,169.0,11.0,14.0,24.0,10.467607312280375,NaN
kernel,410,reference,181.0,44.0,129.0,174.0,10.0,12.0,27.0,NaN,NaN
kernel,411,calibration,187.0,36.0,137.0,170.0,8.0,13.0,26.0,12.401973199571373,NaN
kernel,412,reference,207.0,35.0,124.0,163.0,9.0,12.0,27.0,NaN,NaN
kernel,413,calibration,225.0,30.0,104.0,170.0,10.0,12.0,26.0,27.39189408481557,NaN
kernel,414,reference,203.0,32.0,143.0,157.0,12.0,12.0,18.0,NaN,NaN
kernel,415,calibration,197.0,26.0,177.0,134.0,9.0,12.0,22.0,35.112635090091985,NaN
kernel,416,reference,193.0,41.0,125.0,169.0,9.0,13.0,27.0,NaN,NaN
kernel,417,calibration,217.0,34.0,124.0,163.0,8.0,12.0,19.0,14.15045578176106,NaN
kernel,418,reference,224.0,36.0,119.0,153.0,10.0,13.0,22.0,NaN,NaN
kernel,419,calibration,225.0,35.0,104.0,170.0,11.0,12.0,20.0,27.315528716921378,NaN
kernel,420,reference,184.0,24.0,160.0,164.0,10.0,13.0,22.0,NaN,NaN
kernel,421,calibration,223.0,38.0,105.0,163.0,9.0,12.0,27.0,25.07932778516735,NaN
kernel,422,reference,207.0,28.0,139.0,161.0,8.0,11.0,23.0,NaN,NaN
kernel,423,calibration,187.0,30.0,168.0,149.0,8.0,13.0,22.0,23.8079333124506,NaN
kernel,424,reference,188.0,31.0,152.0,156.0,11.0,12.0,27.0,NaN,NaN
kernel,425,calibration,212.0,35.0,118.0,164.0,10.0,13.0,25.0,13.62077719119489,NaN
kernel,426,reference,217.0,29.0,139.0,150.0,9.0,12.0,21.0,NaN,NaN
kernel,427,calibration,164.0,32.0,172.0,162.0,10.0,14.0,23.0,36.07566472398488,NaN
kernel,428,reference,224.0,43.0,98.0,165.0,10.0,13.0,24.0,NaN,NaN
kernel,429,calibration,174.0,26.0,174.0,158.0,11.0,13.0,21.0,32.0671157526722,NaN
kernel,430,reference,189.0,38.0,129.0,172.0,10.0,13.0,26.0,NaN,NaN
kernel,431,calibration,205.0,23.0,139.0,169.0,10.0,12.0,19.0,12.529872429487217,NaN
kernel,432,reference,212.0,36.0,123.0,159.0,11.0,11.0,25.0,NaN,NaN
kernel,433,calibration,201.0,45.0,108.0,178.0,9.0,12.0,24.0,22.74935260094312,NaN
kernel,434,reference,207.0,36.0,134.0,157.0,10.0,10.0,23.0,NaN,NaN
kernel,435,calibration,226.0,31.0,113.0,162.0,10.0,14.0,21.0,22.67484827194661,NaN
kernel,436,reference,205.0,29.0,137.0,160.0,8.0,13.0,25.0,NaN,NaN
kernel,437,calibration,222.0,34.0,102.0,171.0,10.0,11.0,27.0,27.108381569922003,NaN
kernel,438,reference,190.0,24.0,183.0,135.0,9.0,14.0,22.0,NaN,NaN
kernel,439,calibration,185.0,24.0,174.0,150.0,9.0,13.0,22.0,28.98342651244583,NaN
kernel,440,reference,209.0,35.0,115.0,172.0,10.0,10.0,26.0,NaN,NaN
kernel,441,calibration,157.0,33.0,182.0,161.0,10.0,14.0,20.0,46.96304221513962,NaN
kernel,442,reference,201.0,40.0,114.0,178.0,7.0,13.0,24.0,NaN,NaN
kernel,443,calibration,223.0,37.0,114.0,158.0,8.0,11.0,26.0,20.670932971516855,NaN
kernel,444,reference,185.0,30.0,163.0,155.0,10.0,13.0,21.0,NaN,NaN
kernel,445,calibration,229.0,37.0,113.0,156.0,9.0,12.0,21.0,25.026171605490525,NaN
kernel,446,reference,224.0,36.0,97.0,177.0,11.0,9.0,23.0,NaN,NaN
kernel,447,calibration,232.0,39.0,96.0,165.0,9.0,11.0,25.0,35.71980347745595,NaN
kernel,448,reference,211.0,35.0,119.0,164.0,12.0,14.0,22.0,NaN,NaN
kernel,449,calibration,183.0,37.0,151.0,162.0,9.0,11.0,24.0,15.284686432829709,NaN
kernel,450,reference,182.0,35.0,150.0,162.0,10.0,14.0,24.0,NaN,NaN
kernel,451,calibration,175.0,34.0,147.0,172.0,8.0,13.0,28.0,20.537278006247547,NaN
kernel,452,reference,196.0,34.0,130.0,170.0,9.0,14.0,24.0,NaN,NaN
kernel,453,calibration,217.0,39.0,116.0,158.0,9.0,12.0,26.0,17.133294393386336,NaN
kernel,454,reference,202.0,25.0,159.0,146.0,9.0,12.0,24.0,NaN,NaN
kernel,455,calibration,205.0,41.0,117.0,162.0,10.0,14.0,28.0,14.066893248700417,NaN
kernel,456,reference,191.0,37.0,118.0,178.0,10.0,13.0,30.0,NaN,NaN
kernel,457,calibration,181.0,36.0,153.0,160.0,11.0,12.0,24.0,16.777033708987183,NaN
kernel,458,reference,205.0,32.0,139.0,158.0,10.0,12.0,21.0,NaN,NaN
kernel,459,calibration,207.0,32.0,130.0,166.0,5.0,12.0,25.0,9.877036280050845,NaN
kernel,460,reference,209.0,27.0,137.0,160.0,9.0,12.0,23.0,NaN,NaN
kernel,461,calibration,211.0,32.0,121.0,164.0,8.0,11.0,30.0,13.093728010270866,NaN
kernel,462,reference,200.0,35.0,137.0,159.0,10.0,13.0,23.0,NaN,NaN
kernel,463,calibration,194.0,31.0,140.0,166.0,10.0,13.0,23.0,9.35990034258402,NaN
kernel,464,reference,225.0,31.0,126.0,152.0,10.0,11.0,22.0,NaN,NaN
kernel,465,calibration,181.0,40.0,145.0,168.0,11.0,12.0,20.0,16.36725154058074,NaN
kernel,466,reference,224.0,42.0,89.0,171.0,12.0,12.0,27.0,NaN,NaN
kernel,467,calibration,189.0,39.0,135.0,163.0,10.0,13.0,28.0,11.212457634049198,NaN
kernel,468,reference,191.0,36.0,148.0,158.0,9.0,14.0,21.0,NaN,NaN
kernel,469,calibration,198.0,33.0,167.0,141.0,10.0,10.0,18.0,25.232021016050012,NaN
kernel,470,reference,190.0,29.0,158.0,159.0,8.0,13.0,20.0,NaN,NaN
kernel,471,calibration,185.0,36.0,146.0,163.0,10.0,12.0,25.0,12.907701113543922,NaN
kernel,472,reference,196.0,41.0,120.0,171.0,9.0,13.0,27.0,NaN,NaN
kernel,473,calibration,187.0,42.0,116.0,184.0,8.0,14.0,26.0,23.94768481799857,NaN
kernel,474,reference,195.0,25.0,170.0,145.0,8.0,14.0,20.0,NaN,NaN
kernel,475,calibration,196.0,32.0,127.0,175.0,9.0,13.0,25.0,12.58781741493696,NaN
kernel,476,reference,192.0,30.0,152.0,153.0,9.0,13.0,28.0,NaN,NaN
kernel,477,calibration,200.0,31.0,158.0,145.0,9.0,13.0,21.0,18.059947850862372,NaN
kernel,478,reference,195.0,39.0,130.0,170.0,9.0,13.0,21.0,NaN,NaN
kernel,479,calibration,176.0,30.0,166.0,156.0,10.0,13.0,26.0,25.689079251847375,NaN
kernel,480,reference,200.0,31.0,148.0,150.0,8.0,13.0,27.0,NaN,NaN
kernel,481,calibration,186.0,32.0,154.0,159.0,10.0,13.0,23.0,14.765931193173202,NaN
kernel,482,reference,200.0,37.0,144.0,150.0,10.0,13.0,23.0,NaN,NaN
kernel,483,calibration,187.0,30.0,157.0,157.0,9.0,13.0,24.0,16.01589925213215,NaN
kernel,484,reference,171.0,25.0,195.0,141.0,9.0,13.0,23.0,NaN,NaN
kernel,485,calibration,183.0,34.0,154.0,160.0,10.0,13.0,23.0,15.995003691972677,NaN
kernel,486,reference,207.0,42.0,110.0,171.0,8.0,11.0,28.0,NaN,NaN
kernel,487,calibration,173.0,28.0,180.0,152.0,8.0,13.0,23.0,36.87396997047159,NaN
kernel,488,reference,181.0,27.0,171.0,152.0,10.0,12.0,24.0,NaN,NaN
kernel,489,calibration,187.0,35.0,146.0,166.0,8.0,13.0,22.0,12.46711598538121,NaN
kernel,490,reference,212.0,34.0,100.0,180.0,10.0,14.0,27.0,NaN,NaN
kernel,491,calibration,206.0,21.0,183.0,129.0,7.0,13.0,18.0,43.71368880905176,NaN
kernel,492,reference,179.0,40.0,142.0,167.0,10.0,14.0,25.0,NaN,NaN
kernel,493,calibration,215.0,38.0,111.0,167.0,9.0,14.0,23.0,18.452586457935453,NaN
kernel,494,reference,233.0,38.0,100.0,158.0,10.0,12.0,26.0,NaN,NaN
kernel,495,calibration,197.0,36.0,121.0,175.0,9.0,13.0,26.0,14.09195797750251,NaN
kernel,496,reference,206.0,44.0,86.0,191.0,11.0,14.0,25.0,NaN,NaN
kernel,497,calibration,216.0,40.0,101.0,169.0,9.0,14.0,28.0,25.705710991215113,NaN
kernel,498,reference,210.0,34.0,135.0,156.0,8.0,9.0,25.0,NaN,NaN
kernel,499,calibration,187.0,41.0,130.0,169.0,11.0,13.0,26.0,13.609512529488846,NaN
kernel,500,reference,223.0,40.0,100.0,170.0,8.0,12.0,24.0,NaN,NaN
kernel,501,calibration,185.0,38.0,143.0,162.0,10.0,13.0,26.0,12.705506030830087,NaN
kernel,502,reference,219.0,32.0,121.0,159.0,10.0,12.0,24.0,NaN,NaN
kernel,503,calibration,172.0,30.0,178.0,157.0,7.0,13.0,20.0,35.54697200013733,NaN
kernel,504,reference,183.0,40.0,128.0,174.0,10.0,12.0,30.0,NaN,NaN
kernel,505,calibration,218.0,33.0,140.0,143.0,8.0,13.0,22.0,18.4729164643771,NaN
kernel,506,reference,171.0,25.0,198.0,134.0,10.0,13.0,26.0,NaN,NaN
kernel,507,calibration,210.0,30.0,138.0,155.0,8.0,12.0,24.0,10.63994690700573,NaN
kernel,508,reference,158.0,27.0,171.0,174.0,8.0,13.0,26.0,NaN,NaN
kernel,509,calibration,196.0,39.0,130.0,166.0,10.0,12.0,24.0,9.678155638334022,NaN
kernel,510,reference,200.0,34.0,129.0,169.0,8.0,11.0,26.0,NaN,NaN
kernel,511,calibration,209.0,27.0,126.0,167.0,8.0,14.0,26.0,11.83725291396902,NaN
kernel,512,reference,209.0,34.0,130.0,161.0,10.0,13.0,20.0,NaN,NaN
kernel,513,calibration,182.0,42.0,131.0,172.0,11.0,13.0,26.0,16.826250688599593,NaN
kernel,514,reference,203.0,35.0,136.0,158.0,11.0,13.0,21.0,NaN,NaN
kernel,515,calibration,209.0,36.0,133.0,156.0,10.0,11.0,22.0,10.040143081482661,NaN
kernel,516,reference,216.0,32.0,105.0,171.0,11.0,13.0,29.0,NaN,NaN
kernel,517,calibration,201.0,31.0,142.0,158.0,9.0,12.0,24.0,8.728825058360236,NaN
kernel,518,reference,192.0,30.0,141.0,167.0,9.0,13.0,25.0,NaN,NaN
kernel,519,calibration,193.0,29.0,145.0,163.0,9.0,13.0,25.0,10.282965831869927,NaN
kernel,520,reference,223.0,35.0,112.0,161.0,10.0,12.0,24.0,NaN,NaN
kernel,521,calibration,211.0,37.0,112.0,171.0,9.0,13.0,24.0,17.32620820121771,NaN
kernel,522,reference,194.0,32.0,155.0,149.0,10.0,14.0,23.0,NaN,NaN
kernel,523,calibration,212.0,30.0,142.0,152.0,9.0,13.0,19.0,13.019401190988951,NaN
kernel,524,reference,166.0,33.0,164.0,164.0,10.0,13.0,27.0,NaN,NaN
kernel,525,calibration,206.0,27.0,143.0,155.0,8.0,13.0,25.0,10.855868209232856,NaN
kernel,526,reference,177.0,32.0,157.0,168.0,10.0,12.0,21.0,NaN,NaN
kernel,527,calibration,203.0,32.0,142.0,153.0,9.0,12.0,26.0,9.96331478779507,NaN
kernel,528,reference,203.0,24.0,163.0,140.0,9.0,13.0,25.0,NaN,NaN
kernel,529,calibration,190.0,29.0,154.0,157.0,10.0,13.0,24.0,13.917453909995324,NaN
kernel,530,reference,235.0,36.0,110.0,153.0,7.0,12.0,24.0,NaN,NaN
kernel,531,calibration,185.0,32.0,152.0,163.0,10.0,13.0,22.0,14.545231468469474,NaN
kernel,532,reference,210.0,26.0,104.0,189.0,13.0,13.0,22.0,NaN,NaN
kernel,533,calibration,198.0,33.0,131.0,167.0,10.0,12.0,26.0,8.95680394672705,NaN
kernel,534,reference,211.0,30.0,122.0,167.0,11.0,13.0,23.0,NaN,NaN
kernel,535,calibration,184.0,29.0,189.0,132.0,9.0,13.0,21.0,46.18245843553714,NaN
kernel,536,reference,186.0,37.0,131.0,172.0,11.0,13.0,27.0,NaN,NaN
kernel,537,calibration,201.0,27.0,154.0,151.0,8.0,13.0,23.0,14.546151185504392,NaN
kernel,538,reference,173.0,25.0,186.0,147.0,11.0,13.0,22.0,NaN,NaN
kernel,539,calibration,211.0,31.0,143.0,147.0,9.0,11.0,25.0,14.217280152128637,NaN
kernel,540,reference,190.0,35.0,137.0,170.0,10.0,12.0,23.0,NaN,NaN
kernel,541,calibration,202.0,31.0,153.0,147.0,9.0,12.0,23.0,15.045311212031883,NaN
kernel,542,reference,199.0,33.0,142.0,157.0,10.0,14.0,22.0,NaN,NaN
kernel,543,calibration,219.0,38.0,106.0,169.0,9.0,11.0,25.0,23.00583137132638,NaN
kernel,544,reference,211.0,34.0,113.0,174.0,10.0,13.0,22.0,NaN,NaN
kernel,545,calibration,198.0,37.0,119.0,175.0,10.0,12.0,26.0,14.773218513191956,NaN
kernel,546,reference,212.0,40.0,103.0,171.0,10.0,13.0,28.0,NaN,NaN
kernel,547,calibration,192.0,29.0,171.0,141.0,8.0,12.0,24.0,27.71492195249865,NaN
kernel,548,reference,217.0,34.0,124.0,160.0,8.0,12.0,22.0,NaN,NaN
kernel,549,calibration,206.0,28.0,121.0,173.0,11.0,13.0,25.0,13.971520748987096,NaN
kernel,550,reference,211.0,23.0,155.0,146.0,8.0,11.0,23.0,NaN,NaN
kernel,551,calibration,212.0,38.0,122.0,161.0,10.0,12.0,22.0,12.539513277858035,NaN
kernel,552,reference,204.0,35.0,144.0,152.0,6.0,13.0,23.0,NaN,NaN
kernel,553,calibration,198.0,35.0,132.0,162.0,10.0,13.0,27.0,8.487007826053478,NaN
kernel,554,reference,179.0,34.0,157.0,164.0,9.0,13.0,21.0,NaN,NaN
kernel,555,calibration,188.0,34.0,144.0,166.0,6.0,11.0,28.0,12.178778889763858,NaN
kernel,556,reference,186.0,28.0,150.0,165.0,10.0,12.0,26.0,NaN,NaN
kernel,557,calibration,181.0,31.0,160.0,161.0,9.0,14.0,21.0,19.84946593078758,NaN
kernel,558,reference,185.0,34.0,150.0,166.0,10.0,11.0,21.0,NaN,NaN
kernel,559,calibration,215.0,34.0,118.0,170.0,9.0,11.0,20.0,15.936946982961274,NaN
kernel,560,reference,183.0,33.0,146.0,168.0,10.0,13.0,24.0,NaN,NaN
kernel,561,calibration,225.0,30.0,109.0,172.0,6.0,9.0,26.0,25.441305376597043,NaN
kernel,562,reference,189.0,29.0,152.0,157.0,10.0,14.0,26.0,NaN,NaN
kernel,563,calibration,198.0,26.0,169.0,142.0,9.0,13.0,20.0,26.151407874844544,NaN
kernel,564,reference,182.0,31.0,172.0,147.0,8.0,13.0,24.0,NaN,NaN
kernel,565,calibration,208.0,37.0,120.0,168.0,11.0,12.0,21.0,12.717963058336224,NaN
kernel,566,reference,174.0,26.0,176.0,152.0,10.0,14.0,25.0,NaN,NaN
kernel,567,calibration,203.0,36.0,129.0,164.0,10.0,14.0,21.0,8.98889538355245,NaN
kernel,568,reference,206.0,29.0,144.0,153.0,9.0,13.0,23.0,NaN,NaN
kernel,569,calibration,196.0,30.0,157.0,147.0,8.0,13.0,26.0,16.87863067302456,NaN
kernel,570,reference,206.0,34.0,123.0,164.0,9.0,12.0,29.0,NaN,NaN
kernel,571,calibration,214.0,35.0,118.0,163.0,11.0,13.0,23.0,14.310221355408437,NaN
kernel,572,reference,198.0,43.0,112.0,176.0,11.0,12.0,25.0,NaN,NaN
kernel,573,calibration,205.0,27.0,142.0,153.0,10.0,14.0,26.0,11.032536025579315,NaN
kernel,574,reference,207.0,32.0,133.0,161.0,8.0,13.0,23.0,NaN,NaN
kernel,575,calibration,192.0,26.0,169.0,147.0,8.0,13.0,22.0,24.55435235882409,NaN
kernel,576,reference,200.0,34.0,136.0,165.0,9.0,14.0,19.0,NaN,NaN
kernel,577,calibration,207.0,34.0,122.0,167.0,10.0,12.0,25.0,11.247982504695653,NaN
kernel,578,reference,189.0,37.0,118.0,186.0,10.0,10.0,27.0,NaN,NaN
kernel,579,calibration,198.0,38.0,146.0,151.0,8.0,13.0,23.0,11.698764308569459,NaN
kernel,580,reference,222.0,37.0,103.0,164.0,10.0,13.0,28.0,NaN,NaN
kernel,581,calibration,214.0,32.0,122.0,166.0,11.0,12.0,20.0,13.561680453898319,NaN
kernel,582,reference,191.0,37.0,139.0,165.0,9.0,13.0,23.0,NaN,NaN
kernel,583,calibration,192.0,28.0,181.0,133.0,7.0,12.0,24.0,38.5342994143832,NaN
kernel,584,reference,188.0,34.0,150.0,158.0,10.0,12.0,25.0,NaN,NaN
kernel,585,calibration,194.0,29.0,155.0,153.0,10.0,12.0,24.0,14.250203380968415,NaN
kernel,586,reference,196.0,31.0,145.0,163.0,7.0,13.0,22.0,NaN,NaN
kernel,587,calibration,214.0,33.0,109.0,172.0,9.0,14.0,26.0,20.098997253143338,NaN
kernel,588,reference,187.0,27.0,178.0,142.0,8.0,13.0,22.0,NaN,NaN
kernel,589,calibration,197.0,29.0,146.0,159.0,10.0,14.0,22.0,9.947363976779041,NaN
kernel,590,reference,179.0,31.0,155.0,166.0,8.0,12.0,26.0,NaN,NaN
kernel,591,calibration,196.0,35.0,137.0,161.0,10.0,10.0,28.0,8.847158820865161,NaN
kernel,592,reference,197.0,27.0,142.0,166.0,11.0,12.0,22.0,NaN,NaN
kernel,593,calibration,186.0,40.0,153.0,152.0,9.0,13.0,24.0,16.472794266802097,NaN
kernel,594,reference,217.0,39.0,109.0,162.0,11.0,14.0,25.0,NaN,NaN
kernel,595,calibration,195.0,29.0,156.0,149.0,8.0,11.0,29.0,16.36961044017424,NaN
kernel,596,reference,178.0,35.0,152.0,164.0,10.0,13.0,25.0,NaN,NaN
kernel,597,calibration,197.0,35.0,136.0,163.0,10.0,12.0,24.0,8.153468797417776,NaN
kernel,598,reference,198.0,26.0,145.0,162.0,10.0,14.0,22.0,NaN,NaN
kernel,599,calibration,229.0,30.0,103.0,167.0,9.0,12.0,27.0,29.83190297816659,NaN
kernel,600,reference,207.0,38.0,122.0,163.0,9.0,13.0,25.0,NaN,NaN
kernel,601,calibration,182.0,38.0,147.0,159.0,11.0,13.0,27.0,15.084718215396961,NaN
kernel,602,reference,187.0,31.0,164.0,152.0,10.0,12.0,21.0,NaN,NaN
kernel,603,calibration,199.0,36.0,123.0,172.0,10.0,14.0,23.0,12.062277825988847,NaN
kernel,604,reference,211.0,37.0,105.0,174.0,11.0,14.0,25.0,NaN,NaN
kernel,605,calibration,197.0,25.0,160.0,151.0,10.0,14.0,20.0,18.036913914914273,NaN
kernel,606,reference,180.0,40.0,127.0,181.0,11.0,11.0,27.0,NaN,NaN
kernel,607,calibration,232.0,31.0,94.0,174.0,6.0,11.0,29.0,38.565735678504204,NaN
kernel,608,reference,219.0,40.0,91.0,177.0,11.0,13.0,26.0,NaN,NaN
kernel,609,calibration,229.0,35.0,89.0,179.0,9.0,12.0,24.0,41.3323327573579,NaN
kernel,610,reference,183.0,24.0,194.0,131.0,11.0,12.0,22.0,NaN,NaN
kernel,611,calibration,203.0,30.0,130.0,165.0,10.0,14.0,25.0,9.002101063279657,NaN
kernel,612,reference,198.0,32.0,132.0,168.0,10.0,11.0,26.0,NaN,NaN
kernel,613,calibration,233.0,31.0,121.0,146.0,11.0,13.0,22.0,27.719789727343574,NaN
kernel,614,reference,188.0,28.0,173.0,141.0,11.0,13.0,23.0,NaN,NaN
kernel,615,calibration,167.0,33.0,137.0,186.0,9.0,14.0,31.0,31.065997801887228,NaN
kernel,616,reference,186.0,33.0,149.0,162.0,10.0,13.0,24.0,NaN,NaN
kernel,617,calibration,200.0,42.0,110.0,177.0,10.0,14.0,24.0,20.528290044950964,NaN
kernel,618,reference,188.0,34.0,130.0,179.0,10.0,12.0,24.0,NaN,NaN
kernel,619,calibration,196.0,33.0,140.0,160.0,9.0,13.0,26.0,8.535127917196107,NaN
kernel,620,reference,184.0,42.0,128.0,175.0,11.0,13.0,24.0,NaN,NaN
kernel,621,calibration,211.0,33.0,119.0,164.0,10.0,13.0,27.0,13.128264466247835,NaN
kernel,622,reference,190.0,30.0,154.0,160.0,9.0,12.0,22.0,NaN,NaN
kernel,623,calibration,216.0,41.0,94.0,178.0,7.0,14.0,27.0,33.06782682102412,NaN
kernel,624,reference,196.0,35.0,147.0,151.0,8.0,14.0,26.0,NaN,NaN
kernel,625,calibration,195.0,31.0,150.0,156.0,11.0,13.0,21.0,11.509795663798588,NaN
kernel,626,reference,199.0,31.0,147.0,152.0,10.0,12.0,26.0,NaN,NaN
kernel,627,calibration,156.0,38.0,159.0,177.0,6.0,12.0,29.0,39.179555793514226,NaN
kernel,628,reference,180.0,21.0,200.0,134.0,9.0,13.0,20.0,NaN,NaN
kernel,629,calibration,192.0,37.0,131.0,166.0,7.0,11.0,33.0,11.990650449595297,NaN
kernel,630,reference,230.0,32.0,107.0,161.0,11.0,12.0,24.0,NaN,NaN
kernel,631,calibration,201.0,37.0,125.0,167.0,10.0,12.0,25.0,10.075587514635917,NaN
kernel,632,reference,214.0,29.0,138.0,152.0,9.0,12.0,23.0,NaN,NaN
kernel,633,calibration,193.0,26.0,168.0,150.0,7.0,12.0,21.0,23.118504883817074,NaN
kernel,634,reference,201.0,22.0,143.0,164.0,9.0,13.0,25.0,NaN,NaN
kernel,635,calibration,183.0,31.0,155.0,162.0,10.0,12.0,24.0,16.503384514838125,NaN
kernel,636,reference,184.0,31.0,143.0,170.0,10.0,14.0,25.0,NaN,NaN
kernel,637,calibration,191.0,23.0,181.0,136.0,9.0,14.0,23.0,37.82349105096548,NaN
kernel,638,reference,212.0,39.0,110.0,166.0,11.0,13.0,26.0,NaN,NaN
kernel,639,calibration,196.0,36.0,126.0,173.0,10.0,12.0,24.0,11.91171830853229,NaN
kernel,640,reference,195.0,35.0,167.0,139.0,9.0,12.0,20.0,NaN,NaN
kernel,641,calibration,181.0,39.0,147.0,163.0,8.0,13.0,26.0,15.669547999340082,NaN
kernel,642,reference,186.0,34.0,161.0,154.0,9.0,11.0,22.0,NaN,NaN
kernel,643,calibration,206.0,39.0,119.0,166.0,7.0,14.0,26.0,12.783822456510386,NaN
kernel,644,reference,196.0,35.0,132.0,166.0,11.0,14.0,23.0,NaN,NaN
kernel,645,calibration,207.0,32.0,144.0,155.0,6.0,11.0,22.0,10.88041222848912,NaN
kernel,646,reference,183.0,28.0,142.0,175.0,9.0,12.0,28.0,NaN,NaN
kernel,647,calibration,206.0,36.0,139.0,151.0,9.0,12.0,24.0,10.775274151612415,NaN
kernel,648,reference,197.0,35.0,132.0,166.0,10.0,12.0,25.0,NaN,NaN
kernel,649,calibration,183.0,32.0,171.0,146.0,7.0,12.0,26.0,27.88229468589759,NaN
kernel,650,reference,218.0,40.0,104.0,165.0,9.0,13.0,28.0,NaN,NaN
kernel,651,calibration,180.0,26.0,165.0,159.0,9.0,13.0,25.0,23.538266127976087,NaN
kernel,652,reference,234.0,42.0,89.0,166.0,9.0,11.0,26.0,NaN,NaN
kernel,653,calibration,200.0,35.0,148.0,149.0,9.0,13.0,23.0,12.444929932339623,NaN
kernel,654,reference,193.0,41.0,126.0,167.0,10.0,13.0,27.0,NaN,NaN
kernel,655,calibration,186.0,40.0,141.0,166.0,8.0,12.0,24.0,12.769713864999012,NaN
kernel,656,reference,212.0,36.0,113.0,170.0,8.0,12.0,26.0,NaN,NaN
kernel,657,calibration,212.0,32.0,119.0,169.0,10.0,10.0,25.0,14.142801259947149,NaN
kernel,658,reference,196.0,30.0,156.0,149.0,10.0,13.0,23.0,NaN,NaN
kernel,659,calibration,200.0,36.0,134.0,161.0,11.0,12.0,23.0,8.120597977077015,NaN
kernel,660,reference,196.0,35.0,132.0,168.0,11.0,13.0,22.0,NaN,NaN
kernel,661,calibration,211.0,34.0,124.0,164.0,9.0,12.0,23.0,11.262058389380599,NaN
kernel,662,reference,174.0,42.0,143.0,167.0,9.0,12.0,30.0,NaN,NaN
kernel,663,calibration,191.0,25.0,170.0,151.0,6.0,13.0,21.0,24.785003503799402,NaN
kernel,664,reference,223.0,24.0,131.0,152.0,9.0,13.0,25.0,NaN,NaN
kernel,665,calibration,192.0,29.0,156.0,157.0,11.0,12.0,20.0,14.718402835809584,NaN
kernel,666,reference,207.0,35.0,125.0,163.0,11.0,13.0,23.0,NaN,NaN
kernel,667,calibration,227.0,40.0,100.0,162.0,11.0,12.0,25.0,30.45884026655056,NaN
kernel,668,reference,183.0,32.0,151.0,167.0,9.0,13.0,22.0,NaN,NaN
kernel,669,calibration,216.0,36.0,113.0,165.0,10.0,12.0,25.0,17.355419646936575,NaN
kernel,670,reference,210.0,26.0,161.0,138.0,9.0,12.0,21.0,NaN,NaN
kernel,671,calibration,189.0,39.0,147.0,159.0,11.0,13.0,19.0,12.624986584073312,NaN
kernel,672,reference,187.0,22.0,204.0,124.0,7.0,13.0,20.0,NaN,NaN
kernel,673,calibration,214.0,36.0,134.0,153.0,9.0,12.0,19.0,12.868121808197188,NaN
kernel,674,reference,196.0,39.0,124.0,174.0,9.0,12.0,23.0,NaN,NaN
kernel,675,calibration,158.0,34.0,168.0,171.0,9.0,14.0,23.0,39.287583179875696,NaN
kernel,676,reference,199.0,38.0,125.0,169.0,11.0,12.0,23.0,NaN,NaN
kernel,677,calibration,203.0,24.0,156.0,145.0,10.0,12.0,27.0,18.63108196973328,NaN
kernel,678,reference,198.0,36.0,135.0,162.0,9.0,13.0,24.0,NaN,NaN
kernel,679,calibration,218.0,37.0,98.0,177.0,9.0,13.0,25.0,29.796709903079453,NaN
kernel,680,reference,209.0,29.0,133.0,161.0,10.0,11.0,24.0,NaN,NaN
kernel,681,calibration,203.0,37.0,121.0,168.0,11.0,10.0,27.0,11.891092717262687,NaN
kernel,682,reference,178.0,34.0,151.0,170.0,10.0,12.0,22.0,NaN,NaN
kernel,683,calibration,210.0,27.0,162.0,139.0,8.0,12.0,19.0,25.22638525738379,NaN
kernel,684,reference,207.0,36.0,118.0,167.0,9.0,12.0,28.0,NaN,NaN
kernel,685,calibration,177.0,26.0,194.0,140.0,8.0,13.0,19.0,49.34030856010419,NaN
kernel,686,reference,201.0,35.0,130.0,166.0,10.0,12.0,23.0,NaN,NaN
kernel,687,calibration,193.0,39.0,118.0,182.0,9.0,12.0,24.0,19.663078260190986,NaN
kernel,688,reference,197.0,36.0,135.0,160.0,11.0,13.0,25.0,NaN,NaN
kernel,689,calibration,185.0,28.0,171.0,148.0,10.0,13.0,22.0,26.730961195978367,NaN
kernel,690,reference,221.0,36.0,120.0,155.0,10.0,14.0,21.0,NaN,NaN
kernel,691,calibration,185.0,38.0,153.0,158.0,9.0,12.0,22.0,15.394086764275691,NaN
kernel,692,reference,202.0,35.0,130.0,164.0,11.0,13.0,22.0,NaN,NaN
kernel,693,calibration,188.0,42.0,124.0,176.0,11.0,12.0,24.0,16.94739042652479,NaN
kernel,694,reference,200.0,30.0,144.0,153.0,10.0,12.0,28.0,NaN,NaN
kernel,695,calibration,197.0,23.0,167.0,150.0,8.0,14.0,18.0,23.262086337041417,NaN
kernel,696,reference,198.0,32.0,153.0,147.0,9.0,13.0,25.0,NaN,NaN
kernel,697,calibration,189.0,35.0,121.0,181.0,9.0,12.0,30.0,19.397775039334135,NaN
kernel,698,reference,202.0,22.0,169.0,144.0,10.0,13.0,17.0,NaN,NaN
kernel,699,calibration,207.0,35.0,142.0,145.0,10.0,12.0,26.0,13.981632061280841,NaN
kernel,700,reference,182.0,30.0,169.0,149.0,9.0,14.0,24.0,NaN,NaN
kernel,701,calibration,188.0,30.0,136.0,174.0,12.0,14.0,23.0,13.703596934143434,NaN
kernel,702,reference,210.0,33.0,133.0,161.0,10.0,11.0,19.0,NaN,NaN
kernel,703,calibration,187.0,42.0,135.0,166.0,8.0,13.0,26.0,12.829830700529307,NaN
kernel,704,reference,203.0,40.0,103.0,185.0,9.0,12.0,25.0,NaN,NaN
kernel,705,calibration,169.0,29.0,176.0,158.0,10.0,13.0,22.0,35.60562767746367,NaN
kernel,706,reference,247.0,36.0,78.0,172.0,7.0,10.0,27.0,NaN,NaN
kernel,707,calibration,225.0,38.0,90.0,176.0,9.0,14.0,25.0,38.08400046852216,NaN
kernel,708,reference,240.0,32.0,105.0,158.0,8.0,10.0,24.0,NaN,NaN
kernel,709,calibration,192.0,33.0,136.0,170.0,8.0,12.0,26.0,10.616081895290971,NaN
kernel,710,reference,219.0,22.0,148.0,143.0,10.0,11.0,24.0,NaN,NaN
kernel,711,calibration,204.0,39.0,124.0,164.0,10.0,13.0,23.0,10.461837482579615,NaN
kernel,712,reference,221.0,39.0,108.0,164.0,8.0,12.0,25.0,NaN,NaN
kernel,713,calibration,207.0,36.0,121.0,166.0,10.0,12.0,25.0,11.50360045837649,NaN
kernel,714,reference,194.0,35.0,159.0,148.0,9.0,10.0,22.0,NaN,NaN
kernel,715,calibration,213.0,33.0,121.0,163.0,8.0,13.0,26.0,12.912746845184408,NaN
kernel,716,reference,192.0,30.0,162.0,145.0,9.0,14.0,25.0,NaN,NaN
kernel,717,calibration,191.0,34.0,147.0,157.0,8.0,14.0,26.0,11.186753791429908,NaN
kernel,718,reference,198.0,39.0,114.0,182.0,5.0,13.0,26.0,NaN,NaN
kernel,719,calibration,232.0,43.0,78.0,174.0,9.0,12.0,29.0,50.96845841782067,NaN
kernel,720,reference,206.0,34.0,113.0,176.0,12.0,14.0,22.0,NaN,NaN
kernel,721,calibration,192.0,35.0,128.0,171.0,9.0,13.0,29.0,12.1512270817942,NaN
kernel,722,reference,199.0,31.0,140.0,162.0,9.0,14.0,22.0,NaN,NaN
kernel,723,calibration,210.0,44.0,96.0,179.0,11.0,12.0,25.0,31.182483971336275,NaN
kernel,724,reference,206.0,25.0,149.0,151.0,9.0,13.0,24.0,NaN,NaN
kernel,725,calibration,201.0,35.0,137.0,160.0,10.0,12.0,22.0,8.068583231413474,NaN
kernel,726,reference,170.0,27.0,184.0,152.0,9.0,13.0,22.0,NaN,NaN
kernel,727,calibration,188.0,34.0,155.0,156.0,9.0,13.0,22.0,14.852124771402856,NaN
kernel,728,reference,217.0,34.0,124.0,157.0,11.0,14.0,20.0,NaN,NaN
kernel,729,calibration,207.0,38.0,120.0,166.0,8.0,13.0,25.0,12.149968512026508,NaN
kernel,730,reference,231.0,35.0,90.0,173.0,9.0,12.0,27.0,NaN,NaN
kernel,731,calibration,213.0,28.0,145.0,149.0,10.0,13.0,19.0,15.239306409291721,NaN
kernel,732,reference,211.0,37.0,103.0,180.0,7.0,11.0,28.0,NaN,NaN
kernel,733,calibration,169.0,26.0,199.0,141.0,11.0,13.0,18.0,56.12524254997861,NaN
kernel,734,reference,184.0,37.0,144.0,165.0,11.0,13.0,23.0,NaN,NaN
kernel,735,calibration,198.0,39.0,126.0,167.0,10.0,13.0,24.0,10.36708953698771,NaN
kernel,736,reference,217.0,35.0,109.0,168.0,8.0,13.0,27.0,NaN,NaN
kernel,737,calibration,166.0,41.0,154.0,170.0,10.0,13.0,23.0,28.390772888028273,NaN
kernel,738,reference,236.0,32.0,114.0,154.0,9.0,12.0,20.0,NaN,NaN
kernel,739,calibration,188.0,33.0,140.0,169.0,9.0,13.0,25.0,11.673866806291674,NaN
kernel,740,reference,185.0,41.0,120.0,181.0,10.0,13.0,27.0,NaN,NaN
kernel,741,calibration,226.0,33.0,113.0,166.0,7.0,11.0,21.0,22.756819305383203,NaN
kernel,742,reference,235.0,32.0,86.0,178.0,9.0,12.0,25.0,NaN,NaN
kernel,743,calibration,208.0,32.0,124.0,170.0,9.0,11.0,23.0,11.727819504802891,NaN
kernel,744,reference,169.0,31.0,167.0,161.0,10.0,12.0,27.0,NaN,NaN
kernel,745,calibration,243.0,39.0,89.0,159.0,9.0,11.0,27.0,47.502682040954994,NaN
kernel,746,reference,188.0,25.0,177.0,145.0,10.0,13.0,19.0,NaN,NaN
kernel,747,calibration,181.0,35.0,154.0,159.0,10.0,14.0,24.0,17.067008102232613,NaN
kernel,748,reference,192.0,38.0,125.0,172.0,10.0,13.0,27.0,NaN,NaN
kernel,749,calibration,211.0,37.0,128.0,157.0,10.0,13.0,21.0,11.19387407143045,NaN
kernel,750,reference,211.0,38.0,121.0,165.0,7.0,12.0,23.0,NaN,NaN
kernel,751,calibration,202.0,30.0,136.0,160.0,9.0,12.0,28.0,8.664392585364276,NaN
kernel,752,reference,205.0,38.0,107.0,177.0,11.0,13.0,26.0,NaN,NaN
kernel,753,calibration,182.0,21.0,180.0,150.0,9.0,12.0,23.0,34.91456749353581,NaN
kernel,754,reference,205.0,37.0,127.0,162.0,9.0,13.0,24.0,NaN,NaN
kernel,755,calibration,219.0,38.0,105.0,169.0,9.0,14.0,23.0,23.663867432896375,NaN
kernel,756,reference,204.0,29.0,132.0,168.0,12.0,11.0,21.0,NaN,NaN
kernel,757,calibration,210.0,33.0,131.0,158.0,10.0,13.0,22.0,9.959713982113335,NaN
kernel,758,reference,179.0,42.0,132.0,173.0,10.0,14.0,27.0,NaN,NaN
kernel,759,calibration,185.0,38.0,133.0,172.0,10.0,13.0,26.0,14.251559848903433,NaN
kernel,760,reference,189.0,34.0,145.0,160.0,10.0,12.0,27.0,NaN,NaN
kernel,761,calibration,188.0,34.0,138.0,171.0,9.0,12.0,25.0,12.155490155685978,NaN
kernel,762,reference,184.0,37.0,159.0,152.0,9.0,13.0,23.0,NaN,NaN
kernel,763,calibration,198.0,37.0,125.0,166.0,10.0,13.0,28.0,10.513880690896936,NaN
kernel,764,reference,206.0,31.0,127.0,167.0,10.0,13.0,23.0,NaN,NaN
kernel,765,calibration,168.0,29.0,172.0,160.0,10.0,13.0,25.0,33.6261142324295,NaN
kernel,766,reference,188.0,34.0,148.0,164.0,8.0,12.0,23.0,NaN,NaN
kernel,767,calibration,193.0,31.0,144.0,160.0,12.0,14.0,23.0,9.845883367569815,NaN
kernel,768,reference,230.0,38.0,99.0,167.0,9.0,11.0,23.0,NaN,NaN
kernel,769,calibration,196.0,29.0,173.0,141.0,7.0,11.0,20.0,29.015856629839703,NaN
kernel,770,reference,216.0,34.0,112.0,169.0,7.0,13.0,26.0,NaN,NaN
kernel,771,calibration,240.0,24.0,105.0,163.0,8.0,13.0,24.0,36.78128982412295,NaN
kernel,772,reference,193.0,34.0,141.0,163.0,8.0,14.0,24.0,NaN,NaN
kernel,773,calibration,196.0,31.0,141.0,163.0,7.0,14.0,25.0,8.941517150015436,NaN
kernel,774,reference,145.0,39.0,185.0,164.0,11.0,13.0,20.0,NaN,NaN
kernel,775,calibration,220.0,26.0,159.0,132.0,9.0,12.0,19.0,31.278723440418,NaN
kernel,776,reference,196.0,35.0,144.0,157.0,8.0,13.0,24.0,NaN,NaN
kernel,777,calibration,193.0,35.0,132.0,169.0,10.0,11.0,27.0,10.392916194313969,NaN
kernel,778,reference,214.0,42.0,102.0,169.0,12.0,12.0,26.0,NaN,NaN
kernel,779,calibration,227.0,35.0,113.0,157.0,10.0,13.0,22.0,23.434168530407504,NaN
kernel,780,reference,191.0,34.0,149.0,158.0,10.0,11.0,24.0,NaN,NaN
kernel,781,calibration,199.0,33.0,139.0,164.0,10.0,11.0,21.0,8.470306348605689,NaN
kernel,782,reference,192.0,29.0,138.0,168.0,10.0,13.0,27.0,NaN,NaN
kernel,783,calibration,199.0,27.0,143.0,164.0,9.0,12.0,23.0,9.774859116741002,NaN
kernel,784,reference,193.0,32.0,151.0,159.0,8.0,13.0,21.0,NaN,NaN
kernel,785,calibration,205.0,40.0,127.0,153.0,8.0,14.0,30.0,12.46711030648704,NaN
kernel,786,reference,197.0,27.0,161.0,145.0,9.0,12.0,26.0,NaN,NaN
kernel,787,calibration,191.0,35.0,135.0,168.0,9.0,12.0,27.0,10.458980702882197,NaN
kernel,788,reference,210.0,38.0,116.0,165.0,10.0,14.0,24.0,NaN,NaN
kernel,789,calibration,227.0,38.0,100.0,167.0,10.0,13.0,22.0,30.36413491262565,NaN
kernel,790,reference,205.0,27.0,157.0,147.0,9.0,12.0,20.0,NaN,NaN
kernel,791,calibration,210.0,32.0,130.0,158.0,10.0,13.0,24.0,10.05214806818416,NaN
kernel,792,reference,200.0,40.0,109.0,177.0,10.0,13.0,28.0,NaN,NaN
kernel,793,calibration,212.0,34.0,133.0,156.0,11.0,13.0,18.0,11.538837278828161,NaN
kernel,794,reference,189.0,32.0,142.0,167.0,11.0,13.0,23.0,NaN,NaN
kernel,795,calibration,179.0,38.0,143.0,176.0,8.0,12.0,21.0,19.185006442421376,NaN
kernel,796,reference,209.0,27.0,138.0,163.0,8.0,11.0,21.0,NaN,NaN
kernel,797,calibration,211.0,36.0,119.0,164.0,8.0,13.0,26.0,13.073287517278473,NaN
kernel,798,reference,202.0,28.0,153.0,148.0,8.0,13.0,25.0,NaN,NaN
kernel,799,calibration,227.0,33.0,112.0,162.0,7.0,12.0,24.0,23.45795660129629,NaN
kernel,800,reference,203.0,28.0,158.0,145.0,10.0,13.0,20.0,NaN,NaN
kernel,801,calibration,189.0,30.0,154.0,155.0,10.0,13.0,26.0,14.43798420871746,NaN
kernel,802,reference,187.0,32.0,163.0,153.0,6.0,14.0,22.0,NaN,NaN
kernel,803,calibration,198.0,31.0,155.0,147.0,9.0,12.0,25.0,15.732688692852854,NaN
kernel,804,reference,229.0,39.0,89.0,173.0,10.0,11.0,26.0,NaN,NaN
kernel,805,calibration,217.0,35.0,116.0,165.0,10.0,12.0,22.0,16.423608167054645,NaN
kernel,806,reference,177.0,28.0,153.0,169.0,9.0,14.0,27.0,NaN,NaN
kernel,807,calibration,199.0,29.0,166.0,140.0,8.0,14.0,21.0,24.830311260549507,NaN
kernel,808,reference,182.0,39.0,125.0,179.0,7.0,14.0,31.0,NaN,NaN
kernel,809,calibration,210.0,29.0,138.0,157.0,11.0,12.0,20.0,10.754687091225708,NaN
kernel,810,reference,220.0,39.0,111.0,153.0,10.0,14.0,30.0,NaN,NaN
kernel,811,calibration,188.0,28.0,174.0,143.0,9.0,11.0,24.0,29.675561095808362,NaN
kernel,812,reference,190.0,27.0,165.0,150.0,8.0,12.0,25.0,NaN,NaN
kernel,813,calibration,198.0,34.0,139.0,161.0,9.0,11.0,25.0,8.18396356648488,NaN
kernel,814,reference,202.0,42.0,96.0,186.0,11.0,12.0,28.0,NaN,NaN
kernel,815,calibration,193.0,22.0,193.0,122.0,10.0,13.0,24.0,53.774293584187106,NaN
kernel,816,reference,194.0,38.0,128.0,168.0,9.0,14.0,26.0,NaN,NaN
kernel,817,calibration,213.0,37.0,128.0,157.0,9.0,11.0,22.0,11.820194814006324,NaN
kernel,818,reference,204.0,33.0,135.0,160.0,9.0,14.0,22.0,NaN,NaN
kernel,819,calibration,182.0,32.0,153.0,162.0,10.0,12.0,26.0,16.216856762611542,NaN
kernel,820,reference,217.0,43.0,87.0,182.0,11.0,12.0,25.0,NaN,NaN
kernel,821,calibration,195.0,25.0,188.0,128.0,8.0,12.0,21.0,46.372010276975885,NaN
kernel,822,reference,182.0,40.0,135.0,172.0,11.0,13.0,24.0,NaN,NaN
kernel,823,calibration,188.0,44.0,121.0,173.0,7.0,13.0,31.0,18.224957092246377,NaN
kernel,824,reference,196.0,36.0,135.0,164.0,10.0,14.0,22.0,NaN,NaN
kernel,825,calibration,209.0,34.0,120.0,168.0,9.0,11.0,26.0,12.613867671490166,NaN
kernel,826,reference,193.0,33.0,153.0,151.0,8.0,14.0,25.0,NaN,NaN
kernel,827,calibration,196.0,30.0,154.0,155.0,10.0,12.0,20.0,13.372440209714405,NaN
kernel,828,reference,205.0,29.0,150.0,145.0,11.0,14.0,23.0,NaN,NaN
kernel,829,calibration,177.0,33.0,161.0,163.0,10.0,14.0,19.0,22.648723752353796,NaN
kernel,830,reference,187.0,33.0,131.0,177.0,11.0,13.0,25.0,NaN,NaN
kernel,831,calibration,201.0,30.0,146.0,151.0,10.0,13.0,26.0,11.389453712921839,NaN
kernel,832,reference,208.0,40.0,126.0,160.0,10.0,13.0,20.0,NaN,NaN
kernel,833,calibration,213.0,34.0,111.0,171.0,11.0,12.0,25.0,18.348316797493034,NaN
kernel,834,reference,206.0,31.0,131.0,161.0,10.0,13.0,25.0,NaN,NaN
kernel,835,calibration,197.0,32.0,139.0,162.0,8.0,13.0,26.0,8.3957271703913,NaN
kernel,836,reference,198.0,30.0,140.0,163.0,10.0,12.0,24.0,NaN,NaN
kernel,837,calibration,191.0,32.0,147.0,160.0,10.0,11.0,26.0,10.91946427296741,NaN
kernel,838,reference,182.0,27.0,177.0,150.0,8.0,11.0,22.0,NaN,NaN
kernel,839,calibration,199.0,31.0,145.0,156.0,10.0,12.0,24.0,9.578542601803193,NaN
kernel,840,reference,191.0,32.0,148.0,160.0,9.0,14.0,23.0,NaN,NaN
kernel,841,calibration,231.0,32.0,113.0,154.0,11.0,12.0,24.0,26.574305751618404,NaN
kernel,842,reference,204.0,38.0,119.0,166.0,10.0,13.0,27.0,NaN,NaN
kernel,843,calibration,192.0,39.0,125.0,172.0,10.0,13.0,26.0,13.215014099640449,NaN
kernel,844,reference,179.0,30.0,176.0,146.0,6.0,13.0,27.0,NaN,NaN
kernel,845,calibration,212.0,32.0,124.0,160.0,10.0,14.0,25.0,11.76889004421437,NaN
kernel,846,reference,205.0,27.0,160.0,137.0,10.0,14.0,24.0,NaN,NaN
kernel,847,calibration,205.0,38.0,121.0,168.0,8.0,13.0,24.0,11.828675201556518,NaN
kernel,848,reference,189.0,37.0,141.0,161.0,11.0,14.0,24.0,NaN,NaN
kernel,849,calibration,210.0,29.0,130.0,160.0,8.0,12.0,28.0,10.695604498724908,NaN
kernel,850,reference,185.0,37.0,142.0,164.0,9.0,14.0,26.0,NaN,NaN
kernel,851,calibration,197.0,28.0,148.0,158.0,9.0,12.0,25.0,10.735407318342922,NaN
kernel,852,reference,190.0,25.0,162.0,154.0,10.0,14.0,22.0,NaN,NaN
kernel,853,calibration,185.0,31.0,154.0,157.0,10.0,13.0,27.0,15.562360015233274,NaN
kernel,854,reference,225.0,41.0,108.0,157.0,11.0,13.0,22.0,NaN,NaN
kernel,855,calibration,188.0,39.0,135.0,170.0,10.0,12.0,23.0,12.37508858452528,NaN
kernel,856,reference,199.0,29.0,137.0,164.0,9.0,13.0,26.0,NaN,NaN
kernel,857,calibration,213.0,35.0,107.0,172.0,9.0,13.0,28.0,21.072388701585943,NaN
kernel,858,reference,199.0,26.0,168.0,140.0,11.0,13.0,20.0,NaN,NaN
kernel,859,calibration,189.0,39.0,132.0,170.0,9.0,13.0,25.0,12.210061131145675,NaN
kernel,860,reference,201.0,33.0,137.0,159.0,8.0,14.0,25.0,NaN,NaN
kernel,861,calibration,213.0,37.0,119.0,162.0,10.0,12.0,24.0,13.64087387937385,NaN
kernel,862,reference,193.0,33.0,146.0,162.0,8.0,12.0,23.0,NaN,NaN
kernel,863,calibration,213.0,35.0,130.0,158.0,7.0,12.0,22.0,11.28809467448431,NaN
kernel,864,reference,217.0,45.0,105.0,160.0,11.0,12.0,27.0,NaN,NaN
kernel,865,calibration,203.0,35.0,114.0,177.0,10.0,13.0,25.0,17.406388117417322,NaN
kernel,866,reference,209.0,39.0,118.0,161.0,10.0,12.0,28.0,NaN,NaN
kernel,867,calibration,207.0,29.0,145.0,149.0,10.0,12.0,25.0,12.819823347755396,NaN
kernel,868,reference,212.0,34.0,121.0,165.0,9.0,12.0,24.0,NaN,NaN
kernel,869,calibration,200.0,30.0,138.0,167.0,11.0,12.0,19.0,9.548751230088364,NaN
kernel,870,reference,205.0,44.0,102.0,174.0,9.0,13.0,30.0,NaN,NaN
kernel,871,calibration,217.0,38.0,109.0,167.0,9.0,12.0,25.0,20.1879794321681,NaN
kernel,872,reference,182.0,19.0,211.0,122.0,10.0,13.0,20.0,NaN,NaN
kernel,873,calibration,191.0,36.0,148.0,156.0,11.0,12.0,23.0,11.64322048301048,NaN
kernel,874,reference,172.0,32.0,166.0,159.0,10.0,14.0,24.0,NaN,NaN
kernel,875,calibration,184.0,37.0,135.0,174.0,7.0,13.0,27.0,15.358266364585369,NaN
kernel,876,reference,208.0,44.0,97.0,178.0,11.0,12.0,27.0,NaN,NaN
kernel,877,calibration,204.0,29.0,157.0,144.0,10.0,13.0,20.0,18.69296162493125,NaN
kernel,878,reference,207.0,34.0,126.0,164.0,9.0,12.0,25.0,NaN,NaN
kernel,879,calibration,209.0,33.0,121.0,167.0,8.0,13.0,26.0,12.126102373140117,NaN
kernel,880,reference,205.0,36.0,118.0,169.0,10.0,14.0,25.0,NaN,NaN
kernel,881,calibration,219.0,30.0,118.0,160.0,8.0,13.0,29.0,17.29754804337111,NaN
kernel,882,reference,201.0,30.0,156.0,146.0,10.0,11.0,23.0,NaN,NaN
kernel,883,calibration,175.0,37.0,152.0,169.0,10.0,13.0,21.0,21.055774612924296,NaN
kernel,884,reference,200.0,41.0,122.0,164.0,8.0,14.0,28.0,NaN,NaN
kernel,885,calibration,231.0,35.0,114.0,151.0,10.0,14.0,22.0,26.924471988525163,NaN
kernel,886,reference,203.0,29.0,146.0,156.0,9.0,13.0,21.0,NaN,NaN
kernel,887,calibration,187.0,28.0,164.0,153.0,9.0,12.0,24.0,20.587439796022977,NaN
kernel,888,reference,195.0,30.0,160.0,148.0,10.0,12.0,22.0,NaN,NaN
kernel,889,calibration,201.0,31.0,146.0,154.0,10.0,12.0,23.0,10.299610426514526,NaN
kernel,890,reference,190.0,32.0,143.0,164.0,9.0,13.0,26.0,NaN,NaN
kernel,891,calibration,219.0,34.0,127.0,153.0,10.0,12.0,22.0,15.363249931104988,NaN
kernel,892,reference,199.0,28.0,134.0,167.0,9.0,14.0,26.0,NaN,NaN
kernel,893,calibration,188.0,39.0,130.0,174.0,9.0,12.0,25.0,14.166856546943656,NaN
kernel,894,reference,195.0,28.0,147.0,159.0,10.0,12.0,26.0,NaN,NaN
kernel,895,calibration,191.0,33.0,134.0,172.0,9.0,13.0,25.0,11.529812338565065,NaN
kernel,896,reference,186.0,31.0,156.0,156.0,11.0,13.0,24.0,NaN,NaN
kernel,897,calibration,186.0,41.0,134.0,175.0,9.0,11.0,21.0,15.591104088046912,NaN
kernel,898,reference,186.0,31.0,132.0,178.0,8.0,13.0,29.0,NaN,NaN
kernel,899,calibration,188.0,23.0,170.0,148.0,10.0,14.0,24.0,26.237633344597562,NaN
kernel,900,reference,188.0,33.0,136.0,170.0,8.0,13.0,29.0,NaN,NaN
kernel,901,calibration,218.0,35.0,133.0,146.0,7.0,13.0,25.0,16.938058097405204,NaN
kernel,902,reference,235.0,41.0,94.0,159.0,10.0,13.0,25.0,NaN,NaN
kernel,903,calibration,225.0,24.0,151.0,132.0,12.0,13.0,20.0,31.20513456924641,NaN
kernel,904,reference,189.0,39.0,116.0,181.0,9.0,13.0,30.0,NaN,NaN
kernel,905,calibration,246.0,42.0,66.0,173.0,9.0,12.0,29.0,67.3629532906597,NaN
kernel,906,reference,208.0,36.0,113.0,173.0,9.0,12.0,26.0,NaN,NaN
kernel,907,calibration,194.0,40.0,131.0,165.0,9.0,13.0,25.0,10.093016675701108,NaN
kernel,908,reference,194.0,37.0,134.0,164.0,9.0,13.0,26.0,NaN,NaN
kernel,909,calibration,206.0,39.0,120.0,166.0,10.0,13.0,23.0,12.177145085567833,NaN
kernel,910,reference,212.0,26.0,147.0,148.0,5.0,12.0,27.0,NaN,NaN
kernel,911,calibration,205.0,31.0,145.0,148.0,12.0,13.0,23.0,12.686158496465548,NaN
kernel,912,reference,225.0,26.0,140.0,144.0,7.0,13.0,22.0,NaN,NaN
kernel,913,calibration,198.0,22.0,172.0,143.0,8.0,13.0,21.0,28.536600174181885,NaN
kernel,914,reference,199.0,35.0,150.0,148.0,12.0,14.0,19.0,NaN,NaN
kernel,915,calibration,178.0,33.0,161.0,157.0,7.0,14.0,27.0,22.017824882295095,NaN
kernel,916,reference,202.0,35.0,129.0,165.0,10.0,12.0,24.0,NaN,NaN
kernel,917,calibration,218.0,40.0,107.0,166.0,10.0,12.0,24.0,21.93146997506311,NaN
kernel,918,reference,191.0,32.0,131.0,174.0,11.0,13.0,25.0,NaN,NaN
kernel,919,calibration,227.0,30.0,113.0,160.0,11.0,13.0,23.0,23.353228911167307,NaN
kernel,920,reference,199.0,35.0,144.0,153.0,11.0,14.0,21.0,NaN,NaN
kernel,921,calibration,194.0,32.0,142.0,161.0,9.0,14.0,25.0,9.088979115712807,NaN
kernel,922,reference,200.0,28.0,147.0,159.0,10.0,14.0,19.0,NaN,NaN
kernel,923,calibration,200.0,30.0,123.0,176.0,12.0,13.0,23.0,14.03877926252899,NaN
kernel,924,reference,190.0,28.0,149.0,164.0,11.0,13.0,22.0,NaN,NaN
kernel,925,calibration,182.0,34.0,148.0,166.0,9.0,13.0,25.0,15.03135875822219,NaN
kernel,926,reference,194.0,26.0,158.0,155.0,9.0,13.0,22.0,NaN,NaN
kernel,927,calibration,161.0,29.0,196.0,151.0,8.0,12.0,20.0,55.22979734593886,NaN
kernel,928,reference,218.0,34.0,107.0,168.0,8.0,14.0,28.0,NaN,NaN
kernel,929,calibration,195.0,32.0,146.0,159.0,9.0,13.0,23.0,9.714686255921968,NaN
kernel,930,reference,221.0,35.0,116.0,163.0,9.0,10.0,23.0,NaN,NaN
kernel,931,calibration,197.0,32.0,146.0,158.0,8.0,12.0,24.0,9.632615852311535,NaN
kernel,932,reference,232.0,40.0,87.0,169.0,10.0,12.0,27.0,NaN,NaN
kernel,933,calibration,177.0,38.0,149.0,171.0,8.0,11.0,23.0,19.626198621480185,NaN
kernel,934,reference,197.0,24.0,175.0,140.0,9.0,12.0,20.0,NaN,NaN
kernel,935,calibration,209.0,35.0,127.0,158.0,11.0,12.0,25.0,10.343331053171646,NaN
kernel,936,reference,180.0,29.0,160.0,161.0,10.0,13.0,24.0,NaN,NaN
kernel,937,calibration,187.0,36.0,143.0,165.0,11.0,14.0,21.0,11.948456951362012,NaN
kernel,938,reference,206.0,37.0,139.0,149.0,8.0,13.0,25.0,NaN,NaN
kernel,939,calibration,190.0,34.0,144.0,161.0,8.0,12.0,28.0,10.79761560920176,NaN
kernel,940,reference,206.0,32.0,138.0,154.0,9.0,12.0,26.0,NaN,NaN
kernel,941,calibration,180.0,26.0,185.0,140.0,6.0,13.0,27.0,41.34011671444137,NaN
kernel,942,reference,173.0,31.0,160.0,168.0,10.0,13.0,22.0,NaN,NaN
kernel,943,calibration,213.0,29.0,146.0,146.0,10.0,13.0,20.0,16.343240742176697,NaN
kernel,944,reference,205.0,35.0,111.0,179.0,9.0,11.0,27.0,NaN,NaN
kernel,945,calibration,174.0,32.0,167.0,158.0,8.0,14.0,24.0,27.090600292756292,NaN
kernel,946,reference,200.0,34.0,128.0,169.0,9.0,14.0,23.0,NaN,NaN
kernel,947,calibration,202.0,33.0,122.0,173.0,10.0,12.0,25.0,12.535301770646289,NaN
kernel,948,reference,209.0,37.0,123.0,163.0,9.0,13.0,23.0,NaN,NaN
kernel,949,calibration,199.0,33.0,143.0,156.0,12.0,13.0,21.0,9.377471631271149,NaN
kernel,950,reference,173.0,31.0,169.0,159.0,11.0,13.0,21.0,NaN,NaN
kernel,951,calibration,205.0,41.0,100.0,180.0,9.0,14.0,28.0,27.886762133889675,NaN
kernel,952,reference,195.0,38.0,148.0,153.0,9.0,11.0,23.0,NaN,NaN
kernel,953,calibration,173.0,36.0,163.0,161.0,9.0,12.0,23.0,25.590041792986014,NaN
kernel,954,reference,189.0,38.0,142.0,160.0,10.0,14.0,24.0,NaN,NaN
kernel,955,calibration,197.0,33.0,129.0,173.0,10.0,14.0,21.0,11.392959376615444,NaN
kernel,956,reference,200.0,44.0,102.0,182.0,9.0,11.0,29.0,NaN,NaN
kernel,957,calibration,203.0,43.0,112.0,169.0,9.0,13.0,28.0,17.46157606438772,NaN
kernel,958,reference,195.0,27.0,159.0,149.0,10.0,12.0,25.0,NaN,NaN
kernel,959,calibration,208.0,37.0,120.0,165.0,9.0,12.0,26.0,12.09876488033068,NaN
kernel,960,reference,183.0,31.0,154.0,162.0,10.0,12.0,25.0,NaN,NaN
kernel,961,calibration,219.0,38.0,111.0,163.0,9.0,12.0,25.0,19.73417745486585,NaN
kernel,962,reference,191.0,25.0,172.0,146.0,8.0,13.0,22.0,NaN,NaN
kernel,963,calibration,199.0,29.0,154.0,152.0,10.0,12.0,21.0,13.911626326666614,NaN
kernel,964,reference,192.0,33.0,150.0,156.0,9.0,13.0,24.0,NaN,NaN
kernel,965,calibration,199.0,39.0,117.0,175.0,9.0,11.0,27.0,15.850601067713079,NaN
kernel,966,reference,223.0,38.0,95.0,172.0,10.0,13.0,26.0,NaN,NaN
kernel,967,calibration,197.0,39.0,121.0,175.0,12.0,13.0,20.0,14.866904919099959,NaN
kernel,968,reference,203.0,41.0,110.0,176.0,11.0,13.0,23.0,NaN,NaN
kernel,969,calibration,221.0,37.0,96.0,173.0,9.0,14.0,27.0,31.295036985155406,NaN
kernel,970,reference,205.0,33.0,134.0,157.0,11.0,12.0,25.0,NaN,NaN
kernel,971,calibration,193.0,32.0,147.0,159.0,9.0,12.0,25.0,10.358304114483705,NaN
kernel,972,reference,195.0,37.0,141.0,158.0,12.0,14.0,20.0,NaN,NaN
kernel,973,calibration,196.0,30.0,150.0,151.0,9.0,14.0,27.0,12.781140509586322,NaN
kernel,974,reference,158.0,30.0,178.0,164.0,9.0,11.0,27.0,NaN,NaN
kernel,975,calibration,205.0,39.0,115.0,169.0,10.0,12.0,27.0,14.862405981684432,NaN
kernel,976,reference,211.0,26.0,156.0,144.0,6.0,12.0,22.0,NaN,NaN
kernel,977,calibration,179.0,24.0,208.0,127.0,9.0,12.0,18.0,65.35207200819916,NaN
kernel,978,reference,166.0,31.0,172.0,164.0,7.0,13.0,24.0,NaN,NaN
kernel,979,calibration,194.0,31.0,153.0,154.0,10.0,13.0,22.0,13.004950346630444,NaN
kernel,980,reference,190.0,37.0,141.0,161.0,10.0,14.0,24.0,NaN,NaN
kernel,981,calibration,203.0,34.0,114.0,179.0,8.0,13.0,26.0,18.42558541704271,NaN
kernel,982,reference,201.0,29.0,132.0,169.0,9.0,12.0,25.0,NaN,NaN
kernel,983,calibration,214.0,36.0,119.0,166.0,9.0,10.0,23.0,14.231816880437044,NaN
kernel,984,reference,193.0,24.0,162.0,153.0,10.0,13.0,22.0,NaN,NaN
kernel,985,calibration,187.0,40.0,126.0,178.0,12.0,11.0,23.0,17.37320909630361,NaN
kernel,986,reference,182.0,32.0,143.0,172.0,11.0,13.0,24.0,NaN,NaN
kernel,987,calibration,182.0,35.0,169.0,148.0,8.0,13.0,22.0,26.355085205817538,NaN
kernel,988,reference,212.0,26.0,156.0,147.0,6.0,11.0,19.0,NaN,NaN
kernel,989,calibration,212.0,39.0,118.0,161.0,9.0,14.0,24.0,14.149111481249271,NaN
kernel,990,reference,201.0,28.0,154.0,148.0,12.0,13.0,21.0,NaN,NaN
kernel,991,calibration,197.0,35.0,149.0,157.0,8.0,11.0,20.0,11.109142388879789,NaN
kernel,992,reference,187.0,34.0,152.0,159.0,9.0,13.0,23.0,NaN,NaN
kernel,993,calibration,197.0,41.0,122.0,169.0,11.0,14.0,23.0,12.722098810020071,NaN
kernel,994,reference,173.0,23.0,187.0,149.0,11.0,13.0,21.0,NaN,NaN
kernel,995,calibration,194.0,34.0,145.0,161.0,10.0,13.0,20.0,9.898526925282912,NaN
kernel,996,reference,193.0,31.0,134.0,171.0,9.0,13.0,26.0,NaN,NaN
kernel,997,calibration,197.0,35.0,140.0,162.0,10.0,13.0,20.0,8.70322161345834,NaN
kernel,998,reference,217.0,32.0,116.0,162.0,10.0,14.0,26.0,NaN,NaN
kernel,999,calibration,216.0,31.0,128.0,155.0,10.0,11.0,26.0,13.42115720139396,NaN
kernel,1000,reference,188.0,44.0,110.0,186.0,8.0,12.0,29.0,NaN,NaN
kernel,1001,calibration,215.0,34.0,108.0,173.0,10.0,12.0,25.0,21.1169053736647,NaN
kernel,1002,reference,204.0,28.0,120.0,176.0,10.0,12.0,27.0,NaN,NaN
kernel,1003,calibration,191.0,37.0,144.0,158.0,9.0,14.0,24.0,10.572646678882773,NaN
kernel,1004,reference,207.0,33.0,137.0,156.0,10.0,12.0,22.0,NaN,NaN
kernel,1005,calibration,215.0,30.0,138.0,151.0,8.0,12.0,23.0,13.682855710354985,NaN
kernel,1006,reference,195.0,31.0,140.0,164.0,8.0,13.0,26.0,NaN,NaN
kernel,1007,calibration,187.0,37.0,166.0,144.0,7.0,13.0,23.0,24.60271614035352,NaN
kernel,1008,reference,228.0,43.0,101.0,165.0,11.0,10.0,19.0,NaN,NaN
kernel,1009,calibration,190.0,31.0,170.0,144.0,8.0,11.0,23.0,26.061764138524275,NaN
kernel,1010,reference,195.0,35.0,124.0,173.0,10.0,13.0,27.0,NaN,NaN
kernel,1011,calibration,212.0,29.0,127.0,162.0,9.0,14.0,24.0,11.412191358786252,NaN
kernel,1012,reference,183.0,34.0,154.0,166.0,10.0,12.0,18.0,NaN,NaN
kernel,1013,calibration,188.0,20.0,198.0,132.0,9.0,13.0,17.0,54.06993375198154,NaN
kernel,1014,reference,189.0,30.0,149.0,162.0,10.0,12.0,25.0,NaN,NaN
kernel,1015,calibration,166.0,37.0,170.0,162.0,11.0,10.0,21.0,34.022512915959,NaN
kernel,1016,reference,187.0,30.0,144.0,168.0,10.0,13.0,25.0,NaN,NaN
kernel,1017,calibration,219.0,41.0,89.0,176.0,12.0,12.0,28.0,37.24987259451956,NaN
kernel,1018,reference,184.0,29.0,170.0,149.0,8.0,13.0,24.0,NaN,NaN
kernel,1019,calibration,216.0,32.0,112.0,171.0,7.0,13.0,26.0,19.05678466550215,NaN
kernel,1020,reference,187.0,33.0,168.0,150.0,6.0,13.0,20.0,NaN,NaN
kernel,1021,calibration,186.0,39.0,115.0,186.0,11.0,14.0,26.0,25.359224100613737,NaN
kernel,1022,reference,195.0,35.0,135.0,167.0,9.0,12.0,24.0,NaN,NaN
kernel,1023,calibration,200.0,35.0,130.0,164.0,10.0,13.0,25.0,8.46644509501279,NaN
kernel,1024,reference,176.0,36.0,148.0,169.0,10.0,13.0,25.0,NaN,NaN
kernel,1025,calibration,207.0,37.0,118.0,170.0,11.0,13.0,21.0,13.78263149737397,NaN
kernel,1026,reference,189.0,30.0,150.0,162.0,7.0,13.0,26.0,NaN,NaN
kernel,1027,calibration,202.0,28.0,154.0,152.0,8.0,12.0,21.0,14.327882167373375,NaN
kernel,1028,reference,209.0,30.0,132.0,163.0,9.0,12.0,22.0,NaN,NaN
kernel,1029,calibration,217.0,27.0,145.0,145.0,10.0,12.0,21.0,18.436219828874577,NaN
kernel,1030,reference,219.0,36.0,116.0,162.0,10.0,10.0,24.0,NaN,NaN
kernel,1031,calibration,202.0,40.0,115.0,174.0,9.0,12.0,25.0,16.217351593042643,NaN
kernel,1032,reference,214.0,37.0,126.0,153.0,10.0,13.0,24.0,NaN,NaN
kernel,1033,calibration,210.0,39.0,111.0,173.0,10.0,12.0,22.0,18.541921924002303,NaN
kernel,1034,reference,203.0,36.0,107.0,178.0,9.0,13.0,31.0,NaN,NaN
kernel,1035,calibration,210.0,27.0,138.0,156.0,11.0,13.0,22.0,11.101648321639804,NaN
kernel,1036,reference,203.0,20.0,135.0,170.0,11.0,14.0,24.0,NaN,NaN
kernel,1037,calibration,206.0,38.0,130.0,158.0,9.0,12.0,24.0,9.47392418344677,NaN
kernel,1038,reference,203.0,35.0,123.0,168.0,11.0,12.0,25.0,NaN,NaN
kernel,1039,calibration,185.0,27.0,177.0,143.0,9.0,14.0,22.0,32.58921688406474,NaN
kernel,1040,reference,206.0,37.0,136.0,153.0,11.0,12.0,22.0,NaN,NaN
kernel,1041,calibration,174.0,27.0,192.0,139.0,10.0,11.0,24.0,48.82490558865513,NaN
kernel,1042,reference,204.0,32.0,135.0,157.0,11.0,14.0,24.0,NaN,NaN
kernel,1043,calibration,227.0,34.0,109.0,162.0,7.0,11.0,27.0,25.001261244290177,NaN
kernel,1044,reference,204.0,35.0,129.0,160.0,9.0,12.0,28.0,NaN,NaN
kernel,1045,calibration,214.0,34.0,117.0,165.0,9.0,13.0,25.0,14.741998837115837,NaN
kernel,1046,reference,215.0,33.0,121.0,160.0,9.0,13.0,26.0,NaN,NaN
kernel,1047,calibration,215.0,32.0,126.0,158.0,8.0,13.0,25.0,12.635233436467427,NaN
kernel,1048,reference,221.0,32.0,124.0,155.0,10.0,13.0,22.0,NaN,NaN
kernel,1049,calibration,215.0,42.0,106.0,165.0,11.0,12.0,26.0,21.98351983029631,NaN
kernel,1050,reference,174.0,33.0,159.0,166.0,9.0,13.0,23.0,NaN,NaN
kernel,1051,calibration,213.0,37.0,120.0,163.0,10.0,13.0,21.0,13.473592402156683,NaN
kernel,1052,reference,190.0,26.0,177.0,144.0,8.0,10.0,22.0,NaN,NaN
kernel,1053,calibration,203.0,22.0,171.0,134.0,8.0,12.0,27.0,32.39982274061074,NaN
kernel,1054,reference,184.0,33.0,147.0,169.0,9.0,12.0,23.0,NaN,NaN
kernel,1055,calibration,211.0,44.0,87.0,188.0,9.0,13.0,25.0,41.83233403784449,NaN
kernel,1056,reference,187.0,35.0,141.0,169.0,9.0,13.0,23.0,NaN,NaN
kernel,1057,calibration,168.0,33.0,175.0,157.0,10.0,14.0,20.0,35.57673167099742,NaN
kernel,1058,reference,204.0,23.0,161.0,145.0,9.0,12.0,23.0,NaN,NaN
kernel,1059,calibration,184.0,36.0,137.0,173.0,8.0,12.0,27.0,14.79585772763783,NaN
kernel,1060,reference,185.0,35.0,142.0,168.0,7.0,13.0,27.0,NaN,NaN
kernel,1061,calibration,204.0,34.0,140.0,154.0,11.0,13.0,21.0,9.619036049830562,NaN
kernel,1062,reference,218.0,39.0,110.0,166.0,11.0,13.0,20.0,NaN,NaN
kernel,1063,calibration,198.0,31.0,145.0,155.0,8.0,11.0,29.0,10.5539818524543,NaN
kernel,1064,reference,199.0,33.0,156.0,149.0,7.0,12.0,21.0,NaN,NaN
kernel,1065,calibration,210.0,35.0,128.0,160.0,10.0,11.0,23.0,10.165126163778265,NaN
kernel,1066,reference,203.0,28.0,145.0,156.0,10.0,12.0,23.0,NaN,NaN
kernel,1067,calibration,216.0,37.0,115.0,164.0,10.0,12.0,23.0,16.448205120860592,NaN
kernel,1068,reference,219.0,38.0,110.0,162.0,10.0,13.0,25.0,NaN,NaN
kernel,1069,calibration,179.0,35.0,158.0,159.0,9.0,13.0,24.0,19.728132637647164,NaN
kernel,1070,reference,173.0,30.0,160.0,165.0,9.0,13.0,27.0,NaN,NaN
kernel,1071,calibration,215.0,39.0,109.0,167.0,11.0,11.0,25.0,19.700657323859183,NaN
kernel,1072,reference,201.0,36.0,142.0,155.0,10.0,12.0,21.0,NaN,NaN
kernel,1073,calibration,202.0,38.0,109.0,178.0,10.0,13.0,27.0,20.7873397579584,NaN
kernel,1074,reference,200.0,32.0,149.0,150.0,10.0,14.0,22.0,NaN,NaN
kernel,1075,calibration,206.0,26.0,172.0,131.0,7.0,13.0,22.0,34.27711818822023,NaN
kernel,1076,reference,199.0,30.0,154.0,152.0,9.0,13.0,20.0,NaN,NaN
kernel,1077,calibration,193.0,38.0,115.0,183.0,11.0,13.0,24.0,21.376535311260746,NaN
kernel,1078,reference,229.0,39.0,88.0,171.0,9.0,12.0,29.0,NaN,NaN
kernel,1079,calibration,216.0,30.0,117.0,164.0,9.0,13.0,28.0,16.104154146499518,NaN
kernel,1080,reference,205.0,34.0,145.0,149.0,9.0,13.0,22.0,NaN,NaN
kernel,1081,calibration,233.0,32.0,115.0,151.0,10.0,13.0,23.0,27.85915947992377,NaN
kernel,1082,reference,167.0,36.0,151.0,174.0,10.0,13.0,26.0,NaN,NaN
kernel,1083,calibration,198.0,35.0,127.0,172.0,8.0,11.0,26.0,11.128697707336958,NaN
kernel,1084,reference,217.0,42.0,97.0,171.0,9.0,14.0,27.0,NaN,NaN
kernel,1085,calibration,198.0,28.0,144.0,165.0,8.0,12.0,22.0,10.034750689001172,NaN
kernel,1086,reference,208.0,34.0,124.0,164.0,9.0,13.0,25.0,NaN,NaN
kernel,1087,calibration,170.0,31.0,170.0,160.0,10.0,13.0,23.0,31.09004293437264,NaN
kernel,1088,reference,208.0,29.0,113.0,183.0,9.0,11.0,24.0,NaN,NaN
kernel,1089,calibration,201.0,30.0,147.0,156.0,9.0,13.0,21.0,10.443076381840783,NaN
kernel,1090,reference,231.0,36.0,97.0,168.0,10.0,13.0,22.0,NaN,NaN
kernel,1091,calibration,221.0,33.0,120.0,157.0,10.0,13.0,23.0,17.22953114504861,NaN
kernel,1092,reference,165.0,32.0,184.0,158.0,6.0,13.0,19.0,NaN,NaN
kernel,1093,calibration,228.0,35.0,116.0,155.0,7.0,12.0,24.0,23.223455592481507,NaN
kernel,1094,reference,196.0,44.0,119.0,169.0,10.0,13.0,26.0,NaN,NaN
kernel,1095,calibration,212.0,32.0,113.0,172.0,10.0,13.0,25.0,17.41623172026661,NaN
kernel,1096,reference,231.0,34.0,98.0,168.0,9.0,12.0,25.0,NaN,NaN
kernel,1097,calibration,198.0,39.0,120.0,174.0,9.0,12.0,25.0,14.203055529731827,NaN
kernel,1098,reference,178.0,32.0,157.0,165.0,7.0,14.0,24.0,NaN,NaN
kernel,1099,calibration,229.0,38.0,96.0,169.0,8.0,9.0,28.0,34.55041417865368,NaN
kernel,1100,reference,199.0,27.0,143.0,164.0,8.0,12.0,24.0,NaN,NaN
kernel,1101,calibration,189.0,36.0,127.0,174.0,10.0,12.0,29.0,14.420435899974912,NaN
kernel,1102,reference,214.0,34.0,121.0,162.0,12.0,12.0,22.0,NaN,NaN
kernel,1103,calibration,207.0,40.0,116.0,172.0,8.0,11.0,23.0,15.477869028357802,NaN
kernel,1104,reference,218.0,41.0,92.0,179.0,10.0,12.0,25.0,NaN,NaN
kernel,1105,calibration,187.0,36.0,144.0,166.0,10.0,11.0,23.0,12.085028284967645,NaN
kernel,1106,reference,195.0,31.0,140.0,161.0,9.0,13.0,28.0,NaN,NaN
kernel,1107,calibration,185.0,33.0,173.0,141.0,8.0,13.0,24.0,30.325144923791356,NaN
kernel,1108,reference,184.0,34.0,154.0,160.0,9.0,13.0,23.0,NaN,NaN
kernel,1109,calibration,186.0,21.0,170.0,156.0,9.0,13.0,22.0,25.986966234991712,NaN
kernel,1110,reference,199.0,36.0,153.0,150.0,9.0,13.0,17.0,NaN,NaN
kernel,1111,calibration,203.0,34.0,139.0,161.0,7.0,12.0,21.0,8.564432028653489,NaN
kernel,1112,reference,222.0,35.0,98.0,171.0,10.0,13.0,28.0,NaN,NaN
kernel,1113,calibration,194.0,32.0,151.0,152.0,10.0,13.0,25.0,12.677133994127551,NaN
kernel,1114,reference,205.0,25.0,142.0,159.0,11.0,11.0,24.0,NaN,NaN
kernel,1115,calibration,188.0,35.0,154.0,157.0,8.0,14.0,21.0,14.54038142064163,NaN
kernel,1116,reference,207.0,37.0,131.0,159.0,10.0,11.0,22.0,NaN,NaN
kernel,1117,calibration,234.0,30.0,127.0,141.0,9.0,12.0,24.0,29.265129438647755,NaN
kernel,1118,reference,211.0,30.0,136.0,156.0,10.0,13.0,21.0,NaN,NaN
kernel,1119,calibration,188.0,31.0,156.0,157.0,10.0,12.0,23.0,15.163727335143271,NaN
kernel,1120,reference,177.0,31.0,172.0,153.0,8.0,13.0,23.0,NaN,NaN
kernel,1121,calibration,211.0,34.0,107.0,179.0,9.0,13.0,24.0,22.899684177200967,NaN
kernel,1122,reference,230.0,35.0,102.0,164.0,7.0,13.0,26.0,NaN,NaN
kernel,1123,calibration,234.0,32.0,129.0,139.0,9.0,12.0,22.0,29.87339533079507,NaN
kernel,1124,reference,183.0,34.0,156.0,159.0,10.0,11.0,24.0,NaN,NaN
kernel,1125,calibration,220.0,36.0,103.0,169.0,10.0,13.0,26.0,25.179248568886536,NaN
kernel,1126,reference,196.0,40.0,119.0,172.0,10.0,14.0,26.0,NaN,NaN
kernel,1127,calibration,216.0,32.0,134.0,152.0,9.0,13.0,21.0,13.63720326592108,NaN
kernel,1128,reference,200.0,39.0,127.0,165.0,10.0,13.0,23.0,NaN,NaN
kernel,1129,calibration,198.0,31.0,147.0,155.0,10.0,12.0,24.0,10.308551676317322,NaN
kernel,1130,reference,205.0,35.0,131.0,160.0,9.0,12.0,25.0,NaN,NaN
kernel,1131,calibration,199.0,37.0,121.0,172.0,10.0,13.0,25.0,12.752074777689955,NaN
kernel,1132,reference,208.0,33.0,138.0,155.0,10.0,11.0,22.0,NaN,NaN
kernel,1133,calibration,192.0,36.0,126.0,178.0,7.0,12.0,26.0,15.20185822100683,NaN
kernel,1134,reference,215.0,37.0,120.0,159.0,11.0,12.0,23.0,NaN,NaN
kernel,1135,calibration,223.0,23.0,149.0,141.0,8.0,12.0,21.0,25.057029755260352,NaN
kernel,1136,reference,198.0,30.0,140.0,165.0,9.0,13.0,22.0,NaN,NaN
kernel,1137,calibration,200.0,28.0,160.0,148.0,9.0,11.0,21.0,18.27373326027319,NaN
kernel,1138,reference,206.0,38.0,109.0,176.0,12.0,11.0,25.0,NaN,NaN
kernel,1139,calibration,197.0,38.0,114.0,182.0,9.0,13.0,24.0,20.4778365435362,NaN
kernel,1140,reference,209.0,37.0,100.0,182.0,10.0,12.0,27.0,NaN,NaN
kernel,1141,calibration,200.0,26.0,155.0,152.0,11.0,14.0,19.0,15.311026458326332,NaN
kernel,1142,reference,206.0,45.0,110.0,172.0,7.0,10.0,27.0,NaN,NaN
kernel,1143,calibration,198.0,30.0,142.0,163.0,8.0,13.0,23.0,8.889981944454338,NaN
kernel,1144,reference,187.0,21.0,215.0,113.0,8.0,12.0,21.0,NaN,NaN
kernel,1145,calibration,205.0,45.0,105.0,173.0,10.0,13.0,26.0,22.947073620820177,NaN
kernel,1146,reference,219.0,28.0,138.0,149.0,11.0,13.0,19.0,NaN,NaN
kernel,1147,calibration,198.0,26.0,165.0,143.0,10.0,12.0,23.0,23.109123757627074,NaN
kernel,1148,reference,223.0,37.0,100.0,172.0,10.0,11.0,24.0,NaN,NaN
kernel,1149,calibration,193.0,32.0,157.0,147.0,9.0,11.0,28.0,17.3767203139056,NaN
kernel,1150,reference,201.0,34.0,123.0,174.0,10.0,13.0,22.0,NaN,NaN
kernel,1151,calibration,224.0,40.0,82.0,182.0,11.0,13.0,25.0,45.99281110429196,NaN
kernel,1152,reference,228.0,37.0,102.0,163.0,8.0,11.0,28.0,NaN,NaN
kernel,1153,calibration,196.0,34.0,141.0,162.0,9.0,11.0,24.0,8.59510797061452,NaN
kernel,1154,reference,211.0,36.0,111.0,174.0,8.0,12.0,25.0,NaN,NaN
kernel,1155,calibration,217.0,31.0,120.0,165.0,10.0,12.0,22.0,15.133678918541698,NaN
kernel,1156,reference,239.0,29.0,98.0,162.0,9.0,12.0,28.0,NaN,NaN
kernel,1157,calibration,206.0,43.0,111.0,170.0,9.0,12.0,26.0,18.0842968798161,NaN
kernel,1158,reference,177.0,24.0,177.0,152.0,11.0,14.0,22.0,NaN,NaN
kernel,1159,calibration,183.0,38.0,158.0,154.0,9.0,13.0,22.0,18.851456634563057,NaN
kernel,1160,reference,193.0,36.0,145.0,157.0,9.0,12.0,25.0,NaN,NaN
kernel,1161,calibration,197.0,30.0,146.0,162.0,8.0,12.0,22.0,9.851093096447293,NaN
kernel,1162,reference,209.0,31.0,137.0,156.0,11.0,11.0,22.0,NaN,NaN
kernel,1163,calibration,182.0,39.0,146.0,166.0,10.0,13.0,21.0,15.299897448586599,NaN
kernel,1164,reference,181.0,27.0,182.0,147.0,8.0,12.0,20.0,NaN,NaN
kernel,1165,calibration,194.0,25.0,178.0,140.0,9.0,12.0,19.0,33.52126486691847,NaN
kernel,1166,reference,210.0,29.0,152.0,140.0,8.0,13.0,25.0,NaN,NaN
kernel,1167,calibration,181.0,34.0,152.0,165.0,10.0,13.0,22.0,16.61354009554045,NaN
kernel,1168,reference,173.0,28.0,154.0,175.0,11.0,14.0,22.0,NaN,NaN
kernel,1169,calibration,180.0,37.0,148.0,167.0,10.0,11.0,24.0,16.52965127899224,NaN
kernel,1170,reference,215.0,29.0,148.0,144.0,8.0,12.0,21.0,NaN,NaN
kernel,1171,calibration,216.0,32.0,135.0,152.0,11.0,12.0,19.0,13.962307022561653,NaN
kernel,1172,reference,207.0,38.0,123.0,162.0,12.0,12.0,23.0,NaN,NaN
kernel,1173,calibration,198.0,31.0,139.0,161.0,13.0,13.0,22.0,8.595752547771184,NaN
kernel,1174,reference,221.0,43.0,91.0,175.0,10.0,11.0,26.0,NaN,NaN
kernel,1175,calibration,213.0,35.0,118.0,165.0,9.0,14.0,23.0,14.05457196145921,NaN
kernel,1176,reference,198.0,35.0,136.0,158.0,11.0,12.0,27.0,NaN,NaN
kernel,1177,calibration,220.0,35.0,107.0,164.0,12.0,13.0,26.0,22.390038072075747,NaN
kernel,1178,reference,199.0,33.0,140.0,163.0,9.0,12.0,21.0,NaN,NaN
kernel,1179,calibration,193.0,36.0,135.0,164.0,9.0,13.0,27.0,9.334723881428467,NaN
kernel,1180,reference,196.0,30.0,148.0,159.0,9.0,14.0,21.0,NaN,NaN
kernel,1181,calibration,213.0,34.0,121.0,161.0,11.0,14.0,23.0,12.92252852176319,NaN
kernel,1182,reference,200.0,36.0,121.0,174.0,9.0,13.0,24.0,NaN,NaN
kernel,1183,calibration,206.0,23.0,165.0,140.0,10.0,13.0,20.0,26.05526070382819,NaN
kernel,1184,reference,180.0,26.0,186.0,138.0,8.0,13.0,26.0,NaN,NaN
kernel,1185,calibration,203.0,28.0,126.0,173.0,10.0,12.0,25.0,12.260383749598347,NaN
kernel,1186,reference,186.0,31.0,145.0,175.0,9.0,13.0,18.0,NaN,NaN
kernel,1187,calibration,210.0,36.0,120.0,166.0,9.0,12.0,24.0,12.468703412486338,NaN
kernel,1188,reference,216.0,36.0,111.0,167.0,10.0,11.0,26.0,NaN,NaN
kernel,1189,calibration,202.0,40.0,111.0,177.0,10.0,13.0,24.0,19.40885736275537,NaN
kernel,1190,reference,225.0,24.0,156.0,131.0,7.0,13.0,21.0,NaN,NaN
kernel,1191,calibration,209.0,40.0,105.0,174.0,9.0,13.0,27.0,22.401639335005925,NaN
kernel,1192,reference,196.0,29.0,133.0,168.0,10.0,13.0,28.0,NaN,NaN
kernel,1193,calibration,206.0,31.0,130.0,166.0,7.0,12.0,25.0,9.459360210322242,NaN
kernel,1194,reference,200.0,35.0,129.0,166.0,11.0,13.0,23.0,NaN,NaN
kernel,1195,calibration,206.0,36.0,111.0,172.0,9.0,13.0,30.0,17.91818958666284,NaN
kernel,1196,reference,201.0,39.0,132.0,162.0,11.0,10.0,22.0,NaN,NaN
kernel,1197,calibration,174.0,29.0,176.0,150.0,9.0,14.0,25.0,33.86095483525909,NaN
kernel,1198,reference,217.0,42.0,91.0,181.0,10.0,14.0,22.0,NaN,NaN
kernel,1199,calibration,200.0,29.0,148.0,159.0,7.0,12.0,22.0,10.64203793668159,NaN
kernel,1200,reference,204.0,32.0,137.0,155.0,9.0,13.0,27.0,NaN,NaN
kernel,1201,calibration,204.0,28.0,159.0,144.0,9.0,12.0,21.0,19.679343900307764,NaN
kernel,1202,reference,207.0,25.0,133.0,164.0,10.0,14.0,24.0,NaN,NaN
kernel,1203,calibration,166.0,38.0,165.0,159.0,10.0,13.0,26.0,31.320693402068322,NaN
kernel,1204,reference,195.0,34.0,153.0,153.0,9.0,13.0,20.0,NaN,NaN
kernel,1205,calibration,219.0,38.0,107.0,165.0,9.0,12.0,27.0,22.1113711569052,NaN
kernel,1206,reference,171.0,25.0,188.0,149.0,9.0,13.0,22.0,NaN,NaN
kernel,1207,calibration,188.0,39.0,130.0,172.0,10.0,14.0,24.0,13.491789941262674,NaN
kernel,1208,reference,200.0,35.0,134.0,163.0,10.0,13.0,22.0,NaN,NaN
kernel,1209,calibration,231.0,31.0,120.0,151.0,10.0,13.0,21.0,25.044711834953254,NaN
kernel,1210,reference,211.0,32.0,138.0,149.0,10.0,14.0,23.0,NaN,NaN
kernel,1211,calibration,228.0,38.0,120.0,152.0,6.0,11.0,22.0,23.016998119765375,NaN
kernel,1212,reference,188.0,30.0,135.0,175.0,8.0,13.0,28.0,NaN,NaN
kernel,1213,calibration,189.0,33.0,158.0,150.0,12.0,14.0,21.0,17.472247506126998,NaN
kernel,1214,reference,221.0,35.0,100.0,175.0,10.0,12.0,24.0,NaN,NaN
kernel,1215,calibration,194.0,30.0,152.0,158.0,11.0,13.0,19.0,12.601716299172509,NaN
kernel,1216,reference,203.0,28.0,149.0,156.0,8.0,11.0,22.0,NaN,NaN
kernel,1217,calibration,206.0,30.0,123.0,166.0,9.0,14.0,29.0,11.59703533566428,NaN
kernel,1218,reference,211.0,34.0,131.0,157.0,10.0,11.0,23.0,NaN,NaN
kernel,1219,calibration,197.0,35.0,139.0,161.0,9.0,12.0,24.0,8.236448439186574,NaN
kernel,1220,reference,184.0,31.0,171.0,149.0,8.0,13.0,21.0,NaN,NaN
kernel,1221,calibration,203.0,35.0,140.0,158.0,9.0,11.0,21.0,8.805210402657885,NaN
kernel,1222,reference,220.0,31.0,116.0,165.0,6.0,13.0,26.0,NaN,NaN
kernel,1223,calibration,210.0,33.0,132.0,151.0,9.0,12.0,30.0,12.428098258072172,NaN
kernel,1224,reference,200.0,43.0,106.0,180.0,8.0,13.0,27.0,NaN,NaN
kernel,1225,calibration,221.0,30.0,135.0,146.0,8.0,13.0,24.0,18.42972162545457,NaN
kernel,1226,reference,206.0,32.0,130.0,162.0,11.0,13.0,23.0,NaN,NaN
kernel,1227,calibration,190.0,30.0,150.0,161.0,11.0,13.0,22.0,12.210965073251582,NaN
kernel,1228,reference,210.0,35.0,108.0,174.0,12.0,13.0,25.0,NaN,NaN
kernel,1229,calibration,200.0,40.0,135.0,155.0,10.0,10.0,27.0,10.09706179618819,NaN
kernel,1230,reference,196.0,27.0,170.0,144.0,9.0,12.0,19.0,NaN,NaN
kernel,1231,calibration,208.0,22.0,156.0,144.0,11.0,13.0,23.0,20.398369877394202,NaN
kernel,1232,reference,211.0,42.0,99.0,176.0,9.0,12.0,28.0,NaN,NaN
kernel,1233,calibration,199.0,37.0,129.0,165.0,9.0,14.0,24.0,9.01110254466209,NaN
kernel,1234,reference,198.0,25.0,158.0,147.0,12.0,12.0,25.0,NaN,NaN
kernel,1235,calibration,186.0,36.0,145.0,165.0,11.0,13.0,21.0,12.666034469043876,NaN
kernel,1236,reference,206.0,31.0,134.0,160.0,9.0,12.0,25.0,NaN,NaN
kernel,1237,calibration,215.0,32.0,130.0,157.0,10.0,12.0,21.0,12.259048158332831,NaN
kernel,1238,reference,207.0,22.0,160.0,144.0,10.0,13.0,21.0,NaN,NaN
kernel,1239,calibration,212.0,27.0,150.0,145.0,10.0,14.0,19.0,18.00163379875182,NaN
kernel,1240,reference,200.0,26.0,159.0,151.0,7.0,12.0,22.0,NaN,NaN
kernel,1241,calibration,158.0,23.0,200.0,150.0,9.0,13.0,24.0,60.51578685837278,NaN
kernel,1242,reference,190.0,45.0,100.0,191.0,10.0,14.0,27.0,NaN,NaN
kernel,1243,calibration,205.0,34.0,135.0,157.0,11.0,12.0,23.0,8.701653320933683,NaN
kernel,1244,reference,192.0,41.0,125.0,170.0,8.0,14.0,27.0,NaN,NaN
kernel,1245,calibration,191.0,26.0,160.0,153.0,10.0,13.0,24.0,17.742011200234856,NaN
kernel,1246,reference,216.0,33.0,124.0,157.0,10.0,13.0,24.0,NaN,NaN
kernel,1247,calibration,198.0,22.0,164.0,145.0,10.0,13.0,25.0,22.734899104131216,NaN
kernel,1248,reference,218.0,42.0,101.0,169.0,11.0,12.0,24.0,NaN,NaN
kernel,1249,calibration,176.0,26.0,183.0,147.0,8.0,13.0,24.0,38.93441236872553,NaN
kernel,1250,reference,218.0,24.0,152.0,141.0,11.0,12.0,19.0,NaN,NaN
kernel,1251,calibration,191.0,39.0,125.0,172.0,10.0,13.0,27.0,13.616479790953889,NaN
kernel,1252,reference,189.0,22.0,196.0,128.0,12.0,11.0,19.0,NaN,NaN
kernel,1253,calibration,184.0,34.0,149.0,164.0,9.0,13.0,24.0,14.026356679151398,NaN
kernel,1254,reference,220.0,40.0,92.0,179.0,11.0,14.0,21.0,NaN,NaN
kernel,1255,calibration,206.0,35.0,111.0,180.0,9.0,11.0,25.0,20.480022910314894,NaN
kernel,1256,reference,204.0,25.0,168.0,140.0,7.0,13.0,20.0,NaN,NaN
kernel,1257,calibration,162.0,40.0,149.0,177.0,9.0,14.0,26.0,31.87861019316673,NaN
kernel,1258,reference,213.0,35.0,108.0,171.0,9.0,13.0,28.0,NaN,NaN
kernel,1259,calibration,198.0,36.0,139.0,160.0,10.0,13.0,21.0,8.472590924201292,NaN
kernel,1260,reference,211.0,32.0,146.0,142.0,9.0,14.0,23.0,NaN,NaN
kernel,1261,calibration,207.0,30.0,145.0,151.0,7.0,11.0,26.0,12.229785462562731,NaN
kernel,1262,reference,203.0,31.0,125.0,173.0,11.0,11.0,23.0,NaN,NaN
kernel,1263,calibration,206.0,36.0,124.0,166.0,9.0,12.0,24.0,10.366507180910538,NaN
kernel,1264,reference,201.0,35.0,134.0,160.0,8.0,13.0,26.0,NaN,NaN
kernel,1265,calibration,183.0,28.0,183.0,144.0,7.0,11.0,21.0,37.32685192215113,NaN
kernel,1266,reference,228.0,41.0,91.0,171.0,10.0,13.0,23.0,NaN,NaN
kernel,1267,calibration,170.0,36.0,155.0,169.0,9.0,12.0,26.0,25.08905850603375,NaN
kernel,1268,reference,210.0,36.0,107.0,174.0,10.0,12.0,28.0,NaN,NaN
kernel,1269,calibration,205.0,28.0,138.0,162.0,10.0,12.0,22.0,9.177323983570915,NaN
kernel,1270,reference,199.0,33.0,140.0,156.0,9.0,12.0,28.0,NaN,NaN
kernel,1271,calibration,226.0,31.0,136.0,141.0,10.0,11.0,22.0,23.56159430630813,NaN
kernel,1272,reference,170.0,32.0,179.0,153.0,10.0,14.0,19.0,NaN,NaN
kernel,1273,calibration,184.0,34.0,168.0,145.0,10.0,12.0,24.0,25.903049244041867,NaN
kernel,1274,reference,162.0,33.0,177.0,158.0,9.0,13.0,25.0,NaN,NaN
kernel,1275,calibration,178.0,28.0,182.0,145.0,10.0,13.0,21.0,37.7550427547675,NaN
kernel,1276,reference,205.0,40.0,108.0,178.0,10.0,12.0,24.0,NaN,NaN
kernel,1277,calibration,192.0,31.0,166.0,148.0,9.0,12.0,19.0,22.05423370775339,NaN
kernel,1278,reference,197.0,33.0,142.0,162.0,11.0,11.0,21.0,NaN,NaN
kernel,1279,calibration,197.0,28.0,151.0,157.0,10.0,11.0,23.0,11.896424630848244,NaN
kernel,1280,reference,168.0,34.0,159.0,168.0,10.0,14.0,24.0,NaN,NaN
kernel,1281,calibration,189.0,33.0,150.0,159.0,10.0,12.0,24.0,12.229373854866282,NaN
kernel,1282,reference,185.0,29.0,169.0,152.0,10.0,12.0,20.0,NaN,NaN
kernel,1283,calibration,203.0,37.0,124.0,165.0,10.0,13.0,25.0,10.119728385569992,NaN
kernel,1284,reference,217.0,32.0,118.0,164.0,8.0,12.0,26.0,NaN,NaN
kernel,1285,calibration,183.0,39.0,139.0,170.0,11.0,12.0,23.0,14.649749456089012,NaN
kernel,1286,reference,213.0,33.0,111.0,170.0,9.0,14.0,27.0,NaN,NaN
kernel,1287,calibration,207.0,24.0,152.0,147.0,10.0,14.0,23.0,16.772692405107662,NaN
kernel,1288,reference,194.0,39.0,124.0,171.0,10.0,12.0,27.0,NaN,NaN
kernel,1289,calibration,218.0,33.0,120.0,156.0,8.0,14.0,28.0,16.282900393758062,NaN
kernel,1290,reference,206.0,28.0,153.0,148.0,9.0,12.0,21.0,NaN,NaN
kernel,1291,calibration,193.0,30.0,151.0,159.0,10.0,13.0,21.0,11.956451706133802,NaN
kernel,1292,reference,207.0,37.0,127.0,160.0,10.0,12.0,24.0,NaN,NaN
kernel,1293,calibration,216.0,29.0,142.0,147.0,9.0,12.0,22.0,16.201347180012,NaN
kernel,1294,reference,204.0,34.0,138.0,156.0,9.0,12.0,24.0,NaN,NaN
kernel,1295,calibration,201.0,22.0,173.0,142.0,7.0,11.0,21.0,29.836289470397908,NaN
kernel,1296,reference,224.0,34.0,104.0,168.0,9.0,13.0,25.0,NaN,NaN
kernel,1297,calibration,197.0,34.0,157.0,150.0,9.0,12.0,18.0,16.17544755427194,NaN
kernel,1298,reference,226.0,37.0,108.0,160.0,9.0,11.0,26.0,NaN,NaN
kernel,1299,calibration,179.0,43.0,125.0,183.0,8.0,13.0,26.0,24.220923526377717,NaN
kernel,1300,reference,221.0,39.0,98.0,176.0,6.0,11.0,26.0,NaN,NaN
kernel,1301,calibration,204.0,32.0,135.0,162.0,9.0,12.0,23.0,8.1792423474927,NaN
kernel,1302,reference,165.0,22.0,217.0,137.0,7.0,12.0,17.0,NaN,NaN
kernel,1303,calibration,213.0,34.0,124.0,160.0,9.0,13.0,24.0,11.947332256079964,NaN
kernel,1304,reference,199.0,32.0,135.0,165.0,10.0,14.0,22.0,NaN,NaN
kernel,1305,calibration,206.0,34.0,137.0,155.0,10.0,12.0,23.0,9.271005480241275,NaN
kernel,1306,reference,168.0,35.0,162.0,167.0,9.0,12.0,24.0,NaN,NaN
kernel,1307,calibration,193.0,27.0,157.0,153.0,8.0,13.0,26.0,15.81410998580023,NaN
kernel,1308,reference,199.0,29.0,153.0,153.0,10.0,13.0,20.0,NaN,NaN
kernel,1309,calibration,217.0,39.0,103.0,173.0,10.0,13.0,22.0,25.157204935425426,NaN
kernel,1310,reference,188.0,28.0,159.0,156.0,10.0,12.0,24.0,NaN,NaN
kernel,1311,calibration,209.0,27.0,154.0,145.0,10.0,11.0,21.0,18.28362122277297,NaN
kernel,1312,reference,197.0,24.0,140.0,165.0,10.0,14.0,27.0,NaN,NaN
kernel,1313,calibration,222.0,29.0,130.0,151.0,12.0,12.0,21.0,17.720035384433686,NaN
kernel,1314,reference,210.0,31.0,149.0,143.0,8.0,14.0,22.0,NaN,NaN
kernel,1315,calibration,198.0,24.0,145.0,167.0,9.0,12.0,22.0,11.84211168067888,NaN
kernel,1316,reference,198.0,35.0,134.0,164.0,9.0,13.0,24.0,NaN,NaN
kernel,1317,calibration,201.0,34.0,125.0,171.0,11.0,14.0,21.0,11.23096613598505,NaN
kernel,1318,reference,174.0,20.0,216.0,126.0,11.0,10.0,20.0,NaN,NaN
kernel,1319,calibration,185.0,34.0,141.0,167.0,9.0,12.0,29.0,13.043485299059135,NaN
kernel,1320,reference,189.0,32.0,165.0,146.0,8.0,12.0,25.0,NaN,NaN
kernel,1321,calibration,197.0,30.0,140.0,165.0,9.0,10.0,26.0,9.133613461940609,NaN
kernel,1322,reference,213.0,39.0,94.0,184.0,10.0,10.0,27.0,NaN,NaN
kernel,1323,calibration,198.0,36.0,127.0,167.0,11.0,13.0,25.0,9.74027519045866,NaN
kernel,1324,reference,212.0,39.0,98.0,179.0,11.0,12.0,26.0,NaN,NaN
kernel,1325,calibration,203.0,29.0,127.0,171.0,12.0,13.0,22.0,11.307863040529817,NaN
kernel,1326,reference,187.0,33.0,149.0,160.0,10.0,13.0,25.0,NaN,NaN
kernel,1327,calibration,215.0,33.0,129.0,154.0,10.0,13.0,23.0,12.832062717143643,NaN
kernel,1328,reference,218.0,43.0,101.0,170.0,10.0,11.0,24.0,NaN,NaN
kernel,1329,calibration,208.0,34.0,122.0,165.0,9.0,13.0,26.0,11.23489869392316,NaN
kernel,1330,reference,200.0,21.0,200.0,118.0,10.0,13.0,15.0,NaN,NaN
kernel,1331,calibration,187.0,37.0,146.0,161.0,9.0,13.0,24.0,12.104600358570174,NaN
kernel,1332,reference,199.0,30.0,136.0,162.0,10.0,14.0,26.0,NaN,NaN
kernel,1333,calibration,217.0,39.0,115.0,164.0,11.0,8.0,23.0,17.53272735583848,NaN
kernel,1334,reference,225.0,35.0,118.0,153.0,10.0,11.0,25.0,NaN,NaN
kernel,1335,calibration,154.0,23.0,203.0,149.0,9.0,13.0,26.0,65.18745232945199,NaN
kernel,1336,reference,216.0,36.0,120.0,161.0,11.0,12.0,21.0,NaN,NaN
kernel,1337,calibration,179.0,35.0,165.0,155.0,11.0,12.0,20.0,23.92352022002401,NaN
kernel,1338,reference,196.0,39.0,141.0,156.0,10.0,12.0,23.0,NaN,NaN
kernel,1339,calibration,215.0,35.0,115.0,164.0,9.0,13.0,26.0,15.991770952983913,NaN
kernel,1340,reference,181.0,26.0,176.0,150.0,10.0,13.0,21.0,NaN,NaN
kernel,1341,calibration,194.0,28.0,140.0,173.0,4.0,12.0,26.0,12.74483707313329,NaN
kernel,1342,reference,221.0,36.0,118.0,161.0,7.0,10.0,24.0,NaN,NaN
kernel,1343,calibration,213.0,38.0,123.0,157.0,10.0,12.0,24.0,12.99830969282921,NaN
kernel,1344,reference,186.0,38.0,146.0,159.0,10.0,13.0,25.0,NaN,NaN
kernel,1345,calibration,176.0,38.0,152.0,165.0,9.0,13.0,24.0,19.738641503158455,NaN
kernel,1346,reference,205.0,41.0,115.0,168.0,10.0,13.0,25.0,NaN,NaN
kernel,1347,calibration,193.0,26.0,180.0,134.0,9.0,13.0,22.0,37.38148810704782,NaN
kernel,1348,reference,198.0,36.0,133.0,163.0,8.0,12.0,27.0,NaN,NaN
kernel,1349,calibration,177.0,34.0,169.0,149.0,10.0,12.0,26.0,28.144233763426307,NaN
kernel,1350,reference,200.0,34.0,130.0,172.0,8.0,10.0,23.0,NaN,NaN
kernel,1351,calibration,178.0,29.0,160.0,164.0,9.0,13.0,24.0,21.572874446483233,NaN
kernel,1352,reference,215.0,31.0,131.0,156.0,10.0,13.0,21.0,NaN,NaN
kernel,1353,calibration,185.0,38.0,136.0,166.0,11.0,12.0,29.0,13.140175753085558,NaN
kernel,1354,reference,200.0,40.0,126.0,163.0,8.0,12.0,28.0,NaN,NaN
kernel,1355,calibration,200.0,32.0,136.0,161.0,10.0,13.0,25.0,7.9475874567582885,NaN
kernel,1356,reference,204.0,40.0,119.0,164.0,10.0,12.0,28.0,NaN,NaN
kernel,1357,calibration,196.0,33.0,143.0,157.0,8.0,13.0,27.0,9.425284826287815,NaN
kernel,1358,reference,214.0,40.0,97.0,181.0,6.0,13.0,26.0,NaN,NaN
kernel,1359,calibration,210.0,33.0,130.0,159.0,9.0,12.0,24.0,9.870180425284673,NaN
kernel,1360,reference,183.0,36.0,144.0,166.0,9.0,14.0,25.0,NaN,NaN
kernel,1361,calibration,200.0,36.0,124.0,169.0,10.0,13.0,25.0,10.727323139710023,NaN
kernel,1362,reference,203.0,29.0,144.0,158.0,7.0,12.0,24.0,NaN,NaN
kernel,1363,calibration,200.0,42.0,113.0,173.0,9.0,13.0,27.0,17.59414759575398,NaN
kernel,1364,reference,213.0,39.0,113.0,165.0,10.0,13.0,24.0,NaN,NaN
kernel,1365,calibration,207.0,36.0,129.0,158.0,10.0,13.0,24.0,9.511726264638654,NaN
kernel,1366,reference,200.0,34.0,124.0,168.0,10.0,13.0,28.0,NaN,NaN
kernel,1367,calibration,208.0,36.0,117.0,170.0,9.0,13.0,24.0,14.00118758148691,NaN
kernel,1368,reference,208.0,35.0,121.0,171.0,8.0,14.0,20.0,NaN,NaN
kernel,1369,calibration,181.0,41.0,139.0,167.0,11.0,13.0,25.0,15.50154184111372,NaN
kernel,1370,reference,209.0,38.0,127.0,157.0,10.0,13.0,23.0,NaN,NaN
kernel,1371,calibration,176.0,29.0,181.0,148.0,9.0,14.0,20.0,37.05438760439016,NaN
kernel,1372,reference,185.0,37.0,140.0,169.0,11.0,13.0,22.0,NaN,NaN
kernel,1373,calibration,198.0,34.0,156.0,147.0,8.0,13.0,21.0,16.308692525397873,NaN
kernel,1374,reference,167.0,32.0,167.0,163.0,9.0,14.0,25.0,NaN,NaN
kernel,1375,calibration,178.0,25.0,188.0,142.0,8.0,13.0,23.0,43.535377872504625,NaN
kernel,1376,reference,204.0,37.0,134.0,155.0,9.0,14.0,24.0,NaN,NaN
kernel,1377,calibration,195.0,37.0,122.0,179.0,10.0,12.0,22.0,16.111738933645583,NaN
kernel,1378,reference,181.0,35.0,136.0,175.0,10.0,14.0,26.0,NaN,NaN
kernel,1379,calibration,183.0,41.0,129.0,178.0,10.0,13.0,23.0,18.559341479971522,NaN
kernel,1380,reference,209.0,37.0,116.0,168.0,11.0,12.0,24.0,NaN,NaN
kernel,1381,calibration,184.0,30.0,154.0,163.0,8.0,14.0,24.0,15.900934753054528,NaN
kernel,1382,reference,193.0,29.0,179.0,130.0,5.0,13.0,28.0,NaN,NaN
kernel,1383,calibration,215.0,31.0,126.0,161.0,8.0,11.0,25.0,12.521802084768396,NaN
kernel,1384,reference,189.0,31.0,149.0,160.0,9.0,10.0,29.0,NaN,NaN
kernel,1385,calibration,186.0,29.0,157.0,156.0,10.0,13.0,26.0,16.68175125476791,NaN
kernel,1386,reference,186.0,35.0,143.0,164.0,10.0,13.0,26.0,NaN,NaN
kernel,1387,calibration,192.0,34.0,154.0,151.0,10.0,14.0,22.0,14.54836329622269,NaN
kernel,1388,reference,217.0,33.0,118.0,166.0,12.0,11.0,20.0,NaN,NaN
kernel,1389,calibration,214.0,32.0,132.0,152.0,10.0,14.0,23.0,12.762070259566904,NaN
kernel,1390,reference,189.0,32.0,147.0,161.0,11.0,12.0,25.0,NaN,NaN
kernel,1391,calibration,188.0,40.0,129.0,171.0,10.0,13.0,26.0,13.58713966312137,NaN
kernel,1392,reference,234.0,34.0,76.0,181.0,10.0,12.0,30.0,NaN,NaN
kernel,1393,calibration,222.0,33.0,120.0,153.0,9.0,13.0,27.0,18.817417026179676,NaN
kernel,1394,reference,206.0,30.0,143.0,154.0,10.0,12.0,22.0,NaN,NaN
kernel,1395,calibration,215.0,34.0,129.0,151.0,12.0,13.0,23.0,13.906628270844514,NaN
kernel,1396,reference,167.0,21.0,212.0,139.0,8.0,12.0,18.0,NaN,NaN
kernel,1397,calibration,206.0,38.0,131.0,157.0,11.0,14.0,20.0,9.96157739094322,NaN
kernel,1398,reference,208.0,27.0,141.0,157.0,9.0,13.0,22.0,NaN,NaN
kernel,1399,calibration,198.0,38.0,125.0,170.0,8.0,11.0,27.0,11.354786925816253,NaN
kernel,1400,reference,201.0,38.0,131.0,161.0,9.0,13.0,24.0,NaN,NaN
kernel,1401,calibration,212.0,38.0,103.0,174.0,8.0,13.0,29.0,24.244900981983676,NaN
kernel,1402,reference,220.0,37.0,120.0,155.0,9.0,13.0,23.0,NaN,NaN
kernel,1403,calibration,223.0,35.0,108.0,159.0,10.0,14.0,28.0,23.611584670834517,NaN
kernel,1404,reference,194.0,39.0,127.0,166.0,9.0,13.0,29.0,NaN,NaN
kernel,1405,calibration,198.0,32.0,130.0,170.0,9.0,12.0,26.0,9.928635157134345,NaN
kernel,1406,reference,215.0,45.0,84.0,186.0,4.0,11.0,32.0,NaN,NaN
kernel,1407,calibration,200.0,24.0,156.0,150.0,9.0,11.0,27.0,16.64288192558609,NaN
kernel,1408,reference,196.0,33.0,138.0,164.0,8.0,12.0,26.0,NaN,NaN
kernel,1409,calibration,230.0,40.0,83.0,178.0,7.0,12.0,27.0,46.464737860500776,NaN
kernel,1410,reference,199.0,32.0,130.0,168.0,9.0,13.0,26.0,NaN,NaN
kernel,1411,calibration,201.0,34.0,153.0,149.0,9.0,13.0,18.0,14.776261265307035,NaN
kernel,1412,reference,209.0,40.0,110.0,171.0,9.0,11.0,27.0,NaN,NaN
kernel,1413,calibration,225.0,36.0,91.0,177.0,11.0,11.0,26.0,37.55009851881194,NaN
kernel,1414,reference,188.0,35.0,145.0,160.0,10.0,13.0,26.0,NaN,NaN
kernel,1415,calibration,208.0,40.0,108.0,169.0,11.0,11.0,30.0,19.761683225421613,NaN
kernel,1416,reference,215.0,37.0,117.0,162.0,9.0,12.0,25.0,NaN,NaN
kernel,1417,calibration,183.0,29.0,152.0,164.0,10.0,13.0,26.0,15.849937670814313,NaN
kernel,1418,reference,200.0,34.0,137.0,161.0,12.0,12.0,21.0,NaN,NaN
kernel,1419,calibration,230.0,33.0,93.0,173.0,12.0,12.0,24.0,37.52082414917855,NaN
kernel,1420,reference,196.0,31.0,139.0,169.0,8.0,10.0,24.0,NaN,NaN
kernel,1421,calibration,192.0,35.0,141.0,163.0,8.0,14.0,24.0,9.527143397181106,NaN
kernel,1422,reference,223.0,29.0,129.0,150.0,9.0,12.0,25.0,NaN,NaN
kernel,1423,calibration,193.0,32.0,146.0,161.0,11.0,14.0,20.0,10.424085622314433,NaN
kernel,1424,reference,224.0,35.0,107.0,163.0,10.0,12.0,26.0,NaN,NaN
kernel,1425,calibration,213.0,34.0,121.0,163.0,10.0,13.0,23.0,12.784823073018693,NaN
kernel,1426,reference,191.0,21.0,166.0,156.0,9.0,13.0,21.0,NaN,NaN
kernel,1427,calibration,190.0,26.0,157.0,159.0,7.0,12.0,26.0,16.034127093862004,NaN
kernel,1428,reference,218.0,39.0,100.0,176.0,9.0,11.0,24.0,NaN,NaN
kernel,1429,calibration,188.0,30.0,166.0,152.0,8.0,13.0,20.0,21.763430776371564,NaN
kernel,1430,reference,209.0,38.0,103.0,176.0,9.0,14.0,28.0,NaN,NaN
kernel,1431,calibration,209.0,35.0,117.0,172.0,10.0,13.0,21.0,14.954230713374791,NaN
kernel,1432,reference,198.0,27.0,158.0,147.0,9.0,13.0,25.0,NaN,NaN
kernel,1433,calibration,193.0,35.0,138.0,165.0,10.0,13.0,23.0,9.160369079503184,NaN
kernel,1434,reference,220.0,37.0,116.0,160.0,10.0,12.0,22.0,NaN,NaN
kernel,1435,calibration,206.0,28.0,165.0,136.0,9.0,13.0,20.0,27.21493280435984,NaN
kernel,1436,reference,178.0,39.0,137.0,175.0,9.0,14.0,25.0,NaN,NaN
kernel,1437,calibration,186.0,40.0,129.0,174.0,8.0,13.0,27.0,15.498080355949782,NaN
kernel,1438,reference,203.0,35.0,124.0,170.0,10.0,13.0,22.0,NaN,NaN
kernel,1439,calibration,222.0,33.0,118.0,157.0,10.0,14.0,23.0,18.511108267588916,NaN
kernel,1440,reference,177.0,25.0,179.0,152.0,9.0,12.0,23.0,NaN,NaN
kernel,1441,calibration,196.0,43.0,106.0,182.0,11.0,13.0,26.0,25.79516978662197,NaN
kernel,1442,reference,203.0,35.0,122.0,169.0,9.0,13.0,26.0,NaN,NaN
kernel,1443,calibration,217.0,33.0,111.0,176.0,6.0,12.0,22.0,21.583654359958054,NaN
kernel,1444,reference,233.0,35.0,94.0,171.0,7.0,11.0,26.0,NaN,NaN
kernel,1445,calibration,190.0,44.0,116.0,178.0,9.0,13.0,27.0,20.568379486973278,NaN
kernel,1446,reference,203.0,32.0,143.0,157.0,9.0,12.0,21.0,NaN,NaN
kernel,1447,calibration,201.0,38.0,131.0,162.0,11.0,13.0,21.0,8.855496498328254,NaN
kernel,1448,reference,175.0,38.0,145.0,172.0,8.0,13.0,26.0,NaN,NaN
kernel,1449,calibration,188.0,35.0,159.0,153.0,9.0,11.0,22.0,17.417674535350578,NaN
kernel,1450,reference,233.0,38.0,91.0,172.0,8.0,11.0,24.0,NaN,NaN
kernel,1451,calibration,208.0,39.0,117.0,165.0,11.0,13.0,24.0,13.65170850986528,NaN
kernel,1452,reference,208.0,33.0,147.0,147.0,10.0,13.0,19.0,NaN,NaN
kernel,1453,calibration,231.0,35.0,101.0,165.0,10.0,12.0,23.0,31.707744269210558,NaN
kernel,1454,reference,210.0,30.0,132.0,157.0,9.0,12.0,27.0,NaN,NaN
kernel,1455,calibration,192.0,37.0,136.0,166.0,8.0,12.0,26.0,9.873797821112763,NaN
kernel,1456,reference,167.0,35.0,182.0,149.0,10.0,12.0,22.0,NaN,NaN
kernel,1457,calibration,190.0,35.0,138.0,168.0,8.0,12.0,26.0,10.723166392240081,NaN
kernel,1458,reference,180.0,24.0,166.0,160.0,10.0,13.0,24.0,NaN,NaN
kernel,1459,calibration,201.0,29.0,157.0,148.0,8.0,13.0,21.0,16.658616273429388,NaN
kernel,1460,reference,209.0,33.0,130.0,160.0,9.0,14.0,22.0,NaN,NaN
kernel,1461,calibration,192.0,35.0,128.0,172.0,10.0,12.0,28.0,12.294658995267714,NaN
kernel,1462,reference,205.0,30.0,132.0,163.0,8.0,12.0,27.0,NaN,NaN
kernel,1463,calibration,219.0,39.0,109.0,163.0,9.0,14.0,24.0,20.992522431368677,NaN
kernel,1464,reference,177.0,33.0,153.0,166.0,9.0,14.0,25.0,NaN,NaN
kernel,1465,calibration,210.0,29.0,131.0,161.0,7.0,12.0,27.0,10.477477528528116,NaN
kernel,1466,reference,220.0,35.0,127.0,151.0,8.0,11.0,25.0,NaN,NaN
kernel,1467,calibration,191.0,37.0,131.0,170.0,10.0,13.0,25.0,11.323662273713378,NaN
kernel,1468,reference,186.0,33.0,147.0,169.0,9.0,12.0,21.0,NaN,NaN
kernel,1469,calibration,190.0,33.0,142.0,163.0,10.0,12.0,27.0,10.331831471766147,NaN
kernel,1470,reference,214.0,38.0,110.0,168.0,11.0,12.0,24.0,NaN,NaN
kernel,1471,calibration,222.0,34.0,101.0,176.0,11.0,10.0,23.0,29.063026543456715,NaN
kernel,1472,reference,196.0,33.0,126.0,172.0,10.0,14.0,26.0,NaN,NaN
kernel,1473,calibration,209.0,36.0,119.0,165.0,11.0,12.0,25.0,12.594870298728821,NaN
kernel,1474,reference,191.0,30.0,157.0,154.0,7.0,12.0,26.0,NaN,NaN
kernel,1475,calibration,205.0,33.0,136.0,158.0,10.0,12.0,23.0,8.490917906801538,NaN
kernel,1476,reference,193.0,37.0,133.0,167.0,10.0,12.0,25.0,NaN,NaN
kernel,1477,calibration,184.0,35.0,157.0,156.0,10.0,13.0,22.0,17.252092941807383,NaN
kernel,1478,reference,208.0,31.0,145.0,150.0,9.0,13.0,21.0,NaN,NaN
kernel,1479,calibration,199.0,37.0,129.0,170.0,9.0,11.0,22.0,10.152846052333267,NaN
kernel,1480,reference,216.0,25.0,148.0,147.0,10.0,13.0,18.0,NaN,NaN
kernel,1481,calibration,186.0,34.0,155.0,155.0,11.0,11.0,25.0,15.755765452634101,NaN
kernel,1482,reference,215.0,29.0,133.0,153.0,9.0,12.0,26.0,NaN,NaN
kernel,1483,calibration,201.0,29.0,143.0,157.0,8.0,11.0,28.0,9.854098226643554,NaN
kernel,1484,reference,206.0,35.0,113.0,174.0,9.0,12.0,28.0,NaN,NaN
kernel,1485,calibration,206.0,33.0,147.0,144.0,10.0,14.0,23.0,15.092305315469424,NaN
kernel,1486,reference,192.0,32.0,156.0,151.0,10.0,12.0,24.0,NaN,NaN
kernel,1487,calibration,185.0,41.0,145.0,160.0,11.0,13.0,22.0,13.789774749640081,NaN
kernel,1488,reference,222.0,41.0,101.0,170.0,10.0,12.0,21.0,NaN,NaN
kernel,1489,calibration,233.0,37.0,100.0,162.0,9.0,12.0,24.0,33.587407586775555,NaN
kernel,1490,reference,202.0,36.0,140.0,157.0,10.0,12.0,20.0,NaN,NaN
kernel,1491,calibration,202.0,32.0,134.0,163.0,8.0,12.0,26.0,8.19771204353934,NaN
kernel,1492,reference,187.0,34.0,138.0,166.0,10.0,14.0,28.0,NaN,NaN
kernel,1493,calibration,192.0,27.0,173.0,143.0,11.0,13.0,18.0,28.8487041352736,NaN
kernel,1494,reference,212.0,38.0,120.0,162.0,11.0,13.0,21.0,NaN,NaN
kernel,1495,calibration,202.0,35.0,124.0,170.0,11.0,14.0,21.0,11.205050107626356,NaN
kernel,1496,reference,217.0,38.0,107.0,169.0,10.0,11.0,25.0,NaN,NaN
kernel,1497,calibration,192.0,30.0,162.0,147.0,8.0,13.0,25.0,19.796596844475296,NaN
kernel,1498,reference,214.0,42.0,92.0,181.0,10.0,12.0,26.0,NaN,NaN
kernel,1499,calibration,183.0,31.0,142.0,172.0,11.0,13.0,25.0,15.142531415165962,NaN
kernel,1500,reference,199.0,36.0,114.0,176.0,11.0,14.0,27.0,NaN,NaN
kernel,1501,calibration,194.0,33.0,133.0,167.0,10.0,14.0,26.0,9.473847106721358,NaN
kernel,1502,reference,197.0,28.0,176.0,132.0,9.0,13.0,22.0,NaN,NaN
kernel,1503,calibration,194.0,30.0,162.0,146.0,9.0,13.0,23.0,19.83772006506689,NaN
kernel,1504,reference,250.0,44.0,67.0,168.0,9.0,11.0,28.0,NaN,NaN
kernel,1505,calibration,197.0,38.0,127.0,165.0,8.0,14.0,28.0,10.248359407239782,NaN
kernel,1506,reference,189.0,29.0,183.0,136.0,7.0,11.0,22.0,NaN,NaN
kernel,1507,calibration,228.0,30.0,123.0,155.0,9.0,10.0,22.0,21.428349985903267,NaN
kernel,1508,reference,192.0,30.0,168.0,143.0,8.0,13.0,23.0,NaN,NaN
kernel,1509,calibration,181.0,33.0,167.0,150.0,8.0,13.0,25.0,24.86920215765577,NaN
kernel,1510,reference,228.0,28.0,132.0,147.0,9.0,13.0,20.0,NaN,NaN
kernel,1511,calibration,207.0,39.0,120.0,163.0,9.0,12.0,27.0,12.28939336067592,NaN
kernel,1512,reference,207.0,35.0,136.0,155.0,11.0,12.0,21.0,NaN,NaN
kernel,1513,calibration,201.0,38.0,113.0,174.0,9.0,14.0,28.0,17.250084804903388,NaN
kernel,1514,reference,203.0,33.0,146.0,151.0,10.0,12.0,22.0,NaN,NaN
kernel,1515,calibration,210.0,38.0,117.0,164.0,10.0,12.0,26.0,13.84156699467848,NaN
kernel,1516,reference,209.0,28.0,153.0,143.0,8.0,12.0,24.0,NaN,NaN
kernel,1517,calibration,192.0,41.0,126.0,173.0,11.0,12.0,22.0,13.807167370328514,NaN
kernel,1518,reference,186.0,35.0,148.0,164.0,8.0,12.0,24.0,NaN,NaN
kernel,1519,calibration,232.0,31.0,95.0,172.0,10.0,13.0,24.0,37.108960188577534,NaN
kernel,1520,reference,198.0,38.0,131.0,164.0,10.0,13.0,23.0,NaN,NaN
kernel,1521,calibration,207.0,34.0,140.0,155.0,8.0,12.0,21.0,9.953754875863428,NaN
kernel,1522,reference,191.0,31.0,141.0,168.0,10.0,13.0,23.0,NaN,NaN
kernel,1523,calibration,194.0,35.0,154.0,149.0,9.0,12.0,24.0,14.890718908850552,NaN
kernel,1524,reference,215.0,35.0,108.0,175.0,12.0,12.0,20.0,NaN,NaN
kernel,1525,calibration,193.0,38.0,143.0,159.0,8.0,12.0,24.0,9.999252238927845,NaN
kernel,1526,reference,198.0,33.0,134.0,166.0,11.0,13.0,22.0,NaN,NaN
kernel,1527,calibration,211.0,31.0,131.0,165.0,7.0,10.0,22.0,10.746208078248358,NaN
kernel,1528,reference,186.0,32.0,136.0,177.0,10.0,14.0,22.0,NaN,NaN
kernel,1529,calibration,212.0,34.0,119.0,164.0,12.0,12.0,24.0,13.33406070029045,NaN
kernel,1530,reference,211.0,38.0,97.0,183.0,10.0,12.0,26.0,NaN,NaN
kernel,1531,calibration,210.0,33.0,127.0,164.0,9.0,10.0,24.0,10.422913200302308,NaN
kernel,1532,reference,212.0,30.0,134.0,158.0,8.0,13.0,22.0,NaN,NaN
kernel,1533,calibration,207.0,34.0,123.0,165.0,9.0,11.0,28.0,11.033224864237006,NaN
kernel,1534,reference,191.0,39.0,141.0,161.0,10.0,11.0,24.0,NaN,NaN
kernel,1535,calibration,209.0,41.0,110.0,171.0,10.0,13.0,23.0,18.689539108573427,NaN
kernel,1536,reference,191.0,36.0,142.0,164.0,11.0,13.0,20.0,NaN,NaN
kernel,1537,calibration,211.0,31.0,132.0,159.0,9.0,13.0,22.0,10.233233205839042,NaN
kernel,1538,reference,204.0,38.0,126.0,161.0,9.0,13.0,26.0,NaN,NaN
kernel,1539,calibration,203.0,34.0,118.0,172.0,10.0,13.0,27.0,13.810540432795513,NaN
kernel,1540,reference,205.0,30.0,143.0,157.0,9.0,11.0,22.0,NaN,NaN
kernel,1541,calibration,205.0,29.0,133.0,166.0,8.0,13.0,23.0,9.301972535414507,NaN
kernel,1542,reference,184.0,30.0,166.0,153.0,11.0,13.0,20.0,NaN,NaN
kernel,1543,calibration,198.0,41.0,124.0,171.0,9.0,12.0,22.0,12.417546890483127,NaN
kernel,1544,reference,198.0,28.0,148.0,156.0,12.0,13.0,22.0,NaN,NaN
kernel,1545,calibration,201.0,25.0,158.0,146.0,10.0,13.0,24.0,18.46549554831406,NaN
kernel,1546,reference,186.0,27.0,156.0,164.0,10.0,14.0,20.0,NaN,NaN
kernel,1547,calibration,189.0,36.0,138.0,166.0,9.0,12.0,27.0,10.816390748106517,NaN
kernel,1548,reference,212.0,36.0,115.0,164.0,9.0,13.0,28.0,NaN,NaN
kernel,1549,calibration,194.0,32.0,156.0,149.0,6.0,13.0,27.0,16.080114384884666,NaN
kernel,1550,reference,197.0,33.0,143.0,162.0,10.0,12.0,20.0,NaN,NaN
kernel,1551,calibration,211.0,31.0,145.0,148.0,8.0,11.0,23.0,14.216512183874912,NaN
kernel,1552,reference,188.0,27.0,153.0,164.0,8.0,14.0,23.0,NaN,NaN
kernel,1553,calibration,207.0,31.0,153.0,147.0,9.0,11.0,19.0,16.333576147829717,NaN
kernel,1554,reference,199.0,31.0,152.0,153.0,12.0,10.0,20.0,NaN,NaN
kernel,1555,calibration,211.0,38.0,121.0,162.0,10.0,12.0,23.0,12.458159096294875,NaN
kernel,1556,reference,181.0,36.0,147.0,161.0,9.0,14.0,29.0,NaN,NaN
kernel,1557,calibration,196.0,26.0,149.0,162.0,10.0,13.0,21.0,11.761689152025095,NaN
kernel,1558,reference,195.0,39.0,120.0,174.0,8.0,13.0,28.0,NaN,NaN
kernel,1559,calibration,200.0,40.0,131.0,159.0,9.0,13.0,25.0,9.334083981510283,NaN
kernel,1560,reference,220.0,39.0,114.0,161.0,10.0,12.0,21.0,NaN,NaN
kernel,1561,calibration,184.0,31.0,171.0,146.0,10.0,12.0,23.0,27.401072229114128,NaN
kernel,1562,reference,188.0,35.0,151.0,158.0,11.0,13.0,21.0,NaN,NaN
kernel,1563,calibration,197.0,38.0,122.0,170.0,10.0,13.0,27.0,12.360335295457261,NaN
kernel,1564,reference,200.0,33.0,137.0,158.0,10.0,13.0,26.0,NaN,NaN
kernel,1565,calibration,185.0,35.0,153.0,155.0,9.0,14.0,26.0,15.43442285998632,NaN
kernel,1566,reference,203.0,36.0,132.0,160.0,8.0,13.0,25.0,NaN,NaN
kernel,1567,calibration,198.0,33.0,141.0,159.0,9.0,12.0,25.0,8.429622963708262,NaN
kernel,1568,reference,209.0,36.0,117.0,167.0,10.0,14.0,24.0,NaN,NaN
kernel,1569,calibration,162.0,31.0,184.0,152.0,11.0,11.0,26.0,45.55708581841273,NaN
kernel,1570,reference,206.0,33.0,132.0,159.0,9.0,14.0,24.0,NaN,NaN
kernel,1571,calibration,187.0,32.0,148.0,167.0,6.0,12.0,25.0,13.350838701216261,NaN
kernel,1572,reference,218.0,33.0,105.0,174.0,7.0,11.0,29.0,NaN,NaN
kernel,1573,calibration,180.0,28.0,174.0,150.0,10.0,12.0,23.0,29.94785871260617,NaN
kernel,1574,reference,203.0,33.0,141.0,154.0,8.0,12.0,26.0,NaN,NaN
kernel,1575,calibration,214.0,46.0,89.0,179.0,9.0,10.0,30.0,38.04461440936761,NaN
kernel,1576,reference,190.0,36.0,140.0,163.0,10.0,12.0,26.0,NaN,NaN
kernel,1577,calibration,185.0,34.0,161.0,151.0,11.0,12.0,23.0,19.746961114367124,NaN
kernel,1578,reference,194.0,39.0,132.0,166.0,10.0,12.0,24.0,NaN,NaN
kernel,1579,calibration,177.0,42.0,146.0,163.0,12.0,12.0,25.0,18.490949613111468,NaN
kernel,1580,reference,166.0,33.0,176.0,158.0,9.0,14.0,21.0,NaN,NaN
kernel,1581,calibration,187.0,29.0,162.0,154.0,9.0,13.0,23.0,19.12339098392153,NaN
kernel,1582,reference,206.0,31.0,146.0,149.0,8.0,12.0,25.0,NaN,NaN
kernel,1583,calibration,208.0,28.0,141.0,155.0,11.0,12.0,22.0,10.78981275811213,NaN
kernel,1584,reference,206.0,32.0,146.0,151.0,10.0,13.0,19.0,NaN,NaN
kernel,1585,calibration,189.0,32.0,169.0,144.0,9.0,11.0,23.0,25.56082012561643,NaN
kernel,1586,reference,216.0,33.0,119.0,163.0,10.0,13.0,23.0,NaN,NaN
kernel,1587,calibration,212.0,33.0,125.0,163.0,8.0,11.0,25.0,11.401063927652693,NaN
kernel,1588,reference,195.0,34.0,140.0,163.0,8.0,12.0,25.0,NaN,NaN
kernel,1589,calibration,208.0,34.0,129.0,159.0,9.0,13.0,25.0,9.495299628075202,NaN
kernel,1590,reference,206.0,37.0,106.0,178.0,11.0,14.0,25.0,NaN,NaN
kernel,1591,calibration,203.0,30.0,165.0,133.0,9.0,14.0,23.0,28.244434780226534,NaN
kernel,1592,reference,193.0,36.0,148.0,160.0,11.0,12.0,17.0,NaN,NaN
kernel,1593,calibration,213.0,33.0,122.0,162.0,11.0,13.0,23.0,12.53492025474818,NaN
kernel,1594,reference,187.0,32.0,128.0,179.0,8.0,14.0,29.0,NaN,NaN
kernel,1595,calibration,205.0,40.0,121.0,165.0,9.0,11.0,26.0,11.904832080113625,NaN
kernel,1596,reference,221.0,39.0,100.0,170.0,9.0,12.0,26.0,NaN,NaN
kernel,1597,calibration,171.0,18.0,203.0,143.0,9.0,13.0,20.0,59.247605497361135,NaN
kernel,1598,reference,193.0,24.0,187.0,132.0,8.0,12.0,21.0,NaN,NaN
kernel,1599,calibration,197.0,35.0,139.0,160.0,9.0,12.0,25.0,8.305511822542393,NaN
kernel,1600,reference,203.0,28.0,156.0,144.0,10.0,13.0,23.0,NaN,NaN
kernel,1601,calibration,180.0,35.0,151.0,167.0,10.0,13.0,21.0,17.28447271855648,NaN
kernel,1602,reference,153.0,27.0,163.0,184.0,9.0,13.0,28.0,NaN,NaN
kernel,1603,calibration,201.0,39.0,129.0,158.0,7.0,12.0,31.0,10.717475448651701,NaN
kernel,1604,reference,191.0,41.0,116.0,176.0,8.0,14.0,31.0,NaN,NaN
kernel,1605,calibration,161.0,32.0,184.0,155.0,9.0,12.0,24.0,45.75252858413141,NaN
kernel,1606,reference,197.0,36.0,138.0,162.0,10.0,13.0,21.0,NaN,NaN
kernel,1607,calibration,194.0,24.0,158.0,156.0,8.0,12.0,25.0,16.43938066731109,NaN
kernel,1608,reference,206.0,34.0,139.0,156.0,8.0,13.0,21.0,NaN,NaN
kernel,1609,calibration,197.0,33.0,126.0,171.0,9.0,13.0,28.0,11.340505139402666,NaN
kernel,1610,reference,194.0,34.0,141.0,160.0,9.0,13.0,26.0,NaN,NaN
kernel,1611,calibration,198.0,30.0,142.0,159.0,10.0,13.0,25.0,8.80898256684365,NaN
kernel,1612,reference,227.0,32.0,127.0,149.0,9.0,13.0,20.0,NaN,NaN
kernel,1613,calibration,194.0,26.0,145.0,164.0,11.0,13.0,24.0,10.961998422652066,NaN
kernel,1614,reference,223.0,31.0,112.0,166.0,8.0,13.0,24.0,NaN,NaN
kernel,1615,calibration,176.0,35.0,164.0,156.0,9.0,13.0,24.0,24.508951031755558,NaN
kernel,1616,reference,228.0,37.0,97.0,167.0,10.0,10.0,28.0,NaN,NaN
kernel,1617,calibration,160.0,23.0,189.0,158.0,9.0,13.0,25.0,50.55623927627509,NaN
kernel,1618,reference,203.0,22.0,147.0,159.0,10.0,12.0,24.0,NaN,NaN
kernel,1619,calibration,182.0,39.0,145.0,166.0,10.0,12.0,23.0,14.963511211402775,NaN
kernel,1620,reference,197.0,36.0,129.0,169.0,11.0,13.0,22.0,NaN,NaN
kernel,1621,calibration,226.0,38.0,99.0,168.0,9.0,11.0,26.0,30.565820230804434,NaN
kernel,1622,reference,176.0,30.0,164.0,159.0,9.0,14.0,25.0,NaN,NaN
kernel,1623,calibration,194.0,36.0,146.0,159.0,8.0,13.0,21.0,10.263310765041098,NaN
kernel,1624,reference,175.0,30.0,171.0,155.0,10.0,12.0,24.0,NaN,NaN
kernel,1625,calibration,226.0,29.0,119.0,157.0,10.0,14.0,22.0,20.98087780720916,NaN
kernel,1626,reference,192.0,41.0,128.0,165.0,11.0,13.0,27.0,NaN,NaN
kernel,1627,calibration,189.0,27.0,180.0,141.0,7.0,13.0,20.0,34.86856817117838,NaN
kernel,1628,reference,217.0,33.0,124.0,155.0,11.0,12.0,25.0,NaN,NaN
kernel,1629,calibration,219.0,30.0,116.0,163.0,10.0,12.0,27.0,17.668151384344355,NaN
kernel,1630,reference,195.0,33.0,149.0,157.0,11.0,12.0,20.0,NaN,NaN
kernel,1631,calibration,210.0,23.0,177.0,125.0,9.0,12.0,21.0,42.03865707365729,NaN
kernel,1632,reference,200.0,25.0,161.0,147.0,10.0,12.0,22.0,NaN,NaN
kernel,1633,calibration,201.0,30.0,145.0,153.0,9.0,12.0,27.0,10.673108637165754,NaN
kernel,1634,reference,228.0,37.0,108.0,162.0,10.0,10.0,22.0,NaN,NaN
kernel,1635,calibration,198.0,31.0,159.0,148.0,9.0,13.0,19.0,17.596594620410485,NaN
kernel,1636,reference,178.0,39.0,147.0,169.0,8.0,14.0,22.0,NaN,NaN
kernel,1637,calibration,188.0,30.0,137.0,172.0,9.0,14.0,27.0,12.953307711332023,NaN
kernel,1638,reference,197.0,32.0,146.0,156.0,11.0,14.0,21.0,NaN,NaN
kernel,1639,calibration,201.0,30.0,145.0,155.0,10.0,14.0,22.0,10.021263929008132,NaN
kernel,1640,reference,198.0,31.0,139.0,163.0,10.0,12.0,24.0,NaN,NaN
kernel,1641,calibration,208.0,24.0,145.0,153.0,9.0,13.0,25.0,13.046337770482474,NaN
kernel,1642,reference,207.0,37.0,123.0,163.0,10.0,13.0,24.0,NaN,NaN
kernel,1643,calibration,221.0,32.0,128.0,154.0,8.0,12.0,22.0,16.110270117863998,NaN
kernel,1644,reference,224.0,33.0,111.0,162.0,10.0,12.0,25.0,NaN,NaN
kernel,1645,calibration,167.0,38.0,159.0,164.0,9.0,11.0,29.0,28.42726533153361,NaN
kernel,1646,reference,195.0,41.0,125.0,171.0,10.0,12.0,23.0,NaN,NaN
kernel,1647,calibration,205.0,33.0,134.0,159.0,8.0,14.0,24.0,8.47590466181699,NaN
kernel,1648,reference,200.0,29.0,142.0,162.0,10.0,12.0,22.0,NaN,NaN
kernel,1649,calibration,205.0,36.0,128.0,164.0,8.0,13.0,23.0,9.156005718027824,NaN
kernel,1650,reference,201.0,32.0,136.0,165.0,10.0,10.0,23.0,NaN,NaN
kernel,1651,calibration,209.0,29.0,144.0,151.0,10.0,13.0,21.0,12.522617526460952,NaN
kernel,1652,reference,208.0,22.0,162.0,140.0,9.0,13.0,23.0,NaN,NaN
kernel,1653,calibration,206.0,30.0,131.0,165.0,9.0,12.0,24.0,9.185094392895252,NaN
kernel,1654,reference,203.0,30.0,147.0,155.0,9.0,12.0,21.0,NaN,NaN
kernel,1655,calibration,192.0,30.0,156.0,155.0,7.0,13.0,24.0,14.647531149474993,NaN
kernel,1656,reference,195.0,40.0,126.0,171.0,10.0,13.0,22.0,NaN,NaN
kernel,1657,calibration,182.0,37.0,154.0,157.0,8.0,13.0,26.0,17.073400265854694,NaN
kernel,1658,reference,212.0,34.0,132.0,153.0,9.0,11.0,26.0,NaN,NaN
kernel,1659,calibration,211.0,36.0,110.0,175.0,11.0,11.0,23.0,19.679623574996555,NaN
kernel,1660,reference,191.0,38.0,131.0,164.0,11.0,14.0,28.0,NaN,NaN
kernel,1661,calibration,238.0,38.0,102.0,157.0,10.0,12.0,20.0,36.40490419887984,NaN
kernel,1662,reference,178.0,41.0,125.0,181.0,9.0,13.0,30.0,NaN,NaN
kernel,1663,calibration,193.0,36.0,134.0,166.0,11.0,13.0,24.0,9.462868860914199,NaN
kernel,1664,reference,174.0,31.0,184.0,142.0,11.0,12.0,23.0,NaN,NaN
kernel,1665,calibration,208.0,31.0,142.0,153.0,11.0,14.0,18.0,11.634454306532852,NaN
kernel,1666,reference,202.0,39.0,128.0,163.0,10.0,14.0,21.0,NaN,NaN
kernel,1667,calibration,212.0,32.0,125.0,162.0,8.0,13.0,25.0,11.412541706381365,NaN
kernel,1668,reference,189.0,36.0,139.0,168.0,10.0,13.0,22.0,NaN,NaN
kernel,1669,calibration,198.0,29.0,160.0,143.0,10.0,11.0,26.0,20.094779002681776,NaN
kernel,1670,reference,176.0,41.0,132.0,176.0,9.0,13.0,30.0,NaN,NaN
kernel,1671,calibration,192.0,31.0,166.0,146.0,10.0,12.0,20.0,22.58046491422804,NaN
kernel,1672,reference,201.0,36.0,119.0,171.0,12.0,14.0,24.0,NaN,NaN
kernel,1673,calibration,204.0,30.0,142.0,156.0,10.0,12.0,23.0,9.448595582384069,NaN
kernel,1674,reference,185.0,38.0,128.0,178.0,10.0,14.0,24.0,NaN,NaN
kernel,1675,calibration,191.0,36.0,150.0,156.0,10.0,13.0,21.0,12.352179713314161,NaN
kernel,1676,reference,206.0,31.0,123.0,166.0,10.0,13.0,28.0,NaN,NaN
kernel,1677,calibration,198.0,30.0,150.0,155.0,10.0,12.0,22.0,11.435187704989755,NaN
kernel,1678,reference,185.0,24.0,172.0,151.0,10.0,13.0,22.0,NaN,NaN
kernel,1679,calibration,212.0,32.0,110.0,177.0,9.0,11.0,26.0,20.791790254547607,NaN
kernel,1680,reference,216.0,33.0,124.0,159.0,9.0,13.0,23.0,NaN,NaN
kernel,1681,calibration,188.0,28.0,158.0,159.0,10.0,12.0,22.0,16.44574367896695,NaN
kernel,1682,reference,191.0,34.0,149.0,158.0,11.0,13.0,21.0,NaN,NaN
kernel,1683,calibration,206.0,36.0,125.0,160.0,9.0,12.0,29.0,10.56638870036858,NaN
kernel,1684,reference,188.0,35.0,150.0,161.0,10.0,13.0,20.0,NaN,NaN
kernel,1685,calibration,175.0,28.0,193.0,138.0,8.0,13.0,22.0,49.5190300079869,NaN
kernel,1686,reference,220.0,31.0,110.0,166.0,8.0,12.0,30.0,NaN,NaN
kernel,1687,calibration,210.0,27.0,134.0,159.0,9.0,13.0,25.0,10.553653122001197,NaN
kernel,1688,reference,178.0,34.0,152.0,167.0,10.0,14.0,22.0,NaN,NaN
kernel,1689,calibration,181.0,27.0,172.0,153.0,7.0,12.0,25.0,27.924617357111515,NaN
kernel,1690,reference,219.0,30.0,134.0,149.0,7.0,12.0,26.0,NaN,NaN
kernel,1691,calibration,230.0,36.0,99.0,164.0,10.0,14.0,24.0,32.38616318448422,NaN
kernel,1692,reference,185.0,28.0,158.0,161.0,11.0,14.0,20.0,NaN,NaN
kernel,1693,calibration,173.0,22.0,200.0,139.0,8.0,14.0,21.0,56.306097929796024,NaN
kernel,1694,reference,205.0,42.0,112.0,167.0,9.0,12.0,30.0,NaN,NaN
kernel,1695,calibration,202.0,37.0,119.0,169.0,9.0,12.0,29.0,13.01562925247017,NaN
kernel,1696,reference,233.0,35.0,130.0,136.0,9.0,12.0,22.0,NaN,NaN
kernel,1697,calibration,202.0,41.0,109.0,176.0,11.0,14.0,24.0,20.416805859549108,NaN
kernel,1698,reference,192.0,32.0,127.0,175.0,10.0,14.0,27.0,NaN,NaN
kernel,1699,calibration,198.0,36.0,156.0,141.0,9.0,13.0,24.0,19.20002032326456,NaN
kernel,1700,reference,177.0,37.0,161.0,155.0,10.0,13.0,24.0,NaN,NaN
kernel,1701,calibration,191.0,33.0,149.0,154.0,9.0,14.0,27.0,12.349938982784632,NaN
kernel,1702,reference,189.0,36.0,133.0,172.0,9.0,12.0,26.0,NaN,NaN
kernel,1703,calibration,181.0,38.0,141.0,171.0,8.0,12.0,26.0,15.981984453486803,NaN
kernel,1704,reference,201.0,31.0,142.0,156.0,10.0,14.0,23.0,NaN,NaN
kernel,1705,calibration,212.0,29.0,135.0,153.0,11.0,13.0,24.0,11.885482529672686,NaN
kernel,1706,reference,190.0,41.0,134.0,164.0,7.0,12.0,29.0,NaN,NaN
kernel,1707,calibration,200.0,32.0,162.0,139.0,6.0,13.0,25.0,23.108958713441524,NaN
kernel,1708,reference,202.0,35.0,130.0,165.0,9.0,13.0,23.0,NaN,NaN
kernel,1709,calibration,223.0,37.0,107.0,166.0,10.0,11.0,23.0,23.84916092990725,NaN
kernel,1710,reference,214.0,24.0,140.0,155.0,9.0,13.0,22.0,NaN,NaN
kernel,1711,calibration,205.0,35.0,140.0,152.0,9.0,13.0,23.0,10.23719474862423,NaN
kernel,1712,reference,191.0,34.0,145.0,161.0,8.0,14.0,24.0,NaN,NaN
kernel,1713,calibration,228.0,33.0,116.0,155.0,10.0,12.0,23.0,23.166678832676595,NaN
kernel,1714,reference,185.0,33.0,159.0,160.0,10.0,11.0,19.0,NaN,NaN
kernel,1715,calibration,206.0,31.0,137.0,158.0,9.0,13.0,23.0,8.835324183359752,NaN
kernel,1716,reference,201.0,30.0,143.0,159.0,8.0,12.0,24.0,NaN,NaN
kernel,1717,calibration,192.0,38.0,126.0,178.0,11.0,11.0,21.0,15.505601314189498,NaN
kernel,1718,reference,216.0,44.0,86.0,178.0,8.0,13.0,32.0,NaN,NaN
kernel,1719,calibration,216.0,33.0,111.0,170.0,9.0,13.0,25.0,19.098955989454275,NaN
kernel,1720,reference,213.0,34.0,122.0,159.0,10.0,12.0,27.0,NaN,NaN
kernel,1721,calibration,207.0,33.0,132.0,161.0,8.0,10.0,26.0,9.055106249567636,NaN
kernel,1722,reference,220.0,29.0,140.0,142.0,10.0,11.0,25.0,NaN,NaN
kernel,1723,calibration,187.0,33.0,142.0,168.0,10.0,14.0,23.0,12.050943033679829,NaN
kernel,1724,reference,197.0,37.0,132.0,167.0,10.0,11.0,23.0,NaN,NaN
kernel,1725,calibration,237.0,32.0,98.0,166.0,10.0,11.0,23.0,37.51037851104342,NaN
kernel,1726,reference,203.0,22.0,143.0,161.0,10.0,13.0,25.0,NaN,NaN
kernel,1727,calibration,178.0,28.0,170.0,154.0,9.0,13.0,25.0,27.480553934609404,NaN
kernel,1728,reference,222.0,33.0,95.0,178.0,8.0,12.0,29.0,NaN,NaN
kernel,1729,calibration,201.0,41.0,121.0,165.0,10.0,13.0,26.0,12.062149335924595,NaN
kernel,1730,reference,208.0,31.0,125.0,165.0,11.0,13.0,24.0,NaN,NaN
kernel,1731,calibration,206.0,30.0,138.0,159.0,8.0,13.0,23.0,8.987293072289855,NaN
kernel,1732,reference,214.0,37.0,107.0,172.0,9.0,13.0,25.0,NaN,NaN
kernel,1733,calibration,201.0,35.0,151.0,145.0,11.0,13.0,21.0,15.356140480363585,NaN
kernel,1734,reference,203.0,34.0,121.0,172.0,8.0,11.0,28.0,NaN,NaN
kernel,1735,calibration,154.0,29.0,186.0,161.0,6.0,14.0,27.0,51.757991424699725,NaN
kernel,1736,reference,202.0,30.0,160.0,144.0,8.0,10.0,23.0,NaN,NaN
kernel,1737,calibration,211.0,34.0,121.0,169.0,9.0,13.0,20.0,13.282149319956787,NaN
kernel,1738,reference,201.0,32.0,145.0,156.0,9.0,11.0,23.0,NaN,NaN
kernel,1739,calibration,201.0,37.0,130.0,165.0,10.0,12.0,22.0,8.812123271015132,NaN
kernel,1740,reference,193.0,27.0,157.0,155.0,9.0,13.0,23.0,NaN,NaN
kernel,1741,calibration,196.0,40.0,129.0,165.0,11.0,13.0,23.0,10.06153309242804,NaN
kernel,1742,reference,200.0,36.0,140.0,158.0,8.0,12.0,23.0,NaN,NaN
kernel,1743,calibration,199.0,35.0,129.0,164.0,10.0,14.0,26.0,8.841182162654817,NaN
kernel,1744,reference,185.0,35.0,150.0,162.0,8.0,13.0,24.0,NaN,NaN
kernel,1745,calibration,197.0,34.0,138.0,164.0,10.0,13.0,21.0,8.462505552698957,NaN
kernel,1746,reference,213.0,42.0,100.0,173.0,11.0,13.0,25.0,NaN,NaN
kernel,1747,calibration,211.0,36.0,109.0,174.0,10.0,14.0,23.0,19.871883878035277,NaN
kernel,1748,reference,177.0,32.0,154.0,167.0,10.0,14.0,23.0,NaN,NaN
kernel,1749,calibration,187.0,34.0,135.0,173.0,11.0,13.0,24.0,13.282469660869381,NaN
kernel,1750,reference,215.0,45.0,86.0,185.0,9.0,12.0,25.0,NaN,NaN
kernel,1751,calibration,225.0,37.0,83.0,181.0,10.0,14.0,27.0,45.07300962726735,NaN
kernel,1752,reference,227.0,42.0,95.0,171.0,9.0,11.0,22.0,NaN,NaN
kernel,1753,calibration,228.0,34.0,99.0,173.0,8.0,10.0,25.0,32.38807331224029,NaN
kernel,1754,reference,227.0,32.0,120.0,155.0,7.0,11.0,25.0,NaN,NaN
kernel,1755,calibration,188.0,37.0,128.0,174.0,10.0,12.0,28.0,14.501858931726844,NaN
kernel,1756,reference,196.0,27.0,133.0,171.0,11.0,12.0,27.0,NaN,NaN
kernel,1757,calibration,192.0,30.0,150.0,161.0,8.0,13.0,23.0,11.68405328356691,NaN
kernel,1758,reference,175.0,25.0,197.0,137.0,9.0,13.0,21.0,NaN,NaN
kernel,1759,calibration,211.0,42.0,97.0,177.0,10.0,12.0,28.0,29.62127883768847,NaN
kernel,1760,reference,223.0,41.0,90.0,178.0,9.0,13.0,23.0,NaN,NaN
kernel,1761,calibration,214.0,30.0,138.0,153.0,8.0,13.0,21.0,12.793376580937796,NaN
kernel,1762,reference,192.0,28.0,160.0,149.0,11.0,13.0,24.0,NaN,NaN
kernel,1763,calibration,188.0,28.0,165.0,149.0,8.0,12.0,27.0,22.06766841660805,NaN
kernel,1764,reference,201.0,35.0,132.0,164.0,11.0,12.0,22.0,NaN,NaN
kernel,1765,calibration,190.0,22.0,175.0,146.0,10.0,12.0,22.0,30.10070272401152,NaN
kernel,1766,reference,213.0,40.0,102.0,172.0,9.0,12.0,29.0,NaN,NaN
kernel,1767,calibration,197.0,36.0,131.0,164.0,10.0,13.0,26.0,8.758736733964966,NaN
kernel,1768,reference,207.0,35.0,126.0,161.0,10.0,12.0,26.0,NaN,NaN
kernel,1769,calibration,195.0,37.0,135.0,163.0,11.0,14.0,22.0,8.908515661094732,NaN
kernel,1770,reference,187.0,30.0,155.0,158.0,10.0,13.0,24.0,NaN,NaN
kernel,1771,calibration,216.0,38.0,114.0,164.0,11.0,11.0,23.0,17.108176000170864,NaN
kernel,1772,reference,204.0,38.0,119.0,170.0,10.0,12.0,24.0,NaN,NaN
kernel,1773,calibration,212.0,34.0,125.0,164.0,9.0,9.0,24.0,11.591525434861104,NaN
kernel,1774,reference,190.0,21.0,174.0,147.0,9.0,12.0,24.0,NaN,NaN
kernel,1775,calibration,184.0,31.0,158.0,159.0,8.0,13.0,24.0,17.430579905010866,NaN
kernel,1776,reference,202.0,32.0,126.0,169.0,8.0,13.0,27.0,NaN,NaN
kernel,1777,calibration,189.0,36.0,145.0,159.0,9.0,12.0,27.0,11.333749495063302,NaN
kernel,1778,reference,204.0,34.0,125.0,173.0,7.0,11.0,23.0,NaN,NaN
kernel,1779,calibration,182.0,35.0,138.0,174.0,9.0,12.0,27.0,16.06989092037457,NaN
kernel,1780,reference,178.0,24.0,197.0,134.0,9.0,13.0,22.0,NaN,NaN
kernel,1781,calibration,225.0,46.0,78.0,181.0,8.0,11.0,28.0,50.29706531428096,NaN
kernel,1782,reference,202.0,34.0,130.0,166.0,9.0,13.0,23.0,NaN,NaN
kernel,1783,calibration,222.0,40.0,110.0,161.0,10.0,12.0,22.0,22.11764902624445,NaN
kernel,1784,reference,222.0,23.0,134.0,154.0,10.0,10.0,24.0,NaN,NaN
kernel,1785,calibration,206.0,39.0,103.0,185.0,7.0,11.0,26.0,27.97671736254344,NaN
kernel,1786,reference,196.0,32.0,156.0,149.0,10.0,12.0,22.0,NaN,NaN
kernel,1787,calibration,187.0,36.0,133.0,171.0,10.0,13.0,27.0,12.928100935795946,NaN
kernel,1788,reference,205.0,35.0,123.0,168.0,8.0,12.0,26.0,NaN,NaN
kernel,1789,calibration,212.0,40.0,125.0,153.0,9.0,12.0,26.0,13.660400320544035,NaN
kernel,1790,reference,189.0,35.0,130.0,171.0,9.0,13.0,30.0,NaN,NaN
kernel,1791,calibration,173.0,35.0,154.0,169.0,9.0,13.0,24.0,22.649194682986845,NaN
kernel,1792,reference,164.0,33.0,176.0,160.0,10.0,12.0,22.0,NaN,NaN
kernel,1793,calibration,194.0,37.0,125.0,177.0,7.0,13.0,24.0,14.484871126835536,NaN
kernel,1794,reference,185.0,33.0,169.0,143.0,9.0,12.0,26.0,NaN,NaN
kernel,1795,calibration,185.0,37.0,160.0,146.0,10.0,13.0,26.0,21.241848444092504,NaN
kernel,1796,reference,203.0,36.0,129.0,161.0,10.0,13.0,25.0,NaN,NaN
kernel,1797,calibration,207.0,32.0,142.0,151.0,10.0,14.0,21.0,11.361196354096727,NaN
kernel,1798,reference,193.0,42.0,124.0,171.0,10.0,13.0,24.0,NaN,NaN
kernel,1799,calibration,187.0,33.0,173.0,138.0,10.0,12.0,24.0,31.1601682080697,NaN
kernel,1800,reference,218.0,29.0,158.0,133.0,9.0,12.0,18.0,NaN,NaN
kernel,1801,calibration,204.0,27.0,156.0,152.0,9.0,10.0,19.0,16.095847117074904,NaN
kernel,1802,reference,178.0,38.0,137.0,177.0,10.0,13.0,24.0,NaN,NaN
kernel,1803,calibration,219.0,39.0,97.0,172.0,9.0,14.0,27.0,29.7907822828846,NaN
kernel,1804,reference,202.0,36.0,117.0,180.0,10.0,12.0,20.0,NaN,NaN
kernel,1805,calibration,177.0,40.0,126.0,181.0,9.0,13.0,31.0,24.06332029374174,NaN
kernel,1806,reference,208.0,32.0,155.0,140.0,7.0,13.0,22.0,NaN,NaN
kernel,1807,calibration,175.0,33.0,159.0,163.0,10.0,12.0,25.0,22.4456958526968,NaN
kernel,1808,reference,199.0,37.0,134.0,165.0,7.0,12.0,23.0,NaN,NaN
kernel,1809,calibration,181.0,26.0,174.0,152.0,9.0,13.0,22.0,29.50604915248848,NaN
kernel,1810,reference,220.0,35.0,124.0,148.0,9.0,14.0,27.0,NaN,NaN
kernel,1811,calibration,214.0,31.0,137.0,151.0,8.0,12.0,24.0,13.077070753892954,NaN
kernel,1812,reference,200.0,35.0,149.0,151.0,9.0,13.0,20.0,NaN,NaN
kernel,1813,calibration,180.0,36.0,161.0,156.0,10.0,12.0,22.0,21.061717145982513,NaN
kernel,1814,reference,243.0,39.0,82.0,162.0,10.0,14.0,27.0,NaN,NaN
kernel,1815,calibration,199.0,34.0,136.0,163.0,9.0,12.0,24.0,7.936876560246809,NaN
kernel,1816,reference,195.0,34.0,128.0,171.0,9.0,13.0,27.0,NaN,NaN
kernel,1817,calibration,212.0,38.0,108.0,168.0,8.0,14.0,29.0,19.850936676509633,NaN
kernel,1818,reference,198.0,28.0,142.0,161.0,10.0,13.0,25.0,NaN,NaN
kernel,1819,calibration,162.0,22.0,173.0,172.0,10.0,12.0,26.0,40.60104877172785,NaN
kernel,1820,reference,199.0,32.0,135.0,162.0,7.0,14.0,28.0,NaN,NaN
kernel,1821,calibration,198.0,41.0,109.0,180.0,10.0,13.0,26.0,22.379433117490876,NaN
kernel,1822,reference,174.0,31.0,166.0,161.0,10.0,12.0,23.0,NaN,NaN
kernel,1823,calibration,200.0,39.0,116.0,171.0,8.0,13.0,30.0,15.427276937076336,NaN
kernel,1824,reference,182.0,30.0,158.0,161.0,9.0,13.0,24.0,NaN,NaN
kernel,1825,calibration,178.0,34.0,169.0,155.0,9.0,14.0,18.0,26.973163399909147,NaN
kernel,1826,reference,219.0,38.0,102.0,174.0,10.0,10.0,24.0,NaN,NaN
kernel,1827,calibration,216.0,33.0,125.0,157.0,9.0,12.0,25.0,13.350701283042419,NaN
kernel,1828,reference,215.0,38.0,112.0,168.0,9.0,13.0,22.0,NaN,NaN
kernel,1829,calibration,211.0,27.0,138.0,158.0,10.0,12.0,21.0,11.2400056957601,NaN
kernel,1830,reference,205.0,45.0,100.0,179.0,10.0,14.0,24.0,NaN,NaN
kernel,1831,calibration,216.0,33.0,113.0,166.0,9.0,12.0,28.0,17.70594318366274,NaN
kernel,1832,reference,200.0,30.0,138.0,164.0,8.0,14.0,23.0,NaN,NaN
kernel,1833,calibration,191.0,29.0,162.0,151.0,11.0,14.0,19.0,19.203374970775407,NaN
kernel,1834,reference,231.0,21.0,153.0,125.0,10.0,12.0,25.0,NaN,NaN
kernel,1835,calibration,203.0,39.0,114.0,170.0,12.0,14.0,25.0,15.580264133001798,NaN
kernel,1836,reference,202.0,37.0,141.0,149.0,9.0,13.0,26.0,NaN,NaN
kernel,1837,calibration,212.0,30.0,154.0,140.0,8.0,13.0,20.0,21.300339927764853,NaN
kernel,1838,reference,213.0,32.0,124.0,161.0,10.0,12.0,25.0,NaN,NaN
kernel,1839,calibration,186.0,30.0,164.0,156.0,9.0,12.0,20.0,20.483661043679,NaN
kernel,1840,reference,220.0,26.0,128.0,160.0,10.0,13.0,20.0,NaN,NaN
kernel,1841,calibration,193.0,22.0,168.0,151.0,7.0,13.0,23.0,23.78038624815389,NaN
kernel,1842,reference,209.0,30.0,139.0,153.0,10.0,13.0,23.0,NaN,NaN
kernel,1843,calibration,200.0,34.0,136.0,163.0,9.0,12.0,23.0,7.928553670813173,NaN
kernel,1844,reference,188.0,35.0,148.0,159.0,8.0,13.0,26.0,NaN,NaN
kernel,1845,calibration,201.0,27.0,131.0,171.0,10.0,12.0,25.0,10.913164418828305,NaN
kernel,1846,reference,217.0,41.0,98.0,173.0,11.0,13.0,24.0,NaN,NaN
kernel,1847,calibration,230.0,30.0,104.0,169.0,6.0,12.0,26.0,30.185091552226417,NaN
kernel,1848,reference,213.0,28.0,119.0,168.0,10.0,12.0,27.0,NaN,NaN
kernel,1849,calibration,198.0,34.0,127.0,165.0,10.0,12.0,31.0,10.425980694739817,NaN
kernel,1850,reference,200.0,37.0,114.0,177.0,10.0,14.0,25.0,NaN,NaN
kernel,1851,calibration,196.0,42.0,117.0,176.0,9.0,13.0,24.0,17.149183072609418,NaN
kernel,1852,reference,210.0,34.0,131.0,152.0,10.0,13.0,27.0,NaN,NaN
kernel,1853,calibration,190.0,34.0,146.0,162.0,11.0,12.0,22.0,10.913264655071462,NaN
kernel,1854,reference,207.0,39.0,106.0,178.0,10.0,12.0,25.0,NaN,NaN
kernel,1855,calibration,189.0,38.0,131.0,174.0,8.0,13.0,24.0,13.526523221529914,NaN
kernel,1856,reference,213.0,30.0,138.0,154.0,8.0,13.0,21.0,NaN,NaN
kernel,1857,calibration,180.0,30.0,182.0,145.0,9.0,13.0,18.0,37.212272251335456,NaN
kernel,1858,reference,193.0,35.0,149.0,155.0,10.0,12.0,23.0,NaN,NaN
kernel,1859,calibration,216.0,40.0,110.0,166.0,9.0,9.0,27.0,19.8104119384272,NaN
kernel,1860,reference,218.0,24.0,147.0,143.0,11.0,13.0,21.0,NaN,NaN
kernel,1861,calibration,222.0,36.0,126.0,145.0,9.0,12.0,27.0,20.34262883623284,NaN
kernel,1862,reference,177.0,41.0,133.0,176.0,10.0,14.0,26.0,NaN,NaN
kernel,1863,calibration,202.0,36.0,119.0,178.0,7.0,11.0,24.0,15.904574612469759,NaN
kernel,1864,reference,201.0,31.0,141.0,158.0,9.0,13.0,24.0,NaN,NaN
kernel,1865,calibration,217.0,39.0,105.0,168.0,10.0,13.0,25.0,22.836376164980635,NaN
kernel,1866,reference,199.0,37.0,122.0,173.0,10.0,13.0,23.0,NaN,NaN
kernel,1867,calibration,217.0,37.0,121.0,156.0,8.0,12.0,26.0,15.368663347579513,NaN
kernel,1868,reference,209.0,39.0,102.0,180.0,9.0,12.0,26.0,NaN,NaN
kernel,1869,calibration,205.0,38.0,120.0,167.0,10.0,14.0,23.0,12.079522333154408,NaN
kernel,1870,reference,199.0,23.0,171.0,139.0,8.0,12.0,25.0,NaN,NaN
kernel,1871,calibration,206.0,42.0,103.0,177.0,10.0,13.0,26.0,24.730370251874277,NaN
kernel,1872,reference,199.0,33.0,146.0,157.0,9.0,12.0,21.0,NaN,NaN
kernel,1873,calibration,193.0,33.0,147.0,162.0,11.0,12.0,19.0,10.871424290381643,NaN
kernel,1874,reference,207.0,25.0,140.0,157.0,9.0,12.0,27.0,NaN,NaN
kernel,1875,calibration,202.0,34.0,137.0,159.0,11.0,12.0,22.0,8.186341596092195,NaN
kernel,1876,reference,204.0,40.0,117.0,172.0,10.0,12.0,22.0,NaN,NaN
kernel,1877,calibration,219.0,37.0,103.0,166.0,10.0,14.0,28.0,24.74791314979396,NaN
kernel,1878,reference,212.0,35.0,119.0,164.0,9.0,14.0,24.0,NaN,NaN
kernel,1879,calibration,205.0,39.0,102.0,181.0,10.0,13.0,27.0,26.56021258419218,NaN
kernel,1880,reference,206.0,26.0,146.0,154.0,11.0,12.0,22.0,NaN,NaN
kernel,1881,calibration,217.0,36.0,126.0,155.0,9.0,12.0,22.0,14.14069009410862,NaN
kernel,1882,reference,199.0,35.0,129.0,166.0,10.0,12.0,26.0,NaN,NaN
kernel,1883,calibration,204.0,25.0,144.0,166.0,8.0,12.0,18.0,12.067964378452462,NaN
kernel,1884,reference,227.0,34.0,104.0,166.0,9.0,12.0,25.0,NaN,NaN
kernel,1885,calibration,208.0,30.0,146.0,149.0,12.0,11.0,21.0,13.439328844210635,NaN
kernel,1886,reference,197.0,37.0,121.0,174.0,10.0,12.0,26.0,NaN,NaN
kernel,1887,calibration,158.0,40.0,159.0,175.0,11.0,11.0,23.0,37.00574239169671,NaN
kernel,1888,reference,164.0,32.0,165.0,169.0,10.0,12.0,25.0,NaN,NaN
kernel,1889,calibration,193.0,39.0,139.0,161.0,10.0,13.0,22.0,9.685777479511607,NaN
kernel,1890,reference,214.0,39.0,102.0,176.0,10.0,13.0,23.0,NaN,NaN
kernel,1891,calibration,208.0,35.0,152.0,141.0,10.0,11.0,20.0,18.92709000660186,NaN
kernel,1892,reference,190.0,38.0,126.0,173.0,9.0,13.0,28.0,NaN,NaN
kernel,1893,calibration,207.0,30.0,138.0,158.0,11.0,11.0,22.0,9.41526252763078,NaN
kernel,1894,reference,178.0,31.0,159.0,162.0,10.0,13.0,24.0,NaN,NaN
kernel,1895,calibration,203.0,39.0,130.0,157.0,10.0,13.0,25.0,9.583630701294528,NaN
kernel,1896,reference,198.0,28.0,144.0,159.0,12.0,13.0,23.0,NaN,NaN
kernel,1897,calibration,222.0,29.0,135.0,148.0,10.0,10.0,23.0,18.379325852553194,NaN
kernel,1898,reference,210.0,34.0,127.0,162.0,9.0,11.0,24.0,NaN,NaN
kernel,1899,calibration,202.0,30.0,129.0,166.0,9.0,12.0,29.0,9.759344128364106,NaN
kernel,1900,reference,167.0,30.0,160.0,170.0,12.0,14.0,24.0,NaN,NaN
kernel,1901,calibration,203.0,31.0,151.0,151.0,7.0,13.0,21.0,13.201229378844552,NaN
kernel,1902,reference,205.0,23.0,160.0,146.0,9.0,14.0,20.0,NaN,NaN
kernel,1903,calibration,195.0,33.0,147.0,155.0,11.0,12.0,24.0,10.538050801110945,NaN
kernel,1904,reference,190.0,43.0,121.0,175.0,9.0,13.0,26.0,NaN,NaN
kernel,1905,calibration,151.0,31.0,201.0,147.0,11.0,13.0,23.0,65.07740535257247,NaN
kernel,1906,reference,174.0,29.0,182.0,149.0,11.0,14.0,18.0,NaN,NaN
kernel,1907,calibration,215.0,34.0,114.0,171.0,9.0,11.0,23.0,17.515899291750415,NaN
kernel,1908,reference,184.0,30.0,149.0,167.0,11.0,12.0,24.0,NaN,NaN
kernel,1909,calibration,204.0,39.0,119.0,164.0,11.0,13.0,27.0,12.492575456812425,NaN
kernel,1910,reference,206.0,27.0,127.0,168.0,12.0,13.0,24.0,NaN,NaN
kernel,1911,calibration,195.0,23.0,159.0,156.0,10.0,11.0,23.0,17.163277386925287,NaN
kernel,1912,reference,230.0,34.0,114.0,151.0,9.0,13.0,26.0,NaN,NaN
kernel,1913,calibration,210.0,28.0,151.0,143.0,8.0,13.0,24.0,18.097071098173018,NaN
kernel,1914,reference,197.0,34.0,133.0,168.0,10.0,10.0,25.0,NaN,NaN
kernel,1915,calibration,213.0,27.0,127.0,162.0,9.0,14.0,25.0,12.283706103802192,NaN
kernel,1916,reference,221.0,39.0,77.0,189.0,6.0,10.0,35.0,NaN,NaN
kernel,1917,calibration,197.0,29.0,145.0,159.0,9.0,13.0,25.0,9.633848201621838,NaN
kernel,1918,reference,190.0,34.0,147.0,159.0,9.0,13.0,25.0,NaN,NaN
kernel,1919,calibration,169.0,29.0,166.0,167.0,10.0,13.0,23.0,30.21563792801097,NaN
kernel,1920,reference,236.0,38.0,85.0,173.0,7.0,11.0,27.0,NaN,NaN
kernel,1921,calibration,185.0,22.0,167.0,155.0,10.0,14.0,24.0,24.107445766301666,NaN
kernel,1922,reference,171.0,30.0,162.0,168.0,9.0,12.0,25.0,NaN,NaN
kernel,1923,calibration,214.0,40.0,92.0,182.0,8.0,13.0,28.0,35.44728415770181,NaN
kernel,1924,reference,200.0,30.0,132.0,171.0,7.0,12.0,25.0,NaN,NaN
kernel,1925,calibration,215.0,32.0,126.0,157.0,11.0,13.0,23.0,12.791429127405507,NaN
kernel,1926,reference,211.0,35.0,142.0,146.0,11.0,13.0,19.0,NaN,NaN
kernel,1927,calibration,187.0,37.0,144.0,170.0,6.0,10.0,23.0,13.525613080420122,NaN
kernel,1928,reference,187.0,39.0,124.0,175.0,9.0,12.0,31.0,NaN,NaN
kernel,1929,calibration,193.0,17.0,171.0,150.0,9.0,13.0,24.0,27.618294741703608,NaN
kernel,1930,reference,181.0,34.0,146.0,172.0,8.0,12.0,24.0,NaN,NaN
kernel,1931,calibration,216.0,31.0,122.0,162.0,9.0,12.0,25.0,13.847368814664627,NaN
kernel,1932,reference,210.0,33.0,145.0,151.0,8.0,11.0,19.0,NaN,NaN
kernel,1933,calibration,161.0,34.0,166.0,171.0,8.0,12.0,25.0,36.194984628542926,NaN
kernel,1934,reference,226.0,44.0,81.0,178.0,12.0,10.0,26.0,NaN,NaN
kernel,1935,calibration,229.0,35.0,92.0,176.0,8.0,13.0,24.0,38.31846681535031,NaN
kernel,1936,reference,213.0,33.0,132.0,155.0,8.0,12.0,24.0,NaN,NaN
kernel,1937,calibration,199.0,37.0,117.0,174.0,10.0,14.0,26.0,15.169258272138038,NaN
kernel,1938,reference,205.0,34.0,121.0,172.0,12.0,11.0,22.0,NaN,NaN
kernel,1939,calibration,190.0,36.0,131.0,171.0,8.0,13.0,28.0,12.184397822958562,NaN
kernel,1940,reference,228.0,26.0,143.0,134.0,10.0,13.0,23.0,NaN,NaN
kernel,1941,calibration,190.0,29.0,174.0,145.0,6.0,12.0,21.0,28.74169633461898,NaN
kernel,1942,reference,198.0,33.0,140.0,160.0,11.0,11.0,24.0,NaN,NaN
kernel,1943,calibration,181.0,43.0,136.0,168.0,11.0,13.0,25.0,16.23656300421738,NaN
kernel,1944,reference,199.0,45.0,113.0,175.0,10.0,12.0,23.0,NaN,NaN
kernel,1945,calibration,217.0,33.0,114.0,168.0,8.0,12.0,25.0,17.662959784725658,NaN
kernel,1946,reference,229.0,35.0,142.0,132.0,9.0,12.0,18.0,NaN,NaN
kernel,1947,calibration,189.0,32.0,175.0,135.0,9.0,12.0,25.0,33.57305396967433,NaN
kernel,1948,reference,204.0,34.0,143.0,150.0,9.0,12.0,25.0,NaN,NaN
kernel,1949,calibration,209.0,34.0,129.0,160.0,9.0,13.0,23.0,9.63894478450067,NaN
kernel,1950,reference,208.0,34.0,145.0,148.0,8.0,13.0,21.0,NaN,NaN
kernel,1951,calibration,211.0,36.0,116.0,164.0,10.0,12.0,28.0,14.5681090883621,NaN
kernel,1952,reference,190.0,32.0,152.0,160.0,9.0,14.0,20.0,NaN,NaN
kernel,1953,calibration,174.0,32.0,159.0,166.0,8.0,13.0,25.0,23.431400904585338,NaN
kernel,1954,reference,188.0,26.0,170.0,148.0,11.0,13.0,21.0,NaN,NaN
kernel,1955,calibration,210.0,31.0,127.0,158.0,9.0,13.0,29.0,11.25558827845893,NaN
kernel,1956,reference,204.0,43.0,105.0,172.0,12.0,12.0,29.0,NaN,NaN
kernel,1957,calibration,199.0,35.0,146.0,153.0,10.0,13.0,21.0,10.673743652952425,NaN
kernel,1958,reference,210.0,38.0,99.0,181.0,11.0,14.0,24.0,NaN,NaN
kernel,1959,calibration,217.0,45.0,85.0,178.0,10.0,12.0,30.0,41.32753940172355,NaN
kernel,1960,reference,217.0,37.0,113.0,165.0,12.0,11.0,22.0,NaN,NaN
kernel,1961,calibration,196.0,36.0,120.0,176.0,10.0,11.0,28.0,15.290074411115356,NaN
kernel,1962,reference,196.0,37.0,122.0,174.0,7.0,14.0,27.0,NaN,NaN
kernel,1963,calibration,213.0,33.0,140.0,149.0,9.0,10.0,23.0,13.660701186929295,NaN
kernel,1964,reference,207.0,39.0,118.0,163.0,10.0,13.0,27.0,NaN,NaN
kernel,1965,calibration,203.0,33.0,130.0,165.0,10.0,13.0,23.0,8.600806187956564,NaN
kernel,1966,reference,181.0,36.0,143.0,172.0,10.0,12.0,23.0,NaN,NaN
kernel,1967,calibration,204.0,33.0,143.0,149.0,10.0,13.0,25.0,11.57293858808766,NaN
kernel,1968,reference,201.0,33.0,133.0,165.0,9.0,14.0,22.0,NaN,NaN
kernel,1969,calibration,198.0,37.0,131.0,165.0,10.0,11.0,25.0,8.817334567251798,NaN
kernel,1970,reference,189.0,36.0,137.0,169.0,10.0,13.0,23.0,NaN,NaN
kernel,1971,calibration,185.0,35.0,146.0,162.0,11.0,12.0,26.0,12.877965971248315,NaN
kernel,1972,reference,218.0,42.0,99.0,174.0,10.0,13.0,21.0,NaN,NaN
kernel,1973,calibration,203.0,31.0,135.0,160.0,11.0,13.0,24.0,8.226727760619102,NaN
kernel,1974,reference,189.0,38.0,147.0,160.0,11.0,12.0,20.0,NaN,NaN
kernel,1975,calibration,243.0,30.0,102.0,156.0,10.0,14.0,22.0,40.0277686584031,NaN
kernel,1976,reference,221.0,34.0,122.0,156.0,7.0,13.0,24.0,NaN,NaN
kernel,1977,calibration,189.0,36.0,146.0,166.0,8.0,12.0,20.0,12.121500689780465,NaN
kernel,1978,reference,203.0,41.0,124.0,161.0,12.0,12.0,24.0,NaN,NaN
kernel,1979,calibration,187.0,28.0,182.0,136.0,9.0,13.0,22.0,38.49617008706757,NaN
kernel,1980,reference,189.0,29.0,152.0,165.0,12.0,14.0,16.0,NaN,NaN
kernel,1981,calibration,225.0,36.0,86.0,186.0,9.0,12.0,23.0,44.472211617728114,NaN
kernel,1982,reference,194.0,36.0,139.0,162.0,10.0,13.0,23.0,NaN,NaN
kernel,1983,calibration,204.0,32.0,137.0,159.0,8.0,13.0,24.0,8.339794411285396,NaN
kernel,1984,reference,218.0,33.0,135.0,146.0,9.0,9.0,27.0,NaN,NaN
kernel,1985,calibration,210.0,36.0,110.0,173.0,8.0,12.0,28.0,18.969409160407345,NaN
kernel,1986,reference,223.0,34.0,114.0,163.0,8.0,12.0,23.0,NaN,NaN
kernel,1987,calibration,218.0,39.0,101.0,176.0,8.0,13.0,22.0,27.698052174731906,NaN
kernel,1988,reference,211.0,28.0,138.0,154.0,9.0,12.0,25.0,NaN,NaN
kernel,1989,calibration,214.0,41.0,100.0,170.0,10.0,14.0,28.0,26.19846753456781,NaN
kernel,1990,reference,207.0,37.0,114.0,169.0,8.0,14.0,28.0,NaN,NaN
kernel,1991,calibration,212.0,33.0,105.0,177.0,9.0,13.0,28.0,23.734763745592332,NaN
kernel,1992,reference,185.0,30.0,156.0,164.0,7.0,14.0,21.0,NaN,NaN
kernel,1993,calibration,219.0,30.0,128.0,153.0,10.0,12.0,25.0,15.396312213600964,NaN
kernel,1994,reference,151.0,37.0,182.0,161.0,9.0,12.0,25.0,NaN,NaN
kernel,1995,calibration,220.0,38.0,91.0,177.0,11.0,14.0,26.0,35.79871501102952,NaN
kernel,1996,reference,214.0,33.0,122.0,160.0,11.0,12.0,25.0,NaN,NaN
kernel,1997,calibration,196.0,30.0,143.0,158.0,11.0,12.0,27.0,9.520549833668376,NaN
kernel,1998,reference,197.0,28.0,155.0,153.0,10.0,13.0,21.0,NaN,NaN
kernel,1999,calibration,194.0,33.0,136.0,168.0,8.0,13.0,25.0,9.495534868691841,NaN
kernel,2000,reference,205.0,34.0,138.0,156.0,9.0,14.0,21.0,NaN,NaN
kernel,2001,calibration,208.0,35.0,113.0,177.0,9.0,10.0,25.0,18.368683361709493,NaN
kernel,2002,reference,218.0,33.0,120.0,162.0,10.0,11.0,23.0,NaN,NaN
kernel,2003,calibration,215.0,36.0,118.0,163.0,9.0,13.0,23.0,14.676199251339348,NaN
kernel,2004,reference,192.0,33.0,116.0,184.0,9.0,13.0,30.0,NaN,NaN
kernel,2005,calibration,224.0,31.0,115.0,162.0,10.0,11.0,24.0,20.470322706795315,NaN
kernel,2006,reference,187.0,31.0,150.0,164.0,8.0,11.0,26.0,NaN,NaN
kernel,2007,calibration,190.0,30.0,152.0,158.0,10.0,13.0,24.0,12.889334658324834,NaN
kernel,2008,reference,227.0,32.0,114.0,160.0,8.0,12.0,24.0,NaN,NaN
kernel,2009,calibration,193.0,37.0,125.0,177.0,8.0,13.0,24.0,14.645530824226142,NaN
kernel,2010,reference,195.0,44.0,116.0,172.0,10.0,12.0,28.0,NaN,NaN
kernel,2011,calibration,194.0,33.0,151.0,160.0,6.0,14.0,19.0,12.254180341527277,NaN
kernel,2012,reference,194.0,27.0,163.0,148.0,10.0,12.0,23.0,NaN,NaN
kernel,2013,calibration,187.0,38.0,136.0,165.0,11.0,13.0,27.0,11.8047632530062,NaN
kernel,2014,reference,185.0,34.0,162.0,151.0,8.0,13.0,24.0,NaN,NaN
kernel,2015,calibration,216.0,39.0,112.0,166.0,9.0,11.0,24.0,18.274337098563834,NaN
kernel,2016,reference,178.0,25.0,185.0,145.0,9.0,14.0,21.0,NaN,NaN
kernel,2017,calibration,212.0,39.0,112.0,165.0,11.0,12.0,26.0,17.034705253619492,NaN
kernel,2018,reference,191.0,31.0,137.0,171.0,9.0,14.0,24.0,NaN,NaN
kernel,2019,calibration,186.0,37.0,145.0,164.0,8.0,14.0,23.0,12.554000958934125,NaN
kernel,2020,reference,191.0,42.0,128.0,167.0,9.0,12.0,28.0,NaN,NaN
kernel,2021,calibration,212.0,33.0,132.0,156.0,9.0,12.0,23.0,10.832782236857273,NaN
kernel,2022,reference,202.0,37.0,122.0,169.0,10.0,12.0,25.0,NaN,NaN
kernel,2023,calibration,248.0,39.0,80.0,167.0,11.0,8.0,24.0,57.038126365419885,NaN
kernel,2024,reference,199.0,28.0,165.0,140.0,10.0,13.0,22.0,NaN,NaN
kernel,2025,calibration,165.0,31.0,154.0,179.0,8.0,13.0,27.0,31.329431420784367,NaN
kernel,2026,reference,193.0,29.0,160.0,151.0,9.0,14.0,21.0,NaN,NaN
kernel,2027,calibration,204.0,43.0,107.0,173.0,10.0,13.0,27.0,21.144370772170333,NaN
kernel,2028,reference,224.0,35.0,112.0,159.0,9.0,13.0,25.0,NaN,NaN
kernel,2029,calibration,206.0,37.0,129.0,162.0,12.0,12.0,19.0,9.851375883875317,NaN
kernel,2030,reference,183.0,35.0,165.0,154.0,9.0,10.0,21.0,NaN,NaN
kernel,2031,calibration,199.0,33.0,152.0,146.0,9.0,12.0,26.0,15.022322911952337,NaN
kernel,2032,reference,207.0,27.0,137.0,156.0,11.0,13.0,26.0,NaN,NaN
kernel,2033,calibration,221.0,36.0,109.0,164.0,7.0,14.0,26.0,21.745327227824248,NaN
kernel,2034,reference,219.0,39.0,106.0,169.0,11.0,12.0,21.0,NaN,NaN
kernel,2035,calibration,186.0,35.0,156.0,154.0,10.0,12.0,24.0,16.323297520235208,NaN
kernel,2036,reference,184.0,34.0,156.0,157.0,7.0,14.0,25.0,NaN,NaN
kernel,2037,calibration,196.0,32.0,146.0,160.0,10.0,13.0,20.0,9.875963219142005,NaN
kernel,2038,reference,208.0,44.0,100.0,180.0,9.0,11.0,25.0,NaN,NaN
kernel,2039,calibration,218.0,39.0,114.0,161.0,11.0,13.0,21.0,18.270398816180922,NaN
kernel,2040,reference,163.0,24.0,178.0,165.0,10.0,13.0,24.0,NaN,NaN
kernel,2041,calibration,202.0,35.0,118.0,170.0,10.0,13.0,29.0,13.564281970832212,NaN
kernel,2042,reference,194.0,38.0,121.0,175.0,11.0,13.0,25.0,NaN,NaN
kernel,2043,calibration,182.0,34.0,137.0,175.0,8.0,14.0,27.0,16.493950412589903,NaN
kernel,2044,reference,228.0,37.0,94.0,169.0,10.0,13.0,26.0,NaN,NaN
kernel,2045,calibration,200.0,35.0,117.0,172.0,10.0,14.0,29.0,14.70057273026297,NaN
kernel,2046,reference,198.0,24.0,153.0,157.0,8.0,13.0,24.0,NaN,NaN
kernel,2047,calibration,185.0,32.0,165.0,153.0,10.0,13.0,19.0,21.833095644562,NaN
kernel,2048,reference,200.0,44.0,105.0,177.0,10.0,13.0,28.0,NaN,NaN
kernel,2049,calibration,175.0,26.0,159.0,169.0,9.0,13.0,26.0,24.175390446271273,NaN
kernel,2050,reference,180.0,33.0,171.0,148.0,9.0,12.0,24.0,NaN,NaN
kernel,2051,calibration,157.0,28.0,194.0,152.0,9.0,13.0,24.0,55.76571154591538,NaN
kernel,2052,reference,180.0,32.0,154.0,164.0,10.0,13.0,24.0,NaN,NaN
kernel,2053,calibration,210.0,39.0,116.0,163.0,8.0,14.0,27.0,14.647441420574587,NaN
kernel,2054,reference,172.0,36.0,158.0,164.0,7.0,14.0,26.0,NaN,NaN
kernel,2055,calibration,199.0,31.0,146.0,151.0,10.0,12.0,28.0,11.550807109235542,NaN
kernel,2056,reference,218.0,24.0,134.0,154.0,10.0,12.0,25.0,NaN,NaN
kernel,2057,calibration,165.0,40.0,152.0,174.0,8.0,13.0,25.0,29.40230156176966,NaN
kernel,2058,reference,217.0,24.0,142.0,150.0,11.0,12.0,21.0,NaN,NaN
kernel,2059,calibration,209.0,32.0,144.0,150.0,8.0,11.0,23.0,12.543440107246404,NaN
kernel,2060,reference,185.0,32.0,153.0,162.0,11.0,13.0,21.0,NaN,NaN
kernel,2061,calibration,216.0,38.0,101.0,175.0,10.0,14.0,23.0,26.604764713489082,NaN
kernel,2062,reference,201.0,34.0,133.0,162.0,8.0,13.0,26.0,NaN,NaN
kernel,2063,calibration,189.0,33.0,138.0,170.0,7.0,12.0,28.0,11.918802805285669,NaN
kernel,2064,reference,227.0,24.0,172.0,114.0,8.0,12.0,20.0,NaN,NaN
kernel,2065,calibration,187.0,33.0,158.0,155.0,11.0,13.0,20.0,16.920479002946074,NaN
kernel,2066,reference,187.0,29.0,183.0,136.0,9.0,14.0,19.0,NaN,NaN
kernel,2067,calibration,204.0,25.0,175.0,130.0,11.0,12.0,20.0,36.641659351012514,NaN
kernel,2068,reference,210.0,38.0,122.0,161.0,11.0,12.0,23.0,NaN,NaN
kernel,2069,calibration,194.0,38.0,115.0,181.0,8.0,14.0,27.0,20.207565200930773,NaN
kernel,2070,reference,206.0,30.0,154.0,146.0,10.0,13.0,18.0,NaN,NaN
kernel,2071,calibration,218.0,35.0,100.0,175.0,8.0,14.0,27.0,27.892445483059653,NaN
kernel,2072,reference,169.0,40.0,149.0,174.0,10.0,13.0,22.0,NaN,NaN
kernel,2073,calibration,206.0,32.0,139.0,156.0,9.0,13.0,22.0,9.266233592032517,NaN
kernel,2074,reference,219.0,39.0,98.0,172.0,9.0,13.0,27.0,NaN,NaN
kernel,2075,calibration,209.0,31.0,143.0,150.0,11.0,12.0,21.0,12.48085235405042,NaN
kernel,2076,reference,190.0,29.0,151.0,164.0,10.0,14.0,19.0,NaN,NaN
kernel,2077,calibration,183.0,37.0,147.0,162.0,11.0,12.0,25.0,14.188218910958064,NaN
kernel,2078,reference,222.0,35.0,119.0,156.0,8.0,12.0,25.0,NaN,NaN
kernel,2079,calibration,182.0,36.0,143.0,169.0,10.0,13.0,24.0,14.78063712424646,NaN
kernel,2080,reference,187.0,25.0,179.0,145.0,8.0,13.0,20.0,NaN,NaN
kernel,2081,calibration,184.0,31.0,174.0,145.0,9.0,13.0,21.0,29.82280558953535,NaN
kernel,2082,reference,210.0,40.0,117.0,164.0,10.0,12.0,24.0,NaN,NaN
kernel,2083,calibration,183.0,39.0,130.0,174.0,10.0,13.0,28.0,16.62082290450288,NaN
kernel,2084,reference,203.0,35.0,132.0,164.0,12.0,13.0,18.0,NaN,NaN
kernel,2085,calibration,214.0,36.0,112.0,167.0,10.0,14.0,24.0,17.395994239019025,NaN
kernel,2086,reference,201.0,39.0,133.0,162.0,10.0,10.0,22.0,NaN,NaN
kernel,2087,calibration,212.0,32.0,131.0,157.0,10.0,12.0,23.0,10.776327236619217,NaN
kernel,2088,reference,220.0,41.0,97.0,172.0,12.0,13.0,22.0,NaN,NaN
kernel,2089,calibration,218.0,33.0,124.0,163.0,7.0,8.0,24.0,14.625279172473533,NaN
kernel,2090,reference,183.0,38.0,148.0,161.0,11.0,12.0,24.0,NaN,NaN
kernel,2091,calibration,185.0,39.0,142.0,165.0,8.0,13.0,25.0,12.963932757537599,NaN
kernel,2092,reference,219.0,25.0,133.0,154.0,10.0,12.0,24.0,NaN,NaN
kernel,2093,calibration,198.0,38.0,127.0,166.0,7.0,13.0,28.0,10.25275427518423,NaN
kernel,2094,reference,178.0,36.0,159.0,157.0,10.0,12.0,25.0,NaN,NaN
kernel,2095,calibration,209.0,45.0,96.0,180.0,10.0,11.0,26.0,31.69084266912091,NaN
kernel,2096,reference,202.0,29.0,141.0,160.0,10.0,13.0,22.0,NaN,NaN
kernel,2097,calibration,201.0,25.0,171.0,136.0,7.0,12.0,25.0,30.494148979750015,NaN
kernel,2098,reference,213.0,32.0,118.0,167.0,11.0,13.0,23.0,NaN,NaN
kernel,2099,calibration,198.0,41.0,116.0,174.0,11.0,13.0,24.0,16.337321362114253,NaN
kernel,2100,reference,239.0,40.0,84.0,170.0,8.0,10.0,26.0,NaN,NaN
kernel,2101,calibration,179.0,37.0,141.0,178.0,10.0,12.0,20.0,19.796897705012505,NaN
kernel,2102,reference,204.0,33.0,134.0,161.0,8.0,13.0,24.0,NaN,NaN
kernel,2103,calibration,204.0,34.0,130.0,163.0,9.0,13.0,24.0,8.471719477962587,NaN
kernel,2104,reference,170.0,27.0,185.0,152.0,9.0,12.0,22.0,NaN,NaN
kernel,2105,calibration,216.0,32.0,144.0,140.0,8.0,10.0,27.0,19.976689150021706,NaN
kernel,2106,reference,197.0,39.0,130.0,167.0,7.0,12.0,25.0,NaN,NaN
kernel,2107,calibration,200.0,35.0,122.0,177.0,9.0,13.0,21.0,14.48847606425295,NaN
kernel,2108,reference,198.0,40.0,117.0,172.0,10.0,13.0,27.0,NaN,NaN
kernel,2109,calibration,178.0,23.0,175.0,154.0,8.0,13.0,26.0,31.76323957264544,NaN
kernel,2110,reference,215.0,30.0,134.0,155.0,9.0,13.0,21.0,NaN,NaN
kernel,2111,calibration,188.0,22.0,174.0,152.0,9.0,12.0,20.0,28.56712649531255,NaN
kernel,2112,reference,193.0,37.0,117.0,177.0,9.0,11.0,33.0,NaN,NaN
kernel,2113,calibration,193.0,26.0,150.0,163.0,11.0,12.0,22.0,12.53486166886967,NaN
kernel,2114,reference,193.0,30.0,144.0,165.0,9.0,13.0,23.0,NaN,NaN
kernel,2115,calibration,183.0,30.0,156.0,161.0,11.0,14.0,22.0,17.090024592062484,NaN
kernel,2116,reference,172.0,36.0,155.0,170.0,10.0,13.0,21.0,NaN,NaN
kernel,2117,calibration,203.0,37.0,129.0,162.0,9.0,13.0,24.0,8.767712360019999,NaN
kernel,2118,reference,195.0,35.0,127.0,172.0,8.0,12.0,28.0,NaN,NaN
kernel,2119,calibration,197.0,34.0,145.0,159.0,12.0,12.0,18.0,10.14630123978695,NaN
kernel,2120,reference,219.0,26.0,142.0,147.0,10.0,10.0,23.0,NaN,NaN
kernel,2121,calibration,200.0,36.0,143.0,155.0,7.0,14.0,22.0,9.72540927725813,NaN
kernel,2122,reference,231.0,31.0,127.0,145.0,10.0,11.0,22.0,NaN,NaN
kernel,2123,calibration,218.0,42.0,92.0,176.0,9.0,12.0,28.0,34.665041814366035,NaN
kernel,2124,reference,218.0,32.0,119.0,160.0,11.0,11.0,26.0,NaN,NaN
kernel,2125,calibration,180.0,22.0,189.0,144.0,9.0,12.0,21.0,43.68663802932645,NaN
kernel,2126,reference,206.0,44.0,104.0,173.0,8.0,13.0,29.0,NaN,NaN
kernel,2127,calibration,193.0,29.0,147.0,164.0,10.0,13.0,21.0,11.055639316875517,NaN
kernel,2128,reference,203.0,40.0,120.0,168.0,11.0,12.0,23.0,NaN,NaN
kernel,2129,calibration,189.0,38.0,141.0,164.0,7.0,13.0,25.0,11.016337671807463,NaN
kernel,2130,reference,188.0,36.0,145.0,163.0,10.0,12.0,23.0,NaN,NaN
kernel,2131,calibration,214.0,36.0,115.0,168.0,12.0,13.0,19.0,16.694955059480783,NaN
kernel,2132,reference,213.0,40.0,102.0,173.0,7.0,11.0,31.0,NaN,NaN
kernel,2133,calibration,170.0,31.0,163.0,170.0,7.0,13.0,23.0,28.620417760453655,NaN
kernel,2134,reference,183.0,33.0,138.0,174.0,9.0,11.0,29.0,NaN,NaN
kernel,2135,calibration,226.0,36.0,103.0,166.0,9.0,12.0,25.0,27.661036109781342,NaN
kernel,2136,reference,187.0,32.0,162.0,148.0,12.0,13.0,23.0,NaN,NaN
kernel,2137,calibration,199.0,34.0,139.0,158.0,8.0,13.0,26.0,8.419141918521735,NaN
kernel,2138,reference,228.0,34.0,120.0,156.0,6.0,12.0,21.0,NaN,NaN
kernel,2139,calibration,215.0,37.0,100.0,172.0,9.0,14.0,30.0,26.626502027089785,NaN
kernel,2140,reference,191.0,35.0,140.0,163.0,11.0,14.0,23.0,NaN,NaN
kernel,2141,calibration,207.0,35.0,118.0,172.0,10.0,10.0,25.0,14.08925764155127,NaN
kernel,2142,reference,190.0,37.0,144.0,158.0,12.0,11.0,25.0,NaN,NaN
kernel,2143,calibration,190.0,36.0,144.0,159.0,8.0,13.0,27.0,10.863626449588978,NaN
kernel,2144,reference,210.0,37.0,124.0,162.0,10.0,13.0,21.0,NaN,NaN
kernel,2145,calibration,199.0,31.0,151.0,152.0,9.0,13.0,22.0,12.386143943689444,NaN
kernel,2146,reference,198.0,34.0,151.0,153.0,10.0,13.0,18.0,NaN,NaN
kernel,2147,calibration,191.0,28.0,157.0,152.0,11.0,13.0,25.0,16.131339911972688,NaN
kernel,2148,reference,177.0,40.0,137.0,171.0,9.0,13.0,30.0,NaN,NaN
kernel,2149,calibration,221.0,31.0,105.0,172.0,10.0,12.0,26.0,25.171318728349036,NaN
kernel,2150,reference,200.0,32.0,130.0,169.0,10.0,13.0,23.0,NaN,NaN
kernel,2151,calibration,208.0,36.0,101.0,180.0,7.0,13.0,32.0,27.590686928870277,NaN
kernel,2152,reference,226.0,36.0,104.0,162.0,10.0,12.0,27.0,NaN,NaN
kernel,2153,calibration,213.0,35.0,110.0,171.0,10.0,13.0,25.0,18.843444964994852,NaN
kernel,2154,reference,215.0,41.0,89.0,179.0,9.0,13.0,31.0,NaN,NaN
kernel,2155,calibration,227.0,40.0,84.0,183.0,7.0,10.0,26.0,45.957177173508654,NaN
kernel,2156,reference,204.0,30.0,129.0,166.0,10.0,12.0,26.0,NaN,NaN
kernel,2157,calibration,188.0,31.0,160.0,153.0,9.0,12.0,24.0,17.757910154734212,NaN
kernel,2158,reference,198.0,40.0,130.0,164.0,10.0,14.0,21.0,NaN,NaN
kernel,2159,calibration,225.0,35.0,114.0,156.0,6.0,13.0,28.0,22.33484825102387,NaN
kernel,2160,reference,223.0,34.0,107.0,165.0,8.0,13.0,27.0,NaN,NaN
kernel,2161,calibration,192.0,41.0,128.0,165.0,11.0,12.0,28.0,11.81643320593339,NaN
kernel,2162,reference,204.0,39.0,117.0,171.0,9.0,11.0,26.0,NaN,NaN
kernel,2163,calibration,215.0,31.0,121.0,162.0,11.0,12.0,25.0,13.788048998036587,NaN
kernel,2164,reference,188.0,25.0,179.0,139.0,9.0,14.0,23.0,NaN,NaN
kernel,2165,calibration,202.0,32.0,145.0,155.0,11.0,13.0,19.0,10.365579575786771,NaN
kernel,2166,reference,190.0,34.0,162.0,147.0,9.0,14.0,21.0,NaN,NaN
kernel,2167,calibration,180.0,30.0,159.0,165.0,10.0,12.0,21.0,20.264535751527696,NaN
kernel,2168,reference,203.0,39.0,115.0,174.0,10.0,12.0,24.0,NaN,NaN
kernel,2169,calibration,215.0,38.0,104.0,176.0,8.0,12.0,24.0,24.628955791796983,NaN
kernel,2170,reference,196.0,38.0,127.0,170.0,9.0,13.0,24.0,NaN,NaN
kernel,2171,calibration,202.0,23.0,158.0,152.0,9.0,14.0,19.0,17.720496983871513,NaN
kernel,2172,reference,203.0,30.0,156.0,147.0,8.0,11.0,22.0,NaN,NaN
kernel,2173,calibration,209.0,37.0,110.0,173.0,9.0,13.0,26.0,18.626707532220372,NaN
kernel,2174,reference,200.0,38.0,118.0,173.0,10.0,12.0,26.0,NaN,NaN
kernel,2175,calibration,220.0,39.0,99.0,168.0,11.0,14.0,26.0,28.08022953842559,NaN
kernel,2176,reference,240.0,34.0,72.0,185.0,8.0,12.0,26.0,NaN,NaN
kernel,2177,calibration,210.0,24.0,177.0,124.0,9.0,13.0,20.0,42.53719226800932,NaN
kernel,2178,reference,210.0,33.0,119.0,163.0,9.0,13.0,30.0,NaN,NaN
kernel,2179,calibration,223.0,32.0,113.0,158.0,9.0,12.0,30.0,21.550419538724903,NaN
kernel,2180,reference,219.0,30.0,119.0,162.0,10.0,12.0,25.0,NaN,NaN
kernel,2181,calibration,225.0,36.0,134.0,140.0,9.0,13.0,20.0,23.655668277978812,NaN
kernel,2182,reference,199.0,18.0,158.0,157.0,11.0,14.0,20.0,NaN,NaN
kernel,2183,calibration,200.0,36.0,128.0,168.0,8.0,12.0,25.0,9.536590148574458,NaN
kernel,2184,reference,224.0,38.0,116.0,155.0,10.0,11.0,23.0,NaN,NaN
kernel,2185,calibration,220.0,34.0,104.0,169.0,11.0,12.0,27.0,24.64236984767141,NaN
kernel,2186,reference,192.0,41.0,115.0,184.0,11.0,11.0,23.0,NaN,NaN
kernel,2187,calibration,216.0,36.0,121.0,160.0,10.0,13.0,21.0,14.295605152857405,NaN
kernel,2188,reference,195.0,36.0,139.0,161.0,9.0,13.0,24.0,NaN,NaN
kernel,2189,calibration,187.0,34.0,160.0,153.0,9.0,13.0,21.0,18.177834649561774,NaN
kernel,2190,reference,215.0,34.0,111.0,170.0,11.0,12.0,24.0,NaN,NaN
kernel,2191,calibration,212.0,31.0,144.0,147.0,8.0,13.0,22.0,14.759573562218748,NaN
kernel,2192,reference,227.0,38.0,106.0,164.0,5.0,13.0,24.0,NaN,NaN
kernel,2193,calibration,212.0,34.0,141.0,146.0,10.0,13.0,21.0,14.718554260645313,NaN
kernel,2194,reference,214.0,39.0,105.0,174.0,11.0,13.0,21.0,NaN,NaN
kernel,2195,calibration,221.0,29.0,115.0,173.0,6.0,10.0,23.0,21.055850914303818,NaN
kernel,2196,reference,214.0,25.0,136.0,158.0,9.0,11.0,24.0,NaN,NaN
kernel,2197,calibration,207.0,28.0,138.0,164.0,8.0,12.0,20.0,10.086824187584813,NaN
kernel,2198,reference,195.0,33.0,147.0,156.0,11.0,12.0,23.0,NaN,NaN
kernel,2199,calibration,208.0,25.0,145.0,156.0,9.0,13.0,21.0,12.268869011292317,NaN
kernel,2200,reference,212.0,36.0,116.0,169.0,10.0,13.0,21.0,NaN,NaN
kernel,2201,calibration,196.0,35.0,148.0,156.0,8.0,12.0,22.0,10.6939478569133,NaN
kernel,2202,reference,175.0,31.0,165.0,162.0,9.0,13.0,22.0,NaN,NaN
kernel,2203,calibration,214.0,32.0,113.0,174.0,10.0,13.0,21.0,18.838990771094004,NaN
kernel,2204,reference,195.0,33.0,136.0,164.0,9.0,12.0,28.0,NaN,NaN
kernel,2205,calibration,217.0,33.0,122.0,163.0,9.0,11.0,22.0,14.24934245834406,NaN
kernel,2206,reference,201.0,42.0,108.0,174.0,11.0,14.0,27.0,NaN,NaN
kernel,2207,calibration,214.0,38.0,116.0,167.0,10.0,10.0,22.0,15.825423178559738,NaN
kernel,2208,reference,180.0,24.0,176.0,150.0,10.0,14.0,23.0,NaN,NaN
kernel,2209,calibration,208.0,43.0,100.0,179.0,11.0,11.0,25.0,27.895573634241963,NaN
kernel,2210,reference,221.0,45.0,74.0,185.0,8.0,13.0,31.0,NaN,NaN
kernel,2211,calibration,217.0,36.0,124.0,156.0,10.0,12.0,22.0,14.369106754644363,NaN
kernel,2212,reference,206.0,36.0,120.0,167.0,11.0,13.0,24.0,NaN,NaN
kernel,2213,calibration,206.0,32.0,137.0,156.0,11.0,14.0,21.0,9.33188573505132,NaN
kernel,2214,reference,171.0,29.0,176.0,151.0,10.0,12.0,28.0,NaN,NaN
kernel,2215,calibration,200.0,33.0,128.0,169.0,10.0,13.0,24.0,9.678328869152978,NaN
kernel,2216,reference,218.0,33.0,131.0,151.0,8.0,12.0,24.0,NaN,NaN
kernel,2217,calibration,228.0,33.0,82.0,181.0,10.0,13.0,30.0,47.23546217375963,NaN
kernel,2218,reference,209.0,28.0,141.0,155.0,10.0,13.0,21.0,NaN,NaN
kernel,2219,calibration,206.0,31.0,134.0,163.0,9.0,12.0,22.0,8.7434392359778,NaN
kernel,2220,reference,229.0,33.0,107.0,169.0,5.0,12.0,22.0,NaN,NaN
kernel,2221,calibration,208.0,30.0,148.0,147.0,8.0,13.0,23.0,14.528851061056436,NaN
kernel,2222,reference,181.0,44.0,130.0,175.0,11.0,11.0,25.0,NaN,NaN
kernel,2223,calibration,214.0,37.0,104.0,174.0,10.0,11.0,27.0,23.73955319182066,NaN
kernel,2224,reference,195.0,33.0,146.0,154.0,10.0,13.0,26.0,NaN,NaN
kernel,2225,calibration,160.0,34.0,171.0,162.0,11.0,13.0,26.0,38.31234725987451,NaN
kernel,2226,reference,210.0,33.0,138.0,151.0,7.0,13.0,25.0,NaN,NaN
kernel,2227,calibration,209.0,42.0,106.0,173.0,9.0,13.0,25.0,21.77529102211149,NaN
kernel,2228,reference,206.0,35.0,124.0,165.0,11.0,13.0,23.0,NaN,NaN
kernel,2229,calibration,200.0,37.0,136.0,161.0,10.0,13.0,20.0,8.521248638511125,NaN
kernel,2230,reference,180.0,30.0,173.0,149.0,10.0,14.0,21.0,NaN,NaN
kernel,2231,calibration,202.0,35.0,131.0,162.0,10.0,14.0,23.0,8.288279449330787,NaN
kernel,2232,reference,224.0,29.0,126.0,153.0,7.0,11.0,27.0,NaN,NaN
kernel,2233,calibration,184.0,32.0,166.0,155.0,9.0,13.0,18.0,22.66008326269356,NaN
kernel,2234,reference,209.0,32.0,122.0,167.0,9.0,11.0,27.0,NaN,NaN
kernel,2235,calibration,187.0,27.0,161.0,155.0,10.0,14.0,23.0,18.761103587456326,NaN
kernel,2236,reference,206.0,20.0,181.0,126.0,11.0,13.0,20.0,NaN,NaN
kernel,2237,calibration,190.0,43.0,129.0,171.0,11.0,13.0,20.0,13.991930006025157,NaN
kernel,2238,reference,200.0,32.0,137.0,160.0,11.0,12.0,25.0,NaN,NaN
kernel,2239,calibration,201.0,37.0,123.0,166.0,9.0,14.0,27.0,10.775320319883317,NaN
kernel,2240,reference,210.0,34.0,128.0,159.0,11.0,13.0,22.0,NaN,NaN
kernel,2241,calibration,165.0,38.0,159.0,166.0,10.0,12.0,27.0,29.79910310294872,NaN
kernel,2242,reference,158.0,24.0,206.0,148.0,11.0,13.0,17.0,NaN,NaN
kernel,2243,calibration,180.0,33.0,150.0,173.0,8.0,12.0,21.0,18.704613030533032,NaN
kernel,2244,reference,205.0,43.0,104.0,173.0,11.0,12.0,29.0,NaN,NaN
kernel,2245,calibration,192.0,24.0,163.0,155.0,9.0,13.0,21.0,19.59516437427564,NaN
kernel,2246,reference,210.0,37.0,136.0,150.0,9.0,12.0,23.0,NaN,NaN
kernel,2247,calibration,182.0,35.0,171.0,149.0,9.0,12.0,19.0,27.61404447316024,NaN
kernel,2248,reference,197.0,22.0,183.0,133.0,9.0,13.0,20.0,NaN,NaN
kernel,2249,calibration,176.0,42.0,140.0,174.0,9.0,13.0,23.0,20.43025172394394,NaN
kernel,2250,reference,209.0,39.0,110.0,172.0,10.0,11.0,26.0,NaN,NaN
kernel,2251,calibration,191.0,34.0,144.0,164.0,9.0,13.0,22.0,10.308904847534663,NaN
kernel,2252,reference,204.0,39.0,122.0,160.0,10.0,14.0,28.0,NaN,NaN
kernel,2253,calibration,209.0,30.0,120.0,170.0,10.0,13.0,25.0,13.411038890673815,NaN
kernel,2254,reference,211.0,33.0,118.0,169.0,11.0,10.0,25.0,NaN,NaN
kernel,2255,calibration,211.0,32.0,137.0,153.0,10.0,13.0,21.0,11.343297170165034,NaN
kernel,2256,reference,195.0,25.0,146.0,167.0,9.0,12.0,23.0,NaN,NaN
kernel,2257,calibration,196.0,24.0,144.0,163.0,11.0,13.0,26.0,11.143540440967492,NaN
kernel,2258,reference,175.0,41.0,134.0,178.0,10.0,14.0,25.0,NaN,NaN
kernel,2259,calibration,225.0,43.0,83.0,181.0,13.0,12.0,20.0,45.87950708982682,NaN
kernel,2260,reference,195.0,30.0,154.0,152.0,10.0,13.0,23.0,NaN,NaN
kernel,2261,calibration,208.0,37.0,123.0,163.0,12.0,13.0,21.0,11.267758951065911,NaN
kernel,2262,reference,216.0,38.0,119.0,158.0,9.0,12.0,25.0,NaN,NaN
kernel,2263,calibration,204.0,33.0,128.0,163.0,9.0,13.0,27.0,9.066898952281743,NaN
kernel,2264,reference,199.0,31.0,147.0,158.0,7.0,14.0,21.0,NaN,NaN
kernel,2265,calibration,188.0,41.0,124.0,174.0,10.0,12.0,28.0,16.1537436760541,NaN
kernel,2266,reference,179.0,35.0,154.0,161.0,10.0,14.0,24.0,NaN,NaN
kernel,2267,calibration,186.0,35.0,144.0,167.0,10.0,12.0,23.0,12.547318177291842,NaN
kernel,2268,reference,212.0,40.0,107.0,171.0,10.0,14.0,23.0,NaN,NaN
kernel,2269,calibration,187.0,23.0,185.0,139.0,9.0,13.0,21.0,40.239886211268896,NaN
kernel,2270,reference,218.0,37.0,105.0,172.0,6.0,12.0,27.0,NaN,NaN
kernel,2271,calibration,202.0,34.0,121.0,173.0,9.0,13.0,25.0,12.829338379652398,NaN
kernel,2272,reference,219.0,37.0,123.0,153.0,8.0,13.0,24.0,NaN,NaN
kernel,2273,calibration,199.0,29.0,156.0,149.0,8.0,12.0,24.0,15.622877090129087,NaN
kernel,2274,reference,198.0,31.0,158.0,149.0,9.0,13.0,19.0,NaN,NaN
kernel,2275,calibration,180.0,25.0,186.0,143.0,10.0,13.0,20.0,41.13050632827626,NaN
kernel,2276,reference,183.0,39.0,136.0,171.0,9.0,13.0,26.0,NaN,NaN
kernel,2277,calibration,213.0,42.0,101.0,174.0,9.0,12.0,26.0,26.090600133275146,NaN
kernel,2278,reference,216.0,37.0,119.0,164.0,11.0,10.0,20.0,NaN,NaN
kernel,2279,calibration,229.0,37.0,82.0,185.0,10.0,12.0,22.0,48.77152555099639,NaN
kernel,2280,reference,220.0,38.0,116.0,158.0,10.0,12.0,23.0,NaN,NaN
kernel,2281,calibration,192.0,32.0,141.0,165.0,10.0,13.0,24.0,9.648583935020255,NaN
kernel,2282,reference,189.0,31.0,153.0,153.0,10.0,14.0,27.0,NaN,NaN
kernel,2283,calibration,193.0,27.0,166.0,147.0,9.0,12.0,23.0,22.293625491025843,NaN
kernel,2284,reference,206.0,36.0,129.0,157.0,12.0,13.0,24.0,NaN,NaN
kernel,2285,calibration,199.0,35.0,134.0,165.0,8.0,13.0,23.0,8.273174119612516,NaN
kernel,2286,reference,198.0,29.0,141.0,161.0,11.0,13.0,24.0,NaN,NaN
kernel,2287,calibration,214.0,33.0,132.0,153.0,11.0,14.0,20.0,12.735351782150957,NaN
kernel,2288,reference,207.0,27.0,160.0,138.0,9.0,12.0,24.0,NaN,NaN
kernel,2289,calibration,207.0,32.0,140.0,151.0,12.0,13.0,22.0,11.103806960896044,NaN
kernel,2290,reference,199.0,31.0,139.0,163.0,10.0,14.0,21.0,NaN,NaN
kernel,2291,calibration,201.0,38.0,121.0,172.0,6.0,13.0,26.0,13.034680444743728,NaN
kernel,2292,reference,213.0,36.0,121.0,164.0,9.0,11.0,23.0,NaN,NaN
kernel,2293,calibration,213.0,30.0,145.0,149.0,9.0,11.0,20.0,14.867037649810946,NaN
kernel,2294,reference,192.0,37.0,152.0,152.0,10.0,13.0,21.0,NaN,NaN
kernel,2295,calibration,197.0,31.0,154.0,151.0,9.0,12.0,23.0,13.87886727660814,NaN
kernel,2296,reference,219.0,34.0,114.0,163.0,8.0,15.0,24.0,NaN,NaN
kernel,2297,calibration,205.0,37.0,127.0,162.0,9.0,12.0,25.0,9.365881893628142,NaN
kernel,2298,reference,209.0,33.0,117.0,168.0,10.0,14.0,26.0,NaN,NaN
kernel,2299,calibration,208.0,27.0,144.0,153.0,9.0,12.0,24.0,11.923813626306703,NaN
kernel,2300,reference,179.0,31.0,159.0,161.0,9.0,13.0,25.0,NaN,NaN
kernel,2301,calibration,190.0,36.0,130.0,173.0,10.0,14.0,24.0,12.721248338280397,NaN
kernel,2302,reference,193.0,37.0,150.0,153.0,12.0,12.0,20.0,NaN,NaN
kernel,2303,calibration,179.0,26.0,177.0,150.0,8.0,13.0,24.0,32.715310921039645,NaN
kernel,2304,reference,189.0,33.0,177.0,137.0,10.0,12.0,19.0,NaN,NaN
kernel,2305,calibration,201.0,36.0,112.0,178.0,12.0,13.0,25.0,19.05294726000286,NaN
kernel,2306,reference,198.0,36.0,135.0,161.0,10.0,13.0,24.0,NaN,NaN
kernel,2307,calibration,188.0,34.0,144.0,163.0,11.0,13.0,24.0,11.153548464686068,NaN
kernel,2308,reference,200.0,33.0,144.0,157.0,9.0,12.0,22.0,NaN,NaN
kernel,2309,calibration,209.0,33.0,125.0,161.0,10.0,14.0,25.0,10.499281829473382,NaN
kernel,2310,reference,209.0,31.0,133.0,160.0,8.0,12.0,24.0,NaN,NaN
kernel,2311,calibration,197.0,25.0,169.0,143.0,9.0,13.0,21.0,25.837043036575302,NaN
kernel,2312,reference,180.0,32.0,158.0,160.0,12.0,14.0,21.0,NaN,NaN
kernel,2313,calibration,195.0,26.0,158.0,155.0,9.0,13.0,21.0,15.952956305994242,NaN
kernel,2314,reference,206.0,33.0,128.0,163.0,8.0,12.0,27.0,NaN,NaN
kernel,2315,calibration,194.0,34.0,130.0,172.0,11.0,11.0,25.0,11.206992520660084,NaN
kernel,2316,reference,197.0,31.0,155.0,147.0,9.0,13.0,25.0,NaN,NaN
kernel,2317,calibration,188.0,34.0,145.0,165.0,11.0,13.0,21.0,11.754051742768137,NaN
kernel,2318,reference,201.0,36.0,140.0,156.0,8.0,12.0,24.0,NaN,NaN
kernel,2319,calibration,196.0,27.0,154.0,157.0,9.0,12.0,22.0,13.421601374565448,NaN
kernel,2320,reference,202.0,34.0,140.0,158.0,6.0,11.0,26.0,NaN,NaN
kernel,2321,calibration,211.0,30.0,115.0,174.0,11.0,13.0,23.0,17.21799757709421,NaN
kernel,2322,reference,171.0,35.0,159.0,168.0,8.0,14.0,22.0,NaN,NaN
kernel,2323,calibration,215.0,39.0,109.0,174.0,11.0,10.0,19.0,21.753629826436885,NaN
kernel,2324,reference,184.0,34.0,155.0,160.0,9.0,13.0,22.0,NaN,NaN
kernel,2325,calibration,222.0,35.0,112.0,164.0,7.0,12.0,25.0,20.585166410150762,NaN
kernel,2326,reference,205.0,36.0,121.0,167.0,8.0,12.0,28.0,NaN,NaN
kernel,2327,calibration,185.0,28.0,171.0,146.0,9.0,13.0,25.0,27.32993594132146,NaN
kernel,2328,reference,221.0,32.0,110.0,169.0,9.0,13.0,23.0,NaN,NaN
kernel,2329,calibration,192.0,35.0,135.0,166.0,9.0,14.0,26.0,9.699526060557371,NaN
kernel,2330,reference,222.0,34.0,117.0,163.0,7.0,11.0,23.0,NaN,NaN
kernel,2331,calibration,218.0,37.0,112.0,166.0,8.0,13.0,23.0,18.862331300746632,NaN
kernel,2332,reference,202.0,37.0,118.0,171.0,10.0,13.0,26.0,NaN,NaN
kernel,2333,calibration,200.0,31.0,162.0,140.0,10.0,14.0,20.0,22.588983989352137,NaN
kernel,2334,reference,207.0,41.0,111.0,170.0,10.0,13.0,25.0,NaN,NaN
kernel,2335,calibration,169.0,34.0,167.0,161.0,10.0,13.0,23.0,30.00292480488463,NaN
kernel,2336,reference,205.0,35.0,121.0,168.0,10.0,14.0,24.0,NaN,NaN
kernel,2337,calibration,193.0,29.0,138.0,168.0,10.0,13.0,26.0,10.268506454211181,NaN
kernel,2338,reference,167.0,45.0,124.0,188.0,10.0,14.0,29.0,NaN,NaN
kernel,2339,calibration,216.0,34.0,131.0,146.0,12.0,11.0,27.0,16.363191198991693,NaN
kernel,2340,reference,201.0,28.0,166.0,139.0,11.0,11.0,21.0,NaN,NaN
kernel,2341,calibration,197.0,36.0,149.0,147.0,10.0,12.0,26.0,13.877804414324281,NaN
kernel,2342,reference,184.0,30.0,163.0,155.0,9.0,12.0,24.0,NaN,NaN
kernel,2343,calibration,201.0,27.0,135.0,168.0,9.0,13.0,24.0,9.770637087262205,NaN
kernel,2344,reference,231.0,34.0,114.0,151.0,9.0,13.0,25.0,NaN,NaN
kernel,2345,calibration,232.0,38.0,90.0,167.0,9.0,12.0,29.0,40.18813036966386,NaN
kernel,2346,reference,226.0,37.0,102.0,164.0,11.0,12.0,25.0,NaN,NaN
kernel,2347,calibration,179.0,39.0,146.0,166.0,9.0,13.0,25.0,16.777409291362055,NaN
kernel,2348,reference,206.0,39.0,113.0,172.0,10.0,12.0,25.0,NaN,NaN
kernel,2349,calibration,211.0,27.0,137.0,156.0,9.0,14.0,23.0,11.321184666822983,NaN
kernel,2350,reference,180.0,35.0,157.0,159.0,9.0,13.0,24.0,NaN,NaN
kernel,2351,calibration,192.0,30.0,155.0,159.0,9.0,13.0,19.0,14.145427202316377,NaN
kernel,2352,reference,181.0,35.0,145.0,168.0,11.0,13.0,24.0,NaN,NaN
kernel,2353,calibration,191.0,37.0,144.0,163.0,9.0,13.0,20.0,10.760337323136074,NaN
kernel,2354,reference,178.0,30.0,169.0,156.0,8.0,12.0,24.0,NaN,NaN
kernel,2355,calibration,218.0,34.0,123.0,157.0,10.0,13.0,22.0,14.827047651656976,NaN
kernel,2356,reference,182.0,36.0,145.0,168.0,10.0,13.0,23.0,NaN,NaN
kernel,2357,calibration,201.0,40.0,119.0,170.0,9.0,13.0,25.0,13.297385420938568,NaN
kernel,2358,reference,211.0,33.0,136.0,156.0,5.0,13.0,23.0,NaN,NaN
kernel,2359,calibration,188.0,36.0,135.0,169.0,8.0,13.0,28.0,12.010581678362584,NaN
kernel,2360,reference,199.0,35.0,150.0,148.0,9.0,13.0,23.0,NaN,NaN
kernel,2361,calibration,181.0,36.0,151.0,164.0,9.0,11.0,25.0,16.31166773979728,NaN
kernel,2362,reference,188.0,29.0,157.0,155.0,9.0,13.0,26.0,NaN,NaN
kernel,2363,calibration,185.0,38.0,146.0,155.0,8.0,13.0,32.0,15.075517010730337,NaN
kernel,2364,reference,218.0,33.0,131.0,151.0,11.0,12.0,21.0,NaN,NaN
kernel,2365,calibration,205.0,43.0,99.0,180.0,12.0,10.0,28.0,29.089674086894703,NaN
kernel,2366,reference,212.0,34.0,128.0,155.0,7.0,13.0,28.0,NaN,NaN
kernel,2367,calibration,185.0,31.0,161.0,155.0,9.0,13.0,23.0,18.898650881529015,NaN
kernel,2368,reference,179.0,20.0,202.0,135.0,9.0,13.0,19.0,NaN,NaN
kernel,2369,calibration,215.0,35.0,104.0,173.0,10.0,13.0,27.0,23.662815631785733,NaN
kernel,2370,reference,229.0,34.0,109.0,157.0,11.0,12.0,25.0,NaN,NaN
kernel,2371,calibration,191.0,32.0,150.0,158.0,11.0,13.0,22.0,11.856734595309138,NaN
kernel,2372,reference,183.0,38.0,141.0,168.0,10.0,13.0,24.0,NaN,NaN
kernel,2373,calibration,185.0,32.0,160.0,156.0,8.0,13.0,23.0,18.24480205231101,NaN
kernel,2374,reference,181.0,42.0,128.0,177.0,11.0,11.0,27.0,NaN,NaN
kernel,2375,calibration,188.0,36.0,150.0,157.0,10.0,12.0,24.0,12.943569806268655,NaN
kernel,2376,reference,206.0,35.0,114.0,174.0,11.0,13.0,24.0,NaN,NaN
kernel,2377,calibration,223.0,29.0,109.0,172.0,9.0,9.0,26.0,24.38063700500433,NaN
kernel,2378,reference,178.0,23.0,200.0,134.0,7.0,14.0,21.0,NaN,NaN
kernel,2379,calibration,196.0,34.0,143.0,159.0,9.0,13.0,23.0,8.916606199653316,NaN
kernel,2380,reference,209.0,30.0,146.0,151.0,7.0,12.0,22.0,NaN,NaN
kernel,2381,calibration,212.0,32.0,116.0,174.0,6.0,11.0,26.0,17.00642082907752,NaN
kernel,2382,reference,230.0,31.0,111.0,159.0,10.0,11.0,25.0,NaN,NaN
kernel,2383,calibration,195.0,38.0,125.0,169.0,9.0,12.0,29.0,11.866630263648204,NaN
kernel,2384,reference,166.0,30.0,183.0,153.0,10.0,13.0,22.0,NaN,NaN
kernel,2385,calibration,197.0,39.0,128.0,167.0,11.0,13.0,22.0,10.191633015610059,NaN
kernel,2386,reference,222.0,25.0,146.0,143.0,10.0,11.0,20.0,NaN,NaN
kernel,2387,calibration,211.0,25.0,147.0,152.0,9.0,12.0,21.0,14.533902043863762,NaN
kernel,2388,reference,209.0,36.0,114.0,174.0,7.0,12.0,25.0,NaN,NaN
kernel,2389,calibration,207.0,31.0,122.0,174.0,7.0,11.0,25.0,13.716873303447862,NaN
kernel,2390,reference,202.0,40.0,121.0,168.0,10.0,13.0,23.0,NaN,NaN
kernel,2391,calibration,187.0,26.0,152.0,162.0,10.0,13.0,27.0,14.805310670098244,NaN
kernel,2392,reference,193.0,33.0,139.0,165.0,10.0,13.0,24.0,NaN,NaN
kernel,2393,calibration,182.0,38.0,135.0,174.0,10.0,12.0,26.0,16.269854892192264,NaN
kernel,2394,reference,211.0,35.0,114.0,170.0,11.0,12.0,24.0,NaN,NaN
kernel,2395,calibration,205.0,27.0,163.0,140.0,10.0,11.0,21.0,23.949976619576404,NaN
kernel,2396,reference,196.0,40.0,115.0,179.0,9.0,13.0,25.0,NaN,NaN
kernel,2397,calibration,195.0,28.0,153.0,159.0,10.0,13.0,19.0,13.130767150795307,NaN
kernel,2398,reference,225.0,39.0,98.0,169.0,11.0,12.0,23.0,NaN,NaN
kernel,2399,calibration,184.0,37.0,131.0,175.0,11.0,12.0,27.0,16.025781900170145,NaN
kernel,2400,reference,197.0,32.0,131.0,172.0,7.0,14.0,24.0,NaN,NaN
kernel,2401,calibration,196.0,27.0,181.0,134.0,9.0,11.0,19.0,38.06604661593103,NaN
kernel,2402,reference,229.0,31.0,96.0,170.0,11.0,12.0,28.0,NaN,NaN
kernel,2403,calibration,181.0,27.0,167.0,155.0,12.0,13.0,22.0,24.455931946646167,NaN
kernel,2404,reference,199.0,35.0,117.0,177.0,9.0,11.0,29.0,NaN,NaN
kernel,2405,calibration,159.0,28.0,193.0,158.0,11.0,12.0,16.0,53.99130022752398,NaN
kernel,2406,reference,171.0,29.0,190.0,142.0,12.0,13.0,20.0,NaN,NaN
kernel,2407,calibration,222.0,34.0,116.0,158.0,8.0,12.0,27.0,19.21879007479906,NaN
kernel,2408,reference,199.0,37.0,123.0,176.0,10.0,9.0,23.0,NaN,NaN
kernel,2409,calibration,218.0,37.0,96.0,175.0,9.0,13.0,29.0,30.92504699913789,NaN
kernel,2410,reference,176.0,32.0,169.0,157.0,9.0,12.0,22.0,NaN,NaN
kernel,2411,calibration,205.0,33.0,135.0,159.0,11.0,13.0,21.0,8.60207236625644,NaN
kernel,2412,reference,212.0,31.0,125.0,166.0,9.0,13.0,21.0,NaN,NaN
kernel,2413,calibration,188.0,30.0,156.0,162.0,7.0,12.0,22.0,15.406456173984957,NaN
kernel,2414,reference,182.0,31.0,158.0,164.0,9.0,13.0,20.0,NaN,NaN
kernel,2415,calibration,222.0,36.0,114.0,163.0,9.0,12.0,21.0,19.756697836491647,NaN
kernel,2416,reference,213.0,35.0,113.0,169.0,8.0,11.0,28.0,NaN,NaN
kernel,2417,calibration,211.0,39.0,110.0,172.0,11.0,11.0,23.0,19.007772585361316,NaN
kernel,2418,reference,213.0,38.0,118.0,163.0,10.0,12.0,23.0,NaN,NaN
kernel,2419,calibration,205.0,36.0,128.0,160.0,9.0,14.0,25.0,9.20207612469149,NaN
kernel,2420,reference,203.0,31.0,147.0,152.0,10.0,13.0,21.0,NaN,NaN
kernel,2421,calibration,213.0,34.0,125.0,159.0,11.0,12.0,23.0,11.860278516056326,NaN
kernel,2422,reference,186.0,24.0,158.0,163.0,10.0,13.0,23.0,NaN,NaN
kernel,2423,calibration,183.0,40.0,131.0,174.0,9.0,13.0,27.0,16.53688042877942,NaN
kernel,2424,reference,192.0,37.0,132.0,169.0,10.0,14.0,23.0,NaN,NaN
kernel,2425,calibration,216.0,27.0,132.0,158.0,10.0,12.0,22.0,13.140256272345425,NaN
kernel,2426,reference,205.0,29.0,163.0,136.0,10.0,14.0,20.0,NaN,NaN
kernel,2427,calibration,177.0,35.0,166.0,154.0,10.0,13.0,22.0,25.39021528329753,NaN
kernel,2428,reference,191.0,32.0,152.0,155.0,8.0,13.0,26.0,NaN,NaN
kernel,2429,calibration,211.0,35.0,126.0,157.0,10.0,13.0,25.0,11.256494118819209,NaN
kernel,2430,reference,170.0,30.0,158.0,172.0,10.0,12.0,25.0,NaN,NaN
kernel,2431,calibration,208.0,33.0,115.0,175.0,9.0,13.0,24.0,16.556373502155637,NaN
kernel,2432,reference,206.0,43.0,109.0,174.0,9.0,10.0,26.0,NaN,NaN
kernel,2433,calibration,188.0,36.0,137.0,167.0,11.0,13.0,25.0,11.224467855949623,NaN
kernel,2434,reference,180.0,31.0,161.0,157.0,9.0,14.0,25.0,NaN,NaN
kernel,2435,calibration,191.0,29.0,159.0,153.0,9.0,12.0,24.0,16.691107413662387,NaN
kernel,2436,reference,200.0,32.0,140.0,156.0,9.0,14.0,26.0,NaN,NaN
kernel,2437,calibration,188.0,36.0,148.0,162.0,10.0,12.0,21.0,12.30212230972807,NaN
kernel,2438,reference,207.0,38.0,136.0,153.0,9.0,12.0,22.0,NaN,NaN
kernel,2439,calibration,200.0,38.0,121.0,170.0,9.0,11.0,28.0,12.53334466441287,NaN
kernel,2440,reference,185.0,21.0,180.0,144.0,9.0,13.0,25.0,NaN,NaN
kernel,2441,calibration,191.0,36.0,136.0,168.0,10.0,12.0,24.0,10.31179227172666,NaN
kernel,2442,reference,222.0,31.0,128.0,151.0,8.0,13.0,24.0,NaN,NaN
kernel,2443,calibration,193.0,27.0,160.0,154.0,9.0,12.0,22.0,17.09089198069192,NaN
kernel,2444,reference,202.0,24.0,165.0,139.0,10.0,12.0,25.0,NaN,NaN
kernel,2445,calibration,194.0,35.0,142.0,162.0,9.0,11.0,24.0,9.123081924319447,NaN
kernel,2446,reference,193.0,37.0,145.0,156.0,10.0,12.0,24.0,NaN,NaN
kernel,2447,calibration,202.0,22.0,146.0,162.0,9.0,13.0,23.0,12.190427037579855,NaN
kernel,2448,reference,202.0,39.0,112.0,178.0,10.0,12.0,24.0,NaN,NaN
kernel,2449,calibration,207.0,35.0,132.0,155.0,9.0,13.0,26.0,9.775328212637309,NaN
kernel,2450,reference,182.0,24.0,180.0,146.0,9.0,13.0,23.0,NaN,NaN
kernel,2451,calibration,200.0,32.0,124.0,174.0,10.0,14.0,23.0,12.526060815201909,NaN
kernel,2452,reference,195.0,43.0,117.0,174.0,11.0,12.0,25.0,NaN,NaN
kernel,2453,calibration,193.0,39.0,125.0,173.0,6.0,13.0,28.0,13.708483720217977,NaN
kernel,2454,reference,186.0,34.0,148.0,161.0,11.0,13.0,24.0,NaN,NaN
kernel,2455,calibration,205.0,33.0,136.0,155.0,10.0,11.0,27.0,9.35622889270654,NaN
kernel,2456,reference,183.0,35.0,152.0,160.0,10.0,14.0,23.0,NaN,NaN
kernel,2457,calibration,204.0,33.0,135.0,157.0,10.0,14.0,24.0,8.543877986594701,NaN
kernel,2458,reference,196.0,35.0,153.0,155.0,6.0,11.0,21.0,NaN,NaN
kernel,2459,calibration,205.0,37.0,140.0,152.0,10.0,12.0,21.0,10.641202346728853,NaN
kernel,2460,reference,187.0,37.0,158.0,149.0,10.0,13.0,23.0,NaN,NaN
kernel,2461,calibration,233.0,37.0,111.0,149.0,11.0,12.0,24.0,30.102089200576707,NaN
kernel,2462,reference,197.0,25.0,150.0,159.0,10.0,12.0,24.0,NaN,NaN
kernel,2463,calibration,218.0,31.0,126.0,154.0,11.0,14.0,23.0,14.946610913067872,NaN
kernel,2464,reference,173.0,37.0,154.0,168.0,11.0,13.0,21.0,NaN,NaN
kernel,2465,calibration,202.0,34.0,137.0,157.0,11.0,13.0,23.0,8.391743260647768,NaN
kernel,2466,reference,199.0,32.0,145.0,157.0,9.0,12.0,23.0,NaN,NaN
kernel,2467,calibration,178.0,26.0,157.0,167.0,11.0,13.0,25.0,21.251422997964127,NaN
kernel,2468,reference,202.0,38.0,123.0,168.0,9.0,13.0,24.0,NaN,NaN
kernel,2469,calibration,209.0,26.0,177.0,121.0,8.0,14.0,22.0,43.91878167583029,NaN
kernel,2470,reference,194.0,33.0,147.0,157.0,12.0,12.0,22.0,NaN,NaN
kernel,2471,calibration,158.0,37.0,190.0,145.0,11.0,14.0,22.0,53.48518720583226,NaN
kernel,2472,reference,214.0,34.0,114.0,166.0,7.0,13.0,29.0,NaN,NaN
kernel,2473,calibration,205.0,28.0,146.0,152.0,9.0,12.0,25.0,11.798794752231228,NaN
kernel,2474,reference,204.0,32.0,126.0,167.0,10.0,13.0,25.0,NaN,NaN
kernel,2475,calibration,197.0,34.0,150.0,150.0,10.0,13.0,23.0,12.661294899555074,NaN
kernel,2476,reference,183.0,41.0,141.0,165.0,9.0,13.0,25.0,NaN,NaN
kernel,2477,calibration,203.0,34.0,132.0,164.0,8.0,12.0,24.0,8.275977373021757,NaN
kernel,2478,reference,220.0,25.0,153.0,139.0,10.0,12.0,18.0,NaN,NaN
kernel,2479,calibration,211.0,35.0,118.0,171.0,10.0,11.0,21.0,14.752330735822483,NaN
kernel,2480,reference,199.0,35.0,131.0,165.0,8.0,12.0,27.0,NaN,NaN
kernel,2481,calibration,204.0,33.0,116.0,177.0,9.0,12.0,26.0,16.60579123882132,NaN
kernel,2482,reference,196.0,37.0,141.0,160.0,9.0,14.0,20.0,NaN,NaN
kernel,2483,calibration,188.0,32.0,152.0,159.0,8.0,13.0,25.0,13.349627939950821,NaN
kernel,2484,reference,219.0,42.0,99.0,172.0,10.0,11.0,24.0,NaN,NaN
kernel,2485,calibration,203.0,27.0,155.0,148.0,8.0,12.0,24.0,16.158171510787078,NaN
kernel,2486,reference,210.0,25.0,148.0,147.0,9.0,14.0,24.0,NaN,NaN
kernel,2487,calibration,184.0,35.0,147.0,164.0,10.0,12.0,25.0,13.586499997536365,NaN
kernel,2488,reference,207.0,33.0,145.0,148.0,7.0,12.0,25.0,NaN,NaN
kernel,2489,calibration,198.0,28.0,142.0,166.0,10.0,13.0,20.0,10.01419914505325,NaN
kernel,2490,reference,206.0,37.0,124.0,164.0,8.0,13.0,25.0,NaN,NaN
kernel,2491,calibration,205.0,28.0,129.0,168.0,10.0,12.0,25.0,10.303959278023985,NaN
kernel,2492,reference,217.0,32.0,128.0,155.0,10.0,11.0,24.0,NaN,NaN
kernel,2493,calibration,185.0,39.0,151.0,162.0,10.0,13.0,17.0,15.622977874562487,NaN
kernel,2494,reference,199.0,32.0,138.0,166.0,9.0,11.0,22.0,NaN,NaN
kernel,2495,calibration,216.0,32.0,127.0,157.0,10.0,10.0,25.0,13.119500674563255,NaN
kernel,2496,reference,205.0,43.0,113.0,170.0,11.0,13.0,22.0,NaN,NaN
kernel,2497,calibration,205.0,40.0,105.0,178.0,9.0,12.0,28.0,23.546879217115816,NaN
kernel,2498,reference,203.0,33.0,129.0,166.0,10.0,12.0,24.0,NaN,NaN
kernel,2499,calibration,208.0,33.0,131.0,163.0,9.0,11.0,22.0,9.247324842639898,NaN
kernel,2500,reference,238.0,39.0,101.0,155.0,8.0,11.0,25.0,NaN,NaN
kernel,2501,calibration,222.0,33.0,107.0,170.0,10.0,12.0,23.0,23.847588230254985,NaN
kernel,2502,reference,189.0,43.0,113.0,181.0,10.0,13.0,28.0,NaN,NaN
kernel,2503,calibration,194.0,31.0,135.0,167.0,11.0,14.0,25.0,9.492534618598874,NaN
kernel,2504,reference,205.0,39.0,118.0,168.0,10.0,12.0,25.0,NaN,NaN
kernel,2505,calibration,200.0,21.0,174.0,141.0,11.0,13.0,17.0,31.439329879187433,NaN
kernel,2506,reference,192.0,31.0,161.0,148.0,11.0,12.0,22.0,NaN,NaN
kernel,2507,calibration,201.0,33.0,144.0,150.0,10.0,14.0,25.0,11.115577024765098,NaN
kernel,2508,reference,184.0,26.0,170.0,154.0,10.0,13.0,20.0,NaN,NaN
kernel,2509,calibration,179.0,35.0,159.0,159.0,12.0,13.0,20.0,20.533705493603513,NaN
kernel,2510,reference,189.0,33.0,140.0,170.0,8.0,12.0,25.0,NaN,NaN
kernel,2511,calibration,207.0,38.0,101.0,183.0,10.0,12.0,26.0,28.108174353063205,NaN
kernel,2512,reference,196.0,23.0,176.0,140.0,8.0,13.0,21.0,NaN,NaN
kernel,2513,calibration,145.0,38.0,167.0,180.0,6.0,14.0,27.0,51.37196992167928,NaN
kernel,2514,reference,184.0,31.0,174.0,144.0,9.0,12.0,23.0,NaN,NaN
kernel,2515,calibration,216.0,39.0,100.0,174.0,9.0,12.0,27.0,27.12324009700812,NaN
kernel,2516,reference,203.0,36.0,126.0,160.0,10.0,14.0,28.0,NaN,NaN
kernel,2517,calibration,210.0,31.0,131.0,155.0,9.0,14.0,27.0,10.88145236169525,NaN
kernel,2518,reference,179.0,27.0,180.0,148.0,8.0,12.0,23.0,NaN,NaN
kernel,2519,calibration,200.0,40.0,113.0,178.0,7.0,11.0,28.0,19.245789129749667,NaN
kernel,2520,reference,163.0,33.0,184.0,155.0,7.0,13.0,22.0,NaN,NaN
kernel,2521,calibration,205.0,39.0,107.0,173.0,9.0,14.0,30.0,20.8220913477193,NaN
kernel,2522,reference,200.0,37.0,134.0,160.0,9.0,12.0,25.0,NaN,NaN
kernel,2523,calibration,222.0,33.0,112.0,165.0,10.0,14.0,21.0,20.798986019424774,NaN
kernel,2524,reference,194.0,27.0,140.0,169.0,10.0,13.0,24.0,NaN,NaN
kernel,2525,calibration,188.0,36.0,143.0,165.0,10.0,12.0,23.0,11.321016404333001,NaN
kernel,2526,reference,191.0,30.0,158.0,157.0,9.0,11.0,21.0,NaN,NaN
kernel,2527,calibration,222.0,31.0,111.0,169.0,11.0,11.0,22.0,21.876494898337064,NaN
kernel,2528,reference,223.0,34.0,104.0,167.0,10.0,14.0,25.0,NaN,NaN
kernel,2529,calibration,213.0,33.0,117.0,163.0,10.0,14.0,27.0,14.58209482314657,NaN
kernel,2530,reference,177.0,32.0,169.0,155.0,11.0,13.0,20.0,NaN,NaN
kernel,2531,calibration,222.0,38.0,112.0,164.0,11.0,10.0,20.0,21.12120813286719,NaN
kernel,2532,reference,215.0,37.0,121.0,159.0,10.0,14.0,21.0,NaN,NaN
kernel,2533,calibration,190.0,31.0,144.0,167.0,10.0,13.0,22.0,11.24325534734745,NaN
kernel,2534,reference,230.0,41.0,90.0,169.0,11.0,12.0,24.0,NaN,NaN
kernel,2535,calibration,200.0,42.0,105.0,179.0,10.0,13.0,28.0,24.46766414066896,NaN
kernel,2536,reference,203.0,35.0,133.0,163.0,9.0,12.0,22.0,NaN,NaN
kernel,2537,calibration,201.0,35.0,143.0,153.0,8.0,12.0,25.0,10.00599550525165,NaN
kernel,2538,reference,178.0,39.0,137.0,173.0,11.0,14.0,25.0,NaN,NaN
kernel,2539,calibration,195.0,31.0,162.0,147.0,11.0,13.0,18.0,19.881164487661223,NaN
kernel,2540,reference,164.0,30.0,184.0,155.0,7.0,13.0,24.0,NaN,NaN
kernel,2541,calibration,202.0,32.0,143.0,156.0,10.0,12.0,22.0,9.257394322350642,NaN
kernel,2542,reference,192.0,24.0,178.0,140.0,10.0,13.0,20.0,NaN,NaN
kernel,2543,calibration,237.0,37.0,96.0,163.0,10.0,10.0,24.0,38.6780498565677,NaN
kernel,2544,reference,201.0,32.0,143.0,157.0,8.0,12.0,24.0,NaN,NaN
kernel,2545,calibration,228.0,38.0,101.0,168.0,9.0,12.0,21.0,30.4405474039621,NaN
kernel,2546,reference,196.0,23.0,179.0,136.0,10.0,12.0,21.0,NaN,NaN
kernel,2547,calibration,199.0,30.0,147.0,157.0,12.0,12.0,20.0,10.520348771933477,NaN
kernel,2548,reference,205.0,31.0,125.0,169.0,8.0,13.0,26.0,NaN,NaN
kernel,2549,calibration,223.0,42.0,106.0,162.0,8.0,12.0,24.0,25.088137852650235,NaN
kernel,2550,reference,200.0,32.0,141.0,162.0,9.0,12.0,21.0,NaN,NaN
kernel,2551,calibration,186.0,36.0,137.0,169.0,12.0,12.0,25.0,12.591303867507396,NaN
kernel,2552,reference,186.0,36.0,127.0,177.0,10.0,12.0,29.0,NaN,NaN
kernel,2553,calibration,209.0,34.0,125.0,165.0,11.0,13.0,20.0,10.948524912571827,NaN
kernel,2554,reference,192.0,36.0,136.0,164.0,10.0,13.0,26.0,NaN,NaN
kernel,2555,calibration,194.0,35.0,134.0,165.0,9.0,13.0,27.0,9.160003378904207,NaN
kernel,2556,reference,200.0,35.0,125.0,169.0,11.0,12.0,25.0,NaN,NaN
kernel,2557,calibration,222.0,39.0,100.0,169.0,9.0,12.0,26.0,28.214252000207615,NaN
kernel,2558,reference,185.0,29.0,154.0,161.0,8.0,14.0,26.0,NaN,NaN
kernel,2559,calibration,199.0,36.0,123.0,170.0,8.0,13.0,28.0,11.72139857607457,NaN
kernel,2560,reference,203.0,39.0,131.0,158.0,12.0,13.0,21.0,NaN,NaN
kernel,2561,calibration,188.0,38.0,139.0,166.0,10.0,13.0,23.0,11.335184969718103,NaN
kernel,2562,reference,208.0,39.0,113.0,170.0,8.0,12.0,27.0,NaN,NaN
kernel,2563,calibration,205.0,34.0,114.0,179.0,8.0,11.0,26.0,18.528585715373445,NaN
kernel,2564,reference,206.0,36.0,115.0,172.0,12.0,12.0,24.0,NaN,NaN
kernel,2565,calibration,188.0,28.0,169.0,148.0,8.0,12.0,24.0,24.64937907013723,NaN
kernel,2566,reference,213.0,33.0,125.0,162.0,10.0,10.0,24.0,NaN,NaN
kernel,2567,calibration,166.0,44.0,138.0,178.0,9.0,13.0,29.0,29.142218814755303,NaN
kernel,2568,reference,199.0,24.0,153.0,153.0,10.0,13.0,25.0,NaN,NaN
kernel,2569,calibration,210.0,36.0,121.0,166.0,11.0,12.0,21.0,12.394665718550225,NaN
kernel,2570,reference,212.0,39.0,101.0,178.0,9.0,13.0,25.0,NaN,NaN
kernel,2571,calibration,176.0,43.0,136.0,170.0,10.0,13.0,29.0,19.87959192092822,NaN
kernel,2572,reference,199.0,38.0,127.0,165.0,8.0,13.0,27.0,NaN,NaN
kernel,2573,calibration,168.0,32.0,184.0,151.0,7.0,13.0,22.0,42.297843710400976,NaN
kernel,2574,reference,197.0,32.0,146.0,156.0,10.0,14.0,22.0,NaN,NaN
kernel,2575,calibration,209.0,29.0,142.0,154.0,11.0,12.0,20.0,11.494739237153436,NaN
kernel,2576,reference,203.0,30.0,137.0,165.0,9.0,12.0,21.0,NaN,NaN
kernel,2577,calibration,199.0,33.0,132.0,165.0,10.0,13.0,25.0,8.352351264816928,NaN
kernel,2578,reference,187.0,33.0,149.0,161.0,11.0,12.0,24.0,NaN,NaN
kernel,2579,calibration,193.0,38.0,131.0,169.0,8.0,13.0,25.0,10.652358798927477,NaN
kernel,2580,reference,191.0,27.0,164.0,147.0,10.0,14.0,24.0,NaN,NaN
kernel,2581,calibration,205.0,36.0,118.0,169.0,10.0,12.0,27.0,13.122701892648394,NaN
kernel,2582,reference,213.0,34.0,126.0,158.0,10.0,14.0,22.0,NaN,NaN
kernel,2583,calibration,195.0,27.0,151.0,158.0,8.0,13.0,25.0,12.207239145893826,NaN
kernel,2584,reference,183.0,29.0,161.0,160.0,7.0,13.0,24.0,NaN,NaN
kernel,2585,calibration,205.0,40.0,115.0,165.0,10.0,13.0,29.0,14.910480229793414,NaN
kernel,2586,reference,181.0,38.0,158.0,159.0,10.0,12.0,19.0,NaN,NaN
kernel,2587,calibration,200.0,32.0,152.0,147.0,10.0,13.0,23.0,14.478394015061312,NaN
kernel,2588,reference,201.0,43.0,107.0,177.0,10.0,13.0,26.0,NaN,NaN
kernel,2589,calibration,214.0,46.0,73.0,196.0,9.0,10.0,29.0,57.65156973669234,NaN
kernel,2590,reference,189.0,31.0,152.0,161.0,8.0,13.0,23.0,NaN,NaN
kernel,2591,calibration,187.0,40.0,130.0,169.0,11.0,13.0,27.0,13.459345717211406,NaN
kernel,2592,reference,175.0,27.0,157.0,169.0,9.0,13.0,27.0,NaN,NaN
kernel,2593,calibration,196.0,30.0,150.0,155.0,10.0,12.0,24.0,11.486923975426048,NaN
kernel,2594,reference,183.0,33.0,153.0,164.0,10.0,14.0,20.0,NaN,NaN
kernel,2595,calibration,202.0,25.0,153.0,146.0,10.0,14.0,27.0,16.659749918772448,NaN
kernel,2596,reference,197.0,30.0,145.0,158.0,10.0,13.0,24.0,NaN,NaN
kernel,2597,calibration,212.0,36.0,142.0,146.0,9.0,11.0,21.0,15.048507240866037,NaN
kernel,2598,reference,174.0,35.0,162.0,159.0,11.0,13.0,23.0,NaN,NaN
kernel,2599,calibration,193.0,33.0,139.0,166.0,11.0,11.0,24.0,9.434121778546793,NaN
kernel,2600,reference,206.0,32.0,143.0,150.0,11.0,13.0,22.0,NaN,NaN
kernel,2601,calibration,183.0,31.0,159.0,157.0,9.0,13.0,25.0,18.43314036675332,NaN
kernel,2602,reference,185.0,24.0,174.0,151.0,7.0,13.0,23.0,NaN,NaN
kernel,2603,calibration,185.0,28.0,159.0,159.0,8.0,14.0,24.0,17.928561895787354,NaN
kernel,2604,reference,184.0,39.0,126.0,179.0,10.0,11.0,28.0,NaN,NaN
kernel,2605,calibration,203.0,36.0,132.0,161.0,11.0,12.0,22.0,8.408742549959566,NaN
kernel,2606,reference,204.0,28.0,131.0,167.0,10.0,13.0,24.0,NaN,NaN
kernel,2607,calibration,239.0,27.0,122.0,145.0,9.0,11.0,24.0,32.51194852613596,NaN
kernel,2608,reference,188.0,33.0,157.0,155.0,8.0,11.0,25.0,NaN,NaN
kernel,2609,calibration,204.0,37.0,119.0,172.0,8.0,13.0,24.0,13.4174265047659,NaN
kernel,2610,reference,179.0,29.0,166.0,159.0,9.0,12.0,23.0,NaN,NaN
kernel,2611,calibration,193.0,32.0,152.0,157.0,9.0,13.0,21.0,12.331159655847067,NaN
kernel,2612,reference,210.0,28.0,137.0,160.0,10.0,12.0,20.0,NaN,NaN
kernel,2613,calibration,182.0,19.0,186.0,148.0,10.0,10.0,22.0,40.54752101321876,NaN
kernel,2614,reference,179.0,37.0,152.0,161.0,8.0,13.0,27.0,NaN,NaN
kernel,2615,calibration,208.0,27.0,155.0,146.0,9.0,12.0,20.0,18.08780451464584,NaN
kernel,2616,reference,218.0,33.0,123.0,159.0,7.0,12.0,25.0,NaN,NaN
kernel,2617,calibration,211.0,31.0,127.0,166.0,8.0,13.0,21.0,11.275392672051481,NaN
kernel,2618,reference,227.0,39.0,83.0,179.0,8.0,12.0,29.0,NaN,NaN
kernel,2619,calibration,200.0,34.0,136.0,165.0,7.0,12.0,23.0,8.306777392110753,NaN
kernel,2620,reference,197.0,38.0,134.0,163.0,11.0,13.0,21.0,NaN,NaN
kernel,2621,calibration,197.0,36.0,140.0,159.0,10.0,13.0,22.0,8.611158727437306,NaN
kernel,2622,reference,169.0,25.0,210.0,126.0,10.0,13.0,24.0,NaN,NaN
kernel,2623,calibration,200.0,29.0,130.0,173.0,9.0,12.0,24.0,11.278319401597042,NaN
kernel,2624,reference,214.0,35.0,112.0,170.0,9.0,14.0,23.0,NaN,NaN
kernel,2625,calibration,212.0,34.0,110.0,170.0,10.0,14.0,27.0,18.547216385560787,NaN
kernel,2626,reference,221.0,40.0,96.0,173.0,10.0,11.0,26.0,NaN,NaN
kernel,2627,calibration,195.0,34.0,143.0,159.0,11.0,14.0,21.0,9.31669549395098,NaN
kernel,2628,reference,174.0,32.0,156.0,167.0,10.0,13.0,25.0,NaN,NaN
kernel,2629,calibration,198.0,37.0,121.0,173.0,10.0,11.0,27.0,13.385628653618532,NaN
kernel,2630,reference,192.0,31.0,152.0,151.0,9.0,12.0,30.0,NaN,NaN
kernel,2631,calibration,194.0,24.0,171.0,147.0,8.0,13.0,20.0,26.249601339473486,NaN
kernel,2632,reference,199.0,38.0,133.0,159.0,9.0,13.0,26.0,NaN,NaN
kernel,2633,calibration,193.0,41.0,122.0,173.0,11.0,13.0,24.0,14.596868821127039,NaN
kernel,2634,reference,199.0,37.0,132.0,162.0,9.0,13.0,25.0,NaN,NaN
kernel,2635,calibration,183.0,28.0,150.0,170.0,8.0,12.0,26.0,16.69847329511196,NaN
kernel,2636,reference,203.0,34.0,144.0,149.0,11.0,14.0,22.0,NaN,NaN
kernel,2637,calibration,181.0,34.0,164.0,156.0,7.0,13.0,22.0,22.17911317831227,NaN
kernel,2638,reference,227.0,33.0,109.0,161.0,9.0,13.0,25.0,NaN,NaN
kernel,2639,calibration,184.0,35.0,155.0,158.0,9.0,11.0,25.0,16.200011020832214,NaN
kernel,2640,reference,214.0,35.0,127.0,157.0,11.0,12.0,21.0,NaN,NaN
kernel,2641,calibration,194.0,32.0,153.0,153.0,9.0,13.0,23.0,13.137459773708585,NaN
kernel,2642,reference,225.0,38.0,107.0,160.0,9.0,12.0,26.0,NaN,NaN
kernel,2643,calibration,205.0,37.0,124.0,159.0,10.0,12.0,30.0,11.220336670340156,NaN
kernel,2644,reference,161.0,28.0,203.0,144.0,8.0,13.0,20.0,NaN,NaN
kernel,2645,calibration,211.0,37.0,132.0,152.0,9.0,13.0,23.0,11.855033594913976,NaN
kernel,2646,reference,164.0,30.0,170.0,167.0,10.0,12.0,24.0,NaN,NaN
kernel,2647,calibration,201.0,36.0,128.0,163.0,10.0,12.0,27.0,9.034057864538298,NaN
kernel,2648,reference,218.0,34.0,109.0,169.0,10.0,12.0,25.0,NaN,NaN
kernel,2649,calibration,203.0,36.0,129.0,166.0,10.0,12.0,21.0,9.17544666398311,NaN
kernel,2650,reference,179.0,36.0,159.0,156.0,9.0,12.0,26.0,NaN,NaN
kernel,2651,calibration,173.0,30.0,171.0,158.0,9.0,14.0,22.0,30.129782894083725,NaN
kernel,2652,reference,188.0,23.0,178.0,149.0,5.0,13.0,21.0,NaN,NaN
kernel,2653,calibration,206.0,35.0,116.0,168.0,11.0,14.0,27.0,14.010896383027685,NaN
kernel,2654,reference,186.0,34.0,152.0,157.0,11.0,14.0,23.0,NaN,NaN
kernel,2655,calibration,208.0,37.0,110.0,172.0,8.0,13.0,29.0,18.585791490876503,NaN
kernel,2656,reference,192.0,28.0,164.0,147.0,9.0,13.0,24.0,NaN,NaN
kernel,2657,calibration,194.0,35.0,146.0,156.0,10.0,12.0,24.0,10.29810441353397,NaN
kernel,2658,reference,215.0,35.0,119.0,163.0,8.0,13.0,24.0,NaN,NaN
kernel,2659,calibration,205.0,29.0,171.0,131.0,10.0,12.0,19.0,33.35926515981831,NaN
kernel,2660,reference,216.0,36.0,117.0,162.0,10.0,12.0,24.0,NaN,NaN
kernel,2661,calibration,234.0,38.0,107.0,152.0,10.0,11.0,25.0,31.860789851057355,NaN
kernel,2662,reference,182.0,25.0,206.0,121.0,10.0,13.0,20.0,NaN,NaN
kernel,2663,calibration,212.0,30.0,130.0,162.0,9.0,11.0,23.0,10.79538589571878,NaN
kernel,2664,reference,211.0,33.0,139.0,153.0,11.0,14.0,16.0,NaN,NaN
kernel,2665,calibration,204.0,31.0,128.0,168.0,9.0,12.0,25.0,9.744616141318726,NaN
kernel,2666,reference,212.0,41.0,99.0,178.0,6.0,13.0,28.0,NaN,NaN
kernel,2667,calibration,184.0,39.0,135.0,171.0,11.0,13.0,24.0,14.41575552750055,NaN
kernel,2668,reference,191.0,26.0,175.0,143.0,8.0,12.0,22.0,NaN,NaN
kernel,2669,calibration,200.0,30.0,135.0,164.0,9.0,12.0,27.0,8.547432114348144,NaN
kernel,2670,reference,206.0,33.0,142.0,154.0,8.0,13.0,21.0,NaN,NaN
kernel,2671,calibration,209.0,31.0,139.0,152.0,9.0,12.0,25.0,11.098253300619163,NaN
kernel,2672,reference,177.0,34.0,156.0,161.0,8.0,13.0,28.0,NaN,NaN
kernel,2673,calibration,196.0,40.0,115.0,177.0,11.0,13.0,25.0,18.077602106212296,NaN
kernel,2674,reference,225.0,34.0,121.0,153.0,8.0,10.0,26.0,NaN,NaN
kernel,2675,calibration,188.0,39.0,125.0,180.0,9.0,12.0,24.0,17.881448927478324,NaN
kernel,2676,reference,230.0,39.0,98.0,164.0,10.0,13.0,23.0,NaN,NaN
kernel,2677,calibration,210.0,39.0,99.0,180.0,11.0,13.0,25.0,28.549835118624408,NaN
kernel,2678,reference,215.0,31.0,129.0,158.0,10.0,12.0,22.0,NaN,NaN
kernel,2679,calibration,189.0,34.0,145.0,166.0,9.0,11.0,23.0,11.439306836927631,NaN
kernel,2680,reference,199.0,41.0,131.0,155.0,10.0,13.0,28.0,NaN,NaN
kernel,2681,calibration,178.0,32.0,155.0,163.0,12.0,14.0,23.0,19.17122333130328,NaN
kernel,2682,reference,200.0,38.0,127.0,163.0,10.0,14.0,25.0,NaN,NaN
kernel,2683,calibration,202.0,39.0,118.0,169.0,8.0,12.0,29.0,13.75453527289212,NaN
kernel,2684,reference,200.0,31.0,162.0,143.0,9.0,12.0,20.0,NaN,NaN
kernel,2685,calibration,230.0,43.0,78.0,176.0,10.0,12.0,28.0,50.40999006828169,NaN
kernel,2686,reference,201.0,33.0,150.0,150.0,12.0,12.0,19.0,NaN,NaN
kernel,2687,calibration,201.0,38.0,125.0,166.0,10.0,11.0,26.0,10.188293352305493,NaN
kernel,2688,reference,211.0,26.0,146.0,149.0,8.0,12.0,25.0,NaN,NaN
kernel,2689,calibration,193.0,34.0,141.0,162.0,11.0,14.0,22.0,9.254656298239734,NaN
kernel,2690,reference,195.0,40.0,131.0,168.0,7.0,13.0,23.0,NaN,NaN
kernel,2691,calibration,198.0,31.0,142.0,163.0,9.0,12.0,22.0,8.777919069684081,NaN
kernel,2692,reference,204.0,38.0,114.0,170.0,10.0,13.0,28.0,NaN,NaN
kernel,2693,calibration,206.0,31.0,145.0,147.0,11.0,11.0,26.0,13.388059432989081,NaN
kernel,2694,reference,185.0,39.0,159.0,151.0,9.0,11.0,23.0,NaN,NaN
kernel,2695,calibration,209.0,26.0,159.0,142.0,9.0,12.0,20.0,22.053619503721777,NaN
kernel,2696,reference,201.0,36.0,122.0,171.0,9.0,13.0,25.0,NaN,NaN
kernel,2697,calibration,201.0,35.0,126.0,169.0,11.0,12.0,23.0,10.151254602740678,NaN
kernel,2698,reference,183.0,34.0,143.0,170.0,11.0,13.0,23.0,NaN,NaN
kernel,2699,calibration,206.0,27.0,139.0,162.0,9.0,13.0,21.0,9.831837152947546,NaN
kernel,2700,reference,185.0,37.0,137.0,171.0,10.0,13.0,24.0,NaN,NaN
kernel,2701,calibration,212.0,34.0,125.0,159.0,10.0,14.0,23.0,11.5146920155791,NaN
kernel,2702,reference,218.0,33.0,124.0,156.0,11.0,14.0,21.0,NaN,NaN
kernel,2703,calibration,213.0,31.0,133.0,156.0,9.0,12.0,23.0,11.289172043860546,NaN
kernel,2704,reference,157.0,31.0,167.0,175.0,10.0,13.0,24.0,NaN,NaN
kernel,2705,calibration,179.0,26.0,175.0,155.0,9.0,12.0,21.0,30.67386585695376,NaN
kernel,2706,reference,211.0,34.0,114.0,171.0,10.0,11.0,26.0,NaN,NaN
kernel,2707,calibration,212.0,26.0,143.0,151.0,11.0,12.0,22.0,13.908450465657324,NaN
kernel,2708,reference,154.0,34.0,168.0,173.0,10.0,12.0,26.0,NaN,NaN
kernel,2709,calibration,198.0,32.0,143.0,157.0,10.0,14.0,23.0,9.0093692502349,NaN
kernel,2710,reference,208.0,40.0,102.0,178.0,11.0,13.0,25.0,NaN,NaN
kernel,2711,calibration,206.0,32.0,132.0,164.0,10.0,12.0,21.0,8.933581476095451,NaN
kernel,2712,reference,215.0,36.0,116.0,163.0,9.0,13.0,25.0,NaN,NaN
kernel,2713,calibration,240.0,37.0,94.0,161.0,9.0,11.0,25.0,41.93902727909243,NaN
kernel,2714,reference,206.0,26.0,143.0,155.0,11.0,13.0,23.0,NaN,NaN
kernel,2715,calibration,183.0,28.0,175.0,151.0,8.0,12.0,20.0,29.624274955024596,NaN
kernel,2716,reference,187.0,25.0,177.0,144.0,11.0,13.0,20.0,NaN,NaN
kernel,2717,calibration,213.0,29.0,128.0,158.0,10.0,12.0,27.0,12.001607794126961,NaN
kernel,2718,reference,190.0,38.0,144.0,160.0,10.0,12.0,23.0,NaN,NaN
kernel,2719,calibration,193.0,38.0,137.0,159.0,10.0,13.0,27.0,9.686164143230762,NaN
kernel,2720,reference,212.0,35.0,111.0,174.0,10.0,11.0,24.0,NaN,NaN
kernel,2721,calibration,205.0,29.0,157.0,143.0,10.0,11.0,22.0,19.19867123174479,NaN
kernel,2722,reference,193.0,34.0,136.0,167.0,11.0,14.0,22.0,NaN,NaN
kernel,2723,calibration,212.0,29.0,124.0,168.0,10.0,10.0,24.0,12.839364579852422,NaN
kernel,2724,reference,202.0,38.0,126.0,163.0,11.0,13.0,24.0,NaN,NaN
kernel,2725,calibration,198.0,34.0,124.0,172.0,8.0,13.0,28.0,12.078605824091628,NaN
kernel,2726,reference,204.0,29.0,128.0,167.0,8.0,13.0,28.0,NaN,NaN
kernel,2727,calibration,203.0,39.0,116.0,168.0,11.0,13.0,27.0,14.201704611872366,NaN
kernel,2728,reference,204.0,31.0,155.0,148.0,6.0,12.0,21.0,NaN,NaN
kernel,2729,calibration,211.0,31.0,136.0,154.0,9.0,14.0,22.0,11.054930799160385,NaN
kernel,2730,reference,215.0,33.0,129.0,156.0,10.0,9.0,25.0,NaN,NaN
kernel,2731,calibration,186.0,36.0,137.0,169.0,8.0,13.0,28.0,12.798062762642864,NaN
kernel,2732,reference,211.0,33.0,141.0,147.0,9.0,13.0,23.0,NaN,NaN
kernel,2733,calibration,199.0,37.0,134.0,160.0,8.0,11.0,28.0,8.795087045752258,NaN
kernel,2734,reference,194.0,21.0,185.0,135.0,9.0,13.0,20.0,NaN,NaN
kernel,2735,calibration,227.0,33.0,112.0,158.0,9.0,13.0,25.0,23.691992586420895,NaN
kernel,2736,reference,197.0,39.0,115.0,176.0,9.0,12.0,29.0,NaN,NaN
kernel,2737,calibration,171.0,40.0,150.0,172.0,8.0,12.0,24.0,24.164785464782646,NaN
kernel,2738,reference,205.0,34.0,134.0,158.0,10.0,13.0,23.0,NaN,NaN
kernel,2739,calibration,222.0,35.0,114.0,158.0,9.0,12.0,27.0,20.04935465715183,NaN
kernel,2740,reference,206.0,37.0,110.0,177.0,10.0,12.0,25.0,NaN,NaN
kernel,2741,calibration,229.0,36.0,108.0,158.0,11.0,12.0,23.0,26.907810238078802,NaN
kernel,2742,reference,201.0,31.0,137.0,162.0,10.0,13.0,23.0,NaN,NaN
kernel,2743,calibration,203.0,33.0,140.0,154.0,11.0,14.0,22.0,9.424417694992652,NaN
kernel,2744,reference,175.0,34.0,173.0,149.0,10.0,13.0,23.0,NaN,NaN
kernel,2745,calibration,221.0,37.0,124.0,152.0,10.0,13.0,20.0,17.715117077505738,NaN
kernel,2746,reference,202.0,36.0,128.0,164.0,10.0,12.0,25.0,NaN,NaN
kernel,2747,calibration,216.0,35.0,125.0,155.0,9.0,12.0,25.0,13.790177292827096,NaN
kernel,2748,reference,213.0,37.0,102.0,172.0,11.0,14.0,28.0,NaN,NaN
kernel,2749,calibration,219.0,36.0,118.0,156.0,10.0,14.0,24.0,17.19179966110366,NaN
kernel,2750,reference,196.0,34.0,149.0,152.0,10.0,13.0,23.0,NaN,NaN
kernel,2751,calibration,198.0,33.0,134.0,168.0,10.0,13.0,21.0,9.070803214719401,NaN
kernel,2752,reference,182.0,36.0,136.0,174.0,11.0,14.0,24.0,NaN,NaN
kernel,2753,calibration,190.0,33.0,155.0,155.0,9.0,13.0,22.0,14.410195994672122,NaN
kernel,2754,reference,196.0,27.0,141.0,166.0,10.0,13.0,24.0,NaN,NaN
kernel,2755,calibration,181.0,31.0,173.0,150.0,9.0,13.0,20.0,28.851143683888175,NaN
kernel,2756,reference,223.0,39.0,103.0,164.0,10.0,12.0,26.0,NaN,NaN
kernel,2757,calibration,232.0,31.0,100.0,162.0,10.0,13.0,29.0,33.36238704285724,NaN
kernel,2758,reference,195.0,29.0,150.0,160.0,8.0,12.0,23.0,NaN,NaN
kernel,2759,calibration,217.0,31.0,131.0,154.0,11.0,12.0,21.0,13.828449177632699,NaN
kernel,2760,reference,222.0,40.0,103.0,169.0,10.0,8.0,25.0,NaN,NaN
kernel,2761,calibration,169.0,27.0,173.0,161.0,9.0,13.0,25.0,33.89361538487265,NaN
kernel,2762,reference,199.0,39.0,130.0,167.0,9.0,13.0,20.0,NaN,NaN
kernel,2763,calibration,220.0,40.0,98.0,170.0,10.0,11.0,28.0,29.26629197135533,NaN
kernel,2764,reference,200.0,29.0,153.0,146.0,9.0,13.0,27.0,NaN,NaN
kernel,2765,calibration,197.0,31.0,148.0,154.0,9.0,14.0,24.0,10.901178299764908,NaN
kernel,2766,reference,220.0,29.0,132.0,149.0,8.0,12.0,27.0,NaN,NaN
kernel,2767,calibration,223.0,34.0,92.0,182.0,8.0,11.0,27.0,37.759686290457886,NaN
kernel,2768,reference,240.0,35.0,113.0,141.0,11.0,14.0,23.0,NaN,NaN
kernel,2769,calibration,192.0,34.0,142.0,163.0,9.0,12.0,25.0,9.553335571650717,NaN
kernel,2770,reference,206.0,33.0,133.0,157.0,10.0,14.0,24.0,NaN,NaN
kernel,2771,calibration,190.0,21.0,179.0,144.0,9.0,13.0,21.0,33.91362590275489,NaN
kernel,2772,reference,214.0,37.0,121.0,155.0,10.0,14.0,26.0,NaN,NaN
kernel,2773,calibration,198.0,36.0,112.0,181.0,10.0,13.0,27.0,20.762953007422887,NaN
kernel,2774,reference,201.0,29.0,139.0,162.0,11.0,13.0,22.0,NaN,NaN
kernel,2775,calibration,180.0,24.0,206.0,127.0,7.0,13.0,20.0,63.37843771057594,NaN
kernel,2776,reference,200.0,37.0,119.0,174.0,9.0,13.0,25.0,NaN,NaN
kernel,2777,calibration,184.0,33.0,169.0,148.0,10.0,13.0,20.0,25.67394889245609,NaN
kernel,2778,reference,206.0,42.0,90.0,190.0,11.0,12.0,26.0,NaN,NaN
kernel,2779,calibration,180.0,21.0,194.0,139.0,9.0,13.0,21.0,49.37122880793774,NaN
kernel,2780,reference,201.0,32.0,143.0,154.0,11.0,14.0,22.0,NaN,NaN
kernel,2781,calibration,173.0,31.0,159.0,171.0,8.0,13.0,22.0,25.205698570204703,NaN
kernel,2782,reference,211.0,29.0,130.0,163.0,9.0,13.0,22.0,NaN,NaN
kernel,2783,calibration,179.0,34.0,166.0,155.0,10.0,13.0,20.0,24.401172895051133,NaN
kernel,2784,reference,233.0,33.0,105.0,162.0,8.0,12.0,24.0,NaN,NaN
kernel,2785,calibration,212.0,30.0,121.0,168.0,8.0,13.0,25.0,13.437020203886426,NaN
kernel,2786,reference,166.0,24.0,225.0,118.0,9.0,12.0,23.0,NaN,NaN
kernel,2787,calibration,209.0,40.0,105.0,175.0,11.0,13.0,24.0,22.64782646483907,NaN
kernel,2788,reference,209.0,41.0,112.0,171.0,7.0,13.0,24.0,NaN,NaN
kernel,2789,calibration,173.0,29.0,169.0,161.0,10.0,13.0,22.0,28.97785268817851,NaN
kernel,2790,reference,199.0,29.0,146.0,160.0,10.0,12.0,21.0,NaN,NaN
kernel,2791,calibration,184.0,35.0,156.0,159.0,10.0,12.0,21.0,16.644026799311305,NaN
kernel,2792,reference,192.0,33.0,153.0,149.0,10.0,13.0,27.0,NaN,NaN
kernel,2793,calibration,180.0,32.0,154.0,167.0,8.0,12.0,24.0,18.20526830479556,NaN
kernel,2794,reference,217.0,34.0,128.0,158.0,7.0,12.0,21.0,NaN,NaN
kernel,2795,calibration,212.0,37.0,112.0,168.0,10.0,12.0,26.0,17.01925714012512,NaN
kernel,2796,reference,175.0,26.0,171.0,160.0,10.0,13.0,22.0,NaN,NaN
kernel,2797,calibration,192.0,31.0,164.0,150.0,10.0,13.0,17.0,20.62874860614928,NaN
kernel,2798,reference,204.0,33.0,131.0,164.0,8.0,13.0,24.0,NaN,NaN
kernel,2799,calibration,188.0,33.0,135.0,173.0,9.0,12.0,27.0,13.032809982476245,NaN
kernel,2800,reference,191.0,29.0,152.0,154.0,10.0,13.0,28.0,NaN,NaN
kernel,2801,calibration,209.0,38.0,114.0,167.0,10.0,13.0,26.0,15.30148492302439,NaN
kernel,2802,reference,174.0,39.0,139.0,176.0,9.0,13.0,27.0,NaN,NaN
kernel,2803,calibration,209.0,35.0,127.0,157.0,10.0,13.0,26.0,10.55409726363568,NaN
kernel,2804,reference,224.0,38.0,92.0,176.0,12.0,12.0,23.0,NaN,NaN
kernel,2805,calibration,171.0,42.0,139.0,177.0,10.0,13.0,25.0,24.625950701667648,NaN
kernel,2806,reference,169.0,30.0,158.0,171.0,9.0,13.0,27.0,NaN,NaN
kernel,2807,calibration,215.0,32.0,132.0,154.0,9.0,12.0,23.0,12.557840737397807,NaN
kernel,2808,reference,194.0,30.0,147.0,160.0,8.0,13.0,25.0,NaN,NaN
kernel,2809,calibration,211.0,34.0,110.0,174.0,11.0,12.0,25.0,19.26921917974326,NaN
kernel,2810,reference,204.0,40.0,112.0,170.0,9.0,14.0,28.0,NaN,NaN
kernel,2811,calibration,211.0,29.0,140.0,152.0,9.0,12.0,24.0,12.06033750573981,NaN
kernel,2812,reference,194.0,39.0,119.0,174.0,10.0,14.0,27.0,NaN,NaN
kernel,2813,calibration,222.0,35.0,117.0,156.0,8.0,12.0,27.0,19.179760657387618,NaN
kernel,2814,reference,231.0,36.0,107.0,161.0,9.0,13.0,20.0,NaN,NaN
kernel,2815,calibration,188.0,32.0,146.0,166.0,9.0,12.0,24.0,11.966014725286069,NaN
kernel,2816,reference,211.0,29.0,129.0,162.0,9.0,12.0,25.0,NaN,NaN
kernel,2817,calibration,194.0,42.0,130.0,163.0,11.0,12.0,25.0,10.794498065128632,NaN
kernel,2818,reference,185.0,38.0,139.0,170.0,9.0,13.0,23.0,NaN,NaN
kernel,2819,calibration,224.0,35.0,101.0,171.0,9.0,13.0,24.0,28.536618958433372,NaN
kernel,2820,reference,183.0,31.0,167.0,153.0,7.0,13.0,23.0,NaN,NaN
kernel,2821,calibration,192.0,23.0,173.0,144.0,11.0,13.0,21.0,28.894129613484544,NaN
kernel,2822,reference,210.0,26.0,138.0,158.0,10.0,13.0,22.0,NaN,NaN
kernel,2823,calibration,206.0,33.0,124.0,166.0,8.0,13.0,27.0,10.574755855636916,NaN
kernel,2824,reference,206.0,36.0,134.0,159.0,7.0,11.0,24.0,NaN,NaN
kernel,2825,calibration,192.0,37.0,118.0,180.0,8.0,12.0,30.0,19.190027549309924,NaN
kernel,2826,reference,198.0,25.0,173.0,142.0,7.0,9.0,23.0,NaN,NaN
kernel,2827,calibration,185.0,30.0,177.0,141.0,10.0,13.0,21.0,33.12686181502709,NaN
kernel,2828,reference,160.0,37.0,153.0,178.0,10.0,12.0,27.0,NaN,NaN
kernel,2829,calibration,149.0,43.0,156.0,178.0,11.0,13.0,27.0,44.450642473471554,NaN
kernel,2830,reference,224.0,36.0,114.0,154.0,10.0,13.0,26.0,NaN,NaN
kernel,2831,calibration,220.0,34.0,135.0,148.0,10.0,12.0,18.0,17.443355092463378,NaN
kernel,2832,reference,220.0,37.0,113.0,158.0,9.0,14.0,26.0,NaN,NaN
kernel,2833,calibration,192.0,25.0,161.0,153.0,11.0,13.0,22.0,18.428823032769927,NaN
kernel,2834,reference,200.0,24.0,155.0,154.0,10.0,13.0,21.0,NaN,NaN
kernel,2835,calibration,199.0,28.0,173.0,136.0,9.0,12.0,20.0,31.32009838649006,NaN
kernel,2836,reference,191.0,23.0,166.0,150.0,11.0,13.0,23.0,NaN,NaN
kernel,2837,calibration,220.0,33.0,124.0,153.0,10.0,13.0,24.0,16.453336658985513,NaN
kernel,2838,reference,185.0,30.0,163.0,154.0,10.0,13.0,22.0,NaN,NaN
kernel,2839,calibration,196.0,32.0,136.0,166.0,9.0,12.0,26.0,8.780143929357592,NaN
kernel,2840,reference,194.0,31.0,149.0,155.0,9.0,12.0,27.0,NaN,NaN
kernel,2841,calibration,194.0,37.0,137.0,163.0,10.0,11.0,25.0,8.994250560013374,NaN
kernel,2842,reference,208.0,35.0,133.0,157.0,10.0,13.0,21.0,NaN,NaN
kernel,2843,calibration,174.0,31.0,175.0,153.0,9.0,13.0,22.0,32.57132385877165,NaN
kernel,2844,reference,189.0,31.0,153.0,161.0,11.0,12.0,20.0,NaN,NaN
kernel,2845,calibration,199.0,29.0,139.0,161.0,11.0,13.0,25.0,8.56610896571772,NaN
kernel,2846,reference,201.0,42.0,97.0,192.0,11.0,13.0,21.0,NaN,NaN
kernel,2847,calibration,199.0,35.0,134.0,161.0,9.0,13.0,26.0,8.11080506139071,NaN
kernel,2848,reference,218.0,37.0,110.0,164.0,8.0,11.0,29.0,NaN,NaN
kernel,2849,calibration,161.0,38.0,164.0,168.0,10.0,14.0,22.0,34.98859929626115,NaN
kernel,2850,reference,209.0,30.0,138.0,154.0,11.0,13.0,22.0,NaN,NaN
kernel,2851,calibration,206.0,44.0,92.0,186.0,10.0,12.0,27.0,36.75430125041517,NaN
kernel,2852,reference,222.0,35.0,125.0,150.0,11.0,13.0,21.0,NaN,NaN
kernel,2853,calibration,185.0,36.0,142.0,170.0,10.0,12.0,22.0,13.569866839966146,NaN
kernel,2854,reference,194.0,28.0,149.0,158.0,11.0,14.0,23.0,NaN,NaN
kernel,2855,calibration,198.0,27.0,146.0,162.0,9.0,13.0,22.0,10.354189826626339,NaN
kernel,2856,reference,203.0,39.0,115.0,170.0,9.0,12.0,29.0,NaN,NaN
kernel,2857,calibration,215.0,38.0,111.0,170.0,8.0,13.0,22.0,19.0019047809401,NaN
kernel,2858,reference,228.0,36.0,99.0,165.0,8.0,13.0,28.0,NaN,NaN
kernel,2859,calibration,215.0,34.0,130.0,152.0,11.0,13.0,22.0,13.39415295557081,NaN
kernel,2860,reference,166.0,30.0,186.0,151.0,10.0,13.0,21.0,NaN,NaN
kernel,2861,calibration,211.0,32.0,131.0,158.0,9.0,13.0,23.0,10.271218967070933,NaN
kernel,2862,reference,206.0,37.0,121.0,165.0,10.0,12.0,26.0,NaN,NaN
kernel,2863,calibration,193.0,39.0,127.0,167.0,10.0,13.0,28.0,11.46266226314697,NaN
kernel,2864,reference,180.0,29.0,184.0,140.0,10.0,13.0,21.0,NaN,NaN
kernel,2865,calibration,198.0,34.0,133.0,166.0,8.0,13.0,25.0,8.524954726028774,NaN
kernel,2866,reference,206.0,33.0,128.0,162.0,10.0,14.0,24.0,NaN,NaN
kernel,2867,calibration,178.0,38.0,138.0,176.0,11.0,13.0,23.0,19.192112439705824,NaN
kernel,2868,reference,199.0,34.0,139.0,160.0,9.0,12.0,24.0,NaN,NaN
kernel,2869,calibration,194.0,30.0,145.0,168.0,8.0,10.0,22.0,11.142881931848233,NaN
kernel,2870,reference,229.0,40.0,90.0,167.0,12.0,12.0,27.0,NaN,NaN
kernel,2871,calibration,199.0,38.0,124.0,168.0,10.0,13.0,25.0,10.82866242464102,NaN
kernel,2872,reference,200.0,35.0,148.0,151.0,9.0,13.0,21.0,NaN,NaN
kernel,2873,calibration,200.0,36.0,126.0,167.0,9.0,11.0,28.0,10.126358134511452,NaN
kernel,2874,reference,179.0,38.0,150.0,164.0,9.0,12.0,25.0,NaN,NaN
kernel,2875,calibration,191.0,38.0,120.0,179.0,10.0,13.0,26.0,17.82206736672179,NaN
kernel,2876,reference,218.0,36.0,124.0,156.0,7.0,13.0,23.0,NaN,NaN
kernel,2877,calibration,220.0,37.0,117.0,157.0,10.0,11.0,25.0,17.950722203228374,NaN
kernel,2878,reference,210.0,23.0,127.0,169.0,8.0,12.0,28.0,NaN,NaN
kernel,2879,calibration,200.0,34.0,132.0,160.0,8.0,13.0,30.0,9.093456946538005,NaN
kernel,2880,reference,179.0,25.0,183.0,146.0,9.0,14.0,21.0,NaN,NaN
kernel,2881,calibration,191.0,33.0,149.0,160.0,10.0,12.0,22.0,11.377426847109263,NaN
kernel,2882,reference,192.0,39.0,118.0,176.0,9.0,12.0,31.0,NaN,NaN
kernel,2883,calibration,216.0,35.0,122.0,161.0,10.0,10.0,23.0,13.812656939624006,NaN
kernel,2884,reference,184.0,33.0,153.0,161.0,8.0,13.0,25.0,NaN,NaN
kernel,2885,calibration,191.0,33.0,148.0,162.0,9.0,12.0,22.0,11.121726043872702,NaN
kernel,2886,reference,161.0,44.0,149.0,175.0,8.0,12.0,28.0,NaN,NaN
kernel,2887,calibration,182.0,29.0,183.0,143.0,9.0,12.0,19.0,37.89478658662562,NaN
kernel,2888,reference,209.0,36.0,105.0,177.0,11.0,13.0,26.0,NaN,NaN
kernel,2889,calibration,223.0,34.0,113.0,162.0,11.0,12.0,22.0,20.66574345139467,NaN
kernel,2890,reference,200.0,34.0,137.0,163.0,11.0,12.0,20.0,NaN,NaN
kernel,2891,calibration,214.0,32.0,115.0,171.0,10.0,11.0,24.0,16.820492877544595,NaN
kernel,2892,reference,203.0,35.0,130.0,163.0,9.0,14.0,23.0,NaN,NaN
kernel,2893,calibration,185.0,30.0,147.0,168.0,8.0,11.0,28.0,14.423402042480951,NaN
kernel,2894,reference,208.0,40.0,120.0,162.0,10.0,13.0,24.0,NaN,NaN
kernel,2895,calibration,210.0,28.0,134.0,162.0,10.0,12.0,21.0,10.393038815197723,NaN
kernel,2896,reference,192.0,39.0,123.0,174.0,8.0,12.0,29.0,NaN,NaN
kernel,2897,calibration,218.0,37.0,110.0,164.0,9.0,13.0,26.0,19.79833119320594,NaN
kernel,2898,reference,200.0,38.0,132.0,162.0,9.0,13.0,23.0,NaN,NaN
kernel,2899,calibration,222.0,39.0,98.0,172.0,10.0,11.0,25.0,30.088591829569488,NaN
kernel,2900,reference,207.0,47.0,86.0,185.0,11.0,14.0,27.0,NaN,NaN
kernel,2901,calibration,210.0,35.0,123.0,166.0,11.0,10.0,22.0,11.727888436708284,NaN
kernel,2902,reference,192.0,33.0,154.0,156.0,10.0,12.0,20.0,NaN,NaN
kernel,2903,calibration,201.0,25.0,175.0,134.0,9.0,13.0,20.0,34.147024354182086,NaN
kernel,2904,reference,199.0,34.0,145.0,151.0,10.0,14.0,24.0,NaN,NaN
kernel,2905,calibration,216.0,30.0,133.0,153.0,8.0,12.0,25.0,13.469114201521819,NaN
kernel,2906,reference,220.0,33.0,120.0,157.0,10.0,13.0,24.0,NaN,NaN
kernel,2907,calibration,173.0,43.0,134.0,177.0,10.0,12.0,28.0,23.81955707093133,NaN
kernel,2908,reference,198.0,30.0,161.0,145.0,10.0,12.0,21.0,NaN,NaN
kernel,2909,calibration,178.0,43.0,146.0,159.0,10.0,12.0,29.0,18.546993971161967,NaN
kernel,2910,reference,200.0,30.0,154.0,153.0,8.0,12.0,20.0,NaN,NaN
kernel,2911,calibration,185.0,28.0,179.0,141.0,10.0,12.0,22.0,34.65289988451721,NaN
kernel,2912,reference,194.0,30.0,162.0,148.0,8.0,13.0,22.0,NaN,NaN
kernel,2913,calibration,197.0,32.0,152.0,154.0,8.0,13.0,21.0,12.416805946732126,NaN
kernel,2914,reference,214.0,35.0,125.0,157.0,9.0,14.0,23.0,NaN,NaN
kernel,2915,calibration,195.0,30.0,153.0,155.0,10.0,12.0,22.0,12.798597969036123,NaN
kernel,2916,reference,204.0,31.0,151.0,151.0,11.0,12.0,17.0,NaN,NaN
kernel,2917,calibration,177.0,26.0,155.0,173.0,8.0,12.0,26.0,22.66046770617514,NaN
kernel,2918,reference,205.0,32.0,124.0,170.0,9.0,14.0,23.0,NaN,NaN
kernel,2919,calibration,231.0,36.0,110.0,154.0,11.0,13.0,22.0,27.93407496223773,NaN
kernel,2920,reference,198.0,33.0,134.0,165.0,11.0,13.0,23.0,NaN,NaN
kernel,2921,calibration,204.0,34.0,125.0,169.0,11.0,10.0,24.0,10.595091328300278,NaN
kernel,2922,reference,208.0,32.0,137.0,157.0,8.0,11.0,24.0,NaN,NaN
kernel,2923,calibration,198.0,33.0,139.0,164.0,8.0,12.0,23.0,8.32831144648414,NaN
kernel,2924,reference,223.0,37.0,99.0,171.0,10.0,12.0,25.0,NaN,NaN
kernel,2925,calibration,212.0,33.0,117.0,164.0,11.0,13.0,27.0,14.297489535698105,NaN
kernel,2926,reference,196.0,26.0,162.0,149.0,9.0,13.0,22.0,NaN,NaN
kernel,2927,calibration,223.0,34.0,112.0,165.0,8.0,12.0,23.0,21.118132843599575,NaN
kernel,2928,reference,208.0,25.0,167.0,136.0,9.0,13.0,19.0,NaN,NaN
kernel,2929,calibration,221.0,39.0,97.0,173.0,8.0,13.0,26.0,30.6538666761949,NaN
kernel,2930,reference,198.0,35.0,127.0,167.0,10.0,12.0,28.0,NaN,NaN
kernel,2931,calibration,202.0,33.0,137.0,160.0,11.0,11.0,23.0,8.100245895336226,NaN
kernel,2932,reference,187.0,31.0,169.0,146.0,8.0,12.0,24.0,NaN,NaN
kernel,2933,calibration,191.0,29.0,159.0,153.0,10.0,13.0,22.0,16.725318201781768,NaN
kernel,2934,reference,158.0,25.0,198.0,153.0,10.0,13.0,20.0,NaN,NaN
kernel,2935,calibration,188.0,29.0,172.0,146.0,7.0,13.0,22.0,27.240088457075792,NaN
kernel,2936,reference,194.0,25.0,164.0,151.0,9.0,14.0,20.0,NaN,NaN
kernel,2937,calibration,198.0,35.0,112.0,182.0,10.0,14.0,26.0,21.235252919045408,NaN
kernel,2938,reference,207.0,26.0,129.0,166.0,9.0,13.0,27.0,NaN,NaN
kernel,2939,calibration,192.0,28.0,158.0,153.0,9.0,14.0,23.0,16.162501172407566,NaN
kernel,2940,reference,195.0,44.0,110.0,178.0,9.0,12.0,29.0,NaN,NaN
kernel,2941,calibration,219.0,29.0,120.0,166.0,9.0,13.0,21.0,16.61993085478779,NaN
kernel,2942,reference,211.0,35.0,131.0,155.0,12.0,13.0,20.0,NaN,NaN
kernel,2943,calibration,208.0,30.0,159.0,139.0,10.0,13.0,18.0,23.05310362623276,NaN
kernel,2944,reference,187.0,27.0,156.0,158.0,11.0,13.0,25.0,NaN,NaN
kernel,2945,calibration,181.0,36.0,152.0,165.0,9.0,13.0,21.0,16.843919590262814,NaN
kernel,2946,reference,208.0,24.0,150.0,152.0,7.0,11.0,25.0,NaN,NaN
kernel,2947,calibration,213.0,36.0,114.0,165.0,10.0,13.0,26.0,15.896784139702774,NaN
kernel,2948,reference,223.0,31.0,117.0,157.0,10.0,11.0,28.0,NaN,NaN
kernel,2949,calibration,183.0,33.0,149.0,163.0,8.0,12.0,29.0,14.9682907980511,NaN
kernel,2950,reference,199.0,32.0,130.0,170.0,11.0,11.0,24.0,NaN,NaN
kernel,2951,calibration,203.0,30.0,136.0,167.0,8.0,10.0,23.0,9.212457316484176,NaN
kernel,2952,reference,186.0,32.0,148.0,163.0,11.0,13.0,24.0,NaN,NaN
kernel,2953,calibration,196.0,37.0,133.0,166.0,5.0,12.0,28.0,9.786356132610166,NaN
kernel,2954,reference,208.0,30.0,127.0,166.0,8.0,10.0,28.0,NaN,NaN
kernel,2955,calibration,218.0,38.0,96.0,177.0,8.0,12.0,28.0,31.480341818804725,NaN
kernel,2956,reference,212.0,31.0,132.0,157.0,10.0,12.0,23.0,NaN,NaN
kernel,2957,calibration,170.0,36.0,150.0,180.0,7.0,13.0,21.0,27.432945980909203,NaN
kernel,2958,reference,193.0,29.0,146.0,165.0,10.0,13.0,21.0,NaN,NaN
kernel,2959,calibration,194.0,38.0,141.0,159.0,10.0,12.0,23.0,9.469149693069465,NaN
kernel,2960,reference,196.0,28.0,124.0,179.0,10.0,14.0,26.0,NaN,NaN
kernel,2961,calibration,255.0,27.0,136.0,119.0,7.0,12.0,21.0,55.55853105162237,NaN
kernel,2962,reference,210.0,36.0,138.0,157.0,6.0,9.0,21.0,NaN,NaN
kernel,2963,calibration,180.0,28.0,179.0,147.0,9.0,13.0,21.0,34.27960903403905,NaN
kernel,2964,reference,205.0,37.0,110.0,174.0,10.0,12.0,29.0,NaN,NaN
kernel,2965,calibration,211.0,25.0,162.0,140.0,9.0,12.0,18.0,25.471719177373295,NaN
kernel,2966,reference,202.0,31.0,138.0,162.0,11.0,12.0,21.0,NaN,NaN
kernel,2967,calibration,196.0,33.0,154.0,154.0,10.0,11.0,19.0,13.637057868896058,NaN
kernel,2968,reference,215.0,41.0,104.0,170.0,10.0,12.0,25.0,NaN,NaN
kernel,2969,calibration,199.0,39.0,122.0,167.0,10.0,13.0,27.0,11.673620918925469,NaN
kernel,2970,reference,215.0,31.0,140.0,149.0,9.0,11.0,22.0,NaN,NaN
kernel,2971,calibration,204.0,27.0,157.0,148.0,8.0,12.0,21.0,17.347415274312638,NaN
kernel,2972,reference,222.0,38.0,109.0,165.0,10.0,12.0,21.0,NaN,NaN
kernel,2973,calibration,215.0,28.0,136.0,153.0,10.0,13.0,22.0,13.315227584750751,NaN
kernel,2974,reference,199.0,32.0,146.0,156.0,7.0,13.0,24.0,NaN,NaN
kernel,2975,calibration,195.0,33.0,146.0,158.0,10.0,13.0,22.0,9.822042833039959,NaN
kernel,2976,reference,202.0,24.0,167.0,140.0,9.0,13.0,22.0,NaN,NaN
kernel,2977,calibration,226.0,36.0,115.0,160.0,9.0,11.0,20.0,21.897557199138134,NaN
kernel,2978,reference,195.0,35.0,121.0,178.0,8.0,14.0,26.0,NaN,NaN
kernel,2979,calibration,170.0,37.0,149.0,173.0,11.0,12.0,25.0,24.484260486915105,NaN
kernel,2980,reference,212.0,36.0,129.0,155.0,11.0,13.0,21.0,NaN,NaN
kernel,2981,calibration,189.0,39.0,135.0,168.0,10.0,13.0,23.0,11.50228650367102,NaN
kernel,2982,reference,195.0,40.0,120.0,180.0,10.0,12.0,20.0,NaN,NaN
kernel,2983,calibration,190.0,33.0,152.0,156.0,9.0,12.0,25.0,12.997439550039452,NaN
kernel,2984,reference,198.0,27.0,143.0,164.0,10.0,12.0,23.0,NaN,NaN
kernel,2985,calibration,215.0,42.0,115.0,160.0,13.0,13.0,19.0,17.881368261020306,NaN
kernel,2986,reference,208.0,35.0,110.0,176.0,12.0,14.0,22.0,NaN,NaN
kernel,2987,calibration,222.0,36.0,106.0,168.0,8.0,13.0,24.0,24.059677078109615,NaN
kernel,2988,reference,187.0,41.0,133.0,171.0,12.0,11.0,22.0,NaN,NaN
kernel,2989,calibration,212.0,38.0,121.0,158.0,11.0,13.0,24.0,13.189922040312986,NaN
kernel,2990,reference,237.0,37.0,83.0,176.0,10.0,10.0,24.0,NaN,NaN
kernel,2991,calibration,197.0,33.0,145.0,157.0,9.0,13.0,23.0,9.421494731845616,NaN
kernel,2992,reference,172.0,25.0,188.0,149.0,10.0,13.0,20.0,NaN,NaN
kernel,2993,calibration,170.0,40.0,141.0,179.0,10.0,12.0,25.0,25.820143782430584,NaN
kernel,2994,reference,201.0,45.0,103.0,178.0,9.0,13.0,28.0,NaN,NaN
kernel,2995,calibration,230.0,32.0,121.0,152.0,10.0,11.0,21.0,23.784194891919682,NaN
kernel,2996,reference,180.0,37.0,150.0,168.0,10.0,10.0,22.0,NaN,NaN
kernel,2997,calibration,220.0,36.0,113.0,161.0,8.0,14.0,25.0,19.17624434720785,NaN
kernel,2998,reference,203.0,33.0,148.0,152.0,8.0,13.0,20.0,NaN,NaN
kernel,2999,calibration,189.0,27.0,177.0,140.0,11.0,12.0,21.0,32.94819066341881,NaN
kernel,-1,observed,181.0,39.0,143.0,165.0,10.0,12.0,27.0,15.20784386781149,0.49300466355762823
