model,draw,role,NFP+,LR,RN+,ENS+,DIV,DVG,DVD,joint_score,observed_percentile
kernel_anchored,0,reference,227.0,33.0,109.0,163.0,7.0,12.0,26.0,NaN,NaN
kernel_anchored,1,calibration,178.0,32.0,155.0,163.0,11.0,12.0,26.0,20.05461442828281,NaN
kernel_anchored,2,reference,183.0,31.0,154.0,162.0,9.0,12.0,26.0,NaN,NaN
kernel_anchored,3,calibration,215.0,38.0,109.0,170.0,10.0,12.0,23.0,18.32047637196112,NaN
kernel_anchored,4,reference,223.0,40.0,94.0,172.0,9.0,12.0,27.0,NaN,NaN
kernel_anchored,5,calibration,227.0,35.0,98.0,171.0,9.0,12.0,25.0,30.161489948853465,NaN
kernel_anchored,6,reference,202.0,27.0,145.0,159.0,10.0,14.0,20.0,NaN,NaN
kernel_anchored,7,calibration,207.0,35.0,153.0,143.0,10.0,11.0,18.0,19.80748782486023,NaN
kernel_anchored,8,reference,192.0,32.0,155.0,154.0,10.0,13.0,21.0,NaN,NaN
kernel_anchored,9,calibration,205.0,33.0,127.0,169.0,9.0,10.0,24.0,9.62748428596501,NaN
kernel_anchored,10,reference,184.0,26.0,167.0,152.0,8.0,14.0,26.0,NaN,NaN
kernel_anchored,11,calibration,181.0,36.0,149.0,164.0,11.0,13.0,23.0,16.41907378746727,NaN
kernel_anchored,12,reference,213.0,44.0,98.0,175.0,12.0,12.0,23.0,NaN,NaN
kernel_anchored,13,calibration,198.0,31.0,146.0,156.0,7.0,13.0,26.0,11.136872348401923,NaN
kernel_anchored,14,reference,185.0,31.0,149.0,165.0,8.0,13.0,26.0,NaN,NaN
kernel_anchored,15,calibration,167.0,38.0,154.0,172.0,11.0,14.0,21.0,28.189841931159258,NaN
kernel_anchored,16,reference,194.0,36.0,133.0,171.0,11.0,11.0,21.0,NaN,NaN
kernel_anchored,17,calibration,212.0,31.0,109.0,178.0,11.0,13.0,23.0,20.042296483524687,NaN
kernel_anchored,18,reference,205.0,27.0,119.0,180.0,8.0,13.0,25.0,NaN,NaN
kernel_anchored,19,calibration,185.0,31.0,138.0,170.0,10.0,12.0,31.0,14.143155959293459,NaN
kernel_anchored,20,reference,189.0,38.0,134.0,170.0,10.0,12.0,24.0,NaN,NaN
kernel_anchored,21,calibration,200.0,26.0,163.0,141.0,8.0,13.0,26.0,24.877695806136565,NaN
kernel_anchored,22,reference,208.0,35.0,133.0,159.0,8.0,13.0,21.0,NaN,NaN
kernel_anchored,23,calibration,220.0,45.0,92.0,171.0,10.0,10.0,29.0,32.96053071865271,NaN
kernel_anchored,24,reference,206.0,33.0,136.0,158.0,10.0,13.0,21.0,NaN,NaN
kernel_anchored,25,calibration,221.0,45.0,83.0,178.0,10.0,12.0,28.0,41.457697784314995,NaN
kernel_anchored,26,reference,195.0,31.0,127.0,179.0,10.0,11.0,24.0,NaN,NaN
kernel_anchored,27,calibration,201.0,24.0,148.0,158.0,9.0,13.0,24.0,12.854187466837956,NaN
kernel_anchored,28,reference,224.0,33.0,109.0,166.0,11.0,13.0,21.0,NaN,NaN
kernel_anchored,29,calibration,199.0,34.0,137.0,160.0,10.0,13.0,24.0,8.44651774367036,NaN
kernel_anchored,30,reference,213.0,36.0,115.0,166.0,10.0,12.0,25.0,NaN,NaN
kernel_anchored,31,calibration,201.0,29.0,135.0,164.0,10.0,14.0,24.0,8.765864676703,NaN
kernel_anchored,32,reference,163.0,33.0,180.0,157.0,9.0,14.0,21.0,NaN,NaN
kernel_anchored,33,calibration,215.0,32.0,128.0,159.0,10.0,12.0,21.0,12.049265881216467,NaN
kernel_anchored,34,reference,212.0,26.0,141.0,151.0,8.0,13.0,26.0,NaN,NaN
kernel_anchored,35,calibration,208.0,36.0,121.0,165.0,9.0,13.0,25.0,10.66353998822143,NaN
kernel_anchored,36,reference,189.0,25.0,175.0,146.0,7.0,14.0,21.0,NaN,NaN
kernel_anchored,37,calibration,217.0,29.0,117.0,168.0,9.0,11.0,26.0,15.78777006411319,NaN
kernel_anchored,38,reference,190.0,32.0,145.0,165.0,11.0,12.0,22.0,NaN,NaN
kernel_anchored,39,calibration,184.0,37.0,142.0,166.0,9.0,13.0,26.0,13.588940708654462,NaN
kernel_anchored,40,reference,201.0,32.0,156.0,143.0,9.0,13.0,23.0,NaN,NaN
kernel_anchored,41,calibration,209.0,34.0,115.0,170.0,9.0,13.0,27.0,13.755867932101872,NaN
kernel_anchored,42,reference,204.0,40.0,117.0,166.0,11.0,14.0,25.0,NaN,NaN
kernel_anchored,43,calibration,223.0,46.0,78.0,183.0,12.0,13.0,22.0,47.75842899646769,NaN
kernel_anchored,44,reference,233.0,35.0,99.0,162.0,10.0,13.0,25.0,NaN,NaN
kernel_anchored,45,calibration,203.0,37.0,114.0,173.0,9.0,14.0,27.0,14.508773406153566,NaN
kernel_anchored,46,reference,185.0,37.0,141.0,165.0,12.0,13.0,24.0,NaN,NaN
kernel_anchored,47,calibration,191.0,35.0,123.0,175.0,10.0,12.0,31.0,14.516426696639492,NaN
kernel_anchored,48,reference,177.0,26.0,177.0,149.0,9.0,13.0,26.0,NaN,NaN
kernel_anchored,49,calibration,201.0,32.0,126.0,175.0,7.0,14.0,22.0,11.741330333927166,NaN
kernel_anchored,50,reference,208.0,37.0,123.0,162.0,10.0,13.0,24.0,NaN,NaN
kernel_anchored,51,calibration,197.0,41.0,100.0,192.0,8.0,13.0,26.0,32.126713912072816,NaN
kernel_anchored,52,reference,204.0,35.0,126.0,169.0,7.0,13.0,23.0,NaN,NaN
kernel_anchored,53,calibration,204.0,38.0,123.0,166.0,10.0,12.0,24.0,9.904894535902212,NaN
kernel_anchored,54,reference,199.0,31.0,137.0,165.0,9.0,13.0,23.0,NaN,NaN
kernel_anchored,55,calibration,205.0,36.0,131.0,159.0,11.0,12.0,23.0,8.897624341418954,NaN
kernel_anchored,56,reference,213.0,35.0,127.0,160.0,8.0,13.0,21.0,NaN,NaN
kernel_anchored,57,calibration,188.0,35.0,141.0,165.0,10.0,13.0,25.0,11.400740339771758,NaN
kernel_anchored,58,reference,202.0,32.0,143.0,152.0,10.0,13.0,25.0,NaN,NaN
kernel_anchored,59,calibration,216.0,42.0,91.0,178.0,10.0,13.0,27.0,33.15480835109383,NaN
kernel_anchored,60,reference,195.0,34.0,137.0,165.0,10.0,13.0,23.0,NaN,NaN
kernel_anchored,61,calibration,189.0,42.0,131.0,164.0,10.0,12.0,29.0,12.417078219093508,NaN
kernel_anchored,62,reference,199.0,28.0,146.0,158.0,10.0,12.0,24.0,NaN,NaN
kernel_anchored,63,calibration,186.0,32.0,158.0,160.0,8.0,13.0,20.0,18.157554606464018,NaN
kernel_anchored,64,reference,203.0,28.0,145.0,154.0,10.0,13.0,24.0,NaN,NaN
kernel_anchored,65,calibration,194.0,37.0,126.0,174.0,8.0,13.0,25.0,11.964141571717345,NaN
kernel_anchored,66,reference,204.0,33.0,120.0,175.0,8.0,11.0,26.0,NaN,NaN
kernel_anchored,67,calibration,220.0,27.0,133.0,146.0,10.0,14.0,27.0,18.836383801312543,NaN
kernel_anchored,68,reference,208.0,34.0,119.0,168.0,11.0,13.0,24.0,NaN,NaN
kernel_anchored,69,calibration,178.0,32.0,150.0,171.0,9.0,14.0,23.0,19.41472103438098,NaN
kernel_anchored,70,reference,198.0,36.0,121.0,175.0,10.0,12.0,25.0,NaN,NaN
kernel_anchored,71,calibration,214.0,40.0,91.0,181.0,11.0,13.0,27.0,33.434996051502075,NaN
kernel_anchored,72,reference,206.0,34.0,140.0,152.0,10.0,12.0,23.0,NaN,NaN
kernel_anchored,73,calibration,158.0,41.0,148.0,184.0,10.0,12.0,24.0,37.12668251934214,NaN
kernel_anchored,74,reference,206.0,29.0,141.0,155.0,9.0,12.0,25.0,NaN,NaN
kernel_anchored,75,calibration,210.0,38.0,112.0,169.0,8.0,13.0,27.0,15.385888853153865,NaN
kernel_anchored,76,reference,187.0,35.0,148.0,159.0,10.0,13.0,25.0,NaN,NaN
kernel_anchored,77,calibration,185.0,37.0,139.0,170.0,9.0,12.0,25.0,13.388569565756562,NaN
kernel_anchored,78,reference,206.0,36.0,132.0,157.0,10.0,13.0,23.0,NaN,NaN
kernel_anchored,79,calibration,230.0,34.0,107.0,164.0,11.0,11.0,20.0,26.59745856196063,NaN
kernel_anchored,80,reference,204.0,30.0,144.0,150.0,9.0,14.0,26.0,NaN,NaN
kernel_anchored,81,calibration,202.0,28.0,132.0,166.0,12.0,13.0,24.0,9.29898359408865,NaN
kernel_anchored,82,reference,207.0,34.0,128.0,161.0,10.0,13.0,24.0,NaN,NaN
kernel_anchored,83,calibration,185.0,43.0,140.0,162.0,10.0,13.0,24.0,14.052708040643978,NaN
kernel_anchored,84,reference,220.0,38.0,100.0,169.0,11.0,13.0,26.0,NaN,NaN
kernel_anchored,85,calibration,219.0,36.0,113.0,165.0,10.0,13.0,21.0,17.542905448141298,NaN
kernel_anchored,86,reference,219.0,27.0,128.0,155.0,7.0,13.0,28.0,NaN,NaN
kernel_anchored,87,calibration,197.0,37.0,140.0,157.0,10.0,13.0,23.0,9.712562805073372,NaN
kernel_anchored,88,reference,208.0,33.0,131.0,158.0,9.0,12.0,26.0,NaN,NaN
kernel_anchored,89,calibration,200.0,30.0,143.0,156.0,11.0,12.0,25.0,10.27405649123589,NaN
kernel_anchored,90,reference,204.0,34.0,128.0,165.0,10.0,13.0,23.0,NaN,NaN
kernel_anchored,91,calibration,206.0,32.0,124.0,166.0,10.0,12.0,27.0,9.89888390290485,NaN
kernel_anchored,92,reference,206.0,35.0,136.0,157.0,8.0,12.0,23.0,NaN,NaN
kernel_anchored,93,calibration,202.0,34.0,136.0,156.0,10.0,13.0,26.0,9.157795800437512,NaN
kernel_anchored,94,reference,177.0,33.0,157.0,164.0,7.0,14.0,25.0,NaN,NaN
kernel_anchored,95,calibration,178.0,35.0,151.0,166.0,8.0,14.0,25.0,18.79367525478579,NaN
kernel_anchored,96,reference,217.0,25.0,149.0,141.0,10.0,12.0,23.0,NaN,NaN
kernel_anchored,97,calibration,211.0,37.0,112.0,170.0,10.0,12.0,25.0,15.492317722847837,NaN
kernel_anchored,98,reference,216.0,33.0,126.0,159.0,10.0,10.0,23.0,NaN,NaN
kernel_anchored,99,calibration,181.0,22.0,180.0,148.0,10.0,13.0,23.0,37.35433987462871,NaN
kernel_anchored,100,reference,176.0,36.0,138.0,177.0,9.0,13.0,28.0,NaN,NaN
kernel_anchored,101,calibration,178.0,25.0,167.0,162.0,8.0,13.0,24.0,27.209597999457067,NaN
kernel_anchored,102,reference,198.0,41.0,115.0,180.0,8.0,12.0,23.0,NaN,NaN
kernel_anchored,103,calibration,209.0,29.0,142.0,151.0,10.0,12.0,24.0,12.837762469455527,NaN
kernel_anchored,104,reference,191.0,29.0,151.0,158.0,10.0,13.0,25.0,NaN,NaN
kernel_anchored,105,calibration,211.0,35.0,119.0,167.0,9.0,13.0,23.0,12.123678994170447,NaN
kernel_anchored,106,reference,217.0,37.0,111.0,164.0,10.0,12.0,26.0,NaN,NaN
kernel_anchored,107,calibration,159.0,32.0,181.0,163.0,10.0,13.0,19.0,46.44045520526705,NaN
kernel_anchored,108,reference,188.0,28.0,150.0,163.0,9.0,14.0,25.0,NaN,NaN
kernel_anchored,109,calibration,187.0,22.0,183.0,140.0,9.0,13.0,23.0,40.66639393135353,NaN
kernel_anchored,110,reference,199.0,42.0,111.0,173.0,8.0,14.0,30.0,NaN,NaN
kernel_anchored,111,calibration,191.0,22.0,169.0,151.0,11.0,13.0,20.0,26.579094019772754,NaN
kernel_anchored,112,reference,144.0,31.0,191.0,163.0,8.0,14.0,26.0,NaN,NaN
kernel_anchored,113,calibration,201.0,23.0,138.0,171.0,6.0,12.0,26.0,12.54760932782105,NaN
kernel_anchored,114,reference,189.0,41.0,130.0,169.0,10.0,10.0,28.0,NaN,NaN
kernel_anchored,115,calibration,199.0,29.0,146.0,158.0,9.0,12.0,24.0,10.82708026011785,NaN
kernel_anchored,116,reference,187.0,26.0,161.0,154.0,10.0,13.0,26.0,NaN,NaN
kernel_anchored,117,calibration,187.0,35.0,147.0,160.0,7.0,14.0,27.0,13.348147738155085,NaN
kernel_anchored,118,reference,212.0,36.0,134.0,152.0,9.0,12.0,22.0,NaN,NaN
kernel_anchored,119,calibration,187.0,30.0,152.0,163.0,10.0,12.0,23.0,14.883044996176096,NaN
kernel_anchored,120,reference,216.0,35.0,118.0,161.0,9.0,13.0,25.0,NaN,NaN
kernel_anchored,121,calibration,190.0,29.0,162.0,150.0,7.0,13.0,26.0,21.075893391336102,NaN
kernel_anchored,122,reference,203.0,38.0,119.0,167.0,9.0,11.0,30.0,NaN,NaN
kernel_anchored,123,calibration,214.0,30.0,142.0,149.0,11.0,12.0,19.0,15.593931054532739,NaN
kernel_anchored,124,reference,199.0,36.0,126.0,170.0,10.0,13.0,23.0,NaN,NaN
kernel_anchored,125,calibration,186.0,28.0,175.0,145.0,9.0,11.0,23.0,32.1410932181419,NaN
kernel_anchored,126,reference,215.0,30.0,129.0,158.0,9.0,11.0,25.0,NaN,NaN
kernel_anchored,127,calibration,178.0,26.0,163.0,163.0,10.0,13.0,24.0,24.647810147003817,NaN
kernel_anchored,128,reference,188.0,37.0,137.0,167.0,10.0,12.0,26.0,NaN,NaN
kernel_anchored,129,calibration,198.0,41.0,98.0,188.0,10.0,12.0,30.0,31.31795101439686,NaN
kernel_anchored,130,reference,222.0,36.0,109.0,163.0,9.0,13.0,25.0,NaN,NaN
kernel_anchored,131,calibration,178.0,30.0,189.0,136.0,8.0,13.0,23.0,48.21007051831443,NaN
kernel_anchored,132,reference,210.0,39.0,97.0,176.0,7.0,14.0,34.0,NaN,NaN
kernel_anchored,133,calibration,189.0,35.0,164.0,146.0,10.0,13.0,20.0,23.853974383227495,NaN
kernel_anchored,134,reference,190.0,31.0,160.0,154.0,8.0,13.0,21.0,NaN,NaN
kernel_anchored,135,calibration,188.0,37.0,142.0,166.0,9.0,12.0,23.0,11.892413219918861,NaN
kernel_anchored,136,reference,192.0,40.0,112.0,184.0,8.0,14.0,27.0,NaN,NaN
kernel_anchored,137,calibration,169.0,32.0,173.0,160.0,8.0,13.0,22.0,34.883593698317235,NaN
kernel_anchored,138,reference,202.0,31.0,156.0,141.0,8.0,13.0,26.0,NaN,NaN
kernel_anchored,139,calibration,202.0,32.0,139.0,158.0,10.0,13.0,23.0,8.997600772419776,NaN
kernel_anchored,140,reference,186.0,37.0,146.0,166.0,9.0,12.0,21.0,NaN,NaN
kernel_anchored,141,calibration,203.0,29.0,162.0,144.0,9.0,11.0,19.0,23.04580043860834,NaN
kernel_anchored,142,reference,230.0,39.0,88.0,170.0,7.0,14.0,29.0,NaN,NaN
kernel_anchored,143,calibration,174.0,36.0,162.0,157.0,6.0,13.0,29.0,26.33022100772267,NaN
kernel_anchored,144,reference,200.0,38.0,125.0,168.0,9.0,12.0,25.0,NaN,NaN
kernel_anchored,145,calibration,212.0,31.0,131.0,153.0,10.0,12.0,28.0,12.284637658683149,NaN
kernel_anchored,146,reference,207.0,40.0,126.0,160.0,7.0,13.0,24.0,NaN,NaN
kernel_anchored,147,calibration,232.0,27.0,140.0,134.0,9.0,13.0,22.0,32.10478387650932,NaN
kernel_anchored,148,reference,210.0,27.0,148.0,148.0,8.0,13.0,23.0,NaN,NaN
kernel_anchored,149,calibration,206.0,34.0,131.0,164.0,9.0,11.0,22.0,8.760347533050442,NaN
kernel_anchored,150,reference,214.0,40.0,100.0,174.0,11.0,14.0,24.0,NaN,NaN
kernel_anchored,151,calibration,202.0,38.0,134.0,157.0,7.0,12.0,27.0,9.533911229150778,NaN
kernel_anchored,152,reference,249.0,35.0,100.0,149.0,10.0,10.0,24.0,NaN,NaN
kernel_anchored,153,calibration,194.0,26.0,165.0,151.0,7.0,13.0,21.0,22.574213720636948,NaN
kernel_anchored,154,reference,223.0,38.0,109.0,158.0,11.0,14.0,24.0,NaN,NaN
kernel_anchored,155,calibration,193.0,33.0,133.0,174.0,9.0,11.0,24.0,11.492709486110456,NaN
kernel_anchored,156,reference,183.0,27.0,155.0,161.0,9.0,14.0,28.0,NaN,NaN
kernel_anchored,157,calibration,168.0,33.0,169.0,159.0,10.0,14.0,24.0,32.94948001623482,NaN
kernel_anchored,158,reference,210.0,37.0,116.0,170.0,10.0,12.0,22.0,NaN,NaN
kernel_anchored,159,calibration,213.0,31.0,121.0,160.0,9.0,14.0,29.0,12.948012136842301,NaN
kernel_anchored,160,reference,202.0,40.0,126.0,159.0,12.0,13.0,25.0,NaN,NaN
kernel_anchored,161,calibration,201.0,40.0,105.0,178.0,12.0,13.0,28.0,21.748056869701266,NaN
kernel_anchored,162,reference,234.0,39.0,74.0,182.0,11.0,12.0,25.0,NaN,NaN
kernel_anchored,163,calibration,213.0,37.0,121.0,159.0,7.0,13.0,27.0,12.812690067208095,NaN
kernel_anchored,164,reference,194.0,33.0,147.0,162.0,10.0,12.0,19.0,NaN,NaN
kernel_anchored,165,calibration,187.0,28.0,176.0,143.0,11.0,14.0,18.0,33.760096356898494,NaN
kernel_anchored,166,reference,226.0,35.0,125.0,149.0,9.0,12.0,21.0,NaN,NaN
kernel_anchored,167,calibration,168.0,31.0,173.0,160.0,8.0,14.0,23.0,35.46794972699299,NaN
kernel_anchored,168,reference,235.0,33.0,112.0,149.0,8.0,13.0,27.0,NaN,NaN
kernel_anchored,169,calibration,204.0,36.0,115.0,173.0,9.0,13.0,27.0,13.964418723699701,NaN
kernel_anchored,170,reference,231.0,29.0,106.0,164.0,11.0,12.0,24.0,NaN,NaN
kernel_anchored,171,calibration,200.0,30.0,170.0,135.0,10.0,12.0,20.0,31.876301570105447,NaN
kernel_anchored,172,reference,206.0,36.0,126.0,158.0,10.0,13.0,28.0,NaN,NaN
kernel_anchored,173,calibration,207.0,27.0,138.0,161.0,10.0,13.0,21.0,10.341590591976185,NaN
kernel_anchored,174,reference,192.0,34.0,144.0,161.0,9.0,14.0,23.0,NaN,NaN
kernel_anchored,175,calibration,198.0,45.0,103.0,185.0,12.0,11.0,23.0,27.253217561218122,NaN
kernel_anchored,176,reference,216.0,46.0,82.0,178.0,11.0,14.0,30.0,NaN,NaN
kernel_anchored,177,calibration,185.0,35.0,140.0,170.0,9.0,12.0,26.0,13.400627517562356,NaN
kernel_anchored,178,reference,191.0,36.0,128.0,174.0,9.0,13.0,26.0,NaN,NaN
kernel_anchored,179,calibration,197.0,34.0,161.0,145.0,7.0,13.0,20.0,21.569988819183898,NaN
kernel_anchored,180,reference,188.0,36.0,143.0,165.0,9.0,12.0,24.0,NaN,NaN
kernel_anchored,181,calibration,178.0,43.0,141.0,167.0,9.0,14.0,25.0,18.001510121368703,NaN
kernel_anchored,182,reference,204.0,30.0,143.0,154.0,9.0,13.0,24.0,NaN,NaN
kernel_anchored,183,calibration,224.0,33.0,108.0,166.0,10.0,14.0,22.0,22.41161232950475,NaN
kernel_anchored,184,reference,190.0,30.0,150.0,162.0,9.0,12.0,24.0,NaN,NaN
kernel_anchored,185,calibration,205.0,26.0,167.0,137.0,7.0,13.0,22.0,29.763637883678932,NaN
kernel_anchored,186,reference,191.0,41.0,125.0,172.0,10.0,14.0,24.0,NaN,NaN
kernel_anchored,187,calibration,208.0,38.0,124.0,161.0,9.0,14.0,23.0,10.35474908073219,NaN
kernel_anchored,188,reference,167.0,32.0,150.0,178.0,10.0,13.0,27.0,NaN,NaN
kernel_anchored,189,calibration,180.0,32.0,154.0,167.0,9.0,12.0,23.0,18.967670788795836,NaN
kernel_anchored,190,reference,183.0,29.0,169.0,156.0,8.0,13.0,19.0,NaN,NaN
kernel_anchored,191,calibration,193.0,34.0,137.0,165.0,11.0,13.0,24.0,9.377496095677753,NaN
kernel_anchored,192,reference,191.0,40.0,114.0,183.0,10.0,12.0,27.0,NaN,NaN
kernel_anchored,193,calibration,207.0,31.0,120.0,169.0,11.0,14.0,25.0,11.621460938415634,NaN
kernel_anchored,194,reference,202.0,31.0,139.0,159.0,11.0,12.0,23.0,NaN,NaN
kernel_anchored,195,calibration,188.0,31.0,172.0,143.0,8.0,12.0,23.0,30.114071566840337,NaN
kernel_anchored,196,reference,211.0,29.0,154.0,141.0,9.0,11.0,22.0,NaN,NaN
kernel_anchored,197,calibration,179.0,36.0,149.0,167.0,5.0,13.0,28.0,18.33596522983278,NaN
kernel_anchored,198,reference,223.0,40.0,88.0,177.0,10.0,13.0,26.0,NaN,NaN
kernel_anchored,199,calibration,193.0,29.0,165.0,147.0,8.0,12.0,23.0,23.275276051601246,NaN
kernel_anchored,200,reference,178.0,36.0,134.0,181.0,9.0,13.0,26.0,NaN,NaN
kernel_anchored,201,calibration,174.0,36.0,161.0,162.0,10.0,13.0,21.0,25.177257542966395,NaN
kernel_anchored,202,reference,192.0,19.0,204.0,118.0,10.0,14.0,20.0,NaN,NaN
kernel_anchored,203,calibration,189.0,39.0,141.0,165.0,11.0,13.0,19.0,12.16361029363502,NaN
kernel_anchored,204,reference,194.0,37.0,127.0,170.0,10.0,11.0,28.0,NaN,NaN
kernel_anchored,205,calibration,205.0,29.0,135.0,160.0,10.0,13.0,25.0,9.095292680674554,NaN
kernel_anchored,206,reference,196.0,40.0,121.0,170.0,10.0,13.0,27.0,NaN,NaN
kernel_anchored,207,calibration,191.0,31.0,143.0,166.0,9.0,13.0,24.0,11.02024239274315,NaN
kernel_anchored,208,reference,204.0,31.0,125.0,171.0,9.0,13.0,24.0,NaN,NaN
kernel_anchored,209,calibration,194.0,29.0,146.0,159.0,8.0,13.0,28.0,11.565269146928383,NaN
kernel_anchored,210,reference,178.0,20.0,157.0,176.0,8.0,14.0,24.0,NaN,NaN
kernel_anchored,211,calibration,209.0,27.0,139.0,160.0,9.0,13.0,20.0,11.174673564419109,NaN
kernel_anchored,212,reference,201.0,34.0,144.0,153.0,9.0,12.0,24.0,NaN,NaN
kernel_anchored,213,calibration,196.0,23.0,190.0,128.0,8.0,13.0,19.0,50.556314931219966,NaN
kernel_anchored,214,reference,196.0,22.0,153.0,160.0,8.0,14.0,24.0,NaN,NaN
kernel_anchored,215,calibration,213.0,31.0,132.0,160.0,9.0,10.0,22.0,11.057110554457623,NaN
kernel_anchored,216,reference,179.0,41.0,141.0,167.0,10.0,13.0,26.0,NaN,NaN
kernel_anchored,217,calibration,205.0,35.0,125.0,164.0,12.0,12.0,24.0,9.309371100663792,NaN
kernel_anchored,218,reference,198.0,40.0,117.0,178.0,11.0,12.0,21.0,NaN,NaN
kernel_anchored,219,calibration,206.0,29.0,134.0,164.0,9.0,11.0,24.0,9.228117639266596,NaN
kernel_anchored,220,reference,174.0,22.0,205.0,134.0,8.0,13.0,21.0,NaN,NaN
kernel_anchored,221,calibration,175.0,29.0,170.0,155.0,10.0,14.0,24.0,30.215683741699742,NaN
kernel_anchored,222,reference,245.0,38.0,92.0,158.0,10.0,12.0,22.0,NaN,NaN
kernel_anchored,223,calibration,173.0,26.0,193.0,140.0,7.0,13.0,25.0,51.95558171183841,NaN
kernel_anchored,224,reference,192.0,26.0,166.0,149.0,9.0,11.0,24.0,NaN,NaN
kernel_anchored,225,calibration,184.0,36.0,129.0,177.0,10.0,13.0,28.0,16.371479627344513,NaN
kernel_anchored,226,reference,214.0,31.0,133.0,153.0,8.0,13.0,25.0,NaN,NaN
kernel_anchored,227,calibration,209.0,38.0,111.0,173.0,9.0,12.0,25.0,16.380507333370993,NaN
kernel_anchored,228,reference,199.0,36.0,141.0,156.0,11.0,11.0,23.0,NaN,NaN
kernel_anchored,229,calibration,181.0,21.0,192.0,140.0,9.0,12.0,22.0,49.362534660018206,NaN
kernel_anchored,230,reference,187.0,32.0,153.0,161.0,10.0,13.0,21.0,NaN,NaN
kernel_anchored,231,calibration,203.0,31.0,148.0,149.0,8.0,11.0,27.0,14.155703036191142,NaN
kernel_anchored,232,reference,213.0,42.0,100.0,174.0,10.0,12.0,26.0,NaN,NaN
kernel_anchored,233,calibration,183.0,30.0,156.0,161.0,10.0,13.0,24.0,18.066264048564456,NaN
kernel_anchored,234,reference,181.0,34.0,159.0,158.0,8.0,14.0,23.0,NaN,NaN
kernel_anchored,235,calibration,189.0,28.0,157.0,162.0,8.0,14.0,19.0,17.386203207163135,NaN
kernel_anchored,236,reference,188.0,38.0,124.0,178.0,10.0,13.0,26.0,NaN,NaN
kernel_anchored,237,calibration,196.0,27.0,142.0,168.0,8.0,13.0,23.0,11.065406743171778,NaN
kernel_anchored,238,reference,184.0,34.0,144.0,168.0,10.0,12.0,25.0,NaN,NaN
kernel_anchored,239,calibration,189.0,30.0,148.0,162.0,9.0,13.0,26.0,12.793074000144323,NaN
kernel_anchored,240,reference,204.0,39.0,116.0,172.0,10.0,11.0,25.0,NaN,NaN
kernel_anchored,241,calibration,197.0,35.0,132.0,165.0,9.0,12.0,27.0,8.69245953149748,NaN
kernel_anchored,242,reference,175.0,37.0,134.0,181.0,8.0,12.0,30.0,NaN,NaN
kernel_anchored,243,calibration,215.0,42.0,89.0,179.0,10.0,12.0,30.0,35.05310017770341,NaN
kernel_anchored,244,reference,205.0,44.0,87.0,193.0,11.0,10.0,27.0,NaN,NaN
kernel_anchored,245,calibration,211.0,35.0,126.0,160.0,10.0,12.0,23.0,10.469175476109129,NaN
kernel_anchored,246,reference,212.0,36.0,103.0,177.0,11.0,13.0,25.0,NaN,NaN
kernel_anchored,247,calibration,213.0,36.0,129.0,155.0,9.0,13.0,22.0,11.909508245699502,NaN
kernel_anchored,248,reference,221.0,31.0,104.0,173.0,9.0,12.0,27.0,NaN,NaN
kernel_anchored,249,calibration,203.0,27.0,153.0,149.0,11.0,12.0,22.0,16.412654149332937,NaN
kernel_anchored,250,reference,198.0,28.0,154.0,152.0,9.0,13.0,23.0,NaN,NaN
kernel_anchored,251,calibration,214.0,34.0,113.0,168.0,9.0,13.0,26.0,15.55150575182364,NaN
kernel_anchored,252,reference,201.0,39.0,117.0,168.0,11.0,14.0,27.0,NaN,NaN
kernel_anchored,253,calibration,206.0,39.0,116.0,169.0,10.0,12.0,25.0,12.92207071287217,NaN
kernel_anchored,254,reference,196.0,30.0,143.0,162.0,11.0,14.0,21.0,NaN,NaN
kernel_anchored,255,calibration,190.0,30.0,153.0,154.0,10.0,13.0,27.0,15.351995091741067,NaN
kernel_anchored,256,reference,205.0,38.0,117.0,170.0,11.0,13.0,23.0,NaN,NaN
kernel_anchored,257,calibration,192.0,20.0,211.0,114.0,9.0,11.0,20.0,74.85753942831357,NaN
kernel_anchored,258,reference,212.0,31.0,119.0,167.0,10.0,12.0,26.0,NaN,NaN
kernel_anchored,259,calibration,201.0,28.0,149.0,154.0,8.0,13.0,24.0,12.830270040107948,NaN
kernel_anchored,260,reference,191.0,34.0,132.0,174.0,10.0,14.0,22.0,NaN,NaN
kernel_anchored,261,calibration,187.0,37.0,137.0,168.0,11.0,10.0,27.0,12.266227822957585,NaN
kernel_anchored,262,reference,195.0,22.0,174.0,138.0,10.0,13.0,25.0,NaN,NaN
kernel_anchored,263,calibration,208.0,36.0,124.0,164.0,7.0,13.0,25.0,10.034505103934574,NaN
kernel_anchored,264,reference,209.0,32.0,143.0,151.0,10.0,12.0,20.0,NaN,NaN
kernel_anchored,265,calibration,206.0,32.0,134.0,158.0,11.0,13.0,23.0,9.093849753354732,NaN
kernel_anchored,266,reference,217.0,39.0,96.0,181.0,10.0,14.0,20.0,NaN,NaN
kernel_anchored,267,calibration,180.0,31.0,159.0,159.0,8.0,14.0,26.0,20.979876208151218,NaN
kernel_anchored,268,reference,205.0,34.0,139.0,156.0,9.0,13.0,21.0,NaN,NaN
kernel_anchored,269,calibration,207.0,28.0,150.0,149.0,11.0,13.0,19.0,16.04609784367716,NaN
kernel_anchored,270,reference,221.0,40.0,100.0,169.0,12.0,13.0,22.0,NaN,NaN
kernel_anchored,271,calibration,187.0,36.0,138.0,170.0,7.0,14.0,25.0,12.499353511552961,NaN
kernel_anchored,272,reference,216.0,31.0,129.0,155.0,10.0,12.0,24.0,NaN,NaN
kernel_anchored,273,calibration,200.0,38.0,110.0,179.0,10.0,13.0,27.0,18.91658422558693,NaN
kernel_anchored,274,reference,184.0,30.0,154.0,160.0,9.0,13.0,27.0,NaN,NaN
kernel_anchored,275,calibration,188.0,32.0,157.0,153.0,9.0,13.0,25.0,17.668364258891984,NaN
kernel_anchored,276,reference,223.0,36.0,92.0,179.0,9.0,13.0,25.0,NaN,NaN
kernel_anchored,277,calibration,196.0,38.0,136.0,166.0,7.0,12.0,22.0,9.415042629424406,NaN
kernel_anchored,278,reference,198.0,35.0,119.0,178.0,12.0,12.0,23.0,NaN,NaN
kernel_anchored,279,calibration,181.0,33.0,140.0,172.0,8.0,13.0,30.0,16.413320091237964,NaN
kernel_anchored,280,reference,206.0,23.0,160.0,145.0,8.0,13.0,22.0,NaN,NaN
kernel_anchored,281,calibration,199.0,37.0,127.0,168.0,9.0,13.0,24.0,9.275524463032191,NaN
kernel_anchored,282,reference,188.0,27.0,175.0,145.0,7.0,13.0,22.0,NaN,NaN
kernel_anchored,283,calibration,186.0,21.0,179.0,147.0,9.0,13.0,22.0,35.79735007659652,NaN
kernel_anchored,284,reference,175.0,31.0,162.0,166.0,8.0,13.0,22.0,NaN,NaN
kernel_anchored,285,calibration,191.0,31.0,137.0,168.0,10.0,11.0,29.0,11.048334614655076,NaN
kernel_anchored,286,reference,230.0,30.0,121.0,150.0,11.0,13.0,22.0,NaN,NaN
kernel_anchored,287,calibration,209.0,32.0,121.0,165.0,10.0,13.0,27.0,11.125715096468575,NaN
kernel_anchored,288,reference,181.0,28.0,179.0,147.0,9.0,13.0,20.0,NaN,NaN
kernel_anchored,289,calibration,192.0,39.0,132.0,165.0,8.0,13.0,28.0,10.475425909108132,NaN
kernel_anchored,290,reference,183.0,31.0,180.0,143.0,8.0,12.0,20.0,NaN,NaN
kernel_anchored,291,calibration,193.0,29.0,154.0,156.0,10.0,12.0,23.0,14.723299611632399,NaN
kernel_anchored,292,reference,213.0,35.0,117.0,167.0,8.0,14.0,23.0,NaN,NaN
kernel_anchored,293,calibration,211.0,39.0,106.0,179.0,10.0,11.0,21.0,21.966127890498086,NaN
kernel_anchored,294,reference,196.0,29.0,150.0,160.0,10.0,13.0,19.0,NaN,NaN
kernel_anchored,295,calibration,187.0,29.0,166.0,150.0,10.0,13.0,22.0,24.080545347878413,NaN
kernel_anchored,296,reference,210.0,32.0,123.0,162.0,12.0,13.0,25.0,NaN,NaN
kernel_anchored,297,calibration,185.0,23.0,177.0,148.0,10.0,13.0,21.0,33.835836554823906,NaN
kernel_anchored,298,reference,178.0,35.0,146.0,168.0,10.0,12.0,28.0,NaN,NaN
kernel_anchored,299,calibration,199.0,30.0,157.0,145.0,10.0,13.0,23.0,19.162795673771747,NaN
kernel_anchored,300,reference,203.0,28.0,147.0,156.0,7.0,13.0,23.0,NaN,NaN
kernel_anchored,301,calibration,214.0,31.0,138.0,150.0,11.0,11.0,22.0,14.130683121150007,NaN
kernel_anchored,302,reference,183.0,30.0,149.0,167.0,10.0,12.0,26.0,NaN,NaN
kernel_anchored,303,calibration,208.0,36.0,113.0,172.0,11.0,13.0,24.0,14.866763404034515,NaN
kernel_anchored,304,reference,177.0,27.0,174.0,155.0,10.0,12.0,22.0,NaN,NaN
kernel_anchored,305,calibration,221.0,40.0,110.0,163.0,8.0,11.0,24.0,20.22665567353223,NaN
kernel_anchored,306,reference,205.0,32.0,150.0,149.0,11.0,12.0,18.0,NaN,NaN
kernel_anchored,307,calibration,208.0,38.0,109.0,176.0,7.0,12.0,27.0,18.47471747545353,NaN
kernel_anchored,308,reference,200.0,24.0,166.0,147.0,10.0,12.0,18.0,NaN,NaN
kernel_anchored,309,calibration,195.0,27.0,160.0,151.0,9.0,12.0,23.0,19.04847424316442,NaN
kernel_anchored,310,reference,190.0,30.0,160.0,156.0,10.0,10.0,21.0,NaN,NaN
kernel_anchored,311,calibration,196.0,34.0,135.0,167.0,10.0,12.0,23.0,8.904230627275304,NaN
kernel_anchored,312,reference,227.0,30.0,109.0,167.0,10.0,12.0,22.0,NaN,NaN
kernel_anchored,313,calibration,230.0,40.0,90.0,172.0,8.0,14.0,23.0,37.719252264902515,NaN
kernel_anchored,314,reference,222.0,36.0,108.0,164.0,9.0,12.0,26.0,NaN,NaN
kernel_anchored,315,calibration,209.0,40.0,113.0,165.0,9.0,14.0,27.0,14.767592224149006,NaN
kernel_anchored,316,reference,207.0,25.0,149.0,154.0,8.0,11.0,23.0,NaN,NaN
kernel_anchored,317,calibration,219.0,41.0,102.0,169.0,11.0,12.0,23.0,24.23108959250554,NaN
kernel_anchored,318,reference,193.0,28.0,166.0,143.0,8.0,13.0,26.0,NaN,NaN
kernel_anchored,319,calibration,216.0,37.0,104.0,172.0,9.0,13.0,26.0,21.83915312291976,NaN
kernel_anchored,320,reference,193.0,29.0,140.0,166.0,10.0,13.0,26.0,NaN,NaN
kernel_anchored,321,calibration,220.0,35.0,102.0,173.0,8.0,10.0,29.0,25.143946047019583,NaN
kernel_anchored,322,reference,200.0,39.0,119.0,167.0,8.0,13.0,31.0,NaN,NaN
kernel_anchored,323,calibration,166.0,39.0,162.0,163.0,10.0,13.0,24.0,30.90635200883223,NaN
kernel_anchored,324,reference,196.0,33.0,132.0,165.0,10.0,13.0,28.0,NaN,NaN
kernel_anchored,325,calibration,214.0,36.0,97.0,181.0,10.0,14.0,25.0,28.73016187631599,NaN
kernel_anchored,326,reference,204.0,37.0,137.0,155.0,9.0,11.0,24.0,NaN,NaN
kernel_anchored,327,calibration,216.0,41.0,108.0,164.0,10.0,12.0,26.0,19.315878815415033,NaN
kernel_anchored,328,reference,184.0,33.0,152.0,162.0,8.0,14.0,24.0,NaN,NaN
kernel_anchored,329,calibration,208.0,37.0,131.0,152.0,8.0,12.0,29.0,11.922620252627166,NaN
kernel_anchored,330,reference,201.0,31.0,139.0,162.0,11.0,11.0,22.0,NaN,NaN
kernel_anchored,331,calibration,188.0,31.0,152.0,160.0,6.0,13.0,27.0,14.824671350644941,NaN
kernel_anchored,332,reference,175.0,41.0,140.0,177.0,10.0,12.0,22.0,NaN,NaN
kernel_anchored,333,calibration,199.0,28.0,151.0,154.0,11.0,12.0,22.0,13.60924543487593,NaN
kernel_anchored,334,reference,199.0,39.0,117.0,167.0,11.0,14.0,30.0,NaN,NaN
kernel_anchored,335,calibration,209.0,34.0,124.0,167.0,10.0,12.0,21.0,10.526894781599296,NaN
kernel_anchored,336,reference,218.0,33.0,119.0,163.0,6.0,11.0,27.0,NaN,NaN
kernel_anchored,337,calibration,191.0,35.0,154.0,151.0,10.0,12.0,24.0,16.193276477822337,NaN
kernel_anchored,338,reference,200.0,30.0,159.0,144.0,11.0,12.0,21.0,NaN,NaN
kernel_anchored,339,calibration,190.0,34.0,140.0,164.0,10.0,12.0,27.0,10.624656467708842,NaN
kernel_anchored,340,reference,209.0,41.0,107.0,172.0,12.0,13.0,23.0,NaN,NaN
kernel_anchored,341,calibration,198.0,21.0,164.0,147.0,10.0,12.0,25.0,24.08967660600956,NaN
kernel_anchored,342,reference,212.0,35.0,118.0,165.0,11.0,13.0,23.0,NaN,NaN
kernel_anchored,343,calibration,210.0,41.0,111.0,168.0,10.0,12.0,25.0,16.148036360055606,NaN
kernel_anchored,344,reference,222.0,37.0,93.0,180.0,11.0,12.0,22.0,NaN,NaN
kernel_anchored,345,calibration,229.0,36.0,82.0,181.0,8.0,13.0,28.0,45.126048468993964,NaN
kernel_anchored,346,reference,207.0,32.0,131.0,159.0,10.0,12.0,26.0,NaN,NaN
kernel_anchored,347,calibration,210.0,39.0,110.0,169.0,10.0,12.0,27.0,16.51917695476118,NaN
kernel_anchored,348,reference,199.0,36.0,127.0,167.0,10.0,13.0,25.0,NaN,NaN
kernel_anchored,349,calibration,195.0,40.0,107.0,185.0,11.0,14.0,25.0,24.38114813233566,NaN
kernel_anchored,350,reference,218.0,29.0,113.0,169.0,11.0,13.0,24.0,NaN,NaN
kernel_anchored,351,calibration,194.0,37.0,128.0,170.0,10.0,13.0,25.0,10.398430649793447,NaN
kernel_anchored,352,reference,207.0,39.0,105.0,176.0,9.0,13.0,28.0,NaN,NaN
kernel_anchored,353,calibration,203.0,36.0,134.0,158.0,9.0,12.0,25.0,8.765464531574818,NaN
kernel_anchored,354,reference,189.0,25.0,172.0,144.0,10.0,13.0,24.0,NaN,NaN
kernel_anchored,355,calibration,205.0,42.0,100.0,178.0,10.0,12.0,30.0,25.40429155281766,NaN
kernel_anchored,356,reference,197.0,30.0,159.0,149.0,11.0,11.0,20.0,NaN,NaN
kernel_anchored,357,calibration,214.0,26.0,125.0,167.0,8.0,11.0,26.0,13.260589285275358,NaN
kernel_anchored,358,reference,217.0,34.0,83.0,193.0,9.0,14.0,27.0,NaN,NaN
kernel_anchored,359,calibration,236.0,36.0,72.0,184.0,10.0,12.0,27.0,56.98561886685899,NaN
kernel_anchored,360,reference,202.0,25.0,167.0,139.0,9.0,13.0,22.0,NaN,NaN
kernel_anchored,361,calibration,215.0,33.0,131.0,151.0,11.0,14.0,22.0,13.811942729817439,NaN
kernel_anchored,362,reference,208.0,30.0,134.0,162.0,7.0,12.0,24.0,NaN,NaN
kernel_anchored,363,calibration,179.0,32.0,152.0,164.0,11.0,12.0,27.0,18.495908498549184,NaN
kernel_anchored,364,reference,160.0,37.0,176.0,158.0,8.0,14.0,24.0,NaN,NaN
kernel_anchored,365,calibration,179.0,35.0,157.0,159.0,10.0,11.0,26.0,20.51942983350522,NaN
kernel_anchored,366,reference,197.0,32.0,138.0,168.0,11.0,11.0,20.0,NaN,NaN
kernel_anchored,367,calibration,225.0,39.0,93.0,170.0,10.0,14.0,26.0,32.74956917355904,NaN
kernel_anchored,368,reference,188.0,41.0,136.0,169.0,11.0,12.0,20.0,NaN,NaN
kernel_anchored,369,calibration,206.0,39.0,112.0,172.0,7.0,12.0,29.0,15.904908466150388,NaN
kernel_anchored,370,reference,210.0,36.0,115.0,167.0,10.0,13.0,26.0,NaN,NaN
kernel_anchored,371,calibration,230.0,42.0,77.0,182.0,10.0,12.0,24.0,50.07391573625977,NaN
kernel_anchored,372,reference,209.0,30.0,136.0,159.0,10.0,11.0,22.0,NaN,NaN
kernel_anchored,373,calibration,168.0,32.0,171.0,160.0,11.0,12.0,23.0,34.161970131802825,NaN
kernel_anchored,374,reference,211.0,35.0,113.0,172.0,9.0,14.0,23.0,NaN,NaN
kernel_anchored,375,calibration,190.0,37.0,132.0,172.0,10.0,13.0,23.0,11.76155334073449,NaN
kernel_anchored,376,reference,214.0,40.0,110.0,166.0,10.0,11.0,26.0,NaN,NaN
kernel_anchored,377,calibration,197.0,38.0,131.0,165.0,9.0,13.0,24.0,8.884546030385355,NaN
kernel_anchored,378,reference,223.0,31.0,131.0,149.0,9.0,12.0,22.0,NaN,NaN
kernel_anchored,379,calibration,201.0,20.0,151.0,163.0,10.0,12.0,20.0,15.837715777726594,NaN
kernel_anchored,380,reference,193.0,21.0,167.0,148.0,9.0,13.0,26.0,NaN,NaN
kernel_anchored,381,calibration,201.0,33.0,131.0,167.0,10.0,11.0,24.0,8.559901777369124,NaN
kernel_anchored,382,reference,187.0,32.0,155.0,155.0,10.0,13.0,25.0,NaN,NaN
kernel_anchored,383,calibration,187.0,35.0,163.0,148.0,9.0,13.0,22.0,22.848663981531182,NaN
kernel_anchored,384,reference,229.0,25.0,140.0,139.0,9.0,13.0,22.0,NaN,NaN
kernel_anchored,385,calibration,218.0,32.0,119.0,161.0,10.0,11.0,26.0,14.933811206120744,NaN
kernel_anchored,386,reference,205.0,38.0,114.0,172.0,10.0,12.0,26.0,NaN,NaN
kernel_anchored,387,calibration,216.0,35.0,126.0,158.0,7.0,12.0,23.0,12.79493632988872,NaN
kernel_anchored,388,reference,205.0,38.0,115.0,170.0,11.0,12.0,26.0,NaN,NaN
kernel_anchored,389,calibration,193.0,28.0,157.0,155.0,7.0,13.0,24.0,16.633006828032556,NaN
kernel_anchored,390,reference,191.0,26.0,163.0,153.0,5.0,13.0,26.0,NaN,NaN
kernel_anchored,391,calibration,211.0,33.0,120.0,165.0,10.0,12.0,26.0,11.726185734595418,NaN
kernel_anchored,392,reference,182.0,29.0,154.0,168.0,10.0,13.0,21.0,NaN,NaN
kernel_anchored,393,calibration,217.0,32.0,117.0,164.0,10.0,12.0,25.0,14.92435435557912,NaN
kernel_anchored,394,reference,201.0,37.0,122.0,172.0,10.0,13.0,22.0,NaN,NaN
kernel_anchored,395,calibration,220.0,28.0,113.0,166.0,11.0,13.0,26.0,18.698721572557098,NaN
kernel_anchored,396,reference,170.0,33.0,163.0,164.0,10.0,13.0,24.0,NaN,NaN
kernel_anchored,397,calibration,197.0,35.0,140.0,163.0,11.0,11.0,20.0,9.427047192629384,NaN
kernel_anchored,398,reference,216.0,33.0,138.0,149.0,11.0,12.0,18.0,NaN,NaN
kernel_anchored,399,calibration,216.0,37.0,118.0,157.0,10.0,12.0,27.0,15.146295804458099,NaN
kernel_anchored,400,reference,193.0,37.0,125.0,173.0,11.0,12.0,26.0,NaN,NaN
kernel_anchored,401,calibration,207.0,34.0,127.0,164.0,10.0,12.0,23.0,9.12828428335266,NaN
kernel_anchored,402,reference,178.0,26.0,170.0,159.0,11.0,12.0,21.0,NaN,NaN
kernel_anchored,403,calibration,176.0,27.0,177.0,150.0,10.0,13.0,24.0,35.6177739559159,NaN
kernel_anchored,404,reference,203.0,38.0,131.0,157.0,9.0,13.0,26.0,NaN,NaN
kernel_anchored,405,calibration,200.0,41.0,120.0,168.0,10.0,12.0,26.0,11.75655226124356,NaN
kernel_anchored,406,reference,207.0,29.0,145.0,153.0,10.0,11.0,22.0,NaN,NaN
kernel_anchored,407,calibration,191.0,39.0,133.0,167.0,10.0,13.0,24.0,10.574109854580296,NaN
kernel_anchored,408,reference,217.0,26.0,131.0,155.0,11.0,14.0,23.0,NaN,NaN
kernel_anchored,409,calibration,179.0,40.0,132.0,175.0,12.0,14.0,25.0,18.348490212862778,NaN
kernel_anchored,410,reference,185.0,26.0,173.0,152.0,10.0,13.0,18.0,NaN,NaN
kernel_anchored,411,calibration,204.0,33.0,132.0,158.0,11.0,14.0,25.0,8.8524093206852,NaN
kernel_anchored,412,reference,227.0,37.0,102.0,167.0,11.0,12.0,21.0,NaN,NaN
kernel_anchored,413,calibration,209.0,29.0,134.0,155.0,9.0,13.0,28.0,11.04976017774668,NaN
kernel_anchored,414,reference,232.0,43.0,73.0,184.0,9.0,13.0,23.0,NaN,NaN
kernel_anchored,415,calibration,202.0,37.0,126.0,165.0,11.0,14.0,22.0,9.209795725903255,NaN
kernel_anchored,416,reference,201.0,29.0,141.0,161.0,11.0,13.0,21.0,NaN,NaN
kernel_anchored,417,calibration,225.0,31.0,127.0,148.0,10.0,12.0,24.0,20.363666401020843,NaN
kernel_anchored,418,reference,227.0,41.0,81.0,177.0,11.0,12.0,28.0,NaN,NaN
kernel_anchored,419,calibration,178.0,29.0,168.0,159.0,12.0,11.0,20.0,27.514328644113917,NaN
kernel_anchored,420,reference,214.0,38.0,98.0,181.0,10.0,12.0,24.0,NaN,NaN
kernel_anchored,421,calibration,216.0,39.0,112.0,166.0,13.0,13.0,18.0,17.858518858481204,NaN
kernel_anchored,422,reference,216.0,31.0,128.0,156.0,10.0,11.0,25.0,NaN,NaN
kernel_anchored,423,calibration,229.0,25.0,128.0,149.0,10.0,12.0,24.0,23.350580579725616,NaN
kernel_anchored,424,reference,200.0,33.0,133.0,163.0,12.0,13.0,23.0,NaN,NaN
kernel_anchored,425,calibration,168.0,33.0,167.0,165.0,9.0,13.0,22.0,31.945443987107303,NaN
kernel_anchored,426,reference,212.0,44.0,92.0,182.0,10.0,12.0,25.0,NaN,NaN
kernel_anchored,427,calibration,210.0,37.0,123.0,161.0,11.0,14.0,21.0,11.143103883630978,NaN
kernel_anchored,428,reference,206.0,39.0,111.0,177.0,8.0,11.0,25.0,NaN,NaN
kernel_anchored,429,calibration,209.0,34.0,128.0,159.0,11.0,14.0,22.0,9.915926221968935,NaN
kernel_anchored,430,reference,161.0,38.0,159.0,174.0,11.0,11.0,23.0,NaN,NaN
kernel_anchored,431,calibration,212.0,43.0,94.0,176.0,11.0,14.0,27.0,29.736395507163685,NaN
kernel_anchored,432,reference,186.0,35.0,149.0,161.0,10.0,13.0,23.0,NaN,NaN
kernel_anchored,433,calibration,226.0,42.0,85.0,178.0,5.0,11.0,30.0,41.567200739467594,NaN
kernel_anchored,434,reference,221.0,31.0,131.0,152.0,11.0,13.0,18.0,NaN,NaN
kernel_anchored,435,calibration,204.0,37.0,130.0,165.0,9.0,10.0,22.0,8.897430075742502,NaN
kernel_anchored,436,reference,212.0,33.0,122.0,167.0,10.0,9.0,24.0,NaN,NaN
kernel_anchored,437,calibration,190.0,35.0,148.0,165.0,9.0,12.0,18.0,13.26593976530937,NaN
kernel_anchored,438,reference,189.0,31.0,132.0,177.0,10.0,13.0,25.0,NaN,NaN
kernel_anchored,439,calibration,205.0,28.0,143.0,159.0,9.0,10.0,23.0,10.766038775252966,NaN
kernel_anchored,440,reference,195.0,42.0,114.0,175.0,10.0,13.0,28.0,NaN,NaN
kernel_anchored,441,calibration,190.0,34.0,136.0,169.0,9.0,14.0,25.0,10.829733961164209,NaN
kernel_anchored,442,reference,170.0,36.0,158.0,171.0,10.0,13.0,19.0,NaN,NaN
kernel_anchored,443,calibration,207.0,30.0,146.0,152.0,8.0,12.0,22.0,13.01853435004056,NaN
kernel_anchored,444,reference,211.0,31.0,137.0,152.0,9.0,13.0,24.0,NaN,NaN
kernel_anchored,445,calibration,166.0,28.0,190.0,150.0,7.0,12.0,24.0,49.97332129471548,NaN
kernel_anchored,446,reference,203.0,32.0,126.0,167.0,9.0,13.0,27.0,NaN,NaN
kernel_anchored,447,calibration,200.0,35.0,156.0,145.0,9.0,12.0,20.0,18.976684170646443,NaN
kernel_anchored,448,reference,183.0,29.0,178.0,143.0,10.0,14.0,20.0,NaN,NaN
kernel_anchored,449,calibration,189.0,24.0,185.0,138.0,10.0,13.0,18.0,42.62720039870098,NaN
kernel_anchored,450,reference,218.0,33.0,119.0,159.0,9.0,13.0,26.0,NaN,NaN
kernel_anchored,451,calibration,200.0,30.0,164.0,137.0,9.0,14.0,23.0,27.03043783568551,NaN
kernel_anchored,452,reference,204.0,29.0,139.0,161.0,10.0,12.0,22.0,NaN,NaN
kernel_anchored,453,calibration,222.0,30.0,137.0,147.0,9.0,11.0,21.0,19.185292663407388,NaN
kernel_anchored,454,reference,212.0,27.0,142.0,153.0,12.0,12.0,19.0,NaN,NaN
kernel_anchored,455,calibration,210.0,37.0,106.0,173.0,11.0,14.0,26.0,19.402328992648336,NaN
kernel_anchored,456,reference,209.0,40.0,110.0,173.0,8.0,13.0,24.0,NaN,NaN
kernel_anchored,457,calibration,200.0,33.0,136.0,161.0,9.0,13.0,25.0,8.283909342193486,NaN
kernel_anchored,458,reference,207.0,38.0,108.0,178.0,11.0,12.0,23.0,NaN,NaN
kernel_anchored,459,calibration,185.0,34.0,145.0,165.0,10.0,11.0,27.0,13.565026209085808,NaN
kernel_anchored,460,reference,209.0,35.0,120.0,165.0,9.0,12.0,27.0,NaN,NaN
kernel_anchored,461,calibration,187.0,31.0,166.0,144.0,10.0,13.0,26.0,26.094377029861114,NaN
kernel_anchored,462,reference,211.0,42.0,103.0,170.0,10.0,12.0,29.0,NaN,NaN
kernel_anchored,463,calibration,229.0,28.0,103.0,169.0,10.0,13.0,25.0,28.659081818660205,NaN
kernel_anchored,464,reference,221.0,43.0,89.0,176.0,11.0,13.0,24.0,NaN,NaN
kernel_anchored,465,calibration,210.0,31.0,138.0,154.0,6.0,13.0,25.0,11.54011802999155,NaN
kernel_anchored,466,reference,181.0,38.0,141.0,173.0,9.0,13.0,22.0,NaN,NaN
kernel_anchored,467,calibration,193.0,33.0,134.0,176.0,10.0,13.0,18.0,13.0564370009986,NaN
kernel_anchored,468,reference,195.0,36.0,144.0,157.0,8.0,13.0,24.0,NaN,NaN
kernel_anchored,469,calibration,228.0,38.0,86.0,176.0,12.0,11.0,26.0,40.33225221249376,NaN
kernel_anchored,470,reference,217.0,35.0,118.0,160.0,9.0,11.0,27.0,NaN,NaN
kernel_anchored,471,calibration,220.0,37.0,125.0,156.0,9.0,12.0,18.0,16.008766092022505,NaN
kernel_anchored,472,reference,229.0,35.0,101.0,165.0,11.0,11.0,25.0,NaN,NaN
kernel_anchored,473,calibration,234.0,40.0,80.0,173.0,10.0,13.0,27.0,47.43700282619384,NaN
kernel_anchored,474,reference,190.0,38.0,133.0,167.0,10.0,12.0,27.0,NaN,NaN
kernel_anchored,475,calibration,169.0,38.0,159.0,165.0,7.0,12.0,27.0,27.71877625849678,NaN
kernel_anchored,476,reference,192.0,36.0,137.0,165.0,9.0,13.0,25.0,NaN,NaN
kernel_anchored,477,calibration,198.0,37.0,141.0,157.0,10.0,12.0,22.0,9.859329402873627,NaN
kernel_anchored,478,reference,203.0,36.0,133.0,159.0,9.0,14.0,23.0,NaN,NaN
kernel_anchored,479,calibration,215.0,29.0,135.0,152.0,8.0,14.0,24.0,13.728038087205825,NaN
kernel_anchored,480,reference,220.0,40.0,83.0,185.0,9.0,14.0,26.0,NaN,NaN
kernel_anchored,481,calibration,208.0,30.0,130.0,165.0,11.0,13.0,20.0,9.91725909144673,NaN
kernel_anchored,482,reference,236.0,33.0,93.0,164.0,10.0,14.0,27.0,NaN,NaN
kernel_anchored,483,calibration,208.0,38.0,114.0,173.0,9.0,13.0,22.0,14.934067319320654,NaN
kernel_anchored,484,reference,214.0,33.0,121.0,163.0,11.0,13.0,22.0,NaN,NaN
kernel_anchored,485,calibration,228.0,33.0,121.0,154.0,9.0,10.0,22.0,21.381936118288294,NaN
kernel_anchored,486,reference,197.0,31.0,141.0,160.0,10.0,12.0,26.0,NaN,NaN
kernel_anchored,487,calibration,238.0,35.0,99.0,158.0,9.0,11.0,27.0,36.34407772325407,NaN
kernel_anchored,488,reference,205.0,42.0,114.0,167.0,10.0,12.0,27.0,NaN,NaN
kernel_anchored,489,calibration,230.0,39.0,85.0,176.0,11.0,12.0,24.0,42.00828705918941,NaN
kernel_anchored,490,reference,182.0,28.0,156.0,162.0,10.0,14.0,25.0,NaN,NaN
kernel_anchored,491,calibration,170.0,20.0,177.0,167.0,10.0,13.0,20.0,39.34245939043073,NaN
kernel_anchored,492,reference,195.0,38.0,136.0,159.0,10.0,13.0,26.0,NaN,NaN
kernel_anchored,493,calibration,192.0,32.0,131.0,177.0,11.0,11.0,23.0,13.213269261575128,NaN
kernel_anchored,494,reference,176.0,33.0,166.0,154.0,12.0,14.0,22.0,NaN,NaN
kernel_anchored,495,calibration,191.0,35.0,130.0,174.0,10.0,11.0,26.0,12.184370906263013,NaN
kernel_anchored,496,reference,210.0,37.0,119.0,159.0,9.0,14.0,29.0,NaN,NaN
kernel_anchored,497,calibration,206.0,35.0,135.0,159.0,8.0,13.0,21.0,9.17090261759937,NaN
kernel_anchored,498,reference,223.0,22.0,142.0,148.0,10.0,11.0,21.0,NaN,NaN
kernel_anchored,499,calibration,197.0,30.0,158.0,149.0,11.0,12.0,20.0,18.344678438360667,NaN
kernel_anchored,500,reference,197.0,32.0,116.0,182.0,12.0,12.0,26.0,NaN,NaN
kernel_anchored,501,calibration,188.0,30.0,162.0,152.0,8.0,14.0,23.0,20.776013714910036,NaN
kernel_anchored,502,reference,199.0,41.0,115.0,173.0,10.0,14.0,25.0,NaN,NaN
kernel_anchored,503,calibration,214.0,37.0,95.0,181.0,12.0,13.0,25.0,30.2241691554145,NaN
kernel_anchored,504,reference,179.0,25.0,185.0,146.0,10.0,13.0,19.0,NaN,NaN
kernel_anchored,505,calibration,167.0,37.0,161.0,169.0,9.0,12.0,22.0,30.195658947047257,NaN
kernel_anchored,506,reference,166.0,34.0,164.0,166.0,9.0,13.0,25.0,NaN,NaN
kernel_anchored,507,calibration,217.0,32.0,110.0,175.0,9.0,13.0,21.0,20.011633838675095,NaN
kernel_anchored,508,reference,209.0,36.0,106.0,178.0,9.0,12.0,27.0,NaN,NaN
kernel_anchored,509,calibration,220.0,36.0,123.0,155.0,11.0,13.0,19.0,16.35500022267587,NaN
kernel_anchored,510,reference,211.0,32.0,139.0,150.0,10.0,11.0,24.0,NaN,NaN
kernel_anchored,511,calibration,162.0,39.0,152.0,176.0,10.0,11.0,27.0,32.22009475725273,NaN
kernel_anchored,512,reference,196.0,31.0,147.0,161.0,9.0,12.0,21.0,NaN,NaN
kernel_anchored,513,calibration,219.0,33.0,111.0,167.0,9.0,12.0,26.0,18.416056196820726,NaN
kernel_anchored,514,reference,201.0,28.0,144.0,155.0,10.0,14.0,25.0,NaN,NaN
kernel_anchored,515,calibration,223.0,31.0,143.0,134.0,10.0,12.0,24.0,27.197339957082548,NaN
kernel_anchored,516,reference,178.0,35.0,169.0,152.0,10.0,10.0,23.0,NaN,NaN
kernel_anchored,517,calibration,199.0,37.0,114.0,179.0,10.0,13.0,25.0,16.897523984151405,NaN
kernel_anchored,518,reference,195.0,38.0,133.0,168.0,11.0,13.0,19.0,NaN,NaN
kernel_anchored,519,calibration,192.0,38.0,151.0,152.0,11.0,12.0,21.0,15.06936762881216,NaN
kernel_anchored,520,reference,215.0,42.0,105.0,171.0,12.0,12.0,20.0,NaN,NaN
kernel_anchored,521,calibration,219.0,35.0,104.0,170.0,10.0,12.0,27.0,22.586470829287144,NaN
kernel_anchored,522,reference,203.0,32.0,115.0,179.0,12.0,12.0,24.0,NaN,NaN
kernel_anchored,523,calibration,185.0,25.0,163.0,161.0,10.0,12.0,21.0,22.156314994496185,NaN
kernel_anchored,524,reference,229.0,30.0,132.0,140.0,10.0,12.0,24.0,NaN,NaN
kernel_anchored,525,calibration,184.0,31.0,166.0,150.0,9.0,13.0,24.0,24.782687048169656,NaN
kernel_anchored,526,reference,215.0,33.0,136.0,147.0,9.0,11.0,26.0,NaN,NaN
kernel_anchored,527,calibration,218.0,37.0,114.0,161.0,8.0,13.0,26.0,16.78299499173484,NaN
kernel_anchored,528,reference,205.0,43.0,103.0,184.0,10.0,12.0,20.0,NaN,NaN
kernel_anchored,529,calibration,177.0,36.0,143.0,174.0,10.0,11.0,26.0,19.203338580734297,NaN
kernel_anchored,530,reference,199.0,36.0,132.0,163.0,10.0,12.0,25.0,NaN,NaN
kernel_anchored,531,calibration,206.0,35.0,135.0,153.0,10.0,12.0,26.0,10.461682226566882,NaN
kernel_anchored,532,reference,209.0,38.0,113.0,174.0,8.0,12.0,23.0,NaN,NaN
kernel_anchored,533,calibration,209.0,37.0,102.0,182.0,10.0,13.0,24.0,24.95782386619524,NaN
kernel_anchored,534,reference,214.0,26.0,153.0,140.0,9.0,12.0,23.0,NaN,NaN
kernel_anchored,535,calibration,212.0,45.0,91.0,181.0,12.0,11.0,25.0,33.94992946616661,NaN
kernel_anchored,536,reference,181.0,25.0,187.0,144.0,7.0,13.0,20.0,NaN,NaN
kernel_anchored,537,calibration,228.0,37.0,94.0,172.0,8.0,14.0,24.0,33.613488381435154,NaN
kernel_anchored,538,reference,198.0,30.0,151.0,156.0,8.0,12.0,22.0,NaN,NaN
kernel_anchored,539,calibration,164.0,36.0,153.0,175.0,10.0,14.0,25.0,30.42128588993615,NaN
kernel_anchored,540,reference,213.0,31.0,144.0,146.0,8.0,12.0,23.0,NaN,NaN
kernel_anchored,541,calibration,197.0,31.0,144.0,161.0,6.0,14.0,24.0,10.189245093287276,NaN
kernel_anchored,542,reference,211.0,36.0,119.0,163.0,11.0,11.0,26.0,NaN,NaN
kernel_anchored,543,calibration,207.0,31.0,151.0,149.0,7.0,11.0,21.0,15.974937182387578,NaN
kernel_anchored,544,reference,176.0,41.0,117.0,194.0,12.0,13.0,24.0,NaN,NaN
kernel_anchored,545,calibration,198.0,27.0,158.0,144.0,10.0,13.0,27.0,20.65279562307709,NaN
kernel_anchored,546,reference,178.0,33.0,159.0,161.0,11.0,13.0,22.0,NaN,NaN
kernel_anchored,547,calibration,198.0,33.0,150.0,151.0,10.0,12.0,23.0,13.587018840009648,NaN
kernel_anchored,548,reference,216.0,35.0,123.0,157.0,12.0,11.0,23.0,NaN,NaN
kernel_anchored,549,calibration,194.0,29.0,153.0,158.0,9.0,12.0,22.0,13.926904172705036,NaN
kernel_anchored,550,reference,206.0,40.0,115.0,172.0,12.0,14.0,18.0,NaN,NaN
kernel_anchored,551,calibration,217.0,34.0,127.0,159.0,7.0,11.0,22.0,13.063664865150578,NaN
kernel_anchored,552,reference,169.0,24.0,196.0,141.0,9.0,13.0,25.0,NaN,NaN
kernel_anchored,553,calibration,203.0,32.0,143.0,153.0,12.0,13.0,21.0,11.277212695114493,NaN
kernel_anchored,554,reference,193.0,20.0,205.0,122.0,9.0,12.0,16.0,NaN,NaN
kernel_anchored,555,calibration,198.0,37.0,135.0,158.0,9.0,14.0,26.0,9.105444133796205,NaN
kernel_anchored,556,reference,222.0,38.0,87.0,181.0,10.0,12.0,27.0,NaN,NaN
kernel_anchored,557,calibration,178.0,35.0,139.0,178.0,9.0,13.0,25.0,19.464166847976983,NaN
kernel_anchored,558,reference,195.0,26.0,163.0,145.0,9.0,12.0,27.0,NaN,NaN
kernel_anchored,559,calibration,197.0,33.0,139.0,160.0,12.0,13.0,23.0,8.991934656003778,NaN
kernel_anchored,560,reference,188.0,27.0,151.0,167.0,10.0,12.0,22.0,NaN,NaN
kernel_anchored,561,calibration,236.0,35.0,112.0,152.0,10.0,10.0,22.0,30.058280755955863,NaN
kernel_anchored,562,reference,212.0,38.0,106.0,174.0,10.0,13.0,24.0,NaN,NaN
kernel_anchored,563,calibration,192.0,25.0,161.0,158.0,8.0,12.0,21.0,19.405843795033732,NaN
kernel_anchored,564,reference,211.0,34.0,105.0,173.0,9.0,14.0,31.0,NaN,NaN
kernel_anchored,565,calibration,186.0,34.0,131.0,177.0,8.0,14.0,27.0,15.214901955503919,NaN
kernel_anchored,566,reference,199.0,30.0,160.0,146.0,10.0,13.0,19.0,NaN,NaN
kernel_anchored,567,calibration,225.0,36.0,106.0,162.0,7.0,13.0,28.0,24.205366705395114,NaN
kernel_anchored,568,reference,221.0,36.0,92.0,179.0,10.0,13.0,26.0,NaN,NaN
kernel_anchored,569,calibration,214.0,34.0,102.0,180.0,10.0,11.0,26.0,25.07456270991613,NaN
kernel_anchored,570,reference,212.0,30.0,118.0,175.0,9.0,12.0,21.0,NaN,NaN
kernel_anchored,571,calibration,246.0,40.0,90.0,157.0,7.0,12.0,25.0,47.521875480462036,NaN
kernel_anchored,572,reference,200.0,34.0,133.0,164.0,11.0,14.0,21.0,NaN,NaN
kernel_anchored,573,calibration,189.0,32.0,148.0,162.0,9.0,12.0,25.0,12.564046935436963,NaN
kernel_anchored,574,reference,190.0,43.0,120.0,176.0,9.0,12.0,27.0,NaN,NaN
kernel_anchored,575,calibration,177.0,36.0,141.0,176.0,9.0,11.0,27.0,19.65383587217505,NaN
kernel_anchored,576,reference,215.0,27.0,134.0,159.0,7.0,13.0,22.0,NaN,NaN
kernel_anchored,577,calibration,187.0,38.0,132.0,169.0,10.0,13.0,28.0,12.535846176431171,NaN
kernel_anchored,578,reference,184.0,32.0,155.0,161.0,10.0,12.0,23.0,NaN,NaN
kernel_anchored,579,calibration,190.0,36.0,131.0,172.0,9.0,14.0,25.0,11.743931373793203,NaN
kernel_anchored,580,reference,182.0,38.0,143.0,172.0,7.0,12.0,23.0,NaN,NaN
kernel_anchored,581,calibration,222.0,35.0,97.0,179.0,7.0,12.0,25.0,30.5866224761523,NaN
kernel_anchored,582,reference,204.0,34.0,126.0,166.0,9.0,12.0,26.0,NaN,NaN
kernel_anchored,583,calibration,195.0,36.0,136.0,164.0,10.0,13.0,23.0,8.897882053409088,NaN
kernel_anchored,584,reference,201.0,40.0,102.0,181.0,8.0,14.0,31.0,NaN,NaN
kernel_anchored,585,calibration,231.0,28.0,112.0,163.0,11.0,11.0,21.0,25.57578200312568,NaN
kernel_anchored,586,reference,220.0,29.0,135.0,151.0,12.0,10.0,20.0,NaN,NaN
kernel_anchored,587,calibration,190.0,32.0,158.0,152.0,10.0,13.0,22.0,17.966374072765866,NaN
kernel_anchored,588,reference,193.0,28.0,169.0,148.0,7.0,11.0,21.0,NaN,NaN
kernel_anchored,589,calibration,222.0,42.0,102.0,167.0,11.0,10.0,23.0,25.60704728460147,NaN
kernel_anchored,590,reference,195.0,29.0,148.0,160.0,10.0,12.0,23.0,NaN,NaN
kernel_anchored,591,calibration,188.0,33.0,155.0,159.0,9.0,13.0,20.0,16.018536742731357,NaN
kernel_anchored,592,reference,230.0,35.0,118.0,150.0,7.0,12.0,25.0,NaN,NaN
kernel_anchored,593,calibration,233.0,31.0,104.0,160.0,9.0,13.0,27.0,30.20344954511441,NaN
kernel_anchored,594,reference,205.0,24.0,140.0,161.0,10.0,12.0,25.0,NaN,NaN
kernel_anchored,595,calibration,236.0,32.0,91.0,170.0,10.0,13.0,25.0,39.89565975050297,NaN
kernel_anchored,596,reference,208.0,27.0,156.0,144.0,9.0,13.0,20.0,NaN,NaN
kernel_anchored,597,calibration,223.0,38.0,112.0,159.0,9.0,13.0,23.0,20.39729910291178,NaN
kernel_anchored,598,reference,199.0,39.0,127.0,166.0,10.0,11.0,25.0,NaN,NaN
kernel_anchored,599,calibration,198.0,38.0,114.0,179.0,10.0,13.0,25.0,17.110451314532234,NaN
kernel_anchored,600,reference,201.0,36.0,136.0,158.0,10.0,11.0,25.0,NaN,NaN
kernel_anchored,601,calibration,180.0,33.0,168.0,155.0,8.0,13.0,20.0,26.725981765581786,NaN
kernel_anchored,602,reference,188.0,43.0,110.0,189.0,10.0,14.0,23.0,NaN,NaN
kernel_anchored,603,calibration,219.0,37.0,119.0,157.0,9.0,13.0,23.0,16.01421483905294,NaN
kernel_anchored,604,reference,199.0,30.0,158.0,148.0,7.0,14.0,21.0,NaN,NaN
kernel_anchored,605,calibration,210.0,31.0,135.0,155.0,11.0,13.0,22.0,10.841652825340905,NaN
kernel_anchored,606,reference,204.0,33.0,113.0,172.0,10.0,14.0,31.0,NaN,NaN
kernel_anchored,607,calibration,201.0,31.0,165.0,141.0,8.0,13.0,18.0,25.987950510921458,NaN
kernel_anchored,608,reference,201.0,29.0,150.0,152.0,11.0,11.0,23.0,NaN,NaN
kernel_anchored,609,calibration,214.0,31.0,132.0,158.0,9.0,12.0,21.0,11.645534870937823,NaN
kernel_anchored,610,reference,193.0,31.0,156.0,152.0,10.0,13.0,22.0,NaN,NaN
kernel_anchored,611,calibration,190.0,30.0,164.0,147.0,10.0,13.0,23.0,23.00545603980469,NaN
kernel_anchored,612,reference,217.0,28.0,133.0,154.0,10.0,12.0,23.0,NaN,NaN
kernel_anchored,613,calibration,181.0,34.0,157.0,160.0,10.0,12.0,23.0,19.34429415856377,NaN
kernel_anchored,614,reference,207.0,33.0,132.0,158.0,10.0,13.0,24.0,NaN,NaN
kernel_anchored,615,calibration,205.0,41.0,100.0,183.0,9.0,14.0,25.0,26.855302165466952,NaN
kernel_anchored,616,reference,209.0,36.0,127.0,156.0,11.0,14.0,24.0,NaN,NaN
kernel_anchored,617,calibration,210.0,35.0,127.0,159.0,9.0,13.0,24.0,10.13550237469589,NaN
kernel_anchored,618,reference,229.0,33.0,97.0,171.0,9.0,14.0,24.0,NaN,NaN
kernel_anchored,619,calibration,200.0,38.0,127.0,167.0,11.0,12.0,22.0,9.373289272584632,NaN
kernel_anchored,620,reference,199.0,30.0,134.0,170.0,11.0,12.0,21.0,NaN,NaN
kernel_anchored,621,calibration,202.0,37.0,129.0,164.0,8.0,14.0,23.0,8.65740899955027,NaN
kernel_anchored,622,reference,187.0,31.0,158.0,153.0,11.0,14.0,23.0,NaN,NaN
kernel_anchored,623,calibration,207.0,33.0,133.0,157.0,8.0,13.0,26.0,9.473374893838496,NaN
kernel_anchored,624,reference,205.0,37.0,118.0,170.0,11.0,12.0,24.0,NaN,NaN
kernel_anchored,625,calibration,211.0,35.0,120.0,165.0,11.0,13.0,22.0,11.788418251788215,NaN
kernel_anchored,626,reference,210.0,33.0,123.0,163.0,10.0,13.0,25.0,NaN,NaN
kernel_anchored,627,calibration,216.0,34.0,134.0,153.0,9.0,11.0,20.0,13.743137937024926,NaN
kernel_anchored,628,reference,201.0,35.0,121.0,170.0,9.0,13.0,28.0,NaN,NaN
kernel_anchored,629,calibration,207.0,38.0,122.0,170.0,8.0,11.0,21.0,11.47302526183471,NaN
kernel_anchored,630,reference,184.0,38.0,155.0,153.0,10.0,13.0,24.0,NaN,NaN
kernel_anchored,631,calibration,200.0,29.0,155.0,147.0,10.0,11.0,25.0,17.527562956574073,NaN
kernel_anchored,632,reference,180.0,29.0,207.0,119.0,10.0,13.0,19.0,NaN,NaN
kernel_anchored,633,calibration,199.0,40.0,110.0,180.0,10.0,12.0,26.0,19.657914543499338,NaN
kernel_anchored,634,reference,192.0,34.0,140.0,163.0,10.0,14.0,24.0,NaN,NaN
kernel_anchored,635,calibration,197.0,41.0,117.0,175.0,9.0,14.0,24.0,14.937402599548392,NaN
kernel_anchored,636,reference,172.0,24.0,190.0,146.0,9.0,12.0,24.0,NaN,NaN
kernel_anchored,637,calibration,197.0,36.0,114.0,182.0,10.0,13.0,25.0,18.610691908555403,NaN
kernel_anchored,638,reference,184.0,31.0,150.0,166.0,9.0,13.0,24.0,NaN,NaN
kernel_anchored,639,calibration,197.0,32.0,128.0,174.0,10.0,12.0,24.0,11.083998277842614,NaN
kernel_anchored,640,reference,190.0,25.0,155.0,159.0,10.0,14.0,24.0,NaN,NaN
kernel_anchored,641,calibration,201.0,27.0,144.0,160.0,10.0,13.0,22.0,10.650910048540325,NaN
kernel_anchored,642,reference,235.0,41.0,78.0,176.0,10.0,14.0,23.0,NaN,NaN
kernel_anchored,643,calibration,194.0,30.0,153.0,153.0,9.0,13.0,25.0,14.6484417669921,NaN
kernel_anchored,644,reference,198.0,35.0,134.0,164.0,10.0,13.0,23.0,NaN,NaN
kernel_anchored,645,calibration,188.0,38.0,132.0,171.0,11.0,14.0,23.0,12.419418550220392,NaN
kernel_anchored,646,reference,201.0,34.0,131.0,166.0,10.0,12.0,23.0,NaN,NaN
kernel_anchored,647,calibration,169.0,36.0,150.0,176.0,8.0,13.0,25.0,26.394202210106286,NaN
kernel_anchored,648,reference,178.0,33.0,156.0,164.0,10.0,13.0,23.0,NaN,NaN
kernel_anchored,649,calibration,184.0,26.0,158.0,162.0,10.0,14.0,23.0,19.396279881756065,NaN
kernel_anchored,650,reference,199.0,38.0,128.0,164.0,11.0,13.0,24.0,NaN,NaN
kernel_anchored,651,calibration,199.0,34.0,125.0,175.0,9.0,12.0,23.0,11.626192772341433,NaN
kernel_anchored,652,reference,183.0,38.0,155.0,155.0,8.0,13.0,25.0,NaN,NaN
kernel_anchored,653,calibration,208.0,28.0,127.0,167.0,11.0,12.0,24.0,10.499601138669941,NaN
kernel_anchored,654,reference,217.0,34.0,109.0,170.0,10.0,13.0,24.0,NaN,NaN
kernel_anchored,655,calibration,232.0,41.0,85.0,171.0,9.0,13.0,26.0,42.374094414860586,NaN
kernel_anchored,656,reference,190.0,27.0,194.0,126.0,7.0,13.0,20.0,NaN,NaN
kernel_anchored,657,calibration,181.0,35.0,143.0,171.0,10.0,12.0,25.0,15.996343803761853,NaN
kernel_anchored,658,reference,194.0,34.0,136.0,164.0,11.0,14.0,24.0,NaN,NaN
kernel_anchored,659,calibration,200.0,29.0,148.0,155.0,7.0,13.0,25.0,12.142107748917176,NaN
kernel_anchored,660,reference,214.0,26.0,137.0,151.0,9.0,13.0,27.0,NaN,NaN
kernel_anchored,661,calibration,178.0,32.0,171.0,153.0,10.0,13.0,20.0,29.82613312324878,NaN
kernel_anchored,662,reference,206.0,36.0,120.0,165.0,11.0,13.0,26.0,NaN,NaN
kernel_anchored,663,calibration,197.0,34.0,142.0,158.0,10.0,13.0,23.0,9.578510643201778,NaN
kernel_anchored,664,reference,233.0,38.0,83.0,172.0,9.0,14.0,28.0,NaN,NaN
kernel_anchored,665,calibration,205.0,34.0,123.0,168.0,9.0,13.0,25.0,9.963861872799871,NaN
kernel_anchored,666,reference,231.0,34.0,94.0,171.0,10.0,12.0,25.0,NaN,NaN
kernel_anchored,667,calibration,184.0,30.0,166.0,152.0,11.0,14.0,20.0,24.61325575701563,NaN
kernel_anchored,668,reference,209.0,36.0,127.0,161.0,10.0,13.0,21.0,NaN,NaN
kernel_anchored,669,calibration,212.0,37.0,102.0,176.0,11.0,13.0,26.0,23.141725962338896,NaN
kernel_anchored,670,reference,197.0,36.0,134.0,166.0,8.0,13.0,23.0,NaN,NaN
kernel_anchored,671,calibration,165.0,31.0,173.0,160.0,11.0,13.0,24.0,37.246204901536004,NaN
kernel_anchored,672,reference,200.0,31.0,138.0,162.0,10.0,13.0,23.0,NaN,NaN
kernel_anchored,673,calibration,219.0,34.0,120.0,155.0,9.0,13.0,27.0,16.17178382880649,NaN
kernel_anchored,674,reference,212.0,35.0,117.0,168.0,11.0,12.0,22.0,NaN,NaN
kernel_anchored,675,calibration,223.0,23.0,166.0,124.0,11.0,12.0,18.0,42.6561365933519,NaN
kernel_anchored,676,reference,187.0,28.0,173.0,146.0,8.0,13.0,22.0,NaN,NaN
kernel_anchored,677,calibration,205.0,29.0,142.0,160.0,11.0,11.0,19.0,10.717192909193887,NaN
kernel_anchored,678,reference,186.0,32.0,156.0,156.0,9.0,13.0,25.0,NaN,NaN
kernel_anchored,679,calibration,214.0,34.0,133.0,153.0,9.0,12.0,22.0,12.59127174375665,NaN
kernel_anchored,680,reference,198.0,27.0,143.0,164.0,8.0,12.0,25.0,NaN,NaN
kernel_anchored,681,calibration,190.0,41.0,129.0,166.0,10.0,14.0,27.0,11.823807693178097,NaN
kernel_anchored,682,reference,228.0,31.0,113.0,158.0,8.0,14.0,25.0,NaN,NaN
kernel_anchored,683,calibration,208.0,33.0,140.0,148.0,9.0,14.0,25.0,13.237319533056308,NaN
kernel_anchored,684,reference,190.0,35.0,139.0,167.0,8.0,13.0,25.0,NaN,NaN
kernel_anchored,685,calibration,190.0,36.0,143.0,161.0,9.0,11.0,27.0,11.296963880338517,NaN
kernel_anchored,686,reference,216.0,30.0,141.0,149.0,9.0,12.0,20.0,NaN,NaN
kernel_anchored,687,calibration,213.0,32.0,118.0,172.0,7.0,11.0,24.0,14.38031188980053,NaN
kernel_anchored,688,reference,227.0,28.0,101.0,171.0,11.0,12.0,27.0,NaN,NaN
kernel_anchored,689,calibration,218.0,41.0,109.0,164.0,10.0,11.0,24.0,19.518383449285864,NaN
kernel_anchored,690,reference,208.0,33.0,139.0,158.0,7.0,12.0,20.0,NaN,NaN
kernel_anchored,691,calibration,197.0,29.0,157.0,151.0,10.0,12.0,21.0,17.12167171591266,NaN
kernel_anchored,692,reference,184.0,34.0,146.0,164.0,10.0,11.0,28.0,NaN,NaN
kernel_anchored,693,calibration,198.0,35.0,138.0,159.0,10.0,12.0,25.0,8.800553614839448,NaN
kernel_anchored,694,reference,209.0,39.0,99.0,177.0,10.0,13.0,30.0,NaN,NaN
kernel_anchored,695,calibration,223.0,44.0,79.0,183.0,10.0,13.0,25.0,46.458888959736804,NaN
kernel_anchored,696,reference,202.0,33.0,115.0,183.0,9.0,13.0,22.0,NaN,NaN
kernel_anchored,697,calibration,226.0,30.0,128.0,147.0,10.0,14.0,22.0,21.439955212702635,NaN
kernel_anchored,698,reference,196.0,31.0,152.0,155.0,10.0,12.0,21.0,NaN,NaN
kernel_anchored,699,calibration,187.0,31.0,154.0,157.0,8.0,14.0,26.0,15.973582873233894,NaN
kernel_anchored,700,reference,217.0,30.0,112.0,171.0,12.0,13.0,22.0,NaN,NaN
kernel_anchored,701,calibration,221.0,33.0,127.0,150.0,12.0,11.0,23.0,17.386068581277172,NaN
kernel_anchored,702,reference,216.0,29.0,133.0,153.0,12.0,13.0,21.0,NaN,NaN
kernel_anchored,703,calibration,199.0,35.0,143.0,154.0,9.0,12.0,25.0,10.619594030478773,NaN
kernel_anchored,704,reference,202.0,34.0,143.0,153.0,9.0,12.0,24.0,NaN,NaN
kernel_anchored,705,calibration,198.0,27.0,160.0,148.0,9.0,11.0,24.0,19.922648591182146,NaN
kernel_anchored,706,reference,226.0,23.0,137.0,145.0,8.0,13.0,25.0,NaN,NaN
kernel_anchored,707,calibration,239.0,38.0,93.0,161.0,8.0,12.0,26.0,40.3711697661045,NaN
kernel_anchored,708,reference,189.0,36.0,153.0,154.0,9.0,13.0,23.0,NaN,NaN
kernel_anchored,709,calibration,186.0,35.0,145.0,169.0,6.0,13.0,23.0,13.91246067336079,NaN
kernel_anchored,710,reference,207.0,40.0,111.0,172.0,10.0,12.0,25.0,NaN,NaN
kernel_anchored,711,calibration,212.0,36.0,119.0,163.0,11.0,12.0,24.0,12.32396870668654,NaN
kernel_anchored,712,reference,230.0,35.0,101.0,163.0,9.0,14.0,25.0,NaN,NaN
kernel_anchored,713,calibration,206.0,45.0,87.0,189.0,12.0,14.0,24.0,39.71750617044372,NaN
kernel_anchored,714,reference,200.0,31.0,167.0,135.0,9.0,12.0,23.0,NaN,NaN
kernel_anchored,715,calibration,193.0,34.0,144.0,164.0,7.0,12.0,23.0,10.60269065690067,NaN
kernel_anchored,716,reference,190.0,36.0,132.0,165.0,9.0,12.0,33.0,NaN,NaN
kernel_anchored,717,calibration,191.0,41.0,128.0,170.0,8.0,13.0,26.0,12.094411193165719,NaN
kernel_anchored,718,reference,177.0,34.0,145.0,170.0,11.0,13.0,27.0,NaN,NaN
kernel_anchored,719,calibration,199.0,30.0,128.0,173.0,8.0,13.0,26.0,10.888125412912036,NaN
kernel_anchored,720,reference,201.0,38.0,124.0,167.0,10.0,12.0,25.0,NaN,NaN
kernel_anchored,721,calibration,186.0,39.0,125.0,176.0,10.0,14.0,27.0,15.996146087925382,NaN
kernel_anchored,722,reference,209.0,37.0,119.0,167.0,9.0,11.0,25.0,NaN,NaN
kernel_anchored,723,calibration,197.0,36.0,128.0,170.0,10.0,13.0,23.0,9.74514815699143,NaN
kernel_anchored,724,reference,208.0,35.0,128.0,160.0,8.0,12.0,26.0,NaN,NaN
kernel_anchored,725,calibration,204.0,23.0,132.0,167.0,10.0,13.0,28.0,11.47534428558652,NaN
kernel_anchored,726,reference,197.0,21.0,164.0,153.0,8.0,13.0,21.0,NaN,NaN
kernel_anchored,727,calibration,212.0,44.0,99.0,172.0,10.0,13.0,27.0,25.379761146616126,NaN
kernel_anchored,728,reference,210.0,29.0,133.0,159.0,10.0,12.0,24.0,NaN,NaN
kernel_anchored,729,calibration,172.0,23.0,215.0,123.0,8.0,14.0,22.0,76.967799327553,NaN
kernel_anchored,730,reference,212.0,25.0,151.0,147.0,8.0,12.0,22.0,NaN,NaN
kernel_anchored,731,calibration,194.0,38.0,125.0,171.0,10.0,13.0,26.0,11.360699026497425,NaN
kernel_anchored,732,reference,210.0,40.0,108.0,168.0,11.0,12.0,28.0,NaN,NaN
kernel_anchored,733,calibration,207.0,39.0,119.0,167.0,10.0,13.0,22.0,11.785441924869811,NaN
kernel_anchored,734,reference,167.0,37.0,158.0,165.0,10.0,13.0,27.0,NaN,NaN
kernel_anchored,735,calibration,192.0,29.0,150.0,160.0,10.0,12.0,24.0,12.802096319199322,NaN
kernel_anchored,736,reference,221.0,39.0,103.0,164.0,10.0,13.0,27.0,NaN,NaN
kernel_anchored,737,calibration,208.0,28.0,143.0,151.0,9.0,14.0,24.0,12.999676225651129,NaN
kernel_anchored,738,reference,187.0,35.0,137.0,173.0,8.0,12.0,25.0,NaN,NaN
kernel_anchored,739,calibration,206.0,32.0,138.0,158.0,10.0,12.0,21.0,9.545832521816791,NaN
kernel_anchored,740,reference,211.0,35.0,115.0,172.0,11.0,13.0,20.0,NaN,NaN
kernel_anchored,741,calibration,186.0,39.0,134.0,170.0,10.0,13.0,25.0,13.002764818747345,NaN
kernel_anchored,742,reference,155.0,26.0,201.0,151.0,9.0,12.0,23.0,NaN,NaN
kernel_anchored,743,calibration,215.0,37.0,108.0,169.0,8.0,12.0,28.0,18.858091228444415,NaN
kernel_anchored,744,reference,184.0,36.0,143.0,165.0,8.0,12.0,29.0,NaN,NaN
kernel_anchored,745,calibration,201.0,32.0,135.0,161.0,9.0,13.0,26.0,8.353845968949479,NaN
kernel_anchored,746,reference,187.0,41.0,124.0,177.0,8.0,13.0,27.0,NaN,NaN
kernel_anchored,747,calibration,214.0,32.0,137.0,152.0,9.0,12.0,21.0,13.260137970784236,NaN
kernel_anchored,748,reference,190.0,31.0,152.0,158.0,11.0,12.0,23.0,NaN,NaN
kernel_anchored,749,calibration,222.0,22.0,150.0,140.0,9.0,12.0,22.0,26.545059953637917,NaN
kernel_anchored,750,reference,210.0,35.0,126.0,158.0,10.0,12.0,26.0,NaN,NaN
kernel_anchored,751,calibration,201.0,40.0,118.0,170.0,8.0,12.0,28.0,12.725812830120503,NaN
kernel_anchored,752,reference,181.0,32.0,173.0,145.0,11.0,13.0,22.0,NaN,NaN
kernel_anchored,753,calibration,200.0,29.0,153.0,150.0,8.0,13.0,24.0,15.422825663069965,NaN
kernel_anchored,754,reference,191.0,42.0,110.0,186.0,10.0,13.0,25.0,NaN,NaN
kernel_anchored,755,calibration,194.0,37.0,137.0,165.0,9.0,10.0,25.0,9.502528834633996,NaN
kernel_anchored,756,reference,230.0,30.0,109.0,162.0,10.0,13.0,23.0,NaN,NaN
kernel_anchored,757,calibration,170.0,42.0,147.0,172.0,10.0,12.0,24.0,24.664145704195214,NaN
kernel_anchored,758,reference,189.0,37.0,137.0,166.0,10.0,13.0,25.0,NaN,NaN
kernel_anchored,759,calibration,217.0,26.0,129.0,161.0,10.0,13.0,21.0,13.827464843407562,NaN
kernel_anchored,760,reference,206.0,37.0,112.0,175.0,9.0,12.0,26.0,NaN,NaN
kernel_anchored,761,calibration,206.0,29.0,128.0,164.0,10.0,13.0,27.0,9.59558226986912,NaN
kernel_anchored,762,reference,216.0,35.0,118.0,164.0,11.0,13.0,20.0,NaN,NaN
kernel_anchored,763,calibration,202.0,30.0,150.0,149.0,11.0,13.0,22.0,14.646707634577986,NaN
kernel_anchored,764,reference,220.0,36.0,103.0,171.0,10.0,13.0,24.0,NaN,NaN
kernel_anchored,765,calibration,211.0,38.0,123.0,162.0,8.0,13.0,22.0,11.307062815712438,NaN
kernel_anchored,766,reference,168.0,29.0,181.0,157.0,9.0,13.0,20.0,NaN,NaN
kernel_anchored,767,calibration,208.0,31.0,144.0,149.0,9.0,13.0,23.0,13.596182399831996,NaN
kernel_anchored,768,reference,195.0,28.0,150.0,158.0,10.0,13.0,23.0,NaN,NaN
kernel_anchored,769,calibration,210.0,43.0,88.0,185.0,12.0,14.0,25.0,37.10912685681694,NaN
kernel_anchored,770,reference,207.0,36.0,118.0,166.0,9.0,14.0,27.0,NaN,NaN
kernel_anchored,771,calibration,187.0,30.0,155.0,162.0,10.0,13.0,20.0,16.440710146632696,NaN
kernel_anchored,772,reference,163.0,35.0,164.0,167.0,10.0,12.0,26.0,NaN,NaN
kernel_anchored,773,calibration,189.0,39.0,125.0,173.0,10.0,13.0,28.0,13.855344611440586,NaN
kernel_anchored,774,reference,210.0,33.0,135.0,155.0,10.0,12.0,22.0,NaN,NaN
kernel_anchored,775,calibration,185.0,35.0,139.0,167.0,10.0,13.0,28.0,12.92234218578296,NaN
kernel_anchored,776,reference,187.0,40.0,128.0,171.0,10.0,13.0,28.0,NaN,NaN
kernel_anchored,777,calibration,209.0,34.0,135.0,154.0,11.0,11.0,23.0,10.729450540521736,NaN
kernel_anchored,778,reference,165.0,35.0,138.0,187.0,9.0,13.0,30.0,NaN,NaN
kernel_anchored,779,calibration,201.0,25.0,141.0,165.0,8.0,12.0,25.0,10.768054591397238,NaN
kernel_anchored,780,reference,225.0,31.0,108.0,170.0,8.0,11.0,24.0,NaN,NaN
kernel_anchored,781,calibration,201.0,27.0,136.0,165.0,8.0,14.0,26.0,9.548513562256232,NaN
kernel_anchored,782,reference,210.0,31.0,133.0,156.0,10.0,11.0,26.0,NaN,NaN
kernel_anchored,783,calibration,187.0,38.0,137.0,167.0,9.0,13.0,26.0,11.974464311551301,NaN
kernel_anchored,784,reference,193.0,33.0,152.0,156.0,10.0,12.0,21.0,NaN,NaN
kernel_anchored,785,calibration,208.0,31.0,128.0,162.0,10.0,12.0,26.0,9.483073215505911,NaN
kernel_anchored,786,reference,187.0,30.0,122.0,187.0,10.0,14.0,27.0,NaN,NaN
kernel_anchored,787,calibration,213.0,34.0,123.0,163.0,9.0,12.0,23.0,11.491859259529853,NaN
kernel_anchored,788,reference,209.0,21.0,181.0,120.0,9.0,13.0,24.0,NaN,NaN
kernel_anchored,789,calibration,181.0,38.0,137.0,175.0,9.0,11.0,26.0,16.861929914498475,NaN
kernel_anchored,790,reference,231.0,29.0,96.0,175.0,9.0,13.0,24.0,NaN,NaN
kernel_anchored,791,calibration,233.0,28.0,124.0,149.0,8.0,11.0,24.0,26.032687175223842,NaN
kernel_anchored,792,reference,188.0,23.0,169.0,152.0,10.0,12.0,23.0,NaN,NaN
kernel_anchored,793,calibration,215.0,30.0,116.0,168.0,8.0,13.0,27.0,15.228434932705795,NaN
kernel_anchored,794,reference,181.0,35.0,144.0,168.0,10.0,13.0,26.0,NaN,NaN
kernel_anchored,795,calibration,223.0,24.0,140.0,145.0,11.0,11.0,23.0,21.919578279116976,NaN
kernel_anchored,796,reference,221.0,28.0,124.0,157.0,10.0,13.0,24.0,NaN,NaN
kernel_anchored,797,calibration,192.0,39.0,121.0,175.0,12.0,12.0,26.0,14.476676943308973,NaN
kernel_anchored,798,reference,212.0,35.0,128.0,156.0,10.0,11.0,25.0,NaN,NaN
kernel_anchored,799,calibration,201.0,31.0,148.0,152.0,11.0,14.0,20.0,12.980028071290612,NaN
kernel_anchored,800,reference,212.0,31.0,132.0,159.0,9.0,12.0,22.0,NaN,NaN
kernel_anchored,801,calibration,196.0,41.0,131.0,164.0,8.0,12.0,25.0,9.789156310563705,NaN
kernel_anchored,802,reference,197.0,32.0,145.0,157.0,10.0,12.0,24.0,NaN,NaN
kernel_anchored,803,calibration,192.0,28.0,162.0,153.0,9.0,13.0,20.0,20.143395575468844,NaN
kernel_anchored,804,reference,190.0,37.0,144.0,156.0,8.0,13.0,29.0,NaN,NaN
kernel_anchored,805,calibration,190.0,34.0,133.0,173.0,11.0,13.0,23.0,11.958689600671065,NaN
kernel_anchored,806,reference,215.0,40.0,107.0,161.0,9.0,13.0,32.0,NaN,NaN
kernel_anchored,807,calibration,221.0,33.0,120.0,154.0,9.0,13.0,27.0,17.462063256055494,NaN
kernel_anchored,808,reference,189.0,41.0,128.0,176.0,7.0,13.0,23.0,NaN,NaN
kernel_anchored,809,calibration,217.0,36.0,113.0,167.0,11.0,12.0,21.0,16.81111444913371,NaN
kernel_anchored,810,reference,187.0,33.0,133.0,179.0,8.0,12.0,25.0,NaN,NaN
kernel_anchored,811,calibration,229.0,40.0,97.0,165.0,10.0,12.0,24.0,31.7468324540205,NaN
kernel_anchored,812,reference,205.0,25.0,161.0,139.0,9.0,14.0,24.0,NaN,NaN
kernel_anchored,813,calibration,206.0,31.0,155.0,142.0,9.0,13.0,21.0,20.461897149757256,NaN
kernel_anchored,814,reference,176.0,38.0,134.0,182.0,10.0,12.0,25.0,NaN,NaN
kernel_anchored,815,calibration,217.0,37.0,115.0,163.0,7.0,11.0,27.0,15.983385036594406,NaN
kernel_anchored,816,reference,207.0,28.0,146.0,155.0,7.0,11.0,23.0,NaN,NaN
kernel_anchored,817,calibration,184.0,35.0,176.0,140.0,10.0,12.0,20.0,35.32040648072816,NaN
kernel_anchored,818,reference,212.0,33.0,134.0,156.0,9.0,13.0,20.0,NaN,NaN
kernel_anchored,819,calibration,199.0,31.0,155.0,149.0,10.0,12.0,21.0,16.60423949293194,NaN
kernel_anchored,820,reference,202.0,38.0,107.0,181.0,8.0,13.0,28.0,NaN,NaN
kernel_anchored,821,calibration,199.0,29.0,159.0,147.0,9.0,11.0,23.0,19.484996411612215,NaN
kernel_anchored,822,reference,166.0,37.0,154.0,169.0,9.0,13.0,29.0,NaN,NaN
kernel_anchored,823,calibration,181.0,36.0,154.0,160.0,11.0,13.0,22.0,18.23735617763421,NaN
kernel_anchored,824,reference,234.0,37.0,88.0,167.0,9.0,13.0,29.0,NaN,NaN
kernel_anchored,825,calibration,157.0,32.0,200.0,147.0,9.0,13.0,19.0,62.892920390625655,NaN
kernel_anchored,826,reference,215.0,28.0,119.0,164.0,11.0,13.0,27.0,NaN,NaN
kernel_anchored,827,calibration,184.0,34.0,158.0,152.0,10.0,14.0,25.0,19.826304404846837,NaN
kernel_anchored,828,reference,207.0,37.0,127.0,162.0,9.0,14.0,21.0,NaN,NaN
kernel_anchored,829,calibration,169.0,32.0,154.0,172.0,11.0,13.0,26.0,26.496290629677077,NaN
kernel_anchored,830,reference,185.0,30.0,162.0,155.0,8.0,13.0,24.0,NaN,NaN
kernel_anchored,831,calibration,200.0,28.0,160.0,144.0,11.0,13.0,21.0,21.53933339970316,NaN
kernel_anchored,832,reference,201.0,32.0,148.0,155.0,10.0,12.0,19.0,NaN,NaN
kernel_anchored,833,calibration,186.0,35.0,142.0,168.0,10.0,13.0,23.0,12.79916537025673,NaN
kernel_anchored,834,reference,187.0,32.0,153.0,162.0,8.0,14.0,21.0,NaN,NaN
kernel_anchored,835,calibration,197.0,29.0,154.0,153.0,11.0,12.0,21.0,15.129219421974717,NaN
kernel_anchored,836,reference,200.0,37.0,125.0,168.0,11.0,13.0,23.0,NaN,NaN
kernel_anchored,837,calibration,207.0,35.0,127.0,160.0,9.0,14.0,25.0,9.378151419538426,NaN
kernel_anchored,838,reference,217.0,33.0,133.0,155.0,7.0,11.0,21.0,NaN,NaN
kernel_anchored,839,calibration,204.0,36.0,116.0,174.0,9.0,10.0,28.0,14.119541593629073,NaN
kernel_anchored,840,reference,205.0,27.0,137.0,166.0,8.0,14.0,20.0,NaN,NaN
kernel_anchored,841,calibration,200.0,36.0,140.0,153.0,9.0,13.0,26.0,10.545074282972973,NaN
kernel_anchored,842,reference,194.0,31.0,147.0,156.0,9.0,13.0,27.0,NaN,NaN
kernel_anchored,843,calibration,183.0,41.0,126.0,177.0,10.0,14.0,26.0,17.83985889607296,NaN
kernel_anchored,844,reference,166.0,33.0,179.0,158.0,7.0,12.0,22.0,NaN,NaN
kernel_anchored,845,calibration,199.0,35.0,142.0,159.0,9.0,11.0,22.0,9.520663728808874,NaN
kernel_anchored,846,reference,215.0,34.0,115.0,167.0,11.0,13.0,22.0,NaN,NaN
kernel_anchored,847,calibration,228.0,37.0,98.0,160.0,11.0,13.0,30.0,31.00622505409183,NaN
kernel_anchored,848,reference,199.0,37.0,133.0,158.0,9.0,14.0,27.0,NaN,NaN
kernel_anchored,849,calibration,194.0,41.0,114.0,181.0,9.0,13.0,25.0,19.259333995748605,NaN
kernel_anchored,850,reference,196.0,25.0,154.0,156.0,9.0,12.0,25.0,NaN,NaN
kernel_anchored,851,calibration,197.0,32.0,127.0,174.0,10.0,12.0,25.0,11.222362525066899,NaN
kernel_anchored,852,reference,187.0,40.0,128.0,171.0,10.0,14.0,27.0,NaN,NaN
kernel_anchored,853,calibration,202.0,40.0,123.0,164.0,9.0,14.0,25.0,10.26677268274383,NaN
kernel_anchored,854,reference,229.0,27.0,117.0,160.0,7.0,11.0,26.0,NaN,NaN
kernel_anchored,855,calibration,186.0,31.0,158.0,158.0,10.0,12.0,22.0,18.05589065030385,NaN
kernel_anchored,856,reference,179.0,41.0,132.0,181.0,10.0,13.0,21.0,NaN,NaN
kernel_anchored,857,calibration,191.0,32.0,141.0,169.0,10.0,12.0,22.0,11.234479541206937,NaN
kernel_anchored,858,reference,210.0,29.0,167.0,131.0,9.0,13.0,18.0,NaN,NaN
kernel_anchored,859,calibration,206.0,41.0,106.0,176.0,8.0,13.0,27.0,20.369755025143924,NaN
kernel_anchored,860,reference,168.0,25.0,191.0,149.0,9.0,14.0,21.0,NaN,NaN
kernel_anchored,861,calibration,198.0,31.0,124.0,176.0,12.0,12.0,24.0,12.695065754895232,NaN
kernel_anchored,862,reference,170.0,34.0,157.0,167.0,9.0,14.0,26.0,NaN,NaN
kernel_anchored,863,calibration,201.0,32.0,152.0,149.0,9.0,12.0,22.0,15.221984981477355,NaN
kernel_anchored,864,reference,221.0,32.0,122.0,154.0,11.0,13.0,24.0,NaN,NaN
kernel_anchored,865,calibration,177.0,28.0,175.0,153.0,12.0,13.0,19.0,33.44897993332967,NaN
kernel_anchored,866,reference,200.0,35.0,131.0,164.0,9.0,13.0,25.0,NaN,NaN
kernel_anchored,867,calibration,199.0,33.0,139.0,161.0,8.0,12.0,25.0,8.686237021170076,NaN
kernel_anchored,868,reference,212.0,35.0,135.0,152.0,9.0,12.0,22.0,NaN,NaN
kernel_anchored,869,calibration,221.0,31.0,129.0,153.0,9.0,12.0,22.0,16.195506994022594,NaN
kernel_anchored,870,reference,168.0,34.0,170.0,162.0,10.0,12.0,21.0,NaN,NaN
kernel_anchored,871,calibration,200.0,39.0,134.0,161.0,10.0,13.0,20.0,9.199941308168608,NaN
kernel_anchored,872,reference,198.0,30.0,151.0,154.0,10.0,13.0,21.0,NaN,NaN
kernel_anchored,873,calibration,188.0,30.0,172.0,144.0,9.0,14.0,20.0,29.924389915277793,NaN
kernel_anchored,874,reference,197.0,41.0,117.0,175.0,9.0,12.0,26.0,NaN,NaN
kernel_anchored,875,calibration,196.0,25.0,142.0,165.0,11.0,14.0,24.0,11.149881904715333,NaN
kernel_anchored,876,reference,183.0,34.0,145.0,161.0,9.0,13.0,32.0,NaN,NaN
kernel_anchored,877,calibration,208.0,36.0,121.0,166.0,8.0,12.0,26.0,10.82186540621322,NaN
kernel_anchored,878,reference,213.0,31.0,122.0,161.0,10.0,13.0,27.0,NaN,NaN
kernel_anchored,879,calibration,219.0,40.0,106.0,162.0,10.0,14.0,26.0,21.549367489291527,NaN
kernel_anchored,880,reference,227.0,40.0,96.0,167.0,11.0,13.0,23.0,NaN,NaN
kernel_anchored,881,calibration,167.0,30.0,176.0,157.0,8.0,12.0,27.0,38.29638220527886,NaN
kernel_anchored,882,reference,195.0,34.0,127.0,176.0,9.0,13.0,23.0,NaN,NaN
kernel_anchored,883,calibration,205.0,32.0,134.0,164.0,11.0,11.0,20.0,9.050932407211281,NaN
kernel_anchored,884,reference,233.0,37.0,99.0,164.0,9.0,11.0,24.0,NaN,NaN
kernel_anchored,885,calibration,194.0,33.0,142.0,160.0,10.0,14.0,24.0,9.792500539086824,NaN
kernel_anchored,886,reference,186.0,36.0,127.0,179.0,10.0,13.0,26.0,NaN,NaN
kernel_anchored,887,calibration,223.0,38.0,93.0,173.0,9.0,14.0,27.0,32.30310295279619,NaN
kernel_anchored,888,reference,192.0,39.0,139.0,160.0,10.0,11.0,26.0,NaN,NaN
kernel_anchored,889,calibration,198.0,31.0,152.0,153.0,7.0,13.0,23.0,13.936706626753612,NaN
kernel_anchored,890,reference,165.0,34.0,167.0,165.0,7.0,13.0,26.0,NaN,NaN
kernel_anchored,891,calibration,180.0,36.0,154.0,162.0,9.0,14.0,22.0,18.68505515958485,NaN
kernel_anchored,892,reference,213.0,36.0,133.0,154.0,9.0,11.0,21.0,NaN,NaN
kernel_anchored,893,calibration,199.0,31.0,136.0,166.0,10.0,12.0,23.0,8.710373372905917,NaN
kernel_anchored,894,reference,203.0,39.0,116.0,170.0,10.0,13.0,26.0,NaN,NaN
kernel_anchored,895,calibration,207.0,37.0,109.0,179.0,9.0,12.0,24.0,19.284875445533665,NaN
kernel_anchored,896,reference,215.0,30.0,135.0,156.0,9.0,10.0,22.0,NaN,NaN
kernel_anchored,897,calibration,197.0,37.0,126.0,170.0,10.0,11.0,26.0,10.220615979504213,NaN
kernel_anchored,898,reference,178.0,37.0,131.0,181.0,10.0,13.0,27.0,NaN,NaN
kernel_anchored,899,calibration,187.0,27.0,176.0,144.0,10.0,13.0,20.0,33.23112190638348,NaN
kernel_anchored,900,reference,197.0,38.0,121.0,172.0,9.0,14.0,26.0,NaN,NaN
kernel_anchored,901,calibration,235.0,34.0,94.0,166.0,11.0,13.0,24.0,36.94844217994212,NaN
kernel_anchored,902,reference,205.0,34.0,121.0,169.0,11.0,13.0,24.0,NaN,NaN
kernel_anchored,903,calibration,206.0,33.0,127.0,160.0,11.0,13.0,27.0,9.408825233391305,NaN
kernel_anchored,904,reference,184.0,27.0,162.0,159.0,11.0,13.0,21.0,NaN,NaN
kernel_anchored,905,calibration,197.0,42.0,122.0,170.0,10.0,11.0,25.0,12.144875058146521,NaN
kernel_anchored,906,reference,176.0,38.0,135.0,178.0,8.0,14.0,28.0,NaN,NaN
kernel_anchored,907,calibration,215.0,24.0,148.0,145.0,10.0,13.0,22.0,19.954479879982927,NaN
kernel_anchored,908,reference,168.0,34.0,164.0,164.0,9.0,12.0,26.0,NaN,NaN
kernel_anchored,909,calibration,191.0,36.0,140.0,165.0,10.0,12.0,23.0,10.34597505128874,NaN
kernel_anchored,910,reference,200.0,36.0,121.0,170.0,9.0,11.0,30.0,NaN,NaN
kernel_anchored,911,calibration,183.0,25.0,165.0,161.0,11.0,12.0,20.0,24.17866348443519,NaN
kernel_anchored,912,reference,201.0,35.0,128.0,169.0,10.0,14.0,20.0,NaN,NaN
kernel_anchored,913,calibration,221.0,27.0,133.0,152.0,10.0,11.0,23.0,16.95851987855597,NaN
kernel_anchored,914,reference,191.0,40.0,132.0,167.0,9.0,13.0,25.0,NaN,NaN
kernel_anchored,915,calibration,215.0,26.0,142.0,152.0,9.0,12.0,21.0,15.377269350068403,NaN
kernel_anchored,916,reference,205.0,35.0,133.0,156.0,10.0,11.0,27.0,NaN,NaN
kernel_anchored,917,calibration,215.0,28.0,150.0,142.0,10.0,14.0,18.0,21.713232781981226,NaN
kernel_anchored,918,reference,210.0,37.0,117.0,166.0,8.0,14.0,25.0,NaN,NaN
kernel_anchored,919,calibration,167.0,28.0,167.0,168.0,9.0,11.0,27.0,33.32910420549617,NaN
kernel_anchored,920,reference,179.0,34.0,155.0,161.0,10.0,14.0,24.0,NaN,NaN
kernel_anchored,921,calibration,177.0,38.0,151.0,161.0,11.0,13.0,26.0,19.477121851944723,NaN
kernel_anchored,922,reference,219.0,26.0,146.0,145.0,8.0,12.0,21.0,NaN,NaN
kernel_anchored,923,calibration,230.0,26.0,136.0,141.0,9.0,13.0,22.0,27.002703024112193,NaN
kernel_anchored,924,reference,157.0,36.0,174.0,162.0,10.0,14.0,24.0,NaN,NaN
kernel_anchored,925,calibration,215.0,25.0,140.0,149.0,9.0,13.0,26.0,16.18924698480238,NaN
kernel_anchored,926,reference,212.0,36.0,120.0,165.0,10.0,11.0,23.0,NaN,NaN
kernel_anchored,927,calibration,215.0,41.0,94.0,176.0,10.0,13.0,28.0,30.00710933234059,NaN
kernel_anchored,928,reference,202.0,33.0,147.0,153.0,10.0,11.0,21.0,NaN,NaN
kernel_anchored,929,calibration,202.0,42.0,113.0,173.0,11.0,12.0,24.0,15.766932746730895,NaN
kernel_anchored,930,reference,193.0,38.0,127.0,169.0,12.0,13.0,25.0,NaN,NaN
kernel_anchored,931,calibration,242.0,32.0,116.0,145.0,10.0,11.0,21.0,35.41734373141024,NaN
kernel_anchored,932,reference,202.0,41.0,112.0,172.0,9.0,12.0,29.0,NaN,NaN
kernel_anchored,933,calibration,216.0,31.0,126.0,159.0,11.0,12.0,22.0,12.766615852241898,NaN
kernel_anchored,934,reference,169.0,26.0,191.0,145.0,9.0,12.0,25.0,NaN,NaN
kernel_anchored,935,calibration,208.0,35.0,131.0,161.0,8.0,12.0,22.0,9.209854106317398,NaN
kernel_anchored,936,reference,181.0,32.0,150.0,164.0,10.0,14.0,26.0,NaN,NaN
kernel_anchored,937,calibration,192.0,32.0,140.0,165.0,10.0,12.0,26.0,10.073226400079431,NaN
kernel_anchored,938,reference,188.0,30.0,128.0,180.0,10.0,13.0,28.0,NaN,NaN
kernel_anchored,939,calibration,209.0,37.0,118.0,167.0,11.0,12.0,23.0,12.143308209653675,NaN
kernel_anchored,940,reference,221.0,37.0,99.0,171.0,11.0,12.0,26.0,NaN,NaN
kernel_anchored,941,calibration,217.0,38.0,108.0,170.0,8.0,13.0,23.0,19.620147605571148,NaN
kernel_anchored,942,reference,189.0,41.0,119.0,181.0,9.0,12.0,26.0,NaN,NaN
kernel_anchored,943,calibration,180.0,31.0,167.0,155.0,10.0,13.0,21.0,25.977613071565436,NaN
kernel_anchored,944,reference,199.0,28.0,132.0,172.0,9.0,12.0,25.0,NaN,NaN
kernel_anchored,945,calibration,194.0,37.0,130.0,167.0,10.0,13.0,26.0,9.665456608770445,NaN
kernel_anchored,946,reference,211.0,35.0,114.0,171.0,10.0,11.0,25.0,NaN,NaN
kernel_anchored,947,calibration,195.0,32.0,145.0,157.0,10.0,12.0,26.0,10.763012314684627,NaN
kernel_anchored,948,reference,180.0,37.0,158.0,160.0,8.0,12.0,22.0,NaN,NaN
kernel_anchored,949,calibration,210.0,32.0,139.0,150.0,11.0,12.0,23.0,12.749390146733056,NaN
kernel_anchored,950,reference,195.0,31.0,152.0,156.0,8.0,13.0,22.0,NaN,NaN
kernel_anchored,951,calibration,220.0,33.0,119.0,159.0,8.0,12.0,26.0,16.089439590733306,NaN
kernel_anchored,952,reference,195.0,36.0,117.0,178.0,11.0,12.0,28.0,NaN,NaN
kernel_anchored,953,calibration,224.0,36.0,103.0,166.0,10.0,12.0,26.0,25.052856988275458,NaN
kernel_anchored,954,reference,224.0,42.0,98.0,166.0,9.0,13.0,25.0,NaN,NaN
kernel_anchored,955,calibration,191.0,35.0,145.0,159.0,10.0,13.0,24.0,11.268909825146938,NaN
kernel_anchored,956,reference,195.0,30.0,140.0,165.0,11.0,13.0,23.0,NaN,NaN
kernel_anchored,957,calibration,207.0,35.0,128.0,159.0,11.0,12.0,25.0,9.388877675011855,NaN
kernel_anchored,958,reference,232.0,37.0,113.0,154.0,11.0,11.0,19.0,NaN,NaN
kernel_anchored,959,calibration,178.0,38.0,139.0,172.0,10.0,14.0,26.0,17.715844674909043,NaN
kernel_anchored,960,reference,212.0,34.0,130.0,156.0,7.0,14.0,24.0,NaN,NaN
kernel_anchored,961,calibration,205.0,38.0,96.0,187.0,11.0,12.0,28.0,31.307967980451878,NaN
kernel_anchored,962,reference,207.0,34.0,109.0,177.0,10.0,13.0,27.0,NaN,NaN
kernel_anchored,963,calibration,212.0,39.0,108.0,174.0,10.0,12.0,22.0,19.130252554286116,NaN
kernel_anchored,964,reference,167.0,30.0,176.0,159.0,8.0,13.0,24.0,NaN,NaN
kernel_anchored,965,calibration,202.0,24.0,135.0,173.0,7.0,12.0,24.0,12.403320764417181,NaN
kernel_anchored,966,reference,196.0,32.0,155.0,151.0,6.0,13.0,24.0,NaN,NaN
kernel_anchored,967,calibration,207.0,36.0,121.0,169.0,10.0,13.0,21.0,11.213469564903392,NaN
kernel_anchored,968,reference,230.0,38.0,89.0,173.0,12.0,13.0,22.0,NaN,NaN
kernel_anchored,969,calibration,189.0,34.0,153.0,150.0,10.0,13.0,28.0,16.858505128003387,NaN
kernel_anchored,970,reference,206.0,30.0,150.0,147.0,10.0,14.0,20.0,NaN,NaN
kernel_anchored,971,calibration,206.0,33.0,129.0,160.0,10.0,14.0,25.0,8.954340991802223,NaN
kernel_anchored,972,reference,214.0,32.0,121.0,164.0,10.0,11.0,25.0,NaN,NaN
kernel_anchored,973,calibration,182.0,26.0,162.0,162.0,9.0,13.0,23.0,22.306583388110745,NaN
kernel_anchored,974,reference,211.0,34.0,115.0,165.0,10.0,12.0,30.0,NaN,NaN
kernel_anchored,975,calibration,202.0,34.0,123.0,172.0,10.0,12.0,24.0,10.782310151808208,NaN
kernel_anchored,976,reference,198.0,24.0,158.0,157.0,9.0,13.0,18.0,NaN,NaN
kernel_anchored,977,calibration,181.0,30.0,185.0,139.0,10.0,13.0,19.0,43.22845795479709,NaN
kernel_anchored,978,reference,210.0,34.0,124.0,160.0,11.0,13.0,25.0,NaN,NaN
kernel_anchored,979,calibration,213.0,39.0,121.0,160.0,7.0,12.0,25.0,12.818174726530295,NaN
kernel_anchored,980,reference,217.0,25.0,153.0,137.0,10.0,12.0,23.0,NaN,NaN
kernel_anchored,981,calibration,185.0,35.0,161.0,155.0,9.0,13.0,19.0,20.811119610354517,NaN
kernel_anchored,982,reference,213.0,32.0,133.0,153.0,10.0,14.0,22.0,NaN,NaN
kernel_anchored,983,calibration,198.0,34.0,135.0,164.0,9.0,12.0,25.0,8.31769606014494,NaN
kernel_anchored,984,reference,200.0,44.0,98.0,185.0,10.0,11.0,29.0,NaN,NaN
kernel_anchored,985,calibration,211.0,30.0,135.0,150.0,10.0,13.0,28.0,13.1446077136045,NaN
kernel_anchored,986,reference,217.0,27.0,151.0,138.0,10.0,13.0,21.0,NaN,NaN
kernel_anchored,987,calibration,199.0,36.0,136.0,159.0,11.0,12.0,24.0,8.68703749124473,NaN
kernel_anchored,988,reference,209.0,36.0,113.0,175.0,7.0,13.0,24.0,NaN,NaN
kernel_anchored,989,calibration,203.0,39.0,116.0,172.0,9.0,13.0,25.0,13.418452256492607,NaN
kernel_anchored,990,reference,186.0,41.0,129.0,171.0,8.0,14.0,28.0,NaN,NaN
kernel_anchored,991,calibration,171.0,36.0,140.0,179.0,10.0,13.0,28.0,24.428753667481047,NaN
kernel_anchored,992,reference,203.0,34.0,123.0,170.0,10.0,13.0,24.0,NaN,NaN
kernel_anchored,993,calibration,201.0,38.0,132.0,159.0,10.0,13.0,24.0,8.840115896764416,NaN
kernel_anchored,994,reference,199.0,37.0,119.0,170.0,10.0,13.0,29.0,NaN,NaN
kernel_anchored,995,calibration,213.0,35.0,136.0,148.0,10.0,12.0,23.0,14.279388897361535,NaN
kernel_anchored,996,reference,220.0,42.0,82.0,183.0,11.0,12.0,27.0,NaN,NaN
kernel_anchored,997,calibration,205.0,34.0,127.0,166.0,9.0,13.0,23.0,8.957655621552224,NaN
kernel_anchored,998,reference,206.0,33.0,128.0,165.0,8.0,12.0,25.0,NaN,NaN
kernel_anchored,999,calibration,208.0,27.0,153.0,147.0,9.0,11.0,22.0,18.1098562048278,NaN
kernel_anchored,1000,reference,177.0,39.0,145.0,169.0,10.0,13.0,24.0,NaN,NaN
kernel_anchored,1001,calibration,202.0,33.0,138.0,162.0,10.0,12.0,20.0,8.875244658723666,NaN
kernel_anchored,1002,reference,178.0,35.0,157.0,162.0,12.0,14.0,19.0,NaN,NaN
kernel_anchored,1003,calibration,184.0,32.0,153.0,165.0,9.0,12.0,22.0,16.51324718183369,NaN
kernel_anchored,1004,reference,221.0,34.0,111.0,169.0,9.0,10.0,23.0,NaN,NaN
kernel_anchored,1005,calibration,219.0,40.0,102.0,165.0,10.0,13.0,28.0,23.990887150959118,NaN
kernel_anchored,1006,reference,209.0,41.0,111.0,168.0,9.0,14.0,25.0,NaN,NaN
kernel_anchored,1007,calibration,196.0,40.0,110.0,180.0,10.0,13.0,28.0,20.283557678399404,NaN
kernel_anchored,1008,reference,184.0,31.0,168.0,152.0,9.0,11.0,22.0,NaN,NaN
kernel_anchored,1009,calibration,214.0,33.0,108.0,175.0,10.0,13.0,24.0,19.6998401474525,NaN
kernel_anchored,1010,reference,198.0,24.0,167.0,142.0,8.0,14.0,24.0,NaN,NaN
kernel_anchored,1011,calibration,204.0,43.0,95.0,184.0,11.0,14.0,26.0,31.12855923813357,NaN
kernel_anchored,1012,reference,200.0,25.0,156.0,149.0,10.0,12.0,25.0,NaN,NaN
kernel_anchored,1013,calibration,178.0,28.0,179.0,151.0,6.0,12.0,23.0,36.14038970107017,NaN
kernel_anchored,1014,reference,192.0,35.0,150.0,156.0,9.0,13.0,22.0,NaN,NaN
kernel_anchored,1015,calibration,201.0,41.0,105.0,181.0,8.0,14.0,27.0,23.00162709649647,NaN
kernel_anchored,1016,reference,210.0,43.0,99.0,172.0,10.0,12.0,31.0,NaN,NaN
kernel_anchored,1017,calibration,192.0,40.0,126.0,174.0,10.0,12.0,23.0,12.955513595576008,NaN
kernel_anchored,1018,reference,186.0,29.0,160.0,156.0,10.0,14.0,22.0,NaN,NaN
kernel_anchored,1019,calibration,192.0,37.0,127.0,172.0,10.0,12.0,27.0,11.763562152066982,NaN
kernel_anchored,1020,reference,195.0,33.0,145.0,159.0,9.0,13.0,23.0,NaN,NaN
kernel_anchored,1021,calibration,204.0,28.0,142.0,158.0,8.0,12.0,25.0,10.371662692427027,NaN
kernel_anchored,1022,reference,198.0,37.0,131.0,167.0,10.0,13.0,21.0,NaN,NaN
kernel_anchored,1023,calibration,206.0,37.0,116.0,172.0,10.0,12.0,24.0,13.31012990682187,NaN
kernel_anchored,1024,reference,211.0,37.0,114.0,171.0,9.0,13.0,22.0,NaN,NaN
kernel_anchored,1025,calibration,235.0,45.0,74.0,174.0,10.0,12.0,27.0,53.50368544908836,NaN
kernel_anchored,1026,reference,193.0,36.0,130.0,172.0,10.0,13.0,23.0,NaN,NaN
kernel_anchored,1027,calibration,199.0,36.0,132.0,169.0,6.0,11.0,24.0,9.32511199926601,NaN
kernel_anchored,1028,reference,211.0,37.0,124.0,159.0,10.0,13.0,23.0,NaN,NaN
kernel_anchored,1029,calibration,199.0,33.0,154.0,148.0,10.0,12.0,21.0,16.502754321532883,NaN
kernel_anchored,1030,reference,221.0,34.0,120.0,157.0,6.0,12.0,27.0,NaN,NaN
kernel_anchored,1031,calibration,209.0,33.0,125.0,161.0,10.0,12.0,27.0,10.163760551977212,NaN
kernel_anchored,1032,reference,215.0,34.0,132.0,150.0,9.0,12.0,25.0,NaN,NaN
kernel_anchored,1033,calibration,205.0,32.0,136.0,159.0,10.0,11.0,24.0,8.878030666654286,NaN
kernel_anchored,1034,reference,212.0,34.0,115.0,168.0,9.0,14.0,25.0,NaN,NaN
kernel_anchored,1035,calibration,209.0,42.0,100.0,178.0,10.0,12.0,26.0,25.267000476483048,NaN
kernel_anchored,1036,reference,186.0,35.0,143.0,167.0,9.0,14.0,23.0,NaN,NaN
kernel_anchored,1037,calibration,217.0,33.0,112.0,169.0,11.0,12.0,23.0,17.353107197291735,NaN
kernel_anchored,1038,reference,209.0,34.0,114.0,171.0,10.0,13.0,26.0,NaN,NaN
kernel_anchored,1039,calibration,161.0,27.0,193.0,148.0,9.0,13.0,26.0,55.261109480855445,NaN
kernel_anchored,1040,reference,202.0,37.0,127.0,167.0,9.0,12.0,23.0,NaN,NaN
kernel_anchored,1041,calibration,174.0,37.0,144.0,175.0,9.0,13.0,25.0,21.50234581805615,NaN
kernel_anchored,1042,reference,198.0,34.0,148.0,153.0,8.0,11.0,25.0,NaN,NaN
kernel_anchored,1043,calibration,222.0,30.0,125.0,157.0,6.0,11.0,26.0,16.638559079779334,NaN
kernel_anchored,1044,reference,183.0,38.0,131.0,175.0,12.0,12.0,26.0,NaN,NaN
kernel_anchored,1045,calibration,204.0,43.0,98.0,182.0,10.0,12.0,28.0,28.238449767188335,NaN
kernel_anchored,1046,reference,221.0,34.0,103.0,172.0,7.0,13.0,27.0,NaN,NaN
kernel_anchored,1047,calibration,194.0,31.0,144.0,159.0,9.0,14.0,26.0,10.507602451100166,NaN
kernel_anchored,1048,reference,201.0,40.0,121.0,165.0,8.0,13.0,29.0,NaN,NaN
kernel_anchored,1049,calibration,209.0,29.0,149.0,147.0,9.0,12.0,22.0,16.442367224813076,NaN
kernel_anchored,1050,reference,170.0,35.0,175.0,153.0,10.0,13.0,21.0,NaN,NaN
kernel_anchored,1051,calibration,205.0,33.0,143.0,153.0,9.0,12.0,22.0,11.29318192176962,NaN
kernel_anchored,1052,reference,197.0,27.0,166.0,145.0,10.0,13.0,19.0,NaN,NaN
kernel_anchored,1053,calibration,187.0,38.0,145.0,160.0,7.0,13.0,27.0,13.179908413746418,NaN
kernel_anchored,1054,reference,201.0,29.0,155.0,154.0,8.0,12.0,18.0,NaN,NaN
kernel_anchored,1055,calibration,198.0,22.0,157.0,159.0,11.0,10.0,20.0,17.818281042420622,NaN
kernel_anchored,1056,reference,227.0,37.0,102.0,165.0,11.0,11.0,24.0,NaN,NaN
kernel_anchored,1057,calibration,160.0,33.0,175.0,162.0,10.0,13.0,24.0,41.645489496260936,NaN
kernel_anchored,1058,reference,195.0,36.0,135.0,166.0,10.0,14.0,21.0,NaN,NaN
kernel_anchored,1059,calibration,177.0,33.0,164.0,154.0,10.0,14.0,25.0,25.59990514820086,NaN
kernel_anchored,1060,reference,177.0,28.0,169.0,164.0,6.0,12.0,21.0,NaN,NaN
kernel_anchored,1061,calibration,193.0,36.0,136.0,166.0,10.0,13.0,23.0,9.499372649507244,NaN
kernel_anchored,1062,reference,195.0,34.0,145.0,157.0,9.0,13.0,24.0,NaN,NaN
kernel_anchored,1063,calibration,214.0,40.0,102.0,175.0,10.0,12.0,24.0,23.553017285278337,NaN
kernel_anchored,1064,reference,181.0,20.0,212.0,118.0,12.0,14.0,20.0,NaN,NaN
kernel_anchored,1065,calibration,210.0,33.0,115.0,174.0,11.0,11.0,23.0,15.11635187871667,NaN
kernel_anchored,1066,reference,177.0,32.0,163.0,157.0,10.0,12.0,26.0,NaN,NaN
kernel_anchored,1067,calibration,227.0,44.0,83.0,175.0,8.0,10.0,30.0,43.0398423303377,NaN
kernel_anchored,1068,reference,199.0,28.0,149.0,156.0,9.0,13.0,23.0,NaN,NaN
kernel_anchored,1069,calibration,211.0,34.0,105.0,179.0,10.0,11.0,27.0,22.222264256666698,NaN
kernel_anchored,1070,reference,189.0,34.0,141.0,173.0,10.0,12.0,18.0,NaN,NaN
kernel_anchored,1071,calibration,209.0,32.0,136.0,156.0,10.0,12.0,22.0,10.269086294328197,NaN
kernel_anchored,1072,reference,179.0,30.0,196.0,128.0,11.0,13.0,20.0,NaN,NaN
kernel_anchored,1073,calibration,208.0,36.0,132.0,159.0,10.0,12.0,20.0,9.707351460312573,NaN
kernel_anchored,1074,reference,149.0,36.0,170.0,177.0,8.0,13.0,24.0,NaN,NaN
kernel_anchored,1075,calibration,193.0,23.0,178.0,138.0,11.0,12.0,22.0,36.77560790071374,NaN
kernel_anchored,1076,reference,221.0,35.0,115.0,161.0,12.0,12.0,21.0,NaN,NaN
kernel_anchored,1077,calibration,219.0,36.0,116.0,159.0,11.0,14.0,22.0,16.721922585487448,NaN
kernel_anchored,1078,reference,226.0,44.0,80.0,178.0,12.0,13.0,24.0,NaN,NaN
kernel_anchored,1079,calibration,198.0,34.0,143.0,160.0,6.0,11.0,25.0,9.867172408961839,NaN
kernel_anchored,1080,reference,196.0,35.0,127.0,167.0,9.0,13.0,30.0,NaN,NaN
kernel_anchored,1081,calibration,202.0,36.0,125.0,166.0,11.0,12.0,25.0,9.211240468956849,NaN
kernel_anchored,1082,reference,207.0,32.0,149.0,148.0,9.0,12.0,20.0,NaN,NaN
kernel_anchored,1083,calibration,217.0,31.0,133.0,150.0,11.0,12.0,23.0,15.010660690738753,NaN
kernel_anchored,1084,reference,195.0,40.0,105.0,185.0,9.0,14.0,29.0,NaN,NaN
kernel_anchored,1085,calibration,217.0,22.0,159.0,138.0,9.0,12.0,20.0,29.050338993751858,NaN
kernel_anchored,1086,reference,214.0,39.0,107.0,169.0,10.0,14.0,24.0,NaN,NaN
kernel_anchored,1087,calibration,191.0,39.0,140.0,162.0,9.0,12.0,24.0,10.713214218467687,NaN
kernel_anchored,1088,reference,217.0,34.0,117.0,167.0,12.0,12.0,18.0,NaN,NaN
kernel_anchored,1089,calibration,210.0,38.0,116.0,166.0,8.0,13.0,26.0,13.1894932039311,NaN
kernel_anchored,1090,reference,203.0,32.0,144.0,153.0,8.0,13.0,24.0,NaN,NaN
kernel_anchored,1091,calibration,197.0,31.0,142.0,164.0,8.0,12.0,23.0,9.571354079658661,NaN
kernel_anchored,1092,reference,200.0,34.0,129.0,165.0,10.0,13.0,26.0,NaN,NaN
kernel_anchored,1093,calibration,205.0,33.0,137.0,155.0,11.0,13.0,23.0,9.72216229491606,NaN
kernel_anchored,1094,reference,218.0,31.0,139.0,148.0,9.0,11.0,21.0,NaN,NaN
kernel_anchored,1095,calibration,192.0,34.0,147.0,158.0,9.0,10.0,27.0,11.995060945677587,NaN
kernel_anchored,1096,reference,210.0,30.0,134.0,159.0,9.0,12.0,23.0,NaN,NaN
kernel_anchored,1097,calibration,183.0,44.0,132.0,169.0,11.0,13.0,25.0,15.665160151556286,NaN
kernel_anchored,1098,reference,201.0,25.0,178.0,130.0,8.0,13.0,22.0,NaN,NaN
kernel_anchored,1099,calibration,170.0,30.0,190.0,143.0,9.0,13.0,22.0,49.5598962297182,NaN
kernel_anchored,1100,reference,234.0,34.0,113.0,155.0,7.0,12.0,22.0,NaN,NaN
kernel_anchored,1101,calibration,198.0,45.0,114.0,170.0,12.0,12.0,26.0,16.117607993735483,NaN
kernel_anchored,1102,reference,210.0,38.0,113.0,169.0,10.0,13.0,24.0,NaN,NaN
kernel_anchored,1103,calibration,202.0,28.0,140.0,161.0,10.0,13.0,23.0,9.492843579570035,NaN
kernel_anchored,1104,reference,205.0,30.0,148.0,150.0,10.0,12.0,22.0,NaN,NaN
kernel_anchored,1105,calibration,206.0,39.0,108.0,175.0,11.0,13.0,25.0,18.43888639274592,NaN
kernel_anchored,1106,reference,193.0,32.0,132.0,170.0,9.0,12.0,29.0,NaN,NaN
kernel_anchored,1107,calibration,200.0,31.0,133.0,164.0,8.0,14.0,27.0,8.632583719071484,NaN
kernel_anchored,1108,reference,224.0,37.0,119.0,152.0,9.0,13.0,23.0,NaN,NaN
kernel_anchored,1109,calibration,196.0,42.0,103.0,187.0,7.0,11.0,31.0,28.396547772447512,NaN
kernel_anchored,1110,reference,205.0,40.0,104.0,174.0,10.0,13.0,31.0,NaN,NaN
kernel_anchored,1111,calibration,178.0,38.0,155.0,159.0,10.0,13.0,24.0,20.397518423816997,NaN
kernel_anchored,1112,reference,205.0,40.0,123.0,167.0,11.0,12.0,19.0,NaN,NaN
kernel_anchored,1113,calibration,219.0,41.0,94.0,175.0,10.0,14.0,24.0,30.772877743221336,NaN
kernel_anchored,1114,reference,202.0,37.0,129.0,164.0,12.0,14.0,19.0,NaN,NaN
kernel_anchored,1115,calibration,162.0,35.0,172.0,166.0,7.0,13.0,22.0,38.883023300820696,NaN
kernel_anchored,1116,reference,198.0,38.0,115.0,178.0,11.0,13.0,24.0,NaN,NaN
kernel_anchored,1117,calibration,215.0,31.0,131.0,150.0,9.0,13.0,28.0,14.464430520425616,NaN
kernel_anchored,1118,reference,197.0,36.0,138.0,163.0,8.0,11.0,24.0,NaN,NaN
kernel_anchored,1119,calibration,223.0,40.0,81.0,182.0,12.0,14.0,25.0,44.0814794519588,NaN
kernel_anchored,1120,reference,211.0,37.0,109.0,173.0,9.0,14.0,24.0,NaN,NaN
kernel_anchored,1121,calibration,193.0,31.0,163.0,144.0,10.0,13.0,23.0,23.11012092916718,NaN
kernel_anchored,1122,reference,194.0,32.0,147.0,160.0,9.0,12.0,23.0,NaN,NaN
kernel_anchored,1123,calibration,210.0,34.0,120.0,164.0,9.0,13.0,27.0,11.499368108719743,NaN
kernel_anchored,1124,reference,179.0,38.0,144.0,168.0,10.0,13.0,25.0,NaN,NaN
kernel_anchored,1125,calibration,210.0,32.0,120.0,163.0,8.0,13.0,31.0,12.511959615943347,NaN
kernel_anchored,1126,reference,203.0,37.0,116.0,173.0,9.0,14.0,25.0,NaN,NaN
kernel_anchored,1127,calibration,230.0,39.0,105.0,159.0,8.0,12.0,24.0,27.91918332529516,NaN
kernel_anchored,1128,reference,205.0,30.0,151.0,148.0,9.0,12.0,22.0,NaN,NaN
kernel_anchored,1129,calibration,174.0,27.0,174.0,152.0,10.0,13.0,27.0,34.15084476656649,NaN
kernel_anchored,1130,reference,187.0,31.0,162.0,152.0,9.0,12.0,24.0,NaN,NaN
kernel_anchored,1131,calibration,177.0,32.0,159.0,162.0,9.0,14.0,24.0,22.28632998159398,NaN
kernel_anchored,1132,reference,238.0,37.0,93.0,166.0,7.0,12.0,24.0,NaN,NaN
kernel_anchored,1133,calibration,207.0,38.0,131.0,157.0,10.0,13.0,21.0,10.018407662564435,NaN
kernel_anchored,1134,reference,207.0,31.0,131.0,165.0,8.0,11.0,24.0,NaN,NaN
kernel_anchored,1135,calibration,197.0,38.0,129.0,165.0,10.0,12.0,26.0,9.146252099626679,NaN
kernel_anchored,1136,reference,180.0,25.0,171.0,151.0,12.0,13.0,25.0,NaN,NaN
kernel_anchored,1137,calibration,176.0,38.0,147.0,166.0,9.0,13.0,28.0,19.267680426623166,NaN
kernel_anchored,1138,reference,192.0,40.0,125.0,168.0,10.0,12.0,30.0,NaN,NaN
kernel_anchored,1139,calibration,199.0,28.0,155.0,152.0,9.0,12.0,22.0,15.875136851073222,NaN
kernel_anchored,1140,reference,219.0,43.0,93.0,173.0,8.0,13.0,28.0,NaN,NaN
kernel_anchored,1141,calibration,207.0,35.0,106.0,180.0,9.0,14.0,26.0,21.412137122814677,NaN
kernel_anchored,1142,reference,185.0,37.0,151.0,161.0,9.0,12.0,22.0,NaN,NaN
kernel_anchored,1143,calibration,206.0,36.0,117.0,171.0,9.0,13.0,25.0,12.588366713608075,NaN
kernel_anchored,1144,reference,225.0,37.0,100.0,169.0,10.0,11.0,25.0,NaN,NaN
kernel_anchored,1145,calibration,200.0,33.0,141.0,153.0,12.0,14.0,24.0,10.603408911625955,NaN
kernel_anchored,1146,reference,200.0,36.0,119.0,175.0,10.0,12.0,25.0,NaN,NaN
kernel_anchored,1147,calibration,204.0,40.0,123.0,166.0,10.0,13.0,21.0,10.575371988318892,NaN
kernel_anchored,1148,reference,195.0,33.0,118.0,185.0,7.0,11.0,28.0,NaN,NaN
kernel_anchored,1149,calibration,203.0,29.0,144.0,157.0,9.0,12.0,23.0,10.618665485495733,NaN
kernel_anchored,1150,reference,195.0,25.0,157.0,155.0,8.0,13.0,24.0,NaN,NaN
kernel_anchored,1151,calibration,188.0,33.0,146.0,162.0,10.0,13.0,25.0,12.265945407483159,NaN
kernel_anchored,1152,reference,225.0,33.0,135.0,142.0,8.0,12.0,22.0,NaN,NaN
kernel_anchored,1153,calibration,200.0,30.0,150.0,151.0,9.0,13.0,24.0,13.69254376633775,NaN
kernel_anchored,1154,reference,212.0,42.0,91.0,178.0,10.0,12.0,32.0,NaN,NaN
kernel_anchored,1155,calibration,207.0,34.0,115.0,173.0,11.0,13.0,24.0,14.123700838745656,NaN
kernel_anchored,1156,reference,201.0,39.0,118.0,171.0,11.0,13.0,24.0,NaN,NaN
kernel_anchored,1157,calibration,206.0,36.0,127.0,158.0,9.0,14.0,27.0,9.80915692930947,NaN
kernel_anchored,1158,reference,221.0,45.0,84.0,173.0,12.0,13.0,29.0,NaN,NaN
kernel_anchored,1159,calibration,231.0,36.0,99.0,163.0,10.0,13.0,25.0,31.34143157415358,NaN
kernel_anchored,1160,reference,184.0,42.0,124.0,177.0,11.0,13.0,26.0,NaN,NaN
kernel_anchored,1161,calibration,222.0,31.0,114.0,164.0,6.0,12.0,28.0,19.070363610121575,NaN
kernel_anchored,1162,reference,212.0,37.0,119.0,162.0,10.0,14.0,23.0,NaN,NaN
kernel_anchored,1163,calibration,220.0,35.0,121.0,161.0,8.0,11.0,21.0,15.490335838682839,NaN
kernel_anchored,1164,reference,213.0,35.0,103.0,176.0,10.0,13.0,27.0,NaN,NaN
kernel_anchored,1165,calibration,187.0,33.0,151.0,162.0,9.0,12.0,23.0,14.260089917402716,NaN
kernel_anchored,1166,reference,173.0,30.0,157.0,169.0,10.0,12.0,26.0,NaN,NaN
kernel_anchored,1167,calibration,170.0,37.0,150.0,171.0,12.0,14.0,23.0,24.520983461686022,NaN
kernel_anchored,1168,reference,220.0,33.0,123.0,149.0,10.0,11.0,31.0,NaN,NaN
kernel_anchored,1169,calibration,211.0,38.0,118.0,164.0,10.0,12.0,24.0,12.529383890567424,NaN
kernel_anchored,1170,reference,190.0,34.0,139.0,168.0,11.0,13.0,22.0,NaN,NaN
kernel_anchored,1171,calibration,210.0,35.0,127.0,160.0,11.0,13.0,21.0,10.271624416240694,NaN
kernel_anchored,1172,reference,188.0,39.0,132.0,166.0,9.0,14.0,29.0,NaN,NaN
kernel_anchored,1173,calibration,182.0,33.0,168.0,147.0,9.0,14.0,24.0,27.66149103890811,NaN
kernel_anchored,1174,reference,221.0,27.0,117.0,167.0,10.0,12.0,23.0,NaN,NaN
kernel_anchored,1175,calibration,194.0,33.0,148.0,156.0,11.0,12.0,23.0,11.9314814010176,NaN
kernel_anchored,1176,reference,190.0,31.0,154.0,154.0,9.0,14.0,25.0,NaN,NaN
kernel_anchored,1177,calibration,246.0,32.0,113.0,145.0,9.0,9.0,23.0,39.334696158826304,NaN
kernel_anchored,1178,reference,200.0,34.0,134.0,161.0,10.0,14.0,24.0,NaN,NaN
kernel_anchored,1179,calibration,226.0,36.0,107.0,165.0,10.0,13.0,20.0,24.153743328283873,NaN
kernel_anchored,1180,reference,196.0,30.0,126.0,180.0,9.0,13.0,23.0,NaN,NaN
kernel_anchored,1181,calibration,208.0,37.0,120.0,165.0,9.0,13.0,25.0,11.058850734615607,NaN
kernel_anchored,1182,reference,182.0,27.0,164.0,158.0,10.0,14.0,22.0,NaN,NaN
kernel_anchored,1183,calibration,176.0,33.0,170.0,154.0,9.0,14.0,21.0,29.826368249358737,NaN
kernel_anchored,1184,reference,195.0,33.0,152.0,155.0,11.0,13.0,18.0,NaN,NaN
kernel_anchored,1185,calibration,202.0,25.0,157.0,152.0,9.0,11.0,21.0,17.860714079719948,NaN
kernel_anchored,1186,reference,199.0,36.0,135.0,161.0,7.0,13.0,26.0,NaN,NaN
kernel_anchored,1187,calibration,204.0,25.0,136.0,164.0,9.0,12.0,27.0,10.331546468584893,NaN
kernel_anchored,1188,reference,188.0,30.0,149.0,163.0,11.0,13.0,23.0,NaN,NaN
kernel_anchored,1189,calibration,185.0,35.0,135.0,170.0,11.0,13.0,28.0,13.319728967067633,NaN
kernel_anchored,1190,reference,203.0,32.0,144.0,157.0,9.0,12.0,20.0,NaN,NaN
kernel_anchored,1191,calibration,210.0,38.0,106.0,168.0,11.0,13.0,31.0,19.3512641279875,NaN
kernel_anchored,1192,reference,221.0,39.0,85.0,186.0,11.0,11.0,24.0,NaN,NaN
kernel_anchored,1193,calibration,209.0,26.0,151.0,148.0,8.0,14.0,21.0,17.44360582557602,NaN
kernel_anchored,1194,reference,185.0,36.0,148.0,159.0,10.0,13.0,26.0,NaN,NaN
kernel_anchored,1195,calibration,196.0,35.0,136.0,165.0,10.0,11.0,24.0,8.751047650003994,NaN
kernel_anchored,1196,reference,206.0,39.0,112.0,172.0,9.0,14.0,25.0,NaN,NaN
kernel_anchored,1197,calibration,201.0,37.0,127.0,165.0,10.0,13.0,24.0,8.824745508452441,NaN
kernel_anchored,1198,reference,213.0,37.0,118.0,162.0,8.0,11.0,28.0,NaN,NaN
kernel_anchored,1199,calibration,195.0,35.0,153.0,149.0,11.0,13.0,21.0,16.011035708134116,NaN
kernel_anchored,1200,reference,197.0,31.0,144.0,158.0,10.0,13.0,24.0,NaN,NaN
kernel_anchored,1201,calibration,199.0,23.0,152.0,158.0,11.0,13.0,21.0,14.878484459504172,NaN
kernel_anchored,1202,reference,188.0,30.0,178.0,141.0,7.0,13.0,20.0,NaN,NaN
kernel_anchored,1203,calibration,198.0,25.0,149.0,159.0,10.0,13.0,23.0,12.758492337511498,NaN
kernel_anchored,1204,reference,201.0,33.0,149.0,149.0,7.0,13.0,25.0,NaN,NaN
kernel_anchored,1205,calibration,178.0,27.0,170.0,155.0,9.0,14.0,24.0,29.066516393261466,NaN
kernel_anchored,1206,reference,219.0,42.0,87.0,181.0,7.0,11.0,30.0,NaN,NaN
kernel_anchored,1207,calibration,203.0,32.0,132.0,163.0,10.0,13.0,24.0,8.264006773103475,NaN
kernel_anchored,1208,reference,230.0,33.0,116.0,151.0,10.0,13.0,24.0,NaN,NaN
kernel_anchored,1209,calibration,198.0,29.0,146.0,156.0,9.0,12.0,27.0,11.374702352066333,NaN
kernel_anchored,1210,reference,173.0,29.0,184.0,150.0,8.0,14.0,19.0,NaN,NaN
kernel_anchored,1211,calibration,205.0,34.0,124.0,167.0,10.0,13.0,24.0,9.577602913057557,NaN
kernel_anchored,1212,reference,193.0,30.0,142.0,166.0,7.0,11.0,28.0,NaN,NaN
kernel_anchored,1213,calibration,199.0,30.0,155.0,152.0,9.0,11.0,21.0,15.757495017741697,NaN
kernel_anchored,1214,reference,167.0,35.0,158.0,170.0,9.0,13.0,25.0,NaN,NaN
kernel_anchored,1215,calibration,232.0,37.0,97.0,162.0,9.0,12.0,28.0,33.4378889418616,NaN
kernel_anchored,1216,reference,200.0,29.0,138.0,164.0,9.0,13.0,24.0,NaN,NaN
kernel_anchored,1217,calibration,181.0,28.0,186.0,139.0,8.0,12.0,23.0,43.93522072816002,NaN
kernel_anchored,1218,reference,207.0,25.0,164.0,137.0,9.0,13.0,22.0,NaN,NaN
kernel_anchored,1219,calibration,199.0,35.0,125.0,172.0,8.0,12.0,26.0,10.580770528388545,NaN
kernel_anchored,1220,reference,202.0,40.0,113.0,172.0,11.0,13.0,26.0,NaN,NaN
kernel_anchored,1221,calibration,193.0,36.0,145.0,154.0,10.0,13.0,26.0,11.967969768399119,NaN
kernel_anchored,1222,reference,216.0,37.0,113.0,161.0,8.0,13.0,29.0,NaN,NaN
kernel_anchored,1223,calibration,213.0,38.0,104.0,173.0,5.0,11.0,33.0,22.815188913750298,NaN
kernel_anchored,1224,reference,203.0,40.0,124.0,161.0,10.0,11.0,28.0,NaN,NaN
kernel_anchored,1225,calibration,176.0,33.0,172.0,154.0,10.0,13.0,19.0,31.338020088566452,NaN
kernel_anchored,1226,reference,198.0,34.0,143.0,154.0,10.0,13.0,25.0,NaN,NaN
kernel_anchored,1227,calibration,194.0,33.0,141.0,163.0,9.0,12.0,25.0,9.532985078039566,NaN
kernel_anchored,1228,reference,175.0,35.0,157.0,163.0,12.0,12.0,23.0,NaN,NaN
kernel_anchored,1229,calibration,202.0,33.0,136.0,161.0,10.0,13.0,22.0,8.392100404459466,NaN
kernel_anchored,1230,reference,195.0,25.0,181.0,132.0,7.0,13.0,24.0,NaN,NaN
kernel_anchored,1231,calibration,197.0,35.0,125.0,170.0,8.0,14.0,28.0,10.570752402225029,NaN
kernel_anchored,1232,reference,186.0,33.0,141.0,172.0,9.0,11.0,25.0,NaN,NaN
kernel_anchored,1233,calibration,196.0,29.0,145.0,162.0,9.0,13.0,23.0,10.535125969799452,NaN
kernel_anchored,1234,reference,209.0,30.0,132.0,158.0,11.0,13.0,24.0,NaN,NaN
kernel_anchored,1235,calibration,190.0,38.0,129.0,171.0,10.0,12.0,27.0,11.967129534370624,NaN
kernel_anchored,1236,reference,186.0,37.0,132.0,169.0,10.0,13.0,30.0,NaN,NaN
kernel_anchored,1237,calibration,217.0,41.0,101.0,168.0,11.0,13.0,26.0,24.08377902956949,NaN
kernel_anchored,1238,reference,203.0,34.0,133.0,165.0,8.0,13.0,21.0,NaN,NaN
kernel_anchored,1239,calibration,208.0,33.0,126.0,162.0,11.0,12.0,25.0,9.56480210406287,NaN
kernel_anchored,1240,reference,234.0,39.0,92.0,166.0,9.0,12.0,25.0,NaN,NaN
kernel_anchored,1241,calibration,229.0,33.0,107.0,167.0,9.0,10.0,22.0,25.950088182953678,NaN
kernel_anchored,1242,reference,191.0,25.0,162.0,149.0,8.0,12.0,30.0,NaN,NaN
kernel_anchored,1243,calibration,201.0,32.0,129.0,166.0,9.0,13.0,27.0,8.780819679179,NaN
kernel_anchored,1244,reference,186.0,30.0,149.0,166.0,8.0,12.0,26.0,NaN,NaN
kernel_anchored,1245,calibration,193.0,32.0,139.0,165.0,10.0,13.0,25.0,9.619220916245826,NaN
kernel_anchored,1246,reference,193.0,36.0,148.0,157.0,10.0,13.0,20.0,NaN,NaN
kernel_anchored,1247,calibration,213.0,44.0,95.0,175.0,9.0,14.0,27.0,29.11599751984508,NaN
kernel_anchored,1248,reference,161.0,20.0,200.0,154.0,6.0,14.0,22.0,NaN,NaN
kernel_anchored,1249,calibration,210.0,38.0,120.0,167.0,12.0,13.0,17.0,13.0628208427054,NaN
kernel_anchored,1250,reference,192.0,25.0,186.0,132.0,9.0,13.0,20.0,NaN,NaN
kernel_anchored,1251,calibration,190.0,36.0,141.0,164.0,10.0,11.0,25.0,10.773543289577173,NaN
kernel_anchored,1252,reference,186.0,40.0,140.0,164.0,10.0,14.0,23.0,NaN,NaN
kernel_anchored,1253,calibration,207.0,27.0,155.0,145.0,10.0,12.0,21.0,19.643098377218926,NaN
kernel_anchored,1254,reference,198.0,37.0,129.0,169.0,8.0,14.0,22.0,NaN,NaN
kernel_anchored,1255,calibration,208.0,31.0,145.0,150.0,9.0,12.0,22.0,13.520646723568959,NaN
kernel_anchored,1256,reference,201.0,39.0,120.0,169.0,9.0,14.0,25.0,NaN,NaN
kernel_anchored,1257,calibration,201.0,38.0,112.0,176.0,9.0,13.0,28.0,16.70751740450062,NaN
kernel_anchored,1258,reference,197.0,30.0,161.0,140.0,10.0,14.0,25.0,NaN,NaN
kernel_anchored,1259,calibration,193.0,44.0,112.0,176.0,9.0,14.0,29.0,19.501365966646546,NaN
kernel_anchored,1260,reference,197.0,34.0,144.0,159.0,10.0,11.0,22.0,NaN,NaN
kernel_anchored,1261,calibration,197.0,28.0,145.0,160.0,9.0,12.0,26.0,10.749784332374418,NaN
kernel_anchored,1262,reference,173.0,37.0,173.0,152.0,9.0,12.0,21.0,NaN,NaN
kernel_anchored,1263,calibration,175.0,42.0,128.0,182.0,10.0,14.0,26.0,24.120808023151483,NaN
kernel_anchored,1264,reference,215.0,37.0,105.0,174.0,10.0,12.0,24.0,NaN,NaN
kernel_anchored,1265,calibration,176.0,29.0,155.0,171.0,9.0,13.0,24.0,22.554268082675797,NaN
kernel_anchored,1266,reference,204.0,31.0,149.0,150.0,9.0,12.0,22.0,NaN,NaN
kernel_anchored,1267,calibration,179.0,36.0,157.0,159.0,12.0,13.0,21.0,20.7338268595948,NaN
kernel_anchored,1268,reference,218.0,27.0,139.0,148.0,9.0,13.0,23.0,NaN,NaN
kernel_anchored,1269,calibration,177.0,36.0,156.0,166.0,9.0,12.0,21.0,21.457441246939723,NaN
kernel_anchored,1270,reference,202.0,37.0,126.0,165.0,10.0,12.0,25.0,NaN,NaN
kernel_anchored,1271,calibration,165.0,42.0,136.0,182.0,9.0,13.0,30.0,30.448520621459252,NaN
kernel_anchored,1272,reference,185.0,26.0,170.0,148.0,11.0,14.0,23.0,NaN,NaN
kernel_anchored,1273,calibration,198.0,36.0,133.0,164.0,9.0,13.0,24.0,8.361311295130275,NaN
kernel_anchored,1274,reference,217.0,36.0,108.0,168.0,11.0,13.0,24.0,NaN,NaN
kernel_anchored,1275,calibration,182.0,25.0,169.0,155.0,11.0,13.0,22.0,27.240234698712705,NaN
kernel_anchored,1276,reference,190.0,29.0,148.0,164.0,11.0,13.0,22.0,NaN,NaN
kernel_anchored,1277,calibration,191.0,32.0,129.0,177.0,9.0,14.0,25.0,13.569254352166261,NaN
kernel_anchored,1278,reference,215.0,27.0,138.0,152.0,12.0,14.0,19.0,NaN,NaN
kernel_anchored,1279,calibration,187.0,28.0,147.0,168.0,10.0,14.0,23.0,14.188307476352342,NaN
kernel_anchored,1280,reference,196.0,37.0,121.0,174.0,8.0,13.0,28.0,NaN,NaN
kernel_anchored,1281,calibration,207.0,35.0,126.0,163.0,9.0,13.0,24.0,9.249416817041244,NaN
kernel_anchored,1282,reference,201.0,28.0,139.0,165.0,9.0,11.0,24.0,NaN,NaN
kernel_anchored,1283,calibration,182.0,26.0,187.0,139.0,10.0,14.0,19.0,44.847686771416996,NaN
kernel_anchored,1284,reference,229.0,37.0,89.0,176.0,10.0,11.0,25.0,NaN,NaN
kernel_anchored,1285,calibration,184.0,27.0,168.0,154.0,9.0,13.0,22.0,25.644496658172187,NaN
kernel_anchored,1286,reference,218.0,35.0,112.0,164.0,9.0,12.0,27.0,NaN,NaN
kernel_anchored,1287,calibration,178.0,42.0,136.0,173.0,8.0,12.0,28.0,18.76003905834044,NaN
kernel_anchored,1288,reference,214.0,35.0,119.0,162.0,10.0,12.0,25.0,NaN,NaN
kernel_anchored,1289,calibration,208.0,31.0,135.0,157.0,10.0,14.0,22.0,9.867323163052927,NaN
kernel_anchored,1290,reference,205.0,31.0,126.0,162.0,10.0,13.0,30.0,NaN,NaN
kernel_anchored,1291,calibration,225.0,33.0,118.0,160.0,8.0,11.0,22.0,19.16603851082712,NaN
kernel_anchored,1292,reference,218.0,33.0,125.0,154.0,11.0,14.0,22.0,NaN,NaN
kernel_anchored,1293,calibration,198.0,34.0,151.0,154.0,7.0,12.0,21.0,13.41328511693024,NaN
kernel_anchored,1294,reference,205.0,33.0,122.0,170.0,10.0,12.0,25.0,NaN,NaN
kernel_anchored,1295,calibration,215.0,38.0,109.0,167.0,11.0,14.0,23.0,18.047714160728745,NaN
kernel_anchored,1296,reference,188.0,33.0,149.0,161.0,12.0,14.0,20.0,NaN,NaN
kernel_anchored,1297,calibration,201.0,31.0,132.0,165.0,10.0,14.0,24.0,8.460263548405042,NaN
kernel_anchored,1298,reference,201.0,32.0,130.0,168.0,8.0,12.0,26.0,NaN,NaN
kernel_anchored,1299,calibration,210.0,37.0,113.0,173.0,9.0,12.0,23.0,15.560823492755354,NaN
kernel_anchored,1300,reference,166.0,30.0,174.0,164.0,11.0,13.0,19.0,NaN,NaN
kernel_anchored,1301,calibration,217.0,43.0,91.0,177.0,12.0,13.0,24.0,33.32449304254505,NaN
kernel_anchored,1302,reference,222.0,43.0,104.0,164.0,8.0,11.0,25.0,NaN,NaN
kernel_anchored,1303,calibration,192.0,26.0,156.0,154.0,9.0,14.0,26.0,16.888502330313564,NaN
kernel_anchored,1304,reference,180.0,39.0,147.0,165.0,10.0,13.0,23.0,NaN,NaN
kernel_anchored,1305,calibration,201.0,41.0,111.0,175.0,9.0,14.0,26.0,17.210147496883373,NaN
kernel_anchored,1306,reference,192.0,38.0,128.0,172.0,12.0,12.0,23.0,NaN,NaN
kernel_anchored,1307,calibration,209.0,34.0,135.0,156.0,9.0,14.0,20.0,10.473024433946534,NaN
kernel_anchored,1308,reference,192.0,28.0,163.0,149.0,12.0,12.0,21.0,NaN,NaN
kernel_anchored,1309,calibration,212.0,28.0,137.0,155.0,9.0,11.0,25.0,12.064687740880931,NaN
kernel_anchored,1310,reference,189.0,27.0,159.0,158.0,10.0,13.0,21.0,NaN,NaN
kernel_anchored,1311,calibration,198.0,35.0,129.0,166.0,10.0,12.0,27.0,8.880391761223791,NaN
kernel_anchored,1312,reference,212.0,29.0,148.0,145.0,9.0,12.0,22.0,NaN,NaN
kernel_anchored,1313,calibration,230.0,26.0,146.0,131.0,10.0,12.0,22.0,33.82352827974877,NaN
kernel_anchored,1314,reference,238.0,34.0,93.0,167.0,10.0,11.0,24.0,NaN,NaN
kernel_anchored,1315,calibration,207.0,35.0,143.0,151.0,11.0,11.0,19.0,12.927342746748579,NaN
kernel_anchored,1316,reference,228.0,40.0,112.0,156.0,10.0,11.0,20.0,NaN,NaN
kernel_anchored,1317,calibration,199.0,43.0,123.0,167.0,9.0,12.0,24.0,11.435218232902727,NaN
kernel_anchored,1318,reference,205.0,33.0,132.0,161.0,10.0,14.0,22.0,NaN,NaN
kernel_anchored,1319,calibration,196.0,37.0,122.0,174.0,11.0,14.0,23.0,12.536181899487943,NaN
kernel_anchored,1320,reference,228.0,42.0,97.0,160.0,10.0,13.0,27.0,NaN,NaN
kernel_anchored,1321,calibration,170.0,28.0,192.0,145.0,10.0,12.0,20.0,50.82525856569118,NaN
kernel_anchored,1322,reference,213.0,31.0,137.0,153.0,8.0,13.0,22.0,NaN,NaN
kernel_anchored,1323,calibration,195.0,38.0,138.0,164.0,9.0,12.0,21.0,9.56962407547438,NaN
kernel_anchored,1324,reference,205.0,35.0,122.0,164.0,11.0,14.0,26.0,NaN,NaN
kernel_anchored,1325,calibration,221.0,43.0,86.0,178.0,11.0,12.0,26.0,38.605491925031124,NaN
kernel_anchored,1326,reference,199.0,43.0,108.0,180.0,10.0,13.0,24.0,NaN,NaN
kernel_anchored,1327,calibration,231.0,39.0,100.0,161.0,9.0,12.0,25.0,31.07412182535178,NaN
kernel_anchored,1328,reference,217.0,41.0,100.0,172.0,9.0,12.0,26.0,NaN,NaN
kernel_anchored,1329,calibration,187.0,32.0,156.0,159.0,9.0,13.0,21.0,16.68117947273413,NaN
kernel_anchored,1330,reference,194.0,32.0,147.0,155.0,9.0,13.0,27.0,NaN,NaN
kernel_anchored,1331,calibration,212.0,23.0,141.0,157.0,6.0,13.0,25.0,13.966650987774493,NaN
kernel_anchored,1332,reference,216.0,38.0,114.0,161.0,11.0,12.0,25.0,NaN,NaN
kernel_anchored,1333,calibration,210.0,35.0,107.0,175.0,9.0,13.0,28.0,19.426708932899125,NaN
kernel_anchored,1334,reference,206.0,34.0,129.0,166.0,10.0,13.0,19.0,NaN,NaN
kernel_anchored,1335,calibration,185.0,31.0,168.0,149.0,10.0,13.0,21.0,26.14904077486318,NaN
kernel_anchored,1336,reference,185.0,32.0,162.0,154.0,10.0,13.0,21.0,NaN,NaN
kernel_anchored,1337,calibration,207.0,36.0,122.0,166.0,12.0,13.0,21.0,10.671315257265185,NaN
kernel_anchored,1338,reference,216.0,32.0,133.0,149.0,10.0,12.0,25.0,NaN,NaN
kernel_anchored,1339,calibration,186.0,28.0,171.0,148.0,9.0,12.0,23.0,28.31152939303849,NaN
kernel_anchored,1340,reference,216.0,48.0,81.0,181.0,10.0,12.0,29.0,NaN,NaN
kernel_anchored,1341,calibration,215.0,34.0,124.0,164.0,9.0,11.0,20.0,12.494178614984115,NaN
kernel_anchored,1342,reference,227.0,35.0,106.0,164.0,11.0,13.0,21.0,NaN,NaN
kernel_anchored,1343,calibration,228.0,44.0,88.0,171.0,9.0,10.0,27.0,38.75706444218901,NaN
kernel_anchored,1344,reference,202.0,39.0,120.0,167.0,10.0,12.0,27.0,NaN,NaN
kernel_anchored,1345,calibration,217.0,37.0,114.0,161.0,9.0,14.0,25.0,16.31681973474548,NaN
kernel_anchored,1346,reference,154.0,36.0,151.0,185.0,10.0,13.0,28.0,NaN,NaN
kernel_anchored,1347,calibration,216.0,39.0,91.0,183.0,10.0,14.0,24.0,34.47863381671646,NaN
kernel_anchored,1348,reference,193.0,35.0,117.0,180.0,9.0,13.0,30.0,NaN,NaN
kernel_anchored,1349,calibration,214.0,30.0,131.0,160.0,9.0,12.0,21.0,11.571123269709055,NaN
kernel_anchored,1350,reference,179.0,34.0,152.0,162.0,8.0,13.0,29.0,NaN,NaN
kernel_anchored,1351,calibration,194.0,26.0,143.0,169.0,11.0,13.0,21.0,12.237306705136504,NaN
kernel_anchored,1352,reference,207.0,38.0,119.0,169.0,9.0,12.0,23.0,NaN,NaN
kernel_anchored,1353,calibration,208.0,32.0,139.0,154.0,10.0,12.0,22.0,10.861189977475217,NaN
kernel_anchored,1354,reference,201.0,31.0,147.0,151.0,8.0,12.0,27.0,NaN,NaN
kernel_anchored,1355,calibration,212.0,33.0,126.0,162.0,11.0,13.0,20.0,11.046524487191121,NaN
kernel_anchored,1356,reference,181.0,25.0,172.0,155.0,8.0,12.0,24.0,NaN,NaN
kernel_anchored,1357,calibration,188.0,39.0,156.0,148.0,10.0,12.0,24.0,19.51156457467598,NaN
kernel_anchored,1358,reference,199.0,34.0,137.0,161.0,10.0,14.0,22.0,NaN,NaN
kernel_anchored,1359,calibration,232.0,31.0,125.0,149.0,9.0,12.0,19.0,25.146012325408,NaN
kernel_anchored,1360,reference,184.0,34.0,159.0,157.0,8.0,13.0,22.0,NaN,NaN
kernel_anchored,1361,calibration,181.0,31.0,164.0,154.0,9.0,13.0,25.0,23.782350241938886,NaN
kernel_anchored,1362,reference,231.0,46.0,76.0,174.0,11.0,12.0,27.0,NaN,NaN
kernel_anchored,1363,calibration,223.0,22.0,121.0,167.0,9.0,11.0,24.0,19.554383035233023,NaN
kernel_anchored,1364,reference,208.0,24.0,159.0,144.0,7.0,11.0,24.0,NaN,NaN
kernel_anchored,1365,calibration,214.0,36.0,126.0,156.0,9.0,13.0,23.0,12.332114735067705,NaN
kernel_anchored,1366,reference,212.0,27.0,145.0,153.0,8.0,11.0,21.0,NaN,NaN
kernel_anchored,1367,calibration,200.0,36.0,145.0,155.0,8.0,12.0,21.0,11.16988163368984,NaN
kernel_anchored,1368,reference,201.0,35.0,136.0,161.0,7.0,13.0,24.0,NaN,NaN
kernel_anchored,1369,calibration,183.0,30.0,161.0,157.0,9.0,12.0,25.0,20.89294129749792,NaN
kernel_anchored,1370,reference,186.0,36.0,153.0,153.0,9.0,12.0,28.0,NaN,NaN
kernel_anchored,1371,calibration,206.0,33.0,123.0,167.0,8.0,12.0,28.0,10.339875691460705,NaN
kernel_anchored,1372,reference,236.0,39.0,90.0,167.0,7.0,14.0,24.0,NaN,NaN
kernel_anchored,1373,calibration,171.0,28.0,165.0,161.0,10.0,13.0,29.0,29.439398999333875,NaN
kernel_anchored,1374,reference,210.0,34.0,117.0,170.0,9.0,11.0,26.0,NaN,NaN
kernel_anchored,1375,calibration,212.0,33.0,112.0,170.0,11.0,12.0,27.0,15.9250461080684,NaN
kernel_anchored,1376,reference,192.0,30.0,148.0,158.0,10.0,13.0,26.0,NaN,NaN
kernel_anchored,1377,calibration,218.0,31.0,140.0,145.0,9.0,12.0,22.0,18.223863726985314,NaN
kernel_anchored,1378,reference,217.0,34.0,129.0,155.0,9.0,12.0,21.0,NaN,NaN
kernel_anchored,1379,calibration,204.0,43.0,100.0,182.0,6.0,14.0,28.0,27.090550947543008,NaN
kernel_anchored,1380,reference,200.0,40.0,122.0,167.0,10.0,13.0,25.0,NaN,NaN
kernel_anchored,1381,calibration,222.0,41.0,90.0,174.0,10.0,13.0,27.0,34.637787376531165,NaN
kernel_anchored,1382,reference,219.0,37.0,101.0,172.0,9.0,11.0,28.0,NaN,NaN
kernel_anchored,1383,calibration,205.0,33.0,130.0,161.0,10.0,12.0,26.0,8.64762850877917,NaN
kernel_anchored,1384,reference,184.0,33.0,162.0,157.0,9.0,12.0,20.0,NaN,NaN
kernel_anchored,1385,calibration,174.0,31.0,177.0,147.0,9.0,13.0,26.0,36.994532809592684,NaN
kernel_anchored,1386,reference,179.0,31.0,142.0,176.0,9.0,12.0,28.0,NaN,NaN
kernel_anchored,1387,calibration,194.0,25.0,141.0,167.0,10.0,13.0,27.0,11.65523695480475,NaN
kernel_anchored,1388,reference,171.0,34.0,160.0,164.0,9.0,13.0,26.0,NaN,NaN
kernel_anchored,1389,calibration,204.0,37.0,120.0,168.0,9.0,12.0,27.0,11.005647834647643,NaN
kernel_anchored,1390,reference,192.0,38.0,131.0,167.0,10.0,13.0,26.0,NaN,NaN
kernel_anchored,1391,calibration,181.0,32.0,158.0,161.0,11.0,13.0,21.0,19.97156249792134,NaN
kernel_anchored,1392,reference,201.0,35.0,130.0,168.0,8.0,12.0,23.0,NaN,NaN
kernel_anchored,1393,calibration,171.0,41.0,145.0,172.0,6.0,13.0,29.0,23.83884442070478,NaN
kernel_anchored,1394,reference,188.0,30.0,151.0,164.0,7.0,13.0,24.0,NaN,NaN
kernel_anchored,1395,calibration,202.0,19.0,193.0,120.0,9.0,13.0,21.0,57.7473123592135,NaN
kernel_anchored,1396,reference,214.0,43.0,94.0,180.0,10.0,11.0,25.0,NaN,NaN
kernel_anchored,1397,calibration,202.0,37.0,107.0,181.0,7.0,14.0,29.0,21.59904555678942,NaN
kernel_anchored,1398,reference,242.0,47.0,77.0,161.0,12.0,12.0,26.0,NaN,NaN
kernel_anchored,1399,calibration,205.0,36.0,129.0,163.0,9.0,13.0,22.0,8.737626635225702,NaN
kernel_anchored,1400,reference,208.0,35.0,124.0,168.0,8.0,12.0,22.0,NaN,NaN
kernel_anchored,1401,calibration,187.0,34.0,147.0,162.0,7.0,12.0,28.0,13.35293414833869,NaN
kernel_anchored,1402,reference,187.0,34.0,150.0,161.0,9.0,13.0,23.0,NaN,NaN
kernel_anchored,1403,calibration,208.0,33.0,146.0,150.0,8.0,13.0,19.0,14.180067020098782,NaN
kernel_anchored,1404,reference,224.0,32.0,112.0,160.0,11.0,11.0,27.0,NaN,NaN
kernel_anchored,1405,calibration,204.0,32.0,124.0,168.0,10.0,12.0,27.0,9.958814960383688,NaN
kernel_anchored,1406,reference,191.0,36.0,118.0,176.0,8.0,13.0,35.0,NaN,NaN
kernel_anchored,1407,calibration,198.0,36.0,124.0,170.0,11.0,13.0,25.0,10.358083809213692,NaN
kernel_anchored,1408,reference,197.0,34.0,134.0,166.0,10.0,12.0,24.0,NaN,NaN
kernel_anchored,1409,calibration,210.0,40.0,97.0,182.0,10.0,12.0,26.0,28.69213955498666,NaN
kernel_anchored,1410,reference,206.0,35.0,130.0,158.0,10.0,14.0,24.0,NaN,NaN
kernel_anchored,1411,calibration,202.0,28.0,142.0,159.0,10.0,13.0,23.0,9.991133142982395,NaN
kernel_anchored,1412,reference,226.0,39.0,87.0,177.0,9.0,12.0,27.0,NaN,NaN
kernel_anchored,1413,calibration,192.0,34.0,149.0,159.0,9.0,12.0,22.0,12.278364713798425,NaN
kernel_anchored,1414,reference,208.0,39.0,109.0,171.0,10.0,11.0,29.0,NaN,NaN
kernel_anchored,1415,calibration,176.0,44.0,139.0,170.0,12.0,14.0,22.0,19.908515202596064,NaN
kernel_anchored,1416,reference,189.0,36.0,127.0,174.0,11.0,14.0,26.0,NaN,NaN
kernel_anchored,1417,calibration,208.0,33.0,114.0,172.0,10.0,12.0,28.0,14.685577214394677,NaN
kernel_anchored,1418,reference,200.0,44.0,116.0,171.0,9.0,13.0,24.0,NaN,NaN
kernel_anchored,1419,calibration,167.0,41.0,141.0,178.0,10.0,13.0,27.0,27.369482608515995,NaN
kernel_anchored,1420,reference,170.0,39.0,144.0,176.0,9.0,12.0,27.0,NaN,NaN
kernel_anchored,1421,calibration,209.0,35.0,125.0,162.0,11.0,13.0,22.0,10.049075150262755,NaN
kernel_anchored,1422,reference,201.0,23.0,143.0,164.0,10.0,13.0,23.0,NaN,NaN
kernel_anchored,1423,calibration,211.0,30.0,127.0,164.0,8.0,13.0,24.0,10.54352371541028,NaN
kernel_anchored,1424,reference,180.0,25.0,175.0,148.0,10.0,13.0,26.0,NaN,NaN
kernel_anchored,1425,calibration,211.0,32.0,115.0,176.0,8.0,10.0,25.0,16.23209876742964,NaN
kernel_anchored,1426,reference,186.0,28.0,169.0,147.0,9.0,12.0,26.0,NaN,NaN
kernel_anchored,1427,calibration,194.0,30.0,146.0,163.0,8.0,13.0,23.0,11.026157443618725,NaN
kernel_anchored,1428,reference,193.0,36.0,140.0,162.0,11.0,12.0,23.0,NaN,NaN
kernel_anchored,1429,calibration,206.0,36.0,108.0,178.0,11.0,13.0,25.0,19.30636889572633,NaN
kernel_anchored,1430,reference,178.0,41.0,126.0,178.0,10.0,13.0,31.0,NaN,NaN
kernel_anchored,1431,calibration,196.0,36.0,118.0,182.0,8.0,9.0,28.0,17.6843305729371,NaN
kernel_anchored,1432,reference,204.0,29.0,134.0,164.0,11.0,12.0,23.0,NaN,NaN
kernel_anchored,1433,calibration,210.0,37.0,119.0,163.0,10.0,12.0,26.0,11.885309332042933,NaN
kernel_anchored,1434,reference,219.0,44.0,84.0,179.0,11.0,13.0,27.0,NaN,NaN
kernel_anchored,1435,calibration,200.0,28.0,153.0,148.0,9.0,13.0,26.0,16.378600015816076,NaN
kernel_anchored,1436,reference,214.0,37.0,111.0,171.0,9.0,11.0,24.0,NaN,NaN
kernel_anchored,1437,calibration,208.0,33.0,128.0,160.0,10.0,14.0,24.0,9.416092660794675,NaN
kernel_anchored,1438,reference,176.0,24.0,195.0,139.0,9.0,14.0,20.0,NaN,NaN
kernel_anchored,1439,calibration,214.0,33.0,121.0,165.0,8.0,13.0,23.0,12.46992337915136,NaN
kernel_anchored,1440,reference,191.0,34.0,139.0,169.0,8.0,13.0,23.0,NaN,NaN
kernel_anchored,1441,calibration,192.0,39.0,129.0,170.0,10.0,12.0,25.0,11.110784754293782,NaN
kernel_anchored,1442,reference,196.0,31.0,153.0,157.0,9.0,12.0,19.0,NaN,NaN
kernel_anchored,1443,calibration,215.0,38.0,112.0,163.0,12.0,13.0,24.0,16.487182405361303,NaN
kernel_anchored,1444,reference,182.0,25.0,180.0,148.0,7.0,13.0,22.0,NaN,NaN
kernel_anchored,1445,calibration,209.0,37.0,107.0,170.0,10.0,14.0,30.0,18.515517288461858,NaN
kernel_anchored,1446,reference,199.0,38.0,117.0,177.0,11.0,13.0,22.0,NaN,NaN
kernel_anchored,1447,calibration,232.0,37.0,103.0,156.0,9.0,14.0,26.0,30.573164058966128,NaN
kernel_anchored,1448,reference,216.0,29.0,137.0,150.0,10.0,12.0,23.0,NaN,NaN
kernel_anchored,1449,calibration,214.0,36.0,127.0,156.0,8.0,13.0,23.0,12.224685121036462,NaN
kernel_anchored,1450,reference,230.0,41.0,79.0,179.0,10.0,12.0,26.0,NaN,NaN
kernel_anchored,1451,calibration,204.0,29.0,132.0,166.0,9.0,12.0,25.0,9.07959170971132,NaN
kernel_anchored,1452,reference,198.0,33.0,139.0,166.0,8.0,13.0,20.0,NaN,NaN
kernel_anchored,1453,calibration,190.0,33.0,145.0,163.0,10.0,12.0,24.0,11.371255836500008,NaN
kernel_anchored,1454,reference,170.0,33.0,162.0,165.0,10.0,14.0,23.0,NaN,NaN
kernel_anchored,1455,calibration,200.0,32.0,148.0,157.0,10.0,13.0,17.0,12.34386124809961,NaN
kernel_anchored,1456,reference,197.0,43.0,126.0,169.0,6.0,11.0,25.0,NaN,NaN
kernel_anchored,1457,calibration,172.0,31.0,169.0,156.0,11.0,12.0,26.0,30.971892316001743,NaN
kernel_anchored,1458,reference,204.0,33.0,139.0,156.0,9.0,12.0,24.0,NaN,NaN
kernel_anchored,1459,calibration,195.0,31.0,143.0,161.0,10.0,13.0,24.0,9.849057276899881,NaN
kernel_anchored,1460,reference,176.0,32.0,140.0,182.0,10.0,12.0,25.0,NaN,NaN
kernel_anchored,1461,calibration,198.0,29.0,137.0,167.0,8.0,12.0,26.0,9.46768922113754,NaN
kernel_anchored,1462,reference,193.0,37.0,133.0,169.0,10.0,13.0,22.0,NaN,NaN
kernel_anchored,1463,calibration,188.0,38.0,146.0,159.0,8.0,13.0,25.0,12.923213822416116,NaN
kernel_anchored,1464,reference,197.0,28.0,152.0,151.0,10.0,14.0,25.0,NaN,NaN
kernel_anchored,1465,calibration,198.0,30.0,148.0,154.0,8.0,14.0,25.0,12.192054752881756,NaN
kernel_anchored,1466,reference,178.0,32.0,162.0,162.0,9.0,14.0,20.0,NaN,NaN
kernel_anchored,1467,calibration,190.0,30.0,153.0,159.0,10.0,14.0,21.0,14.596055249214835,NaN
kernel_anchored,1468,reference,202.0,25.0,157.0,150.0,10.0,12.0,21.0,NaN,NaN
kernel_anchored,1469,calibration,210.0,28.0,135.0,159.0,9.0,13.0,23.0,10.518329375911797,NaN
kernel_anchored,1470,reference,187.0,30.0,158.0,153.0,10.0,13.0,26.0,NaN,NaN
kernel_anchored,1471,calibration,195.0,34.0,129.0,173.0,9.0,13.0,24.0,10.804376865885164,NaN
kernel_anchored,1472,reference,226.0,37.0,116.0,152.0,12.0,14.0,20.0,NaN,NaN
kernel_anchored,1473,calibration,224.0,32.0,109.0,166.0,10.0,12.0,24.0,21.860618199087497,NaN
kernel_anchored,1474,reference,202.0,45.0,92.0,185.0,7.0,13.0,33.0,NaN,NaN
kernel_anchored,1475,calibration,201.0,28.0,158.0,148.0,11.0,13.0,18.0,19.329318695490592,NaN
kernel_anchored,1476,reference,218.0,31.0,111.0,168.0,10.0,12.0,27.0,NaN,NaN
kernel_anchored,1477,calibration,171.0,41.0,146.0,168.0,10.0,14.0,27.0,22.948862620173898,NaN
kernel_anchored,1478,reference,197.0,29.0,167.0,139.0,10.0,13.0,22.0,NaN,NaN
kernel_anchored,1479,calibration,211.0,37.0,100.0,182.0,10.0,13.0,24.0,26.54044339409058,NaN
kernel_anchored,1480,reference,177.0,28.0,175.0,153.0,7.0,14.0,23.0,NaN,NaN
kernel_anchored,1481,calibration,183.0,32.0,160.0,158.0,8.0,13.0,23.0,20.149954750880212,NaN
kernel_anchored,1482,reference,218.0,41.0,109.0,164.0,9.0,12.0,24.0,NaN,NaN
kernel_anchored,1483,calibration,178.0,32.0,145.0,170.0,11.0,13.0,28.0,18.060223558857857,NaN
kernel_anchored,1484,reference,182.0,43.0,123.0,180.0,8.0,14.0,27.0,NaN,NaN
kernel_anchored,1485,calibration,201.0,34.0,131.0,162.0,10.0,12.0,27.0,8.386676777305418,NaN
kernel_anchored,1486,reference,194.0,36.0,122.0,174.0,10.0,12.0,29.0,NaN,NaN
kernel_anchored,1487,calibration,192.0,26.0,158.0,156.0,10.0,11.0,24.0,17.512878989011078,NaN
kernel_anchored,1488,reference,211.0,37.0,122.0,161.0,10.0,12.0,24.0,NaN,NaN
kernel_anchored,1489,calibration,218.0,31.0,118.0,165.0,10.0,12.0,23.0,15.21508361880344,NaN
kernel_anchored,1490,reference,189.0,29.0,152.0,160.0,8.0,13.0,26.0,NaN,NaN
kernel_anchored,1491,calibration,191.0,36.0,130.0,168.0,9.0,13.0,30.0,11.207858319864844,NaN
kernel_anchored,1492,reference,185.0,35.0,119.0,185.0,10.0,12.0,31.0,NaN,NaN
kernel_anchored,1493,calibration,240.0,40.0,84.0,165.0,11.0,12.0,25.0,47.132222286470515,NaN
kernel_anchored,1494,reference,231.0,33.0,109.0,158.0,8.0,11.0,27.0,NaN,NaN
kernel_anchored,1495,calibration,176.0,42.0,136.0,173.0,10.0,12.0,28.0,19.915175718146003,NaN
kernel_anchored,1496,reference,195.0,23.0,160.0,156.0,8.0,13.0,22.0,NaN,NaN
kernel_anchored,1497,calibration,212.0,26.0,150.0,149.0,10.0,11.0,19.0,17.86365898533048,NaN
kernel_anchored,1498,reference,210.0,41.0,100.0,177.0,10.0,13.0,26.0,NaN,NaN
kernel_anchored,1499,calibration,220.0,35.0,113.0,162.0,10.0,11.0,26.0,17.932900769963346,NaN
kernel_anchored,1500,reference,214.0,40.0,102.0,172.0,11.0,13.0,25.0,NaN,NaN
kernel_anchored,1501,calibration,212.0,37.0,109.0,169.0,10.0,13.0,27.0,17.28329112864577,NaN
kernel_anchored,1502,reference,176.0,26.0,187.0,143.0,10.0,13.0,22.0,NaN,NaN
kernel_anchored,1503,calibration,211.0,38.0,107.0,174.0,11.0,12.0,24.0,19.26796823158373,NaN
kernel_anchored,1504,reference,219.0,38.0,104.0,168.0,10.0,11.0,27.0,NaN,NaN
kernel_anchored,1505,calibration,192.0,35.0,129.0,174.0,12.0,11.0,24.0,12.065159674938435,NaN
kernel_anchored,1506,reference,208.0,34.0,122.0,170.0,8.0,12.0,23.0,NaN,NaN
kernel_anchored,1507,calibration,193.0,44.0,108.0,178.0,10.0,13.0,31.0,22.543645864024356,NaN
kernel_anchored,1508,reference,218.0,35.0,109.0,166.0,11.0,13.0,25.0,NaN,NaN
kernel_anchored,1509,calibration,214.0,31.0,145.0,143.0,11.0,13.0,20.0,18.785262072740203,NaN
kernel_anchored,1510,reference,166.0,42.0,143.0,181.0,8.0,12.0,25.0,NaN,NaN
kernel_anchored,1511,calibration,188.0,34.0,160.0,145.0,12.0,14.0,24.0,22.14598305447288,NaN
kernel_anchored,1512,reference,220.0,41.0,106.0,166.0,10.0,12.0,22.0,NaN,NaN
kernel_anchored,1513,calibration,201.0,25.0,152.0,153.0,9.0,13.0,24.0,14.944084289495024,NaN
kernel_anchored,1514,reference,183.0,25.0,180.0,145.0,8.0,13.0,23.0,NaN,NaN
kernel_anchored,1515,calibration,197.0,33.0,133.0,163.0,11.0,13.0,27.0,8.645024118118467,NaN
kernel_anchored,1516,reference,230.0,36.0,106.0,161.0,8.0,13.0,23.0,NaN,NaN
kernel_anchored,1517,calibration,223.0,28.0,141.0,141.0,11.0,13.0,20.0,23.34795568961053,NaN
kernel_anchored,1518,reference,195.0,37.0,130.0,170.0,10.0,14.0,21.0,NaN,NaN
kernel_anchored,1519,calibration,207.0,41.0,114.0,169.0,10.0,12.0,24.0,14.338873314156174,NaN
kernel_anchored,1520,reference,200.0,36.0,126.0,167.0,10.0,14.0,24.0,NaN,NaN
kernel_anchored,1521,calibration,227.0,46.0,85.0,173.0,8.0,10.0,28.0,41.36955946319032,NaN
kernel_anchored,1522,reference,201.0,38.0,127.0,162.0,10.0,14.0,25.0,NaN,NaN
kernel_anchored,1523,calibration,214.0,36.0,109.0,169.0,11.0,13.0,25.0,17.701227078574078,NaN
kernel_anchored,1524,reference,210.0,37.0,124.0,163.0,9.0,13.0,21.0,NaN,NaN
kernel_anchored,1525,calibration,209.0,39.0,116.0,166.0,11.0,11.0,25.0,13.140770193568365,NaN
kernel_anchored,1526,reference,205.0,28.0,145.0,156.0,10.0,12.0,21.0,NaN,NaN
kernel_anchored,1527,calibration,204.0,34.0,130.0,166.0,10.0,12.0,21.0,8.775678905011382,NaN
kernel_anchored,1528,reference,198.0,36.0,119.0,177.0,9.0,13.0,25.0,NaN,NaN
kernel_anchored,1529,calibration,219.0,27.0,129.0,155.0,9.0,13.0,25.0,15.197390676973988,NaN
kernel_anchored,1530,reference,182.0,32.0,161.0,154.0,9.0,13.0,26.0,NaN,NaN
kernel_anchored,1531,calibration,204.0,33.0,140.0,155.0,8.0,13.0,24.0,9.943577670063913,NaN
kernel_anchored,1532,reference,185.0,38.0,151.0,156.0,9.0,13.0,25.0,NaN,NaN
kernel_anchored,1533,calibration,218.0,31.0,125.0,157.0,7.0,12.0,27.0,14.339271274994793,NaN
kernel_anchored,1534,reference,202.0,40.0,116.0,169.0,11.0,12.0,27.0,NaN,NaN
kernel_anchored,1535,calibration,182.0,31.0,146.0,168.0,9.0,13.0,28.0,15.800564179700032,NaN
kernel_anchored,1536,reference,181.0,34.0,150.0,166.0,10.0,13.0,23.0,NaN,NaN
kernel_anchored,1537,calibration,206.0,33.0,125.0,166.0,8.0,13.0,26.0,9.543445252299428,NaN
kernel_anchored,1538,reference,196.0,22.0,168.0,150.0,9.0,12.0,20.0,NaN,NaN
kernel_anchored,1539,calibration,200.0,33.0,146.0,151.0,8.0,12.0,27.0,12.482864405654169,NaN
kernel_anchored,1540,reference,186.0,40.0,138.0,167.0,10.0,12.0,24.0,NaN,NaN
kernel_anchored,1541,calibration,212.0,33.0,122.0,163.0,10.0,13.0,24.0,11.386574805743418,NaN
kernel_anchored,1542,reference,176.0,25.0,199.0,136.0,10.0,12.0,19.0,NaN,NaN
kernel_anchored,1543,calibration,186.0,42.0,136.0,165.0,11.0,11.0,26.0,13.1965863053911,NaN
kernel_anchored,1544,reference,186.0,33.0,149.0,165.0,11.0,13.0,20.0,NaN,NaN
kernel_anchored,1545,calibration,194.0,33.0,150.0,159.0,7.0,12.0,22.0,12.4131333619125,NaN
kernel_anchored,1546,reference,190.0,37.0,145.0,162.0,8.0,14.0,21.0,NaN,NaN
kernel_anchored,1547,calibration,189.0,26.0,168.0,153.0,8.0,14.0,19.0,25.050710294560623,NaN
kernel_anchored,1548,reference,212.0,40.0,109.0,168.0,10.0,14.0,24.0,NaN,NaN
kernel_anchored,1549,calibration,198.0,36.0,133.0,165.0,9.0,14.0,22.0,8.576010081638039,NaN
kernel_anchored,1550,reference,200.0,41.0,114.0,176.0,9.0,11.0,26.0,NaN,NaN
kernel_anchored,1551,calibration,179.0,36.0,144.0,171.0,10.0,13.0,24.0,17.297390425820304,NaN
kernel_anchored,1552,reference,200.0,38.0,135.0,160.0,10.0,9.0,25.0,NaN,NaN
kernel_anchored,1553,calibration,179.0,37.0,142.0,168.0,9.0,13.0,29.0,16.815637048703024,NaN
kernel_anchored,1554,reference,205.0,40.0,111.0,173.0,10.0,13.0,25.0,NaN,NaN
kernel_anchored,1555,calibration,201.0,30.0,149.0,150.0,11.0,14.0,22.0,13.867273388487725,NaN
kernel_anchored,1556,reference,199.0,45.0,103.0,185.0,9.0,12.0,24.0,NaN,NaN
kernel_anchored,1557,calibration,212.0,31.0,131.0,156.0,11.0,12.0,24.0,11.1384765508392,NaN
kernel_anchored,1558,reference,209.0,34.0,127.0,164.0,9.0,13.0,21.0,NaN,NaN
kernel_anchored,1559,calibration,200.0,26.0,163.0,143.0,8.0,13.0,24.0,23.861426943861666,NaN
kernel_anchored,1560,reference,189.0,34.0,150.0,154.0,9.0,13.0,28.0,NaN,NaN
kernel_anchored,1561,calibration,188.0,37.0,142.0,165.0,10.0,13.0,22.0,11.844095332782462,NaN
kernel_anchored,1562,reference,225.0,36.0,116.0,159.0,8.0,12.0,21.0,NaN,NaN
kernel_anchored,1563,calibration,202.0,41.0,121.0,166.0,8.0,14.0,25.0,11.191236500375396,NaN
kernel_anchored,1564,reference,206.0,35.0,122.0,166.0,9.0,12.0,27.0,NaN,NaN
kernel_anchored,1565,calibration,200.0,39.0,115.0,175.0,11.0,13.0,24.0,14.974797748880775,NaN
kernel_anchored,1566,reference,181.0,37.0,128.0,181.0,7.0,11.0,32.0,NaN,NaN
kernel_anchored,1567,calibration,207.0,37.0,110.0,173.0,11.0,13.0,26.0,16.634341485337686,NaN
kernel_anchored,1568,reference,210.0,37.0,124.0,159.0,12.0,11.0,24.0,NaN,NaN
kernel_anchored,1569,calibration,188.0,32.0,159.0,159.0,8.0,11.0,20.0,18.205985572119673,NaN
kernel_anchored,1570,reference,220.0,36.0,111.0,167.0,10.0,11.0,22.0,NaN,NaN
kernel_anchored,1571,calibration,194.0,32.0,159.0,148.0,10.0,13.0,21.0,19.21058393708593,NaN
kernel_anchored,1572,reference,190.0,29.0,151.0,163.0,10.0,13.0,21.0,NaN,NaN
kernel_anchored,1573,calibration,167.0,27.0,187.0,154.0,9.0,12.0,21.0,46.720254566566105,NaN
kernel_anchored,1574,reference,210.0,27.0,168.0,130.0,8.0,12.0,22.0,NaN,NaN
kernel_anchored,1575,calibration,201.0,28.0,154.0,151.0,8.0,13.0,22.0,15.812900904464257,NaN
kernel_anchored,1576,reference,167.0,38.0,166.0,162.0,11.0,12.0,21.0,NaN,NaN
kernel_anchored,1577,calibration,206.0,38.0,124.0,169.0,9.0,12.0,19.0,10.962673696508723,NaN
kernel_anchored,1578,reference,224.0,37.0,118.0,154.0,9.0,13.0,22.0,NaN,NaN
kernel_anchored,1579,calibration,190.0,23.0,159.0,156.0,9.0,14.0,26.0,19.31293740048946,NaN
kernel_anchored,1580,reference,198.0,28.0,158.0,150.0,9.0,13.0,21.0,NaN,NaN
kernel_anchored,1581,calibration,191.0,29.0,152.0,157.0,10.0,13.0,25.0,14.084234655982591,NaN
kernel_anchored,1582,reference,191.0,37.0,127.0,170.0,10.0,13.0,29.0,NaN,NaN
kernel_anchored,1583,calibration,218.0,38.0,106.0,166.0,9.0,11.0,29.0,21.06123129949401,NaN
kernel_anchored,1584,reference,229.0,36.0,102.0,164.0,10.0,11.0,25.0,NaN,NaN
kernel_anchored,1585,calibration,205.0,32.0,147.0,148.0,12.0,12.0,21.0,14.464132290672808,NaN
kernel_anchored,1586,reference,226.0,37.0,116.0,152.0,11.0,13.0,22.0,NaN,NaN
kernel_anchored,1587,calibration,167.0,37.0,157.0,165.0,10.0,13.0,28.0,28.118367799140408,NaN
kernel_anchored,1588,reference,179.0,42.0,125.0,181.0,9.0,14.0,27.0,NaN,NaN
kernel_anchored,1589,calibration,223.0,34.0,118.0,155.0,9.0,13.0,25.0,18.71399290754883,NaN
kernel_anchored,1590,reference,203.0,32.0,131.0,163.0,8.0,14.0,26.0,NaN,NaN
kernel_anchored,1591,calibration,209.0,30.0,135.0,160.0,9.0,10.0,24.0,9.882528532783923,NaN
kernel_anchored,1592,reference,217.0,25.0,148.0,144.0,10.0,13.0,20.0,NaN,NaN
kernel_anchored,1593,calibration,190.0,32.0,157.0,157.0,10.0,12.0,19.0,16.861905657494276,NaN
kernel_anchored,1594,reference,201.0,30.0,139.0,160.0,9.0,14.0,24.0,NaN,NaN
kernel_anchored,1595,calibration,158.0,37.0,179.0,159.0,9.0,13.0,22.0,45.70875211515227,NaN
kernel_anchored,1596,reference,220.0,31.0,122.0,157.0,7.0,14.0,26.0,NaN,NaN
kernel_anchored,1597,calibration,193.0,29.0,151.0,157.0,11.0,12.0,24.0,13.306060884612059,NaN
kernel_anchored,1598,reference,206.0,28.0,148.0,152.0,9.0,14.0,20.0,NaN,NaN
kernel_anchored,1599,calibration,195.0,24.0,162.0,153.0,9.0,13.0,21.0,20.543330453968466,NaN
kernel_anchored,1600,reference,201.0,33.0,133.0,162.0,12.0,12.0,24.0,NaN,NaN
kernel_anchored,1601,calibration,228.0,33.0,116.0,158.0,8.0,11.0,23.0,21.876185961566655,NaN
kernel_anchored,1602,reference,214.0,24.0,143.0,151.0,8.0,13.0,24.0,NaN,NaN
kernel_anchored,1603,calibration,210.0,32.0,146.0,144.0,8.0,13.0,24.0,16.967991186917722,NaN
kernel_anchored,1604,reference,163.0,31.0,168.0,165.0,8.0,13.0,29.0,NaN,NaN
kernel_anchored,1605,calibration,225.0,30.0,125.0,153.0,9.0,11.0,24.0,19.06928161875367,NaN
kernel_anchored,1606,reference,216.0,36.0,114.0,165.0,9.0,12.0,25.0,NaN,NaN
kernel_anchored,1607,calibration,179.0,37.0,142.0,173.0,10.0,12.0,24.0,17.598731765814065,NaN
kernel_anchored,1608,reference,198.0,39.0,124.0,162.0,9.0,13.0,32.0,NaN,NaN
kernel_anchored,1609,calibration,187.0,28.0,158.0,158.0,12.0,13.0,21.0,18.269757711117165,NaN
kernel_anchored,1610,reference,187.0,31.0,166.0,150.0,8.0,13.0,22.0,NaN,NaN
kernel_anchored,1611,calibration,174.0,31.0,173.0,153.0,10.0,13.0,23.0,32.844430743933984,NaN
kernel_anchored,1612,reference,186.0,30.0,157.0,158.0,8.0,14.0,24.0,NaN,NaN
kernel_anchored,1613,calibration,196.0,36.0,136.0,162.0,11.0,13.0,23.0,8.764610600476125,NaN
kernel_anchored,1614,reference,181.0,28.0,146.0,177.0,8.0,12.0,25.0,NaN,NaN
kernel_anchored,1615,calibration,204.0,36.0,114.0,175.0,8.0,13.0,27.0,15.112423318740632,NaN
kernel_anchored,1616,reference,175.0,36.0,142.0,177.0,9.0,13.0,25.0,NaN,NaN
kernel_anchored,1617,calibration,217.0,37.0,122.0,157.0,9.0,12.0,23.0,14.258671875861658,NaN
kernel_anchored,1618,reference,193.0,32.0,152.0,155.0,9.0,14.0,22.0,NaN,NaN
kernel_anchored,1619,calibration,222.0,38.0,105.0,163.0,10.0,12.0,27.0,23.126505705942776,NaN
kernel_anchored,1620,reference,192.0,23.0,155.0,162.0,8.0,13.0,24.0,NaN,NaN
kernel_anchored,1621,calibration,211.0,36.0,117.0,169.0,8.0,12.0,24.0,13.143400428169087,NaN
kernel_anchored,1622,reference,192.0,24.0,175.0,142.0,8.0,13.0,23.0,NaN,NaN
kernel_anchored,1623,calibration,194.0,30.0,171.0,136.0,10.0,13.0,23.0,31.909471689352678,NaN
kernel_anchored,1624,reference,210.0,35.0,134.0,152.0,9.0,12.0,25.0,NaN,NaN
kernel_anchored,1625,calibration,213.0,41.0,108.0,171.0,11.0,11.0,22.0,19.085325731947187,NaN
kernel_anchored,1626,reference,200.0,36.0,133.0,167.0,10.0,11.0,20.0,NaN,NaN
kernel_anchored,1627,calibration,199.0,39.0,114.0,176.0,10.0,14.0,25.0,15.891254174698027,NaN
kernel_anchored,1628,reference,212.0,34.0,118.0,165.0,9.0,12.0,27.0,NaN,NaN
kernel_anchored,1629,calibration,212.0,33.0,131.0,152.0,11.0,13.0,25.0,12.251103751774835,NaN
kernel_anchored,1630,reference,213.0,27.0,147.0,147.0,12.0,11.0,20.0,NaN,NaN
kernel_anchored,1631,calibration,198.0,36.0,129.0,167.0,10.0,12.0,25.0,8.882362001292883,NaN
kernel_anchored,1632,reference,204.0,36.0,127.0,164.0,8.0,13.0,25.0,NaN,NaN
kernel_anchored,1633,calibration,165.0,38.0,163.0,165.0,10.0,11.0,25.0,32.08068110247804,NaN
kernel_anchored,1634,reference,186.0,38.0,132.0,173.0,8.0,13.0,27.0,NaN,NaN
kernel_anchored,1635,calibration,184.0,28.0,152.0,167.0,8.0,14.0,24.0,16.84521351523557,NaN
kernel_anchored,1636,reference,209.0,31.0,131.0,160.0,7.0,13.0,26.0,NaN,NaN
kernel_anchored,1637,calibration,210.0,28.0,153.0,141.0,10.0,12.0,23.0,21.2093154840394,NaN
kernel_anchored,1638,reference,147.0,39.0,181.0,166.0,11.0,13.0,20.0,NaN,NaN
kernel_anchored,1639,calibration,219.0,27.0,142.0,149.0,8.0,12.0,20.0,18.131297924693527,NaN
kernel_anchored,1640,reference,219.0,34.0,126.0,156.0,9.0,12.0,21.0,NaN,NaN
kernel_anchored,1641,calibration,218.0,40.0,91.0,174.0,11.0,14.0,29.0,32.656753944709145,NaN
kernel_anchored,1642,reference,209.0,34.0,122.0,167.0,9.0,14.0,22.0,NaN,NaN
kernel_anchored,1643,calibration,181.0,34.0,131.0,184.0,8.0,13.0,26.0,20.793333374564106,NaN
kernel_anchored,1644,reference,200.0,35.0,150.0,146.0,10.0,14.0,22.0,NaN,NaN
kernel_anchored,1645,calibration,209.0,23.0,161.0,139.0,10.0,13.0,22.0,26.655137246451787,NaN
kernel_anchored,1646,reference,207.0,41.0,108.0,172.0,10.0,13.0,26.0,NaN,NaN
kernel_anchored,1647,calibration,206.0,24.0,163.0,146.0,10.0,12.0,16.0,24.641830374421396,NaN
kernel_anchored,1648,reference,209.0,41.0,104.0,174.0,9.0,13.0,27.0,NaN,NaN
kernel_anchored,1649,calibration,225.0,39.0,104.0,156.0,11.0,14.0,28.0,26.43496032490731,NaN
kernel_anchored,1650,reference,229.0,29.0,133.0,142.0,10.0,12.0,22.0,NaN,NaN
kernel_anchored,1651,calibration,205.0,44.0,100.0,176.0,10.0,13.0,29.0,25.092986182507154,NaN
kernel_anchored,1652,reference,160.0,23.0,180.0,168.0,10.0,12.0,24.0,NaN,NaN
kernel_anchored,1653,calibration,187.0,28.0,161.0,160.0,10.0,14.0,17.0,20.438274042847134,NaN
kernel_anchored,1654,reference,202.0,36.0,125.0,166.0,10.0,14.0,24.0,NaN,NaN
kernel_anchored,1655,calibration,215.0,31.0,114.0,168.0,9.0,14.0,26.0,15.78425705326265,NaN
kernel_anchored,1656,reference,203.0,40.0,120.0,164.0,11.0,13.0,26.0,NaN,NaN
kernel_anchored,1657,calibration,180.0,41.0,135.0,171.0,10.0,13.0,27.0,16.759248378534785,NaN
kernel_anchored,1658,reference,204.0,39.0,119.0,163.0,10.0,12.0,30.0,NaN,NaN
kernel_anchored,1659,calibration,222.0,31.0,114.0,171.0,6.0,13.0,20.0,19.959526972118553,NaN
kernel_anchored,1660,reference,179.0,35.0,135.0,182.0,11.0,13.0,22.0,NaN,NaN
kernel_anchored,1661,calibration,197.0,36.0,128.0,169.0,9.0,11.0,27.0,9.695793355336189,NaN
kernel_anchored,1662,reference,190.0,31.0,148.0,159.0,10.0,14.0,25.0,NaN,NaN
kernel_anchored,1663,calibration,210.0,33.0,128.0,162.0,11.0,14.0,19.0,10.416583821730384,NaN
kernel_anchored,1664,reference,204.0,36.0,117.0,172.0,10.0,13.0,25.0,NaN,NaN
kernel_anchored,1665,calibration,223.0,36.0,104.0,167.0,11.0,13.0,23.0,24.039085345188866,NaN
kernel_anchored,1666,reference,214.0,33.0,116.0,165.0,11.0,12.0,26.0,NaN,NaN
kernel_anchored,1667,calibration,197.0,30.0,147.0,155.0,7.0,11.0,30.0,12.551953631593513,NaN
kernel_anchored,1668,reference,217.0,38.0,100.0,169.0,10.0,12.0,31.0,NaN,NaN
kernel_anchored,1669,calibration,181.0,35.0,149.0,166.0,9.0,14.0,23.0,16.528126857613884,NaN
kernel_anchored,1670,reference,190.0,32.0,157.0,155.0,7.0,14.0,22.0,NaN,NaN
kernel_anchored,1671,calibration,206.0,36.0,125.0,163.0,9.0,13.0,25.0,9.348285267992303,NaN
kernel_anchored,1672,reference,165.0,37.0,142.0,186.0,5.0,14.0,28.0,NaN,NaN
kernel_anchored,1673,calibration,196.0,34.0,141.0,162.0,8.0,12.0,24.0,9.225482979198791,NaN
kernel_anchored,1674,reference,192.0,36.0,136.0,163.0,10.0,14.0,26.0,NaN,NaN
kernel_anchored,1675,calibration,204.0,38.0,120.0,168.0,9.0,13.0,25.0,10.984361853055745,NaN
kernel_anchored,1676,reference,179.0,33.0,165.0,155.0,10.0,13.0,22.0,NaN,NaN
kernel_anchored,1677,calibration,175.0,39.0,141.0,168.0,9.0,13.0,32.0,19.946933527414593,NaN
kernel_anchored,1678,reference,198.0,27.0,151.0,158.0,8.0,12.0,23.0,NaN,NaN
kernel_anchored,1679,calibration,213.0,38.0,99.0,178.0,10.0,14.0,25.0,26.081917086183594,NaN
kernel_anchored,1680,reference,169.0,28.0,170.0,165.0,9.0,12.0,24.0,NaN,NaN
kernel_anchored,1681,calibration,233.0,34.0,83.0,182.0,11.0,11.0,23.0,46.46616746531118,NaN
kernel_anchored,1682,reference,175.0,35.0,146.0,175.0,10.0,12.0,24.0,NaN,NaN
kernel_anchored,1683,calibration,210.0,29.0,136.0,161.0,9.0,12.0,20.0,10.598206589776737,NaN
kernel_anchored,1684,reference,215.0,35.0,90.0,188.0,11.0,14.0,24.0,NaN,NaN
kernel_anchored,1685,calibration,204.0,29.0,147.0,155.0,9.0,13.0,20.0,12.315633223122898,NaN
kernel_anchored,1686,reference,208.0,35.0,114.0,169.0,10.0,12.0,29.0,NaN,NaN
kernel_anchored,1687,calibration,208.0,39.0,107.0,173.0,8.0,14.0,28.0,18.885270178981003,NaN
kernel_anchored,1688,reference,197.0,38.0,130.0,169.0,8.0,12.0,23.0,NaN,NaN
kernel_anchored,1689,calibration,196.0,37.0,135.0,163.0,10.0,13.0,23.0,8.781995295570713,NaN
kernel_anchored,1690,reference,202.0,31.0,128.0,170.0,8.0,13.0,25.0,NaN,NaN
kernel_anchored,1691,calibration,189.0,31.0,143.0,169.0,8.0,13.0,24.0,12.253198269758709,NaN
kernel_anchored,1692,reference,184.0,20.0,199.0,129.0,10.0,14.0,21.0,NaN,NaN
kernel_anchored,1693,calibration,209.0,33.0,133.0,158.0,6.0,12.0,26.0,9.979319045817636,NaN
kernel_anchored,1694,reference,188.0,29.0,176.0,141.0,8.0,12.0,23.0,NaN,NaN
kernel_anchored,1695,calibration,233.0,32.0,117.0,152.0,10.0,11.0,22.0,26.302988238925067,NaN
kernel_anchored,1696,reference,234.0,35.0,115.0,145.0,9.0,12.0,27.0,NaN,NaN
kernel_anchored,1697,calibration,220.0,41.0,103.0,170.0,11.0,11.0,21.0,24.328850391931503,NaN
kernel_anchored,1698,reference,209.0,25.0,151.0,149.0,9.0,13.0,21.0,NaN,NaN
kernel_anchored,1699,calibration,221.0,29.0,122.0,158.0,11.0,12.0,24.0,16.369372199106827,NaN
kernel_anchored,1700,reference,209.0,42.0,108.0,170.0,11.0,12.0,25.0,NaN,NaN
kernel_anchored,1701,calibration,170.0,35.0,152.0,170.0,10.0,13.0,27.0,24.750784508201754,NaN
kernel_anchored,1702,reference,206.0,42.0,100.0,179.0,11.0,14.0,25.0,NaN,NaN
kernel_anchored,1703,calibration,195.0,39.0,129.0,168.0,8.0,12.0,26.0,10.057879709969313,NaN
kernel_anchored,1704,reference,197.0,34.0,138.0,162.0,9.0,13.0,24.0,NaN,NaN
kernel_anchored,1705,calibration,198.0,36.0,133.0,164.0,12.0,12.0,22.0,8.627197762179765,NaN
kernel_anchored,1706,reference,200.0,31.0,155.0,151.0,10.0,12.0,18.0,NaN,NaN
kernel_anchored,1707,calibration,180.0,36.0,137.0,174.0,8.0,14.0,28.0,17.061347065683513,NaN
kernel_anchored,1708,reference,195.0,28.0,160.0,154.0,10.0,11.0,19.0,NaN,NaN
kernel_anchored,1709,calibration,195.0,31.0,132.0,175.0,9.0,14.0,21.0,11.888929791233526,NaN
kernel_anchored,1710,reference,203.0,36.0,125.0,167.0,9.0,12.0,25.0,NaN,NaN
kernel_anchored,1711,calibration,203.0,35.0,127.0,167.0,8.0,13.0,24.0,8.931394052662245,NaN
kernel_anchored,1712,reference,219.0,38.0,112.0,165.0,11.0,11.0,21.0,NaN,NaN
kernel_anchored,1713,calibration,215.0,33.0,129.0,156.0,8.0,12.0,24.0,12.286363341557575,NaN
kernel_anchored,1714,reference,200.0,30.0,130.0,169.0,10.0,12.0,26.0,NaN,NaN
kernel_anchored,1715,calibration,229.0,39.0,104.0,154.0,9.0,14.0,28.0,29.009892092589688,NaN
kernel_anchored,1716,reference,207.0,41.0,106.0,175.0,9.0,13.0,26.0,NaN,NaN
kernel_anchored,1717,calibration,194.0,36.0,130.0,167.0,10.0,12.0,28.0,9.817973661701124,NaN
kernel_anchored,1718,reference,201.0,39.0,120.0,171.0,10.0,12.0,24.0,NaN,NaN
kernel_anchored,1719,calibration,212.0,35.0,124.0,158.0,11.0,14.0,23.0,11.58509940615626,NaN
kernel_anchored,1720,reference,218.0,30.0,131.0,153.0,10.0,13.0,22.0,NaN,NaN
kernel_anchored,1721,calibration,224.0,31.0,108.0,171.0,9.0,11.0,23.0,23.145162144056023,NaN
kernel_anchored,1722,reference,197.0,28.0,158.0,148.0,10.0,12.0,24.0,NaN,NaN
kernel_anchored,1723,calibration,199.0,27.0,155.0,154.0,10.0,12.0,20.0,15.79796110398658,NaN
kernel_anchored,1724,reference,206.0,24.0,160.0,144.0,11.0,12.0,20.0,NaN,NaN
kernel_anchored,1725,calibration,205.0,37.0,132.0,158.0,9.0,13.0,23.0,9.101864411289231,NaN
kernel_anchored,1726,reference,211.0,41.0,104.0,175.0,9.0,13.0,24.0,NaN,NaN
kernel_anchored,1727,calibration,213.0,40.0,106.0,168.0,9.0,13.0,28.0,19.669599616068297,NaN
kernel_anchored,1728,reference,193.0,27.0,144.0,166.0,10.0,11.0,26.0,NaN,NaN
kernel_anchored,1729,calibration,208.0,23.0,180.0,122.0,10.0,11.0,23.0,47.443474051035004,NaN
kernel_anchored,1730,reference,204.0,26.0,145.0,157.0,8.0,11.0,26.0,NaN,NaN
kernel_anchored,1731,calibration,202.0,33.0,138.0,159.0,10.0,11.0,24.0,8.727580286520183,NaN
kernel_anchored,1732,reference,189.0,40.0,133.0,171.0,11.0,14.0,19.0,NaN,NaN
kernel_anchored,1733,calibration,212.0,32.0,135.0,155.0,9.0,12.0,22.0,11.366795492157056,NaN
kernel_anchored,1734,reference,205.0,37.0,126.0,158.0,11.0,14.0,26.0,NaN,NaN
kernel_anchored,1735,calibration,225.0,36.0,90.0,178.0,10.0,11.0,27.0,36.42063041734105,NaN
kernel_anchored,1736,reference,211.0,38.0,110.0,171.0,10.0,13.0,24.0,NaN,NaN
kernel_anchored,1737,calibration,211.0,39.0,110.0,169.0,11.0,13.0,24.0,16.64794182146543,NaN
kernel_anchored,1738,reference,197.0,42.0,110.0,176.0,10.0,13.0,29.0,NaN,NaN
kernel_anchored,1739,calibration,224.0,44.0,85.0,176.0,9.0,11.0,28.0,40.243415934759234,NaN
kernel_anchored,1740,reference,212.0,27.0,139.0,156.0,11.0,12.0,20.0,NaN,NaN
kernel_anchored,1741,calibration,202.0,40.0,119.0,168.0,10.0,13.0,25.0,11.689338762001231,NaN
kernel_anchored,1742,reference,177.0,35.0,161.0,160.0,10.0,12.0,22.0,NaN,NaN
kernel_anchored,1743,calibration,190.0,40.0,135.0,163.0,10.0,12.0,27.0,11.048447114386367,NaN
kernel_anchored,1744,reference,209.0,34.0,113.0,172.0,9.0,13.0,27.0,NaN,NaN
kernel_anchored,1745,calibration,191.0,32.0,142.0,168.0,8.0,12.0,24.0,11.143355632974352,NaN
kernel_anchored,1746,reference,195.0,28.0,169.0,142.0,10.0,13.0,20.0,NaN,NaN
kernel_anchored,1747,calibration,197.0,25.0,154.0,154.0,8.0,12.0,27.0,15.78301985185766,NaN
kernel_anchored,1748,reference,172.0,37.0,156.0,167.0,8.0,13.0,24.0,NaN,NaN
kernel_anchored,1749,calibration,231.0,43.0,86.0,171.0,8.0,11.0,27.0,41.4866953136584,NaN
kernel_anchored,1750,reference,196.0,26.0,153.0,161.0,7.0,13.0,21.0,NaN,NaN
kernel_anchored,1751,calibration,205.0,39.0,122.0,167.0,6.0,14.0,24.0,10.846443984837109,NaN
kernel_anchored,1752,reference,173.0,29.0,164.0,164.0,9.0,12.0,26.0,NaN,NaN
kernel_anchored,1753,calibration,184.0,33.0,135.0,175.0,11.0,13.0,26.0,15.101624520477976,NaN
kernel_anchored,1754,reference,193.0,38.0,142.0,159.0,8.0,13.0,24.0,NaN,NaN
kernel_anchored,1755,calibration,220.0,31.0,119.0,158.0,9.0,13.0,27.0,16.461796818574676,NaN
kernel_anchored,1756,reference,172.0,37.0,159.0,159.0,10.0,14.0,26.0,NaN,NaN
kernel_anchored,1757,calibration,201.0,44.0,110.0,173.0,10.0,12.0,27.0,18.003160976011706,NaN
kernel_anchored,1758,reference,194.0,34.0,138.0,167.0,9.0,11.0,24.0,NaN,NaN
kernel_anchored,1759,calibration,219.0,43.0,92.0,175.0,9.0,12.0,27.0,32.64191982936582,NaN
kernel_anchored,1760,reference,211.0,33.0,121.0,171.0,10.0,10.0,21.0,NaN,NaN
kernel_anchored,1761,calibration,204.0,28.0,143.0,159.0,10.0,12.0,21.0,10.622642574793936,NaN
kernel_anchored,1762,reference,192.0,30.0,143.0,162.0,10.0,14.0,26.0,NaN,NaN
kernel_anchored,1763,calibration,194.0,24.0,154.0,164.0,9.0,11.0,21.0,15.831038845949244,NaN
kernel_anchored,1764,reference,200.0,27.0,144.0,158.0,11.0,12.0,25.0,NaN,NaN
kernel_anchored,1765,calibration,172.0,27.0,174.0,164.0,8.0,14.0,18.0,34.85536369003868,NaN
kernel_anchored,1766,reference,213.0,39.0,107.0,172.0,12.0,13.0,21.0,NaN,NaN
kernel_anchored,1767,calibration,234.0,30.0,116.0,154.0,10.0,13.0,20.0,27.11679672365517,NaN
kernel_anchored,1768,reference,213.0,31.0,132.0,160.0,10.0,11.0,20.0,NaN,NaN
kernel_anchored,1769,calibration,165.0,39.0,139.0,182.0,11.0,13.0,28.0,29.927960896704185,NaN
kernel_anchored,1770,reference,202.0,37.0,122.0,174.0,10.0,12.0,20.0,NaN,NaN
kernel_anchored,1771,calibration,232.0,38.0,101.0,163.0,10.0,9.0,24.0,31.03286215058597,NaN
kernel_anchored,1772,reference,202.0,31.0,145.0,153.0,11.0,12.0,23.0,NaN,NaN
kernel_anchored,1773,calibration,199.0,38.0,123.0,168.0,11.0,11.0,27.0,10.51579731570003,NaN
kernel_anchored,1774,reference,170.0,36.0,149.0,170.0,11.0,13.0,28.0,NaN,NaN
kernel_anchored,1775,calibration,179.0,30.0,176.0,146.0,9.0,14.0,23.0,34.509431293026225,NaN
kernel_anchored,1776,reference,194.0,34.0,159.0,147.0,9.0,13.0,21.0,NaN,NaN
kernel_anchored,1777,calibration,188.0,29.0,180.0,134.0,10.0,13.0,23.0,39.935360352538,NaN
kernel_anchored,1778,reference,176.0,33.0,167.0,155.0,9.0,12.0,25.0,NaN,NaN
kernel_anchored,1779,calibration,178.0,34.0,157.0,163.0,9.0,12.0,24.0,20.82927590679899,NaN
kernel_anchored,1780,reference,230.0,40.0,95.0,167.0,10.0,10.0,25.0,NaN,NaN
kernel_anchored,1781,calibration,184.0,36.0,145.0,168.0,8.0,13.0,23.0,14.401599473755248,NaN
kernel_anchored,1782,reference,182.0,30.0,169.0,148.0,10.0,12.0,26.0,NaN,NaN
kernel_anchored,1783,calibration,201.0,38.0,118.0,176.0,12.0,12.0,20.0,14.454838923289621,NaN
kernel_anchored,1784,reference,191.0,37.0,135.0,166.0,10.0,12.0,26.0,NaN,NaN
kernel_anchored,1785,calibration,192.0,33.0,118.0,185.0,10.0,14.0,25.0,19.878239907865854,NaN
kernel_anchored,1786,reference,215.0,26.0,126.0,163.0,9.0,12.0,26.0,NaN,NaN
kernel_anchored,1787,calibration,184.0,32.0,154.0,160.0,8.0,13.0,26.0,16.74531096635844,NaN
kernel_anchored,1788,reference,210.0,40.0,119.0,165.0,10.0,12.0,21.0,NaN,NaN
kernel_anchored,1789,calibration,218.0,33.0,124.0,159.0,10.0,12.0,21.0,13.957276721267228,NaN
kernel_anchored,1790,reference,180.0,31.0,158.0,158.0,8.0,14.0,28.0,NaN,NaN
kernel_anchored,1791,calibration,169.0,39.0,141.0,179.0,10.0,14.0,25.0,25.987530061500216,NaN
kernel_anchored,1792,reference,182.0,35.0,154.0,160.0,9.0,13.0,24.0,NaN,NaN
kernel_anchored,1793,calibration,190.0,34.0,141.0,163.0,9.0,13.0,27.0,10.72600170210237,NaN
kernel_anchored,1794,reference,212.0,29.0,126.0,163.0,7.0,14.0,26.0,NaN,NaN
kernel_anchored,1795,calibration,217.0,31.0,124.0,160.0,12.0,12.0,21.0,13.639913079509363,NaN
kernel_anchored,1796,reference,209.0,36.0,124.0,165.0,9.0,13.0,21.0,NaN,NaN
kernel_anchored,1797,calibration,208.0,40.0,111.0,171.0,10.0,14.0,23.0,16.14380034973655,NaN
kernel_anchored,1798,reference,190.0,32.0,169.0,145.0,9.0,13.0,19.0,NaN,NaN
kernel_anchored,1799,calibration,204.0,33.0,124.0,166.0,8.0,12.0,30.0,10.235583947025713,NaN
kernel_anchored,1800,reference,197.0,36.0,140.0,154.0,9.0,14.0,27.0,NaN,NaN
kernel_anchored,1801,calibration,198.0,24.0,166.0,148.0,9.0,10.0,22.0,24.29490272095139,NaN
kernel_anchored,1802,reference,179.0,31.0,168.0,157.0,9.0,13.0,20.0,NaN,NaN
kernel_anchored,1803,calibration,192.0,28.0,165.0,148.0,10.0,13.0,21.0,23.238685697909048,NaN
kernel_anchored,1804,reference,195.0,31.0,156.0,151.0,10.0,14.0,20.0,NaN,NaN
kernel_anchored,1805,calibration,208.0,35.0,132.0,157.0,8.0,14.0,23.0,9.710272262100975,NaN
kernel_anchored,1806,reference,208.0,39.0,101.0,179.0,11.0,13.0,26.0,NaN,NaN
kernel_anchored,1807,calibration,189.0,24.0,180.0,137.0,8.0,13.0,26.0,38.997745079187716,NaN
kernel_anchored,1808,reference,176.0,41.0,142.0,168.0,10.0,14.0,26.0,NaN,NaN
kernel_anchored,1809,calibration,206.0,29.0,137.0,159.0,8.0,12.0,26.0,9.626161860561915,NaN
kernel_anchored,1810,reference,178.0,33.0,152.0,168.0,12.0,13.0,21.0,NaN,NaN
kernel_anchored,1811,calibration,209.0,31.0,113.0,175.0,12.0,13.0,24.0,16.360425041479573,NaN
kernel_anchored,1812,reference,163.0,36.0,141.0,185.0,9.0,13.0,30.0,NaN,NaN
kernel_anchored,1813,calibration,198.0,30.0,156.0,146.0,11.0,14.0,22.0,18.337491651418418,NaN
kernel_anchored,1814,reference,201.0,35.0,117.0,176.0,7.0,12.0,29.0,NaN,NaN
kernel_anchored,1815,calibration,199.0,33.0,155.0,148.0,10.0,12.0,20.0,17.0811124387821,NaN
kernel_anchored,1816,reference,216.0,27.0,139.0,149.0,11.0,13.0,22.0,NaN,NaN
kernel_anchored,1817,calibration,176.0,29.0,173.0,153.0,10.0,13.0,23.0,32.024396168230105,NaN
kernel_anchored,1818,reference,214.0,36.0,112.0,168.0,8.0,13.0,26.0,NaN,NaN
kernel_anchored,1819,calibration,230.0,34.0,132.0,139.0,7.0,12.0,23.0,27.308264528216405,NaN
kernel_anchored,1820,reference,191.0,26.0,163.0,148.0,10.0,14.0,25.0,NaN,NaN
kernel_anchored,1821,calibration,192.0,34.0,139.0,165.0,12.0,12.0,23.0,9.958868759706988,NaN
kernel_anchored,1822,reference,212.0,34.0,118.0,165.0,10.0,12.0,26.0,NaN,NaN
kernel_anchored,1823,calibration,163.0,25.0,194.0,152.0,10.0,13.0,20.0,54.668258420018425,NaN
kernel_anchored,1824,reference,220.0,41.0,96.0,172.0,10.0,12.0,26.0,NaN,NaN
kernel_anchored,1825,calibration,206.0,38.0,110.0,181.0,8.0,13.0,21.0,19.968853591160567,NaN
kernel_anchored,1826,reference,222.0,37.0,121.0,148.0,9.0,12.0,28.0,NaN,NaN
kernel_anchored,1827,calibration,196.0,30.0,144.0,160.0,9.0,11.0,27.0,10.39094212403553,NaN
kernel_anchored,1828,reference,202.0,34.0,140.0,159.0,8.0,12.0,22.0,NaN,NaN
kernel_anchored,1829,calibration,181.0,34.0,147.0,166.0,9.0,14.0,26.0,15.952107226151568,NaN
kernel_anchored,1830,reference,170.0,31.0,172.0,156.0,10.0,13.0,25.0,NaN,NaN
kernel_anchored,1831,calibration,158.0,33.0,168.0,168.0,10.0,13.0,27.0,39.589243305658606,NaN
kernel_anchored,1832,reference,208.0,36.0,119.0,166.0,10.0,12.0,26.0,NaN,NaN
kernel_anchored,1833,calibration,208.0,24.0,131.0,167.0,9.0,13.0,25.0,11.45964183626035,NaN
kernel_anchored,1834,reference,202.0,36.0,133.0,157.0,10.0,13.0,26.0,NaN,NaN
kernel_anchored,1835,calibration,183.0,29.0,152.0,163.0,11.0,13.0,26.0,16.664442950555454,NaN
kernel_anchored,1836,reference,192.0,28.0,174.0,139.0,9.0,14.0,21.0,NaN,NaN
kernel_anchored,1837,calibration,206.0,35.0,127.0,165.0,9.0,13.0,22.0,9.100901000854623,NaN
kernel_anchored,1838,reference,191.0,39.0,129.0,170.0,10.0,12.0,26.0,NaN,NaN
kernel_anchored,1839,calibration,181.0,21.0,193.0,137.0,9.0,12.0,24.0,51.182905561385034,NaN
kernel_anchored,1840,reference,211.0,41.0,94.0,181.0,10.0,12.0,28.0,NaN,NaN
kernel_anchored,1841,calibration,197.0,36.0,121.0,176.0,11.0,12.0,24.0,13.25588706605673,NaN
kernel_anchored,1842,reference,187.0,36.0,136.0,169.0,8.0,14.0,27.0,NaN,NaN
kernel_anchored,1843,calibration,187.0,36.0,139.0,164.0,10.0,14.0,27.0,11.750723796721818,NaN
kernel_anchored,1844,reference,209.0,38.0,105.0,177.0,10.0,13.0,25.0,NaN,NaN
kernel_anchored,1845,calibration,187.0,29.0,158.0,158.0,11.0,13.0,21.0,18.045630202420426,NaN
kernel_anchored,1846,reference,200.0,36.0,141.0,158.0,9.0,11.0,22.0,NaN,NaN
kernel_anchored,1847,calibration,220.0,35.0,99.0,179.0,11.0,12.0,21.0,28.622935398606245,NaN
kernel_anchored,1848,reference,192.0,31.0,149.0,159.0,10.0,14.0,22.0,NaN,NaN
kernel_anchored,1849,calibration,209.0,37.0,113.0,170.0,9.0,14.0,25.0,14.640234082196578,NaN
kernel_anchored,1850,reference,221.0,34.0,122.0,159.0,8.0,10.0,23.0,NaN,NaN
kernel_anchored,1851,calibration,197.0,30.0,139.0,163.0,10.0,12.0,26.0,9.117067313113303,NaN
kernel_anchored,1852,reference,207.0,33.0,139.0,153.0,8.0,14.0,23.0,NaN,NaN
kernel_anchored,1853,calibration,207.0,35.0,115.0,172.0,10.0,13.0,25.0,13.760933749207595,NaN
kernel_anchored,1854,reference,198.0,35.0,145.0,156.0,8.0,11.0,24.0,NaN,NaN
kernel_anchored,1855,calibration,204.0,39.0,125.0,163.0,11.0,13.0,22.0,9.754269180194768,NaN
kernel_anchored,1856,reference,215.0,25.0,138.0,152.0,10.0,13.0,24.0,NaN,NaN
kernel_anchored,1857,calibration,158.0,36.0,168.0,169.0,9.0,14.0,23.0,39.74330400683248,NaN
kernel_anchored,1858,reference,207.0,42.0,103.0,175.0,10.0,13.0,27.0,NaN,NaN
kernel_anchored,1859,calibration,209.0,39.0,113.0,171.0,9.0,13.0,23.0,15.08895071276617,NaN
kernel_anchored,1860,reference,185.0,28.0,154.0,165.0,8.0,13.0,24.0,NaN,NaN
kernel_anchored,1861,calibration,197.0,39.0,119.0,171.0,9.0,12.0,30.0,13.193277634958392,NaN
kernel_anchored,1862,reference,209.0,48.0,81.0,189.0,13.0,11.0,26.0,NaN,NaN
kernel_anchored,1863,calibration,210.0,27.0,151.0,145.0,9.0,13.0,22.0,18.634094066249958,NaN
kernel_anchored,1864,reference,195.0,32.0,150.0,151.0,9.0,12.0,28.0,NaN,NaN
kernel_anchored,1865,calibration,218.0,37.0,121.0,158.0,8.0,11.0,24.0,14.817312962359466,NaN
kernel_anchored,1866,reference,157.0,34.0,157.0,180.0,10.0,12.0,27.0,NaN,NaN
kernel_anchored,1867,calibration,201.0,37.0,137.0,160.0,11.0,14.0,17.0,9.892228626244805,NaN
kernel_anchored,1868,reference,231.0,30.0,137.0,129.0,9.0,13.0,28.0,NaN,NaN
kernel_anchored,1869,calibration,191.0,41.0,116.0,178.0,11.0,14.0,26.0,18.03277474478336,NaN
kernel_anchored,1870,reference,199.0,40.0,114.0,173.0,10.0,14.0,27.0,NaN,NaN
kernel_anchored,1871,calibration,188.0,31.0,155.0,160.0,9.0,12.0,22.0,15.813316983695074,NaN
kernel_anchored,1872,reference,200.0,21.0,168.0,144.0,10.0,11.0,23.0,NaN,NaN
kernel_anchored,1873,calibration,237.0,38.0,94.0,164.0,9.0,11.0,24.0,38.29004053540044,NaN
kernel_anchored,1874,reference,158.0,37.0,178.0,159.0,10.0,12.0,23.0,NaN,NaN
kernel_anchored,1875,calibration,203.0,35.0,133.0,156.0,11.0,13.0,26.0,9.253100118414899,NaN
kernel_anchored,1876,reference,197.0,24.0,175.0,141.0,9.0,11.0,20.0,NaN,NaN
kernel_anchored,1877,calibration,218.0,32.0,116.0,165.0,9.0,13.0,24.0,15.756952563571154,NaN
kernel_anchored,1878,reference,212.0,36.0,118.0,163.0,10.0,13.0,25.0,NaN,NaN
kernel_anchored,1879,calibration,198.0,40.0,116.0,173.0,10.0,14.0,26.0,14.369552914346187,NaN
kernel_anchored,1880,reference,206.0,36.0,118.0,170.0,10.0,12.0,25.0,NaN,NaN
kernel_anchored,1881,calibration,196.0,36.0,132.0,167.0,10.0,13.0,23.0,8.970679579399377,NaN
kernel_anchored,1882,reference,163.0,29.0,148.0,188.0,12.0,13.0,24.0,NaN,NaN
kernel_anchored,1883,calibration,200.0,34.0,146.0,153.0,9.0,13.0,22.0,11.659968575897853,NaN
kernel_anchored,1884,reference,191.0,38.0,145.0,158.0,9.0,12.0,24.0,NaN,NaN
kernel_anchored,1885,calibration,196.0,42.0,111.0,176.0,11.0,14.0,27.0,18.57880850682254,NaN
kernel_anchored,1886,reference,225.0,33.0,119.0,158.0,9.0,11.0,22.0,NaN,NaN
kernel_anchored,1887,calibration,193.0,35.0,135.0,167.0,9.0,14.0,24.0,9.54028237300452,NaN
kernel_anchored,1888,reference,226.0,45.0,76.0,179.0,8.0,13.0,30.0,NaN,NaN
kernel_anchored,1889,calibration,212.0,41.0,117.0,162.0,9.0,13.0,23.0,13.947866261840836,NaN
kernel_anchored,1890,reference,193.0,38.0,123.0,172.0,10.0,14.0,27.0,NaN,NaN
kernel_anchored,1891,calibration,167.0,25.0,198.0,142.0,7.0,13.0,25.0,57.89542869298584,NaN
kernel_anchored,1892,reference,211.0,26.0,140.0,156.0,9.0,12.0,23.0,NaN,NaN
kernel_anchored,1893,calibration,217.0,42.0,106.0,168.0,11.0,13.0,20.0,21.48596874641541,NaN
kernel_anchored,1894,reference,195.0,27.0,174.0,141.0,9.0,12.0,19.0,NaN,NaN
kernel_anchored,1895,calibration,206.0,35.0,128.0,160.0,10.0,13.0,25.0,9.027993046106246,NaN
kernel_anchored,1896,reference,201.0,24.0,168.0,139.0,10.0,12.0,23.0,NaN,NaN
kernel_anchored,1897,calibration,205.0,35.0,131.0,161.0,9.0,14.0,22.0,8.656652420789325,NaN
kernel_anchored,1898,reference,168.0,30.0,166.0,165.0,9.0,14.0,25.0,NaN,NaN
kernel_anchored,1899,calibration,206.0,29.0,119.0,173.0,9.0,13.0,28.0,13.409719659749562,NaN
kernel_anchored,1900,reference,199.0,32.0,123.0,168.0,10.0,14.0,31.0,NaN,NaN
kernel_anchored,1901,calibration,198.0,37.0,137.0,157.0,10.0,13.0,25.0,9.29189782079894,NaN
kernel_anchored,1902,reference,193.0,35.0,140.0,163.0,10.0,13.0,23.0,NaN,NaN
kernel_anchored,1903,calibration,195.0,30.0,150.0,160.0,10.0,12.0,20.0,12.515853159120738,NaN
kernel_anchored,1904,reference,207.0,31.0,148.0,146.0,9.0,12.0,24.0,NaN,NaN
kernel_anchored,1905,calibration,214.0,39.0,128.0,150.0,11.0,13.0,22.0,14.614222430500881,NaN
kernel_anchored,1906,reference,206.0,42.0,99.0,178.0,10.0,14.0,28.0,NaN,NaN
kernel_anchored,1907,calibration,218.0,39.0,101.0,172.0,10.0,12.0,25.0,24.585484434055402,NaN
kernel_anchored,1908,reference,194.0,25.0,146.0,166.0,10.0,14.0,22.0,NaN,NaN
kernel_anchored,1909,calibration,199.0,32.0,161.0,142.0,9.0,11.0,23.0,22.6445653512216,NaN
kernel_anchored,1910,reference,163.0,32.0,186.0,154.0,6.0,14.0,22.0,NaN,NaN
kernel_anchored,1911,calibration,205.0,40.0,118.0,165.0,12.0,13.0,24.0,12.058775633667008,NaN
kernel_anchored,1912,reference,188.0,33.0,154.0,153.0,10.0,13.0,26.0,NaN,NaN
kernel_anchored,1913,calibration,209.0,35.0,131.0,154.0,10.0,13.0,25.0,10.707319352176434,NaN
kernel_anchored,1914,reference,200.0,25.0,150.0,158.0,10.0,13.0,21.0,NaN,NaN
kernel_anchored,1915,calibration,168.0,34.0,158.0,169.0,10.0,14.0,24.0,27.98982199064038,NaN
kernel_anchored,1916,reference,212.0,41.0,106.0,168.0,11.0,13.0,26.0,NaN,NaN
kernel_anchored,1917,calibration,204.0,33.0,128.0,168.0,9.0,12.0,23.0,9.077540117583624,NaN
kernel_anchored,1918,reference,202.0,38.0,111.0,179.0,10.0,13.0,24.0,NaN,NaN
kernel_anchored,1919,calibration,213.0,28.0,152.0,142.0,8.0,12.0,22.0,21.28300007353196,NaN
kernel_anchored,1920,reference,198.0,29.0,155.0,151.0,7.0,13.0,24.0,NaN,NaN
kernel_anchored,1921,calibration,199.0,33.0,125.0,168.0,9.0,14.0,29.0,10.115495485323471,NaN
kernel_anchored,1922,reference,229.0,34.0,133.0,133.0,10.0,13.0,25.0,NaN,NaN
kernel_anchored,1923,calibration,218.0,31.0,126.0,154.0,8.0,14.0,26.0,14.770542536091199,NaN
kernel_anchored,1924,reference,200.0,37.0,130.0,167.0,7.0,13.0,23.0,NaN,NaN
kernel_anchored,1925,calibration,191.0,30.0,147.0,163.0,10.0,14.0,22.0,11.996187744942475,NaN
kernel_anchored,1926,reference,217.0,29.0,135.0,153.0,8.0,10.0,25.0,NaN,NaN
kernel_anchored,1927,calibration,184.0,47.0,114.0,182.0,11.0,14.0,25.0,24.689595748996958,NaN
kernel_anchored,1928,reference,215.0,32.0,127.0,158.0,9.0,14.0,22.0,NaN,NaN
kernel_anchored,1929,calibration,221.0,43.0,80.0,180.0,11.0,14.0,28.0,44.1268850629286,NaN
kernel_anchored,1930,reference,210.0,32.0,143.0,155.0,6.0,10.0,21.0,NaN,NaN
kernel_anchored,1931,calibration,201.0,26.0,154.0,150.0,9.0,14.0,23.0,16.472042764901815,NaN
kernel_anchored,1932,reference,188.0,27.0,157.0,159.0,7.0,12.0,27.0,NaN,NaN
kernel_anchored,1933,calibration,235.0,37.0,103.0,155.0,10.0,14.0,23.0,32.67513768223734,NaN
kernel_anchored,1934,reference,199.0,27.0,168.0,140.0,9.0,13.0,21.0,NaN,NaN
kernel_anchored,1935,calibration,214.0,31.0,148.0,141.0,8.0,11.0,24.0,20.497366302111203,NaN
kernel_anchored,1936,reference,177.0,42.0,128.0,177.0,9.0,14.0,30.0,NaN,NaN
kernel_anchored,1937,calibration,186.0,27.0,132.0,178.0,11.0,13.0,30.0,16.866276166335787,NaN
kernel_anchored,1938,reference,205.0,31.0,139.0,155.0,10.0,12.0,25.0,NaN,NaN
kernel_anchored,1939,calibration,197.0,37.0,147.0,155.0,8.0,11.0,22.0,11.947645624152287,NaN
kernel_anchored,1940,reference,198.0,33.0,149.0,153.0,7.0,11.0,26.0,NaN,NaN
kernel_anchored,1941,calibration,206.0,30.0,149.0,148.0,8.0,13.0,23.0,15.199473945508565,NaN
kernel_anchored,1942,reference,219.0,39.0,107.0,167.0,9.0,12.0,24.0,NaN,NaN
kernel_anchored,1943,calibration,208.0,24.0,150.0,150.0,9.0,12.0,24.0,16.423732652242684,NaN
kernel_anchored,1944,reference,199.0,34.0,143.0,152.0,9.0,14.0,26.0,NaN,NaN
kernel_anchored,1945,calibration,223.0,37.0,106.0,166.0,10.0,12.0,23.0,22.863746066773032,NaN
kernel_anchored,1946,reference,205.0,34.0,112.0,180.0,8.0,9.0,29.0,NaN,NaN
kernel_anchored,1947,calibration,217.0,26.0,134.0,155.0,9.0,12.0,24.0,14.339551970912183,NaN
kernel_anchored,1948,reference,208.0,36.0,105.0,179.0,8.0,13.0,28.0,NaN,NaN
kernel_anchored,1949,calibration,226.0,33.0,95.0,171.0,11.0,13.0,28.0,31.924492405320997,NaN
kernel_anchored,1950,reference,209.0,29.0,115.0,174.0,10.0,13.0,27.0,NaN,NaN
kernel_anchored,1951,calibration,175.0,33.0,151.0,166.0,10.0,14.0,28.0,20.698040671688936,NaN
kernel_anchored,1952,reference,215.0,34.0,106.0,171.0,10.0,13.0,28.0,NaN,NaN
kernel_anchored,1953,calibration,221.0,37.0,102.0,173.0,9.0,12.0,23.0,25.214283990805995,NaN
kernel_anchored,1954,reference,188.0,37.0,137.0,166.0,10.0,13.0,26.0,NaN,NaN
kernel_anchored,1955,calibration,193.0,36.0,139.0,162.0,10.0,13.0,24.0,9.540804866358005,NaN
kernel_anchored,1956,reference,219.0,26.0,151.0,138.0,10.0,12.0,21.0,NaN,NaN
kernel_anchored,1957,calibration,184.0,42.0,140.0,168.0,9.0,12.0,22.0,14.670221870291385,NaN
kernel_anchored,1958,reference,216.0,35.0,112.0,165.0,11.0,13.0,25.0,NaN,NaN
kernel_anchored,1959,calibration,199.0,36.0,140.0,161.0,10.0,13.0,18.0,9.745522596966715,NaN
kernel_anchored,1960,reference,215.0,40.0,110.0,163.0,8.0,13.0,28.0,NaN,NaN
kernel_anchored,1961,calibration,231.0,30.0,122.0,147.0,12.0,13.0,22.0,25.562776993351633,NaN
kernel_anchored,1962,reference,203.0,35.0,129.0,165.0,9.0,13.0,23.0,NaN,NaN
kernel_anchored,1963,calibration,196.0,33.0,162.0,145.0,9.0,13.0,19.0,22.171726030050593,NaN
kernel_anchored,1964,reference,213.0,30.0,130.0,157.0,10.0,12.0,25.0,NaN,NaN
kernel_anchored,1965,calibration,193.0,31.0,157.0,153.0,10.0,11.0,22.0,16.724710861464665,NaN
kernel_anchored,1966,reference,200.0,43.0,109.0,176.0,10.0,11.0,28.0,NaN,NaN
kernel_anchored,1967,calibration,201.0,36.0,125.0,171.0,11.0,11.0,22.0,10.324174667671105,NaN
kernel_anchored,1968,reference,217.0,46.0,80.0,184.0,10.0,13.0,27.0,NaN,NaN
kernel_anchored,1969,calibration,219.0,32.0,115.0,165.0,9.0,12.0,25.0,16.61143458895063,NaN
kernel_anchored,1970,reference,212.0,25.0,143.0,154.0,7.0,13.0,23.0,NaN,NaN
kernel_anchored,1971,calibration,184.0,34.0,155.0,155.0,10.0,12.0,27.0,17.865137403316176,NaN
kernel_anchored,1972,reference,210.0,24.0,149.0,150.0,10.0,12.0,22.0,NaN,NaN
kernel_anchored,1973,calibration,190.0,44.0,122.0,171.0,12.0,13.0,25.0,14.921620098769296,NaN
kernel_anchored,1974,reference,195.0,34.0,135.0,165.0,8.0,13.0,27.0,NaN,NaN
kernel_anchored,1975,calibration,195.0,34.0,158.0,143.0,9.0,12.0,26.0,20.8193051751036,NaN
kernel_anchored,1976,reference,217.0,31.0,109.0,171.0,11.0,14.0,24.0,NaN,NaN
kernel_anchored,1977,calibration,205.0,38.0,115.0,167.0,11.0,12.0,29.0,13.397032422897752,NaN
kernel_anchored,1978,reference,192.0,32.0,153.0,153.0,11.0,14.0,22.0,NaN,NaN
kernel_anchored,1979,calibration,211.0,36.0,127.0,159.0,10.0,13.0,21.0,10.719369480851661,NaN
kernel_anchored,1980,reference,196.0,33.0,137.0,164.0,11.0,12.0,24.0,NaN,NaN
kernel_anchored,1981,calibration,212.0,31.0,120.0,163.0,10.0,13.0,28.0,12.468088125402055,NaN
kernel_anchored,1982,reference,184.0,30.0,163.0,158.0,8.0,14.0,20.0,NaN,NaN
kernel_anchored,1983,calibration,194.0,40.0,129.0,166.0,10.0,13.0,25.0,10.17694624659931,NaN
kernel_anchored,1984,reference,202.0,38.0,122.0,172.0,9.0,13.0,21.0,NaN,NaN
kernel_anchored,1985,calibration,198.0,31.0,116.0,183.0,10.0,14.0,25.0,18.489907811344906,NaN
kernel_anchored,1986,reference,207.0,33.0,130.0,163.0,10.0,12.0,22.0,NaN,NaN
kernel_anchored,1987,calibration,185.0,36.0,129.0,180.0,9.0,13.0,25.0,17.053889112755094,NaN
kernel_anchored,1988,reference,218.0,39.0,96.0,177.0,9.0,12.0,26.0,NaN,NaN
kernel_anchored,1989,calibration,168.0,25.0,197.0,140.0,9.0,13.0,25.0,57.18260272876146,NaN
kernel_anchored,1990,reference,177.0,31.0,170.0,150.0,9.0,14.0,26.0,NaN,NaN
kernel_anchored,1991,calibration,193.0,37.0,115.0,182.0,11.0,12.0,27.0,19.19164718020272,NaN
kernel_anchored,1992,reference,189.0,35.0,140.0,166.0,12.0,12.0,23.0,NaN,NaN
kernel_anchored,1993,calibration,202.0,26.0,158.0,147.0,8.0,14.0,22.0,19.661925624705,NaN
kernel_anchored,1994,reference,197.0,32.0,138.0,164.0,10.0,12.0,24.0,NaN,NaN
kernel_anchored,1995,calibration,186.0,37.0,150.0,156.0,9.0,13.0,26.0,15.142064335117297,NaN
kernel_anchored,1996,reference,225.0,34.0,113.0,158.0,11.0,14.0,22.0,NaN,NaN
kernel_anchored,1997,calibration,215.0,35.0,110.0,169.0,10.0,12.0,26.0,17.472733616069036,NaN
kernel_anchored,1998,reference,184.0,36.0,134.0,176.0,10.0,14.0,23.0,NaN,NaN
kernel_anchored,1999,calibration,230.0,32.0,98.0,170.0,9.0,12.0,26.0,31.816272742958887,NaN
kernel_anchored,-1,observed,181.0,39.0,143.0,165.0,10.0,12.0,27.0,15.571777167142933,0.47952047952047955
