model,draw,role,NFP+,LR,RN+,ENS+,DIV,DVG,DVD,joint_score,observed_percentile
national_anchored,0,reference,170.0,22.0,175.0,162.0,10.0,13.0,25.0,NaN,NaN
national_anchored,1,calibration,212.0,24.0,143.0,159.0,8.0,13.0,18.0,16.827533247464732,NaN
national_anchored,2,reference,175.0,44.0,135.0,172.0,12.0,14.0,25.0,NaN,NaN
national_anchored,3,calibration,214.0,35.0,111.0,171.0,10.0,12.0,24.0,16.937084395921314,NaN
national_anchored,4,reference,205.0,41.0,111.0,172.0,12.0,14.0,22.0,NaN,NaN
national_anchored,5,calibration,227.0,39.0,115.0,155.0,9.0,10.0,22.0,21.997194489644283,NaN
national_anchored,6,reference,173.0,39.0,151.0,164.0,8.0,12.0,30.0,NaN,NaN
national_anchored,7,calibration,217.0,44.0,83.0,184.0,10.0,12.0,27.0,36.8506009129441,NaN
national_anchored,8,reference,190.0,25.0,167.0,154.0,12.0,13.0,16.0,NaN,NaN
national_anchored,9,calibration,203.0,45.0,93.0,186.0,9.0,13.0,28.0,30.22449722782238,NaN
national_anchored,10,reference,206.0,41.0,98.0,176.0,9.0,13.0,34.0,NaN,NaN
national_anchored,11,calibration,226.0,37.0,106.0,162.0,9.0,13.0,24.0,22.864652864363908,NaN
national_anchored,12,reference,204.0,42.0,103.0,177.0,10.0,13.0,28.0,NaN,NaN
national_anchored,13,calibration,203.0,38.0,130.0,157.0,10.0,14.0,25.0,12.667805828749767,NaN
national_anchored,14,reference,177.0,38.0,116.0,195.0,9.0,14.0,28.0,NaN,NaN
national_anchored,15,calibration,208.0,39.0,124.0,156.0,8.0,12.0,30.0,14.37179852492135,NaN
national_anchored,16,reference,185.0,21.0,167.0,159.0,9.0,13.0,23.0,NaN,NaN
national_anchored,17,calibration,191.0,35.0,149.0,159.0,8.0,14.0,21.0,15.875084313979148,NaN
national_anchored,18,reference,195.0,27.0,132.0,171.0,8.0,13.0,31.0,NaN,NaN
national_anchored,19,calibration,207.0,39.0,130.0,155.0,8.0,13.0,25.0,13.538484948521717,NaN
national_anchored,20,reference,192.0,25.0,149.0,169.0,11.0,12.0,19.0,NaN,NaN
national_anchored,21,calibration,199.0,18.0,193.0,121.0,9.0,13.0,24.0,53.60025546236601,NaN
national_anchored,22,reference,194.0,27.0,166.0,144.0,9.0,12.0,25.0,NaN,NaN
national_anchored,23,calibration,159.0,32.0,199.0,148.0,8.0,13.0,18.0,56.1127864745627,NaN
national_anchored,24,reference,202.0,24.0,164.0,143.0,9.0,11.0,24.0,NaN,NaN
national_anchored,25,calibration,210.0,20.0,152.0,153.0,10.0,14.0,18.0,20.73122259962933,NaN
national_anchored,26,reference,211.0,47.0,101.0,169.0,8.0,11.0,30.0,NaN,NaN
national_anchored,27,calibration,197.0,18.0,205.0,118.0,8.0,14.0,17.0,63.81893869407061,NaN
national_anchored,28,reference,204.0,40.0,104.0,183.0,10.0,12.0,24.0,NaN,NaN
national_anchored,29,calibration,173.0,37.0,139.0,176.0,11.0,13.0,28.0,22.051759885674866,NaN
national_anchored,30,reference,205.0,44.0,95.0,181.0,8.0,12.0,32.0,NaN,NaN
national_anchored,31,calibration,218.0,40.0,108.0,170.0,11.0,10.0,20.0,19.65763855264616,NaN
national_anchored,32,reference,210.0,36.0,140.0,144.0,11.0,11.0,25.0,NaN,NaN
national_anchored,33,calibration,225.0,31.0,98.0,175.0,10.0,14.0,24.0,27.133397823407986,NaN
national_anchored,34,reference,195.0,39.0,128.0,166.0,10.0,12.0,27.0,NaN,NaN
national_anchored,35,calibration,162.0,29.0,167.0,171.0,10.0,12.0,26.0,34.601701432228,NaN
national_anchored,36,reference,210.0,34.0,103.0,179.0,12.0,13.0,26.0,NaN,NaN
national_anchored,37,calibration,216.0,22.0,183.0,111.0,9.0,12.0,24.0,54.81225793370034,NaN
national_anchored,38,reference,180.0,37.0,152.0,164.0,9.0,13.0,22.0,NaN,NaN
national_anchored,39,calibration,209.0,25.0,127.0,179.0,9.0,12.0,16.0,17.906742410604213,NaN
national_anchored,40,reference,184.0,39.0,141.0,171.0,10.0,13.0,19.0,NaN,NaN
national_anchored,41,calibration,245.0,28.0,139.0,126.0,9.0,12.0,18.0,43.14915027607739,NaN
national_anchored,42,reference,235.0,39.0,94.0,162.0,10.0,11.0,26.0,NaN,NaN
national_anchored,43,calibration,150.0,39.0,185.0,156.0,8.0,13.0,26.0,50.79217903297143,NaN
national_anchored,44,reference,215.0,38.0,119.0,160.0,10.0,12.0,23.0,NaN,NaN
national_anchored,45,calibration,183.0,37.0,170.0,148.0,9.0,13.0,17.0,29.033189832278,NaN
national_anchored,46,reference,191.0,19.0,189.0,137.0,10.0,12.0,19.0,NaN,NaN
national_anchored,47,calibration,192.0,37.0,145.0,156.0,10.0,11.0,26.0,15.117582825665199,NaN
national_anchored,48,reference,197.0,26.0,182.0,129.0,9.0,14.0,20.0,NaN,NaN
national_anchored,49,calibration,224.0,19.0,120.0,173.0,7.0,10.0,24.0,22.57227983920281,NaN
national_anchored,50,reference,185.0,43.0,136.0,167.0,10.0,13.0,23.0,NaN,NaN
national_anchored,51,calibration,168.0,23.0,169.0,171.0,9.0,13.0,24.0,33.36425115451,NaN
national_anchored,52,reference,206.0,38.0,115.0,176.0,11.0,13.0,18.0,NaN,NaN
national_anchored,53,calibration,208.0,21.0,130.0,174.0,10.0,14.0,20.0,16.69050426824968,NaN
national_anchored,54,reference,187.0,23.0,161.0,165.0,10.0,12.0,19.0,NaN,NaN
national_anchored,55,calibration,180.0,34.0,151.0,164.0,9.0,13.0,26.0,19.151250652180952,NaN
national_anchored,56,reference,142.0,25.0,196.0,169.0,11.0,13.0,21.0,NaN,NaN
national_anchored,57,calibration,207.0,38.0,115.0,171.0,10.0,11.0,25.0,14.69127496671145,NaN
national_anchored,58,reference,160.0,38.0,149.0,176.0,11.0,14.0,29.0,NaN,NaN
national_anchored,59,calibration,214.0,41.0,110.0,168.0,10.0,10.0,24.0,17.45449294260077,NaN
national_anchored,60,reference,237.0,37.0,91.0,168.0,8.0,11.0,25.0,NaN,NaN
national_anchored,61,calibration,229.0,40.0,92.0,169.0,10.0,13.0,24.0,31.187027983670557,NaN
national_anchored,62,reference,184.0,38.0,141.0,168.0,8.0,13.0,25.0,NaN,NaN
national_anchored,63,calibration,199.0,22.0,144.0,168.0,8.0,12.0,24.0,15.825674555289279,NaN
national_anchored,64,reference,191.0,36.0,138.0,163.0,10.0,13.0,26.0,NaN,NaN
national_anchored,65,calibration,168.0,37.0,153.0,170.0,10.0,13.0,26.0,25.818831851623447,NaN
national_anchored,66,reference,155.0,46.0,151.0,175.0,10.0,12.0,28.0,NaN,NaN
national_anchored,67,calibration,187.0,41.0,128.0,173.0,11.0,13.0,24.0,15.680226629704496,NaN
national_anchored,68,reference,206.0,46.0,93.0,178.0,9.0,13.0,32.0,NaN,NaN
national_anchored,69,calibration,215.0,45.0,80.0,185.0,8.0,12.0,32.0,39.73974358126128,NaN
national_anchored,70,reference,186.0,43.0,118.0,179.0,8.0,13.0,30.0,NaN,NaN
national_anchored,71,calibration,217.0,37.0,121.0,160.0,10.0,13.0,19.0,15.829350075085738,NaN
national_anchored,72,reference,171.0,35.0,134.0,188.0,7.0,12.0,30.0,NaN,NaN
national_anchored,73,calibration,190.0,49.0,109.0,175.0,10.0,13.0,31.0,22.35613026090122,NaN
national_anchored,74,reference,217.0,32.0,150.0,129.0,8.0,13.0,28.0,NaN,NaN
national_anchored,75,calibration,183.0,32.0,160.0,160.0,8.0,13.0,21.0,21.643430055213923,NaN
national_anchored,76,reference,160.0,20.0,178.0,171.0,10.0,13.0,25.0,NaN,NaN
national_anchored,77,calibration,212.0,30.0,167.0,123.0,9.0,13.0,23.0,37.79840598633588,NaN
national_anchored,78,reference,195.0,36.0,156.0,146.0,8.0,13.0,23.0,NaN,NaN
national_anchored,79,calibration,162.0,25.0,181.0,165.0,7.0,12.0,25.0,41.82418172367548,NaN
national_anchored,80,reference,182.0,38.0,137.0,177.0,11.0,13.0,19.0,NaN,NaN
national_anchored,81,calibration,202.0,36.0,138.0,156.0,10.0,10.0,25.0,13.158193061294437,NaN
national_anchored,82,reference,232.0,37.0,96.0,169.0,9.0,12.0,22.0,NaN,NaN
national_anchored,83,calibration,166.0,39.0,140.0,192.0,8.0,13.0,19.0,32.48633033759215,NaN
national_anchored,84,reference,231.0,35.0,90.0,172.0,9.0,12.0,28.0,NaN,NaN
national_anchored,85,calibration,221.0,40.0,98.0,173.0,9.0,13.0,23.0,25.04561809259091,NaN
national_anchored,86,reference,173.0,36.0,145.0,170.0,10.0,13.0,30.0,NaN,NaN
national_anchored,87,calibration,195.0,35.0,158.0,149.0,8.0,13.0,19.0,20.724255154056163,NaN
national_anchored,88,reference,205.0,26.0,161.0,145.0,8.0,14.0,18.0,NaN,NaN
national_anchored,89,calibration,189.0,40.0,130.0,168.0,11.0,13.0,26.0,14.111216654043286,NaN
national_anchored,90,reference,216.0,30.0,149.0,142.0,9.0,12.0,19.0,NaN,NaN
national_anchored,91,calibration,210.0,29.0,160.0,133.0,8.0,14.0,23.0,28.917723294317323,NaN
national_anchored,92,reference,219.0,21.0,174.0,126.0,6.0,12.0,19.0,NaN,NaN
national_anchored,93,calibration,203.0,30.0,165.0,140.0,5.0,14.0,20.0,27.197370934500075,NaN
national_anchored,94,reference,173.0,36.0,150.0,169.0,10.0,13.0,26.0,NaN,NaN
national_anchored,95,calibration,214.0,38.0,117.0,162.0,10.0,13.0,23.0,15.132834945661624,NaN
national_anchored,96,reference,215.0,43.0,92.0,174.0,8.0,14.0,31.0,NaN,NaN
national_anchored,97,calibration,212.0,38.0,101.0,171.0,10.0,13.0,32.0,21.606447886850095,NaN
national_anchored,98,reference,185.0,40.0,138.0,165.0,10.0,13.0,26.0,NaN,NaN
national_anchored,99,calibration,220.0,31.0,115.0,163.0,10.0,13.0,25.0,17.647542650554637,NaN
national_anchored,100,reference,190.0,39.0,120.0,182.0,11.0,12.0,23.0,NaN,NaN
national_anchored,101,calibration,215.0,29.0,138.0,148.0,10.0,12.0,25.0,17.686741480341734,NaN
national_anchored,102,reference,194.0,25.0,191.0,124.0,10.0,14.0,19.0,NaN,NaN
national_anchored,103,calibration,218.0,23.0,179.0,119.0,10.0,11.0,17.0,48.48490930131261,NaN
national_anchored,104,reference,182.0,21.0,194.0,139.0,9.0,13.0,19.0,NaN,NaN
national_anchored,105,calibration,206.0,43.0,105.0,174.0,10.0,13.0,26.0,19.44303609153435,NaN
national_anchored,106,reference,223.0,38.0,120.0,147.0,10.0,13.0,26.0,NaN,NaN
national_anchored,107,calibration,217.0,26.0,122.0,169.0,10.0,12.0,21.0,16.669479454207806,NaN
national_anchored,108,reference,208.0,35.0,120.0,168.0,11.0,13.0,22.0,NaN,NaN
national_anchored,109,calibration,220.0,34.0,133.0,149.0,10.0,14.0,17.0,19.070001182451154,NaN
national_anchored,110,reference,175.0,19.0,181.0,157.0,10.0,14.0,21.0,NaN,NaN
national_anchored,111,calibration,220.0,28.0,110.0,171.0,10.0,11.0,27.0,20.123449136830192,NaN
national_anchored,112,reference,188.0,38.0,136.0,170.0,10.0,13.0,22.0,NaN,NaN
national_anchored,113,calibration,202.0,28.0,126.0,176.0,10.0,13.0,22.0,14.678368334325864,NaN
national_anchored,114,reference,142.0,36.0,188.0,172.0,6.0,13.0,20.0,NaN,NaN
national_anchored,115,calibration,197.0,33.0,144.0,157.0,10.0,13.0,23.0,13.921056298560284,NaN
national_anchored,116,reference,178.0,37.0,144.0,169.0,9.0,13.0,27.0,NaN,NaN
national_anchored,117,calibration,135.0,26.0,250.0,128.0,8.0,12.0,18.0,112.08639916481512,NaN
national_anchored,118,reference,209.0,16.0,181.0,131.0,9.0,12.0,19.0,NaN,NaN
national_anchored,119,calibration,174.0,35.0,185.0,140.0,10.0,13.0,20.0,42.37686257355995,NaN
national_anchored,120,reference,186.0,37.0,147.0,159.0,11.0,13.0,24.0,NaN,NaN
national_anchored,121,calibration,203.0,27.0,134.0,167.0,8.0,13.0,25.0,12.979158459956569,NaN
national_anchored,122,reference,207.0,38.0,131.0,157.0,9.0,12.0,23.0,NaN,NaN
national_anchored,123,calibration,211.0,23.0,136.0,162.0,9.0,11.0,25.0,15.137564212375036,NaN
national_anchored,124,reference,148.0,39.0,156.0,180.0,12.0,13.0,29.0,NaN,NaN
national_anchored,125,calibration,201.0,38.0,127.0,168.0,10.0,12.0,21.0,12.326542767525243,NaN
national_anchored,126,reference,228.0,24.0,145.0,133.0,9.0,12.0,26.0,NaN,NaN
national_anchored,127,calibration,174.0,21.0,160.0,176.0,10.0,14.0,22.0,28.50340420648882,NaN
national_anchored,128,reference,169.0,28.0,192.0,145.0,8.0,12.0,23.0,NaN,NaN
national_anchored,129,calibration,198.0,17.0,176.0,145.0,9.0,14.0,18.0,33.59685844744999,NaN
national_anchored,130,reference,191.0,39.0,135.0,164.0,10.0,12.0,26.0,NaN,NaN
national_anchored,131,calibration,219.0,19.0,122.0,164.0,10.0,12.0,31.0,19.775843464000626,NaN
national_anchored,132,reference,125.0,41.0,167.0,191.0,9.0,13.0,31.0,NaN,NaN
national_anchored,133,calibration,146.0,22.0,224.0,144.0,8.0,14.0,19.0,82.71296906637966,NaN
national_anchored,134,reference,225.0,41.0,102.0,165.0,10.0,12.0,22.0,NaN,NaN
national_anchored,135,calibration,220.0,40.0,103.0,167.0,10.0,12.0,25.0,21.699057881314683,NaN
national_anchored,136,reference,222.0,41.0,99.0,165.0,9.0,12.0,29.0,NaN,NaN
national_anchored,137,calibration,226.0,36.0,103.0,163.0,11.0,12.0,26.0,24.050200209087063,NaN
national_anchored,138,reference,212.0,23.0,137.0,158.0,9.0,14.0,24.0,NaN,NaN
national_anchored,139,calibration,227.0,25.0,145.0,141.0,10.0,12.0,17.0,27.329252999575697,NaN
national_anchored,140,reference,170.0,34.0,162.0,160.0,11.0,12.0,28.0,NaN,NaN
national_anchored,141,calibration,178.0,42.0,132.0,175.0,9.0,12.0,29.0,19.849195801431552,NaN
national_anchored,142,reference,201.0,20.0,155.0,163.0,8.0,13.0,17.0,NaN,NaN
national_anchored,143,calibration,184.0,36.0,162.0,155.0,7.0,12.0,21.0,22.89838235872688,NaN
national_anchored,144,reference,224.0,24.0,94.0,188.0,11.0,12.0,24.0,NaN,NaN
national_anchored,145,calibration,204.0,28.0,163.0,147.0,8.0,10.0,17.0,24.324094487943402,NaN
national_anchored,146,reference,196.0,25.0,154.0,167.0,8.0,10.0,17.0,NaN,NaN
national_anchored,147,calibration,196.0,25.0,125.0,181.0,9.0,13.0,28.0,17.709341022146038,NaN
national_anchored,148,reference,192.0,22.0,158.0,161.0,10.0,12.0,22.0,NaN,NaN
national_anchored,149,calibration,237.0,40.0,90.0,167.0,10.0,10.0,23.0,36.58050562103658,NaN
national_anchored,150,reference,173.0,26.0,189.0,145.0,9.0,12.0,23.0,NaN,NaN
national_anchored,151,calibration,184.0,30.0,177.0,140.0,10.0,14.0,22.0,34.609226696326004,NaN
national_anchored,152,reference,206.0,38.0,128.0,162.0,10.0,11.0,22.0,NaN,NaN
national_anchored,153,calibration,214.0,21.0,151.0,150.0,9.0,12.0,20.0,21.486944647006812,NaN
national_anchored,154,reference,176.0,20.0,188.0,151.0,10.0,13.0,19.0,NaN,NaN
national_anchored,155,calibration,176.0,21.0,215.0,126.0,8.0,13.0,18.0,69.68604002461743,NaN
national_anchored,156,reference,204.0,44.0,101.0,183.0,10.0,13.0,22.0,NaN,NaN
national_anchored,157,calibration,183.0,37.0,121.0,188.0,8.0,13.0,27.0,23.224189189243422,NaN
national_anchored,158,reference,213.0,20.0,155.0,151.0,9.0,12.0,17.0,NaN,NaN
national_anchored,159,calibration,141.0,46.0,141.0,203.0,9.0,11.0,26.0,54.480636556799425,NaN
national_anchored,160,reference,202.0,38.0,118.0,174.0,10.0,12.0,23.0,NaN,NaN
national_anchored,161,calibration,206.0,43.0,96.0,185.0,10.0,12.0,25.0,27.503643302514693,NaN
national_anchored,162,reference,150.0,25.0,196.0,161.0,10.0,14.0,21.0,NaN,NaN
national_anchored,163,calibration,209.0,36.0,119.0,166.0,11.0,11.0,25.0,13.522786543487033,NaN
national_anchored,164,reference,228.0,20.0,169.0,120.0,9.0,13.0,18.0,NaN,NaN
national_anchored,165,calibration,217.0,34.0,141.0,142.0,6.0,13.0,24.0,21.02245611369374,NaN
national_anchored,166,reference,182.0,32.0,160.0,157.0,11.0,12.0,23.0,NaN,NaN
national_anchored,167,calibration,206.0,38.0,102.0,181.0,10.0,14.0,26.0,22.267461767357627,NaN
national_anchored,168,reference,231.0,37.0,76.0,183.0,9.0,12.0,29.0,NaN,NaN
national_anchored,169,calibration,210.0,31.0,146.0,152.0,8.0,13.0,17.0,17.244490671067506,NaN
national_anchored,170,reference,176.0,39.0,143.0,172.0,10.0,13.0,24.0,NaN,NaN
national_anchored,171,calibration,209.0,37.0,107.0,173.0,9.0,13.0,29.0,18.152068206345167,NaN
national_anchored,172,reference,190.0,24.0,200.0,121.0,10.0,12.0,20.0,NaN,NaN
national_anchored,173,calibration,190.0,29.0,144.0,167.0,11.0,14.0,22.0,15.09765515823398,NaN
national_anchored,174,reference,233.0,19.0,120.0,157.0,9.0,12.0,27.0,NaN,NaN
national_anchored,175,calibration,214.0,38.0,103.0,170.0,9.0,12.0,31.0,20.662528071785022,NaN
national_anchored,176,reference,211.0,43.0,93.0,183.0,10.0,12.0,25.0,NaN,NaN
national_anchored,177,calibration,194.0,40.0,111.0,178.0,9.0,14.0,31.0,19.318789619908213,NaN
national_anchored,178,reference,215.0,26.0,129.0,164.0,8.0,12.0,23.0,NaN,NaN
national_anchored,179,calibration,213.0,29.0,149.0,142.0,9.0,13.0,22.0,21.62311051347483,NaN
national_anchored,180,reference,219.0,40.0,93.0,176.0,8.0,14.0,27.0,NaN,NaN
national_anchored,181,calibration,227.0,40.0,87.0,178.0,8.0,12.0,25.0,34.754665483548024,NaN
national_anchored,182,reference,218.0,40.0,105.0,167.0,10.0,13.0,24.0,NaN,NaN
national_anchored,183,calibration,231.0,34.0,100.0,162.0,10.0,14.0,26.0,27.994379374653835,NaN
national_anchored,184,reference,217.0,25.0,165.0,126.0,9.0,13.0,22.0,NaN,NaN
national_anchored,185,calibration,218.0,38.0,113.0,158.0,11.0,13.0,26.0,17.97578850626137,NaN
national_anchored,186,reference,183.0,34.0,141.0,168.0,9.0,13.0,29.0,NaN,NaN
national_anchored,187,calibration,213.0,36.0,146.0,136.0,10.0,12.0,24.0,23.70012123204391,NaN
national_anchored,188,reference,160.0,48.0,123.0,191.0,9.0,15.0,31.0,NaN,NaN
national_anchored,189,calibration,232.0,45.0,69.0,184.0,12.0,11.0,24.0,52.0822775256831,NaN
national_anchored,190,reference,214.0,29.0,160.0,134.0,10.0,11.0,19.0,NaN,NaN
national_anchored,191,calibration,170.0,30.0,199.0,137.0,12.0,13.0,16.0,54.65449197253774,NaN
national_anchored,192,reference,191.0,34.0,146.0,159.0,10.0,13.0,24.0,NaN,NaN
national_anchored,193,calibration,208.0,39.0,115.0,170.0,9.0,13.0,23.0,14.737197317032642,NaN
national_anchored,194,reference,224.0,25.0,130.0,151.0,11.0,13.0,23.0,NaN,NaN
national_anchored,195,calibration,206.0,29.0,150.0,146.0,9.0,13.0,24.0,18.945992041982,NaN
national_anchored,196,reference,191.0,37.0,128.0,172.0,10.0,13.0,26.0,NaN,NaN
national_anchored,197,calibration,228.0,29.0,93.0,177.0,6.0,13.0,31.0,32.40822737768086,NaN
national_anchored,198,reference,193.0,39.0,98.0,192.0,10.0,13.0,32.0,NaN,NaN
national_anchored,199,calibration,254.0,37.0,83.0,154.0,10.0,12.0,27.0,52.532334589153464,NaN
national_anchored,200,reference,224.0,36.0,116.0,157.0,10.0,11.0,23.0,NaN,NaN
national_anchored,201,calibration,169.0,30.0,188.0,142.0,9.0,13.0,26.0,45.37898041102706,NaN
national_anchored,202,reference,223.0,46.0,75.0,181.0,10.0,14.0,28.0,NaN,NaN
national_anchored,203,calibration,244.0,29.0,72.0,183.0,10.0,11.0,28.0,54.952650556997824,NaN
national_anchored,204,reference,195.0,33.0,144.0,156.0,11.0,13.0,25.0,NaN,NaN
national_anchored,205,calibration,235.0,45.0,90.0,163.0,10.0,13.0,21.0,36.37861109521474,NaN
national_anchored,206,reference,208.0,21.0,181.0,130.0,7.0,12.0,18.0,NaN,NaN
national_anchored,207,calibration,218.0,30.0,144.0,145.0,10.0,12.0,18.0,21.056956888786612,NaN
national_anchored,208,reference,198.0,21.0,150.0,161.0,9.0,12.0,26.0,NaN,NaN
national_anchored,209,calibration,188.0,19.0,214.0,116.0,8.0,13.0,19.0,71.61837321195229,NaN
national_anchored,210,reference,205.0,38.0,110.0,175.0,11.0,12.0,26.0,NaN,NaN
national_anchored,211,calibration,212.0,37.0,141.0,140.0,10.0,13.0,24.0,20.604880809765763,NaN
national_anchored,212,reference,193.0,35.0,146.0,158.0,9.0,12.0,24.0,NaN,NaN
national_anchored,213,calibration,165.0,45.0,129.0,185.0,10.0,14.0,29.0,30.62170606638477,NaN
national_anchored,214,reference,183.0,29.0,157.0,158.0,10.0,13.0,27.0,NaN,NaN
national_anchored,215,calibration,203.0,35.0,134.0,159.0,10.0,13.0,23.0,12.18863139496575,NaN
national_anchored,216,reference,208.0,26.0,171.0,126.0,8.0,13.0,25.0,NaN,NaN
national_anchored,217,calibration,176.0,26.0,179.0,153.0,9.0,12.0,22.0,35.03475531324473,NaN
national_anchored,218,reference,182.0,47.0,114.0,187.0,12.0,11.0,24.0,NaN,NaN
national_anchored,219,calibration,220.0,37.0,99.0,171.0,11.0,12.0,27.0,23.79745602281439,NaN
national_anchored,220,reference,199.0,46.0,94.0,183.0,11.0,13.0,31.0,NaN,NaN
national_anchored,221,calibration,204.0,41.0,105.0,175.0,10.0,14.0,28.0,19.477639943260638,NaN
national_anchored,222,reference,215.0,44.0,98.0,174.0,10.0,13.0,23.0,NaN,NaN
national_anchored,223,calibration,201.0,42.0,110.0,173.0,9.0,13.0,29.0,17.394888482761996,NaN
national_anchored,224,reference,210.0,39.0,126.0,158.0,11.0,12.0,21.0,NaN,NaN
national_anchored,225,calibration,195.0,35.0,140.0,162.0,9.0,13.0,23.0,12.880490874792688,NaN
national_anchored,226,reference,220.0,39.0,125.0,140.0,11.0,12.0,30.0,NaN,NaN
national_anchored,227,calibration,148.0,20.0,219.0,147.0,7.0,13.0,23.0,77.47327887828436,NaN
national_anchored,228,reference,196.0,21.0,196.0,123.0,9.0,12.0,20.0,NaN,NaN
national_anchored,229,calibration,226.0,42.0,84.0,176.0,10.0,11.0,28.0,36.305874418906626,NaN
national_anchored,230,reference,184.0,33.0,157.0,156.0,10.0,13.0,24.0,NaN,NaN
national_anchored,231,calibration,138.0,34.0,179.0,176.0,11.0,14.0,25.0,56.52290842338191,NaN
national_anchored,232,reference,219.0,44.0,84.0,179.0,9.0,14.0,28.0,NaN,NaN
national_anchored,233,calibration,230.0,40.0,85.0,171.0,10.0,11.0,30.0,36.57207696577183,NaN
national_anchored,234,reference,167.0,37.0,155.0,173.0,7.0,13.0,25.0,NaN,NaN
national_anchored,235,calibration,189.0,31.0,136.0,171.0,11.0,12.0,27.0,14.55633768699769,NaN
national_anchored,236,reference,194.0,36.0,122.0,176.0,8.0,13.0,28.0,NaN,NaN
national_anchored,237,calibration,173.0,35.0,175.0,149.0,11.0,13.0,21.0,34.14936168334934,NaN
national_anchored,238,reference,223.0,42.0,98.0,166.0,9.0,12.0,27.0,NaN,NaN
national_anchored,239,calibration,236.0,26.0,124.0,149.0,9.0,14.0,19.0,27.976752876979337,NaN
national_anchored,240,reference,151.0,24.0,179.0,171.0,11.0,14.0,27.0,NaN,NaN
national_anchored,241,calibration,170.0,44.0,135.0,175.0,12.0,13.0,28.0,24.22527124283369,NaN
national_anchored,242,reference,218.0,34.0,108.0,167.0,10.0,12.0,28.0,NaN,NaN
national_anchored,243,calibration,180.0,37.0,149.0,165.0,9.0,13.0,24.0,18.69492035950488,NaN
national_anchored,244,reference,172.0,33.0,173.0,152.0,10.0,13.0,24.0,NaN,NaN
national_anchored,245,calibration,202.0,40.0,129.0,157.0,8.0,14.0,27.0,13.11837862670922,NaN
national_anchored,246,reference,211.0,44.0,98.0,172.0,10.0,14.0,28.0,NaN,NaN
national_anchored,247,calibration,228.0,36.0,117.0,150.0,8.0,13.0,25.0,23.1099277784195,NaN
national_anchored,248,reference,176.0,25.0,163.0,164.0,11.0,12.0,26.0,NaN,NaN
national_anchored,249,calibration,191.0,45.0,110.0,180.0,12.0,13.0,26.0,21.45318628946755,NaN
national_anchored,250,reference,228.0,45.0,75.0,177.0,10.0,12.0,30.0,NaN,NaN
national_anchored,251,calibration,168.0,37.0,144.0,178.0,9.0,14.0,27.0,25.73247194638365,NaN
national_anchored,252,reference,210.0,38.0,96.0,179.0,10.0,14.0,30.0,NaN,NaN
national_anchored,253,calibration,170.0,39.0,158.0,162.0,10.0,13.0,25.0,26.088065855187732,NaN
national_anchored,254,reference,210.0,39.0,125.0,165.0,9.0,12.0,17.0,NaN,NaN
national_anchored,255,calibration,215.0,44.0,81.0,186.0,10.0,14.0,27.0,38.7116933159126,NaN
national_anchored,256,reference,211.0,40.0,112.0,166.0,11.0,12.0,25.0,NaN,NaN
national_anchored,257,calibration,195.0,39.0,121.0,173.0,10.0,14.0,25.0,14.332831589218653,NaN
national_anchored,258,reference,191.0,35.0,124.0,178.0,13.0,12.0,24.0,NaN,NaN
national_anchored,259,calibration,204.0,39.0,111.0,176.0,10.0,13.0,24.0,16.896692457231,NaN
national_anchored,260,reference,201.0,40.0,118.0,164.0,9.0,13.0,32.0,NaN,NaN
national_anchored,261,calibration,211.0,41.0,106.0,171.0,9.0,11.0,28.0,18.76685893190557,NaN
national_anchored,262,reference,225.0,43.0,89.0,175.0,9.0,12.0,24.0,NaN,NaN
national_anchored,263,calibration,219.0,25.0,143.0,146.0,9.0,12.0,23.0,21.119224562769514,NaN
national_anchored,264,reference,183.0,38.0,146.0,160.0,10.0,13.0,27.0,NaN,NaN
national_anchored,265,calibration,183.0,38.0,143.0,168.0,10.0,12.0,23.0,16.636653351948286,NaN
national_anchored,266,reference,148.0,26.0,204.0,155.0,11.0,13.0,20.0,NaN,NaN
national_anchored,267,calibration,229.0,36.0,90.0,177.0,7.0,13.0,25.0,33.40442260236307,NaN
national_anchored,268,reference,216.0,30.0,106.0,174.0,10.0,13.0,28.0,NaN,NaN
national_anchored,269,calibration,204.0,25.0,140.0,163.0,8.0,13.0,24.0,13.960647385201941,NaN
national_anchored,270,reference,155.0,38.0,170.0,171.0,7.0,13.0,23.0,NaN,NaN
national_anchored,271,calibration,173.0,36.0,151.0,177.0,9.0,12.0,19.0,24.604233429852126,NaN
national_anchored,272,reference,220.0,39.0,98.0,170.0,10.0,13.0,27.0,NaN,NaN
national_anchored,273,calibration,199.0,34.0,136.0,167.0,6.0,12.0,23.0,12.434352363336377,NaN
national_anchored,274,reference,207.0,44.0,105.0,169.0,7.0,13.0,32.0,NaN,NaN
national_anchored,275,calibration,210.0,39.0,128.0,156.0,10.0,12.0,22.0,13.84016814545664,NaN
national_anchored,276,reference,193.0,26.0,156.0,156.0,9.0,13.0,24.0,NaN,NaN
national_anchored,277,calibration,210.0,45.0,97.0,177.0,11.0,14.0,23.0,24.964509587992143,NaN
national_anchored,278,reference,198.0,23.0,150.0,164.0,9.0,12.0,21.0,NaN,NaN
national_anchored,279,calibration,193.0,24.0,169.0,147.0,10.0,13.0,21.0,27.211895906209488,NaN
national_anchored,280,reference,194.0,28.0,134.0,175.0,10.0,11.0,25.0,NaN,NaN
national_anchored,281,calibration,196.0,46.0,91.0,196.0,9.0,11.0,28.0,37.1503967671094,NaN
national_anchored,282,reference,207.0,38.0,109.0,176.0,8.0,12.0,27.0,NaN,NaN
national_anchored,283,calibration,221.0,36.0,93.0,179.0,9.0,13.0,26.0,28.99207900363307,NaN
national_anchored,284,reference,193.0,28.0,161.0,148.0,10.0,13.0,24.0,NaN,NaN
national_anchored,285,calibration,218.0,38.0,108.0,168.0,10.0,13.0,22.0,18.943963653309535,NaN
national_anchored,286,reference,193.0,42.0,116.0,178.0,10.0,12.0,26.0,NaN,NaN
national_anchored,287,calibration,178.0,38.0,143.0,170.0,10.0,13.0,25.0,18.803075310972996,NaN
national_anchored,288,reference,198.0,23.0,151.0,158.0,9.0,11.0,27.0,NaN,NaN
national_anchored,289,calibration,215.0,39.0,105.0,172.0,11.0,14.0,21.0,19.962108101106022,NaN
national_anchored,290,reference,190.0,38.0,133.0,168.0,9.0,13.0,26.0,NaN,NaN
national_anchored,291,calibration,201.0,29.0,150.0,149.0,10.0,13.0,25.0,17.55456082548041,NaN
national_anchored,292,reference,234.0,37.0,96.0,162.0,9.0,13.0,26.0,NaN,NaN
national_anchored,293,calibration,208.0,38.0,135.0,149.0,10.0,13.0,24.0,15.446579575425499,NaN
national_anchored,294,reference,189.0,21.0,177.0,142.0,8.0,13.0,27.0,NaN,NaN
national_anchored,295,calibration,206.0,18.0,152.0,153.0,9.0,14.0,25.0,20.311440546218225,NaN
national_anchored,296,reference,228.0,24.0,108.0,166.0,10.0,14.0,27.0,NaN,NaN
national_anchored,297,calibration,233.0,39.0,82.0,180.0,12.0,13.0,18.0,41.697015564551066,NaN
national_anchored,298,reference,205.0,42.0,103.0,180.0,9.0,12.0,26.0,NaN,NaN
national_anchored,299,calibration,151.0,40.0,170.0,164.0,10.0,14.0,28.0,42.36217497087398,NaN
national_anchored,300,reference,131.0,32.0,181.0,179.0,12.0,13.0,29.0,NaN,NaN
national_anchored,301,calibration,191.0,35.0,122.0,175.0,11.0,14.0,29.0,15.666234321671343,NaN
national_anchored,302,reference,224.0,42.0,90.0,173.0,12.0,13.0,23.0,NaN,NaN
national_anchored,303,calibration,220.0,43.0,97.0,170.0,8.0,12.0,27.0,25.392956881457014,NaN
national_anchored,304,reference,222.0,46.0,100.0,159.0,11.0,12.0,27.0,NaN,NaN
national_anchored,305,calibration,222.0,32.0,133.0,145.0,9.0,10.0,26.0,20.8412806500916,NaN
national_anchored,306,reference,172.0,40.0,135.0,179.0,10.0,14.0,27.0,NaN,NaN
national_anchored,307,calibration,191.0,27.0,132.0,176.0,10.0,12.0,29.0,16.028227137797597,NaN
national_anchored,308,reference,221.0,36.0,115.0,159.0,10.0,11.0,25.0,NaN,NaN
national_anchored,309,calibration,230.0,38.0,106.0,157.0,9.0,11.0,26.0,25.690240885992967,NaN
national_anchored,310,reference,162.0,41.0,152.0,171.0,12.0,12.0,27.0,NaN,NaN
national_anchored,311,calibration,199.0,27.0,166.0,139.0,11.0,13.0,22.0,27.76807358761484,NaN
national_anchored,312,reference,183.0,34.0,127.0,183.0,11.0,13.0,26.0,NaN,NaN
national_anchored,313,calibration,214.0,38.0,125.0,154.0,8.0,10.0,28.0,15.613780087591184,NaN
national_anchored,314,reference,205.0,38.0,121.0,167.0,11.0,14.0,21.0,NaN,NaN
national_anchored,315,calibration,195.0,34.0,122.0,185.0,10.0,13.0,18.0,19.005381762614466,NaN
national_anchored,316,reference,214.0,26.0,147.0,144.0,11.0,13.0,22.0,NaN,NaN
national_anchored,317,calibration,142.0,39.0,182.0,167.0,9.0,13.0,25.0,54.23630539926411,NaN
national_anchored,318,reference,182.0,23.0,167.0,160.0,8.0,13.0,24.0,NaN,NaN
national_anchored,319,calibration,197.0,33.0,111.0,190.0,11.0,13.0,22.0,23.544674272316147,NaN
national_anchored,320,reference,221.0,42.0,83.0,183.0,10.0,13.0,25.0,NaN,NaN
national_anchored,321,calibration,219.0,22.0,150.0,139.0,8.0,12.0,27.0,26.27249235202233,NaN
national_anchored,322,reference,190.0,37.0,149.0,159.0,10.0,12.0,20.0,NaN,NaN
national_anchored,323,calibration,242.0,36.0,78.0,171.0,10.0,14.0,26.0,47.12887882848784,NaN
national_anchored,324,reference,202.0,39.0,114.0,179.0,8.0,12.0,23.0,NaN,NaN
national_anchored,325,calibration,204.0,37.0,132.0,161.0,8.0,12.0,23.0,12.092615869983593,NaN
national_anchored,326,reference,191.0,46.0,109.0,183.0,9.0,13.0,26.0,NaN,NaN
national_anchored,327,calibration,181.0,40.0,139.0,166.0,10.0,12.0,29.0,17.226900629680667,NaN
national_anchored,328,reference,193.0,30.0,153.0,157.0,11.0,12.0,21.0,NaN,NaN
national_anchored,329,calibration,209.0,38.0,111.0,175.0,10.0,12.0,22.0,16.97243202722157,NaN
national_anchored,330,reference,176.0,32.0,180.0,143.0,8.0,12.0,26.0,NaN,NaN
national_anchored,331,calibration,216.0,24.0,126.0,161.0,11.0,14.0,25.0,16.13225556868421,NaN
national_anchored,332,reference,211.0,36.0,126.0,159.0,9.0,12.0,24.0,NaN,NaN
national_anchored,333,calibration,190.0,18.0,160.0,167.0,10.0,13.0,19.0,23.423569050259385,NaN
national_anchored,334,reference,219.0,30.0,105.0,178.0,8.0,10.0,27.0,NaN,NaN
national_anchored,335,calibration,197.0,38.0,108.0,186.0,8.0,13.0,27.0,22.41361652751033,NaN
national_anchored,336,reference,183.0,21.0,183.0,149.0,8.0,13.0,20.0,NaN,NaN
national_anchored,337,calibration,206.0,24.0,142.0,164.0,12.0,13.0,16.0,15.830082851690928,NaN
national_anchored,338,reference,203.0,38.0,119.0,173.0,9.0,13.0,22.0,NaN,NaN
national_anchored,339,calibration,212.0,39.0,108.0,170.0,10.0,12.0,26.0,17.583039360830025,NaN
national_anchored,340,reference,192.0,46.0,103.0,181.0,10.0,14.0,31.0,NaN,NaN
national_anchored,341,calibration,206.0,19.0,181.0,125.0,9.0,14.0,23.0,44.30397191228947,NaN
national_anchored,342,reference,156.0,23.0,200.0,154.0,10.0,13.0,21.0,NaN,NaN
national_anchored,343,calibration,244.0,30.0,101.0,156.0,9.0,10.0,27.0,36.68578604203647,NaN
national_anchored,344,reference,223.0,34.0,131.0,142.0,10.0,11.0,26.0,NaN,NaN
national_anchored,345,calibration,209.0,40.0,110.0,173.0,12.0,13.0,20.0,17.39946112745029,NaN
national_anchored,346,reference,209.0,43.0,104.0,170.0,11.0,14.0,26.0,NaN,NaN
national_anchored,347,calibration,162.0,30.0,166.0,166.0,10.0,12.0,31.0,33.958935824465115,NaN
national_anchored,348,reference,178.0,41.0,130.0,182.0,12.0,11.0,23.0,NaN,NaN
national_anchored,349,calibration,208.0,41.0,94.0,178.0,8.0,12.0,36.0,27.721641306158322,NaN
national_anchored,350,reference,159.0,33.0,210.0,128.0,9.0,13.0,25.0,NaN,NaN
national_anchored,351,calibration,210.0,33.0,121.0,171.0,9.0,12.0,21.0,14.095203207903655,NaN
national_anchored,352,reference,226.0,41.0,87.0,176.0,10.0,12.0,25.0,NaN,NaN
national_anchored,353,calibration,188.0,20.0,205.0,122.0,10.0,12.0,20.0,61.73683303709531,NaN
national_anchored,354,reference,227.0,41.0,85.0,175.0,10.0,12.0,27.0,NaN,NaN
national_anchored,355,calibration,206.0,38.0,121.0,165.0,9.0,12.0,26.0,12.876674047965967,NaN
national_anchored,356,reference,236.0,35.0,111.0,150.0,10.0,13.0,22.0,NaN,NaN
national_anchored,357,calibration,156.0,27.0,209.0,144.0,8.0,12.0,21.0,65.69832680040886,NaN
national_anchored,358,reference,189.0,24.0,168.0,156.0,10.0,11.0,19.0,NaN,NaN
national_anchored,359,calibration,220.0,38.0,90.0,176.0,10.0,14.0,29.0,30.074165576785017,NaN
national_anchored,360,reference,200.0,15.0,143.0,165.0,10.0,12.0,32.0,NaN,NaN
national_anchored,361,calibration,230.0,43.0,78.0,177.0,12.0,12.0,25.0,42.44689835702468,NaN
national_anchored,362,reference,210.0,21.0,150.0,152.0,11.0,13.0,20.0,NaN,NaN
national_anchored,363,calibration,133.0,19.0,195.0,179.0,11.0,12.0,28.0,70.61218947402284,NaN
national_anchored,364,reference,233.0,26.0,94.0,182.0,11.0,10.0,21.0,NaN,NaN
national_anchored,365,calibration,195.0,37.0,134.0,163.0,9.0,13.0,26.0,12.367254312353683,NaN
national_anchored,366,reference,213.0,40.0,87.0,192.0,11.0,12.0,22.0,NaN,NaN
national_anchored,367,calibration,210.0,32.0,111.0,184.0,9.0,11.0,20.0,20.846631272162842,NaN
national_anchored,368,reference,197.0,21.0,187.0,129.0,8.0,14.0,21.0,NaN,NaN
national_anchored,369,calibration,217.0,28.0,141.0,144.0,11.0,13.0,23.0,20.353276066290807,NaN
national_anchored,370,reference,167.0,36.0,169.0,157.0,9.0,14.0,25.0,NaN,NaN
national_anchored,371,calibration,172.0,45.0,134.0,176.0,7.0,13.0,30.0,23.796411294031362,NaN
national_anchored,372,reference,184.0,22.0,201.0,130.0,8.0,12.0,20.0,NaN,NaN
national_anchored,373,calibration,157.0,42.0,148.0,177.0,10.0,13.0,30.0,33.54786976335146,NaN
national_anchored,374,reference,224.0,37.0,108.0,160.0,10.0,12.0,26.0,NaN,NaN
national_anchored,375,calibration,212.0,35.0,126.0,159.0,9.0,13.0,23.0,13.494292717294467,NaN
national_anchored,376,reference,207.0,36.0,109.0,174.0,10.0,13.0,28.0,NaN,NaN
national_anchored,377,calibration,221.0,40.0,99.0,171.0,9.0,14.0,23.0,24.295235787150187,NaN
national_anchored,378,reference,209.0,40.0,91.0,183.0,10.0,13.0,31.0,NaN,NaN
national_anchored,379,calibration,198.0,38.0,141.0,151.0,10.0,12.0,27.0,15.087860022972986,NaN
national_anchored,380,reference,177.0,21.0,169.0,166.0,11.0,12.0,21.0,NaN,NaN
national_anchored,381,calibration,212.0,42.0,94.0,172.0,10.0,14.0,33.0,26.33911359895625,NaN
national_anchored,382,reference,198.0,41.0,110.0,181.0,11.0,13.0,23.0,NaN,NaN
national_anchored,383,calibration,212.0,36.0,132.0,151.0,8.0,11.0,27.0,15.425156206564719,NaN
national_anchored,384,reference,209.0,26.0,143.0,158.0,11.0,12.0,18.0,NaN,NaN
national_anchored,385,calibration,197.0,29.0,166.0,134.0,7.0,13.0,31.0,30.50707430224968,NaN
national_anchored,386,reference,169.0,22.0,169.0,168.0,11.0,14.0,24.0,NaN,NaN
national_anchored,387,calibration,192.0,33.0,142.0,161.0,9.0,13.0,27.0,13.830200683969299,NaN
national_anchored,388,reference,211.0,36.0,108.0,170.0,9.0,13.0,30.0,NaN,NaN
national_anchored,389,calibration,180.0,30.0,147.0,171.0,11.0,12.0,26.0,19.126706497091224,NaN
national_anchored,390,reference,169.0,36.0,164.0,161.0,10.0,13.0,24.0,NaN,NaN
national_anchored,391,calibration,170.0,43.0,136.0,173.0,10.0,14.0,31.0,23.94640478530935,NaN
national_anchored,392,reference,165.0,36.0,173.0,160.0,6.0,12.0,25.0,NaN,NaN
national_anchored,393,calibration,230.0,36.0,123.0,144.0,10.0,12.0,22.0,25.378492990370123,NaN
national_anchored,394,reference,212.0,34.0,127.0,160.0,10.0,12.0,22.0,NaN,NaN
national_anchored,395,calibration,159.0,24.0,192.0,155.0,10.0,13.0,24.0,50.55619873005297,NaN
national_anchored,396,reference,176.0,46.0,129.0,176.0,11.0,12.0,27.0,NaN,NaN
national_anchored,397,calibration,199.0,38.0,122.0,172.0,8.0,11.0,27.0,13.506760634154656,NaN
national_anchored,398,reference,175.0,33.0,150.0,177.0,11.0,12.0,19.0,NaN,NaN
national_anchored,399,calibration,152.0,40.0,162.0,175.0,11.0,14.0,23.0,39.64455342861136,NaN
national_anchored,400,reference,193.0,40.0,133.0,166.0,11.0,12.0,22.0,NaN,NaN
national_anchored,401,calibration,195.0,40.0,117.0,174.0,9.0,14.0,28.0,15.748615843135443,NaN
national_anchored,402,reference,157.0,40.0,158.0,172.0,11.0,13.0,26.0,NaN,NaN
national_anchored,403,calibration,222.0,37.0,109.0,163.0,11.0,13.0,22.0,20.05442764533335,NaN
national_anchored,404,reference,167.0,47.0,111.0,200.0,10.0,13.0,29.0,NaN,NaN
national_anchored,405,calibration,203.0,41.0,107.0,181.0,11.0,13.0,21.0,20.5335559963,NaN
national_anchored,406,reference,203.0,37.0,150.0,141.0,9.0,13.0,24.0,NaN,NaN
national_anchored,407,calibration,190.0,34.0,168.0,140.0,9.0,11.0,25.0,28.647848009134275,NaN
national_anchored,408,reference,214.0,44.0,89.0,181.0,10.0,12.0,27.0,NaN,NaN
national_anchored,409,calibration,238.0,37.0,89.0,167.0,9.0,13.0,24.0,37.49305118746342,NaN
national_anchored,410,reference,142.0,33.0,188.0,164.0,9.0,13.0,28.0,NaN,NaN
national_anchored,411,calibration,212.0,44.0,98.0,177.0,10.0,13.0,23.0,24.34315905432185,NaN
national_anchored,412,reference,228.0,35.0,111.0,159.0,10.0,11.0,23.0,NaN,NaN
national_anchored,413,calibration,173.0,40.0,141.0,172.0,9.0,12.0,30.0,21.83087896248384,NaN
national_anchored,414,reference,195.0,20.0,137.0,174.0,10.0,14.0,27.0,NaN,NaN
national_anchored,415,calibration,207.0,37.0,109.0,178.0,9.0,12.0,25.0,18.185980745453318,NaN
national_anchored,416,reference,225.0,38.0,92.0,178.0,9.0,12.0,23.0,NaN,NaN
national_anchored,417,calibration,214.0,38.0,123.0,157.0,11.0,12.0,22.0,14.874481392096502,NaN
national_anchored,418,reference,233.0,20.0,160.0,119.0,10.0,13.0,22.0,NaN,NaN
national_anchored,419,calibration,215.0,37.0,86.0,185.0,11.0,12.0,31.0,34.55307583075361,NaN
national_anchored,420,reference,228.0,30.0,134.0,146.0,8.0,11.0,20.0,NaN,NaN
national_anchored,421,calibration,240.0,29.0,104.0,162.0,11.0,9.0,22.0,32.36866880760276,NaN
national_anchored,422,reference,203.0,22.0,144.0,162.0,10.0,12.0,24.0,NaN,NaN
national_anchored,423,calibration,223.0,24.0,139.0,149.0,9.0,12.0,21.0,21.47068176894182,NaN
national_anchored,424,reference,199.0,41.0,120.0,178.0,9.0,12.0,18.0,NaN,NaN
national_anchored,425,calibration,208.0,34.0,97.0,190.0,9.0,12.0,27.0,29.01690348624111,NaN
national_anchored,426,reference,216.0,25.0,183.0,112.0,9.0,13.0,19.0,NaN,NaN
national_anchored,427,calibration,176.0,24.0,188.0,139.0,9.0,12.0,29.0,44.65678493692015,NaN
national_anchored,428,reference,201.0,23.0,142.0,162.0,10.0,12.0,27.0,NaN,NaN
national_anchored,429,calibration,152.0,43.0,156.0,174.0,10.0,14.0,28.0,38.09426671077878,NaN
national_anchored,430,reference,231.0,24.0,126.0,149.0,8.0,12.0,27.0,NaN,NaN
national_anchored,431,calibration,198.0,38.0,118.0,171.0,9.0,14.0,29.0,14.421686603177886,NaN
national_anchored,432,reference,210.0,35.0,118.0,168.0,10.0,13.0,23.0,NaN,NaN
national_anchored,433,calibration,202.0,32.0,140.0,157.0,10.0,13.0,23.0,13.13817965603118,NaN
national_anchored,434,reference,161.0,26.0,169.0,175.0,12.0,13.0,21.0,NaN,NaN
national_anchored,435,calibration,218.0,29.0,105.0,177.0,11.0,13.0,24.0,22.27315083705309,NaN
national_anchored,436,reference,202.0,27.0,138.0,166.0,11.0,12.0,21.0,NaN,NaN
national_anchored,437,calibration,185.0,32.0,174.0,143.0,6.0,13.0,24.0,31.668103309136978,NaN
national_anchored,438,reference,233.0,41.0,95.0,165.0,10.0,11.0,22.0,NaN,NaN
national_anchored,439,calibration,194.0,40.0,133.0,162.0,10.0,13.0,25.0,12.853303939856314,NaN
national_anchored,440,reference,204.0,37.0,140.0,152.0,10.0,12.0,22.0,NaN,NaN
national_anchored,441,calibration,194.0,36.0,145.0,154.0,9.0,13.0,26.0,15.11570682672198,NaN
national_anchored,442,reference,178.0,18.0,203.0,140.0,7.0,13.0,18.0,NaN,NaN
national_anchored,443,calibration,153.0,26.0,201.0,155.0,10.0,13.0,19.0,59.85078011581162,NaN
national_anchored,444,reference,216.0,36.0,103.0,179.0,11.0,11.0,21.0,NaN,NaN
national_anchored,445,calibration,149.0,24.0,219.0,140.0,8.0,12.0,25.0,77.73955629239012,NaN
national_anchored,446,reference,206.0,37.0,111.0,167.0,10.0,14.0,32.0,NaN,NaN
national_anchored,447,calibration,203.0,38.0,106.0,183.0,11.0,14.0,22.0,21.411286526103243,NaN
national_anchored,448,reference,186.0,35.0,163.0,153.0,8.0,12.0,20.0,NaN,NaN
national_anchored,449,calibration,226.0,23.0,163.0,124.0,10.0,12.0,19.0,40.6285889548474,NaN
national_anchored,450,reference,199.0,37.0,137.0,162.0,9.0,11.0,22.0,NaN,NaN
national_anchored,451,calibration,223.0,30.0,131.0,150.0,10.0,12.0,21.0,19.59751509671003,NaN
national_anchored,452,reference,187.0,34.0,143.0,173.0,8.0,14.0,18.0,NaN,NaN
national_anchored,453,calibration,211.0,38.0,104.0,174.0,11.0,14.0,25.0,19.703760576582386,NaN
national_anchored,454,reference,196.0,29.0,152.0,155.0,10.0,13.0,22.0,NaN,NaN
national_anchored,455,calibration,209.0,40.0,113.0,169.0,11.0,11.0,24.0,15.472710564745743,NaN
national_anchored,456,reference,179.0,32.0,141.0,175.0,10.0,13.0,27.0,NaN,NaN
national_anchored,457,calibration,182.0,27.0,127.0,188.0,11.0,13.0,29.0,23.72938566866687,NaN
national_anchored,458,reference,221.0,31.0,115.0,166.0,11.0,12.0,21.0,NaN,NaN
national_anchored,459,calibration,170.0,25.0,174.0,160.0,8.0,13.0,27.0,33.9882657234227,NaN
national_anchored,460,reference,183.0,39.0,136.0,167.0,11.0,14.0,27.0,NaN,NaN
national_anchored,461,calibration,224.0,40.0,77.0,185.0,10.0,13.0,28.0,42.93050865277384,NaN
national_anchored,462,reference,168.0,41.0,139.0,178.0,7.0,14.0,30.0,NaN,NaN
national_anchored,463,calibration,192.0,21.0,193.0,128.0,9.0,12.0,22.0,49.78739205973085,NaN
national_anchored,464,reference,202.0,39.0,99.0,185.0,9.0,13.0,30.0,NaN,NaN
national_anchored,465,calibration,220.0,27.0,126.0,158.0,11.0,13.0,22.0,17.123697675281182,NaN
national_anchored,466,reference,153.0,37.0,169.0,168.0,9.0,13.0,28.0,NaN,NaN
national_anchored,467,calibration,201.0,37.0,140.0,157.0,9.0,12.0,21.0,13.345946940637052,NaN
national_anchored,468,reference,221.0,26.0,136.0,152.0,9.0,13.0,20.0,NaN,NaN
national_anchored,469,calibration,207.0,40.0,97.0,183.0,10.0,12.0,28.0,25.883236835721615,NaN
national_anchored,470,reference,229.0,36.0,88.0,176.0,10.0,14.0,24.0,NaN,NaN
national_anchored,471,calibration,218.0,39.0,86.0,184.0,7.0,12.0,31.0,34.85611550370594,NaN
national_anchored,472,reference,205.0,39.0,121.0,160.0,9.0,13.0,30.0,NaN,NaN
national_anchored,473,calibration,194.0,15.0,195.0,132.0,8.0,9.0,24.0,50.864022150771405,NaN
national_anchored,474,reference,215.0,41.0,113.0,164.0,8.0,11.0,25.0,NaN,NaN
national_anchored,475,calibration,164.0,38.0,149.0,178.0,10.0,13.0,25.0,28.854560688169602,NaN
national_anchored,476,reference,161.0,38.0,168.0,163.0,11.0,13.0,23.0,NaN,NaN
national_anchored,477,calibration,229.0,27.0,119.0,160.0,11.0,14.0,17.0,22.61746177610306,NaN
national_anchored,478,reference,238.0,30.0,148.0,122.0,9.0,11.0,19.0,NaN,NaN
national_anchored,479,calibration,208.0,33.0,140.0,151.0,11.0,12.0,22.0,15.162368249846647,NaN
national_anchored,480,reference,186.0,33.0,138.0,174.0,9.0,13.0,24.0,NaN,NaN
national_anchored,481,calibration,178.0,37.0,148.0,169.0,9.0,14.0,22.0,19.681735204534508,NaN
national_anchored,482,reference,224.0,20.0,168.0,127.0,10.0,11.0,17.0,NaN,NaN
national_anchored,483,calibration,193.0,28.0,150.0,167.0,11.0,12.0,16.0,17.215611916868003,NaN
national_anchored,484,reference,193.0,38.0,117.0,179.0,10.0,14.0,26.0,NaN,NaN
national_anchored,485,calibration,155.0,17.0,177.0,176.0,9.0,14.0,29.0,46.72888326318163,NaN
national_anchored,486,reference,240.0,34.0,74.0,177.0,11.0,12.0,29.0,NaN,NaN
national_anchored,487,calibration,209.0,32.0,108.0,180.0,10.0,12.0,26.0,19.735771367425148,NaN
national_anchored,488,reference,207.0,38.0,124.0,167.0,11.0,13.0,17.0,NaN,NaN
national_anchored,489,calibration,188.0,42.0,127.0,169.0,10.0,13.0,28.0,15.180716612164655,NaN
national_anchored,490,reference,208.0,41.0,97.0,182.0,9.0,14.0,26.0,NaN,NaN
national_anchored,491,calibration,235.0,39.0,100.0,158.0,12.0,11.0,22.0,30.935384087662182,NaN
national_anchored,492,reference,238.0,38.0,90.0,163.0,11.0,12.0,25.0,NaN,NaN
national_anchored,493,calibration,202.0,39.0,111.0,176.0,11.0,13.0,25.0,16.976176377601842,NaN
national_anchored,494,reference,206.0,42.0,106.0,177.0,9.0,11.0,26.0,NaN,NaN
national_anchored,495,calibration,223.0,35.0,122.0,147.0,7.0,12.0,31.0,21.597786561732082,NaN
national_anchored,496,reference,218.0,22.0,163.0,134.0,10.0,12.0,18.0,NaN,NaN
national_anchored,497,calibration,230.0,43.0,82.0,170.0,11.0,14.0,27.0,38.72651580823795,NaN
national_anchored,498,reference,213.0,29.0,131.0,155.0,11.0,12.0,26.0,NaN,NaN
national_anchored,499,calibration,215.0,25.0,102.0,186.0,9.0,12.0,28.0,27.12961004088754,NaN
national_anchored,500,reference,154.0,35.0,172.0,168.0,9.0,12.0,27.0,NaN,NaN
national_anchored,501,calibration,214.0,34.0,98.0,179.0,10.0,14.0,28.0,24.662115824565102,NaN
national_anchored,502,reference,210.0,38.0,115.0,166.0,11.0,12.0,25.0,NaN,NaN
national_anchored,503,calibration,217.0,29.0,120.0,169.0,7.0,13.0,22.0,16.298086359281537,NaN
national_anchored,504,reference,188.0,33.0,156.0,150.0,9.0,13.0,28.0,NaN,NaN
national_anchored,505,calibration,203.0,20.0,186.0,128.0,9.0,13.0,18.0,45.619763697787846,NaN
national_anchored,506,reference,202.0,26.0,145.0,166.0,5.0,13.0,20.0,NaN,NaN
national_anchored,507,calibration,221.0,38.0,103.0,169.0,10.0,12.0,24.0,21.966673658061897,NaN
national_anchored,508,reference,200.0,20.0,195.0,120.0,8.0,14.0,20.0,NaN,NaN
national_anchored,509,calibration,222.0,29.0,134.0,148.0,9.0,13.0,22.0,19.93202115747744,NaN
national_anchored,510,reference,198.0,37.0,143.0,151.0,9.0,14.0,25.0,NaN,NaN
national_anchored,511,calibration,215.0,34.0,92.0,192.0,7.0,13.0,24.0,33.67142027119081,NaN
national_anchored,512,reference,186.0,24.0,167.0,157.0,11.0,14.0,18.0,NaN,NaN
national_anchored,513,calibration,235.0,35.0,98.0,163.0,9.0,13.0,24.0,30.997557221118523,NaN
national_anchored,514,reference,192.0,19.0,167.0,154.0,8.0,14.0,23.0,NaN,NaN
national_anchored,515,calibration,214.0,34.0,122.0,162.0,10.0,12.0,23.0,14.13983716375488,NaN
national_anchored,516,reference,173.0,20.0,212.0,131.0,7.0,13.0,21.0,NaN,NaN
national_anchored,517,calibration,195.0,36.0,145.0,155.0,10.0,12.0,24.0,14.728100531497187,NaN
national_anchored,518,reference,209.0,40.0,114.0,169.0,11.0,13.0,21.0,NaN,NaN
national_anchored,519,calibration,196.0,32.0,151.0,150.0,10.0,13.0,25.0,17.44755100078876,NaN
national_anchored,520,reference,194.0,36.0,157.0,152.0,9.0,12.0,17.0,NaN,NaN
national_anchored,521,calibration,192.0,38.0,129.0,173.0,10.0,13.0,22.0,13.980547955853435,NaN
national_anchored,522,reference,209.0,46.0,89.0,185.0,8.0,13.0,27.0,NaN,NaN
national_anchored,523,calibration,214.0,40.0,109.0,167.0,10.0,14.0,23.0,17.596535892510747,NaN
national_anchored,524,reference,207.0,42.0,96.0,179.0,10.0,14.0,29.0,NaN,NaN
national_anchored,525,calibration,205.0,34.0,150.0,141.0,8.0,13.0,26.0,20.810626532598622,NaN
national_anchored,526,reference,204.0,37.0,114.0,177.0,12.0,12.0,21.0,NaN,NaN
national_anchored,527,calibration,221.0,20.0,135.0,159.0,11.0,14.0,17.0,20.06429232194223,NaN
national_anchored,528,reference,203.0,36.0,116.0,171.0,10.0,14.0,27.0,NaN,NaN
national_anchored,529,calibration,230.0,37.0,95.0,168.0,10.0,12.0,25.0,29.736444580931217,NaN
national_anchored,530,reference,232.0,33.0,98.0,166.0,10.0,11.0,27.0,NaN,NaN
national_anchored,531,calibration,211.0,24.0,172.0,124.0,9.0,12.0,25.0,39.883457838405405,NaN
national_anchored,532,reference,173.0,39.0,160.0,164.0,10.0,13.0,18.0,NaN,NaN
national_anchored,533,calibration,219.0,38.0,121.0,153.0,8.0,13.0,25.0,17.649259877306182,NaN
national_anchored,534,reference,197.0,17.0,214.0,103.0,8.0,13.0,25.0,NaN,NaN
national_anchored,535,calibration,161.0,22.0,195.0,154.0,9.0,14.0,22.0,52.11499708255455,NaN
national_anchored,536,reference,212.0,36.0,130.0,147.0,11.0,13.0,28.0,NaN,NaN
national_anchored,537,calibration,233.0,43.0,98.0,152.0,11.0,13.0,27.0,32.55751236463861,NaN
national_anchored,538,reference,163.0,21.0,211.0,141.0,12.0,13.0,16.0,NaN,NaN
national_anchored,539,calibration,193.0,21.0,132.0,180.0,11.0,14.0,26.0,18.531391600943056,NaN
national_anchored,540,reference,232.0,38.0,99.0,168.0,9.0,11.0,20.0,NaN,NaN
national_anchored,541,calibration,228.0,40.0,114.0,150.0,9.0,13.0,23.0,24.11649435714629,NaN
national_anchored,542,reference,234.0,38.0,96.0,164.0,8.0,13.0,24.0,NaN,NaN
national_anchored,543,calibration,181.0,40.0,136.0,172.0,10.0,11.0,27.0,17.5083282170628,NaN
national_anchored,544,reference,147.0,29.0,205.0,159.0,7.0,12.0,18.0,NaN,NaN
national_anchored,545,calibration,201.0,38.0,134.0,159.0,10.0,12.0,23.0,12.348140357287743,NaN
national_anchored,546,reference,203.0,43.0,110.0,174.0,9.0,13.0,25.0,NaN,NaN
national_anchored,547,calibration,206.0,45.0,99.0,177.0,10.0,12.0,28.0,23.66494679377504,NaN
national_anchored,548,reference,133.0,39.0,190.0,170.0,6.0,14.0,25.0,NaN,NaN
national_anchored,549,calibration,233.0,34.0,106.0,161.0,11.0,13.0,19.0,27.06406206892189,NaN
national_anchored,550,reference,225.0,38.0,115.0,151.0,11.0,12.0,25.0,NaN,NaN
national_anchored,551,calibration,208.0,28.0,167.0,136.0,10.0,10.0,18.0,30.659115514715243,NaN
national_anchored,552,reference,234.0,20.0,131.0,152.0,10.0,10.0,20.0,NaN,NaN
national_anchored,553,calibration,224.0,26.0,170.0,115.0,12.0,13.0,17.0,48.02133879658993,NaN
national_anchored,554,reference,210.0,41.0,102.0,178.0,10.0,11.0,25.0,NaN,NaN
national_anchored,555,calibration,216.0,35.0,107.0,175.0,9.0,11.0,24.0,19.665561591013482,NaN
national_anchored,556,reference,167.0,45.0,134.0,174.0,8.0,14.0,35.0,NaN,NaN
national_anchored,557,calibration,210.0,39.0,130.0,155.0,8.0,11.0,24.0,14.030736211289284,NaN
national_anchored,558,reference,195.0,38.0,145.0,158.0,7.0,12.0,22.0,NaN,NaN
national_anchored,559,calibration,178.0,38.0,145.0,167.0,10.0,12.0,27.0,18.907687797508654,NaN
national_anchored,560,reference,171.0,23.0,164.0,163.0,9.0,13.0,34.0,NaN,NaN
national_anchored,561,calibration,226.0,44.0,83.0,174.0,10.0,12.0,28.0,36.98024226151283,NaN
national_anchored,562,reference,206.0,36.0,127.0,168.0,8.0,12.0,20.0,NaN,NaN
national_anchored,563,calibration,199.0,23.0,162.0,146.0,9.0,13.0,25.0,23.973000226790372,NaN
national_anchored,564,reference,144.0,20.0,199.0,170.0,7.0,13.0,24.0,NaN,NaN
national_anchored,565,calibration,234.0,36.0,125.0,139.0,10.0,11.0,22.0,29.542054033692953,NaN
national_anchored,566,reference,204.0,43.0,98.0,178.0,10.0,13.0,31.0,NaN,NaN
national_anchored,567,calibration,218.0,22.0,153.0,143.0,10.0,11.0,20.0,25.27263255327124,NaN
national_anchored,568,reference,187.0,20.0,161.0,161.0,9.0,13.0,26.0,NaN,NaN
national_anchored,569,calibration,216.0,45.0,69.0,193.0,11.0,12.0,31.0,51.25649853581265,NaN
national_anchored,570,reference,163.0,37.0,159.0,167.0,10.0,13.0,28.0,NaN,NaN
national_anchored,571,calibration,169.0,39.0,143.0,176.0,10.0,13.0,27.0,24.61641048007346,NaN
national_anchored,572,reference,226.0,38.0,114.0,153.0,8.0,13.0,25.0,NaN,NaN
national_anchored,573,calibration,213.0,40.0,118.0,159.0,11.0,12.0,24.0,15.294789698346595,NaN
national_anchored,574,reference,223.0,26.0,104.0,184.0,6.0,14.0,20.0,NaN,NaN
national_anchored,575,calibration,169.0,42.0,145.0,176.0,12.0,12.0,21.0,25.45976311773541,NaN
national_anchored,576,reference,193.0,35.0,123.0,176.0,11.0,13.0,26.0,NaN,NaN
national_anchored,577,calibration,244.0,43.0,60.0,178.0,10.0,12.0,30.0,63.14845737934991,NaN
national_anchored,578,reference,188.0,23.0,195.0,129.0,8.0,14.0,20.0,NaN,NaN
national_anchored,579,calibration,191.0,36.0,123.0,178.0,10.0,13.0,26.0,16.05354181280887,NaN
national_anchored,580,reference,241.0,28.0,85.0,172.0,12.0,13.0,26.0,NaN,NaN
national_anchored,581,calibration,214.0,36.0,122.0,168.0,9.0,11.0,17.0,15.11549479879304,NaN
national_anchored,582,reference,173.0,41.0,153.0,164.0,9.0,13.0,24.0,NaN,NaN
national_anchored,583,calibration,213.0,40.0,103.0,174.0,11.0,13.0,23.0,20.668182910692114,NaN
national_anchored,584,reference,208.0,38.0,131.0,159.0,10.0,12.0,19.0,NaN,NaN
national_anchored,585,calibration,149.0,24.0,200.0,158.0,8.0,12.0,26.0,61.215643198616235,NaN
national_anchored,586,reference,179.0,27.0,206.0,121.0,8.0,14.0,22.0,NaN,NaN
national_anchored,587,calibration,225.0,37.0,113.0,159.0,11.0,12.0,20.0,20.758054567254742,NaN
national_anchored,588,reference,224.0,40.0,82.0,179.0,11.0,12.0,29.0,NaN,NaN
national_anchored,589,calibration,181.0,40.0,130.0,174.0,10.0,14.0,28.0,18.011039577564386,NaN
national_anchored,590,reference,192.0,41.0,117.0,180.0,11.0,13.0,23.0,NaN,NaN
national_anchored,591,calibration,208.0,43.0,103.0,175.0,8.0,14.0,26.0,20.721506871898217,NaN
national_anchored,592,reference,235.0,22.0,103.0,173.0,8.0,12.0,24.0,NaN,NaN
national_anchored,593,calibration,212.0,43.0,94.0,179.0,10.0,13.0,26.0,26.93443643466745,NaN
national_anchored,594,reference,223.0,38.0,109.0,162.0,10.0,13.0,22.0,NaN,NaN
national_anchored,595,calibration,204.0,28.0,160.0,139.0,8.0,13.0,25.0,25.254425042281024,NaN
national_anchored,596,reference,219.0,21.0,158.0,139.0,9.0,11.0,20.0,NaN,NaN
national_anchored,597,calibration,218.0,40.0,88.0,181.0,9.0,12.0,29.0,32.24921708792331,NaN
national_anchored,598,reference,239.0,46.0,70.0,171.0,10.0,13.0,28.0,NaN,NaN
national_anchored,599,calibration,216.0,19.0,150.0,152.0,7.0,13.0,20.0,22.05385533781892,NaN
national_anchored,600,reference,222.0,47.0,77.0,182.0,12.0,13.0,24.0,NaN,NaN
national_anchored,601,calibration,213.0,23.0,145.0,148.0,9.0,14.0,25.0,19.440458381074894,NaN
national_anchored,602,reference,195.0,23.0,174.0,135.0,10.0,13.0,27.0,NaN,NaN
national_anchored,603,calibration,211.0,38.0,118.0,165.0,10.0,12.0,23.0,14.10164980252473,NaN
national_anchored,604,reference,210.0,41.0,101.0,172.0,10.0,14.0,29.0,NaN,NaN
national_anchored,605,calibration,215.0,42.0,88.0,182.0,11.0,12.0,27.0,32.06026934214387,NaN
national_anchored,606,reference,157.0,38.0,172.0,162.0,10.0,12.0,26.0,NaN,NaN
national_anchored,607,calibration,211.0,43.0,101.0,172.0,10.0,13.0,27.0,21.466917966651334,NaN
national_anchored,608,reference,171.0,36.0,170.0,157.0,5.0,13.0,25.0,NaN,NaN
national_anchored,609,calibration,187.0,26.0,172.0,150.0,9.0,13.0,20.0,28.689553984011805,NaN
national_anchored,610,reference,199.0,39.0,112.0,182.0,7.0,12.0,26.0,NaN,NaN
national_anchored,611,calibration,202.0,26.0,139.0,163.0,10.0,13.0,24.0,13.397809671736244,NaN
national_anchored,612,reference,195.0,35.0,167.0,140.0,7.0,11.0,22.0,NaN,NaN
national_anchored,613,calibration,214.0,26.0,137.0,154.0,8.0,13.0,25.0,16.125231005788226,NaN
national_anchored,614,reference,193.0,42.0,122.0,172.0,10.0,11.0,27.0,NaN,NaN
national_anchored,615,calibration,209.0,37.0,129.0,153.0,12.0,13.0,24.0,14.197281375489045,NaN
national_anchored,616,reference,183.0,24.0,184.0,141.0,10.0,12.0,23.0,NaN,NaN
national_anchored,617,calibration,162.0,19.0,181.0,173.0,6.0,12.0,24.0,44.052515158035035,NaN
national_anchored,618,reference,238.0,34.0,132.0,134.0,11.0,12.0,16.0,NaN,NaN
national_anchored,619,calibration,207.0,36.0,107.0,179.0,8.0,11.0,29.0,19.622948842085908,NaN
national_anchored,620,reference,246.0,38.0,97.0,156.0,8.0,10.0,22.0,NaN,NaN
national_anchored,621,calibration,202.0,38.0,131.0,161.0,10.0,12.0,23.0,12.038032718682192,NaN
national_anchored,622,reference,242.0,42.0,62.0,183.0,9.0,12.0,27.0,NaN,NaN
national_anchored,623,calibration,168.0,41.0,140.0,177.0,10.0,13.0,28.0,25.430256298419348,NaN
national_anchored,624,reference,214.0,43.0,112.0,165.0,8.0,12.0,23.0,NaN,NaN
national_anchored,625,calibration,196.0,31.0,111.0,185.0,9.0,13.0,32.0,21.91037520973755,NaN
national_anchored,626,reference,192.0,38.0,141.0,159.0,10.0,13.0,24.0,NaN,NaN
national_anchored,627,calibration,210.0,31.0,132.0,157.0,8.0,12.0,27.0,13.585292933143624,NaN
national_anchored,628,reference,193.0,26.0,152.0,160.0,10.0,13.0,23.0,NaN,NaN
national_anchored,629,calibration,191.0,38.0,129.0,171.0,10.0,14.0,24.0,13.737787651915237,NaN
national_anchored,630,reference,200.0,33.0,166.0,139.0,9.0,14.0,16.0,NaN,NaN
national_anchored,631,calibration,208.0,32.0,89.0,196.0,9.0,14.0,29.0,37.080664478725964,NaN
national_anchored,632,reference,194.0,38.0,110.0,182.0,10.0,14.0,29.0,NaN,NaN
national_anchored,633,calibration,234.0,41.0,87.0,166.0,10.0,14.0,25.0,36.80618665253195,NaN
national_anchored,634,reference,210.0,38.0,119.0,162.0,9.0,13.0,26.0,NaN,NaN
national_anchored,635,calibration,222.0,41.0,94.0,171.0,9.0,13.0,27.0,27.4892410735054,NaN
national_anchored,636,reference,150.0,44.0,141.0,191.0,9.0,13.0,29.0,NaN,NaN
national_anchored,637,calibration,217.0,45.0,98.0,169.0,11.0,12.0,25.0,24.33752888654286,NaN
national_anchored,638,reference,225.0,31.0,94.0,173.0,9.0,12.0,33.0,NaN,NaN
national_anchored,639,calibration,214.0,35.0,122.0,161.0,9.0,11.0,25.0,14.222414323904875,NaN
national_anchored,640,reference,186.0,39.0,150.0,159.0,8.0,12.0,23.0,NaN,NaN
national_anchored,641,calibration,239.0,35.0,128.0,133.0,12.0,12.0,18.0,35.42736645941214,NaN
national_anchored,642,reference,231.0,39.0,81.0,181.0,10.0,12.0,23.0,NaN,NaN
national_anchored,643,calibration,233.0,24.0,109.0,164.0,10.0,12.0,25.0,27.026401076332125,NaN
national_anchored,644,reference,184.0,42.0,110.0,189.0,9.0,14.0,29.0,NaN,NaN
national_anchored,645,calibration,209.0,39.0,113.0,165.0,11.0,13.0,27.0,15.315529839622418,NaN
national_anchored,646,reference,197.0,45.0,113.0,172.0,9.0,13.0,28.0,NaN,NaN
national_anchored,647,calibration,219.0,19.0,135.0,156.0,9.0,12.0,27.0,19.40310263885303,NaN
national_anchored,648,reference,200.0,38.0,122.0,172.0,9.0,13.0,23.0,NaN,NaN
national_anchored,649,calibration,205.0,16.0,138.0,171.0,12.0,13.0,22.0,18.025350632267024,NaN
national_anchored,650,reference,167.0,27.0,172.0,165.0,8.0,12.0,26.0,NaN,NaN
national_anchored,651,calibration,195.0,37.0,126.0,167.0,10.0,12.0,30.0,13.130417731827063,NaN
national_anchored,652,reference,203.0,41.0,116.0,167.0,12.0,14.0,24.0,NaN,NaN
national_anchored,653,calibration,209.0,42.0,107.0,172.0,11.0,12.0,24.0,18.250218003086804,NaN
national_anchored,654,reference,210.0,41.0,93.0,185.0,9.0,14.0,25.0,NaN,NaN
national_anchored,655,calibration,213.0,22.0,150.0,153.0,8.0,12.0,19.0,20.11779658604384,NaN
national_anchored,656,reference,161.0,17.0,181.0,170.0,10.0,13.0,25.0,NaN,NaN
national_anchored,657,calibration,215.0,27.0,148.0,142.0,12.0,12.0,21.0,22.25716030928344,NaN
national_anchored,658,reference,197.0,35.0,113.0,182.0,10.0,14.0,26.0,NaN,NaN
national_anchored,659,calibration,216.0,37.0,123.0,158.0,10.0,11.0,22.0,15.201188494920647,NaN
national_anchored,660,reference,187.0,22.0,141.0,184.0,10.0,12.0,21.0,NaN,NaN
national_anchored,661,calibration,147.0,20.0,198.0,166.0,11.0,13.0,22.0,61.69060886135564,NaN
national_anchored,662,reference,226.0,31.0,143.0,136.0,9.0,11.0,21.0,NaN,NaN
national_anchored,663,calibration,217.0,20.0,158.0,134.0,10.0,13.0,25.0,30.78255166825281,NaN
national_anchored,664,reference,222.0,41.0,97.0,170.0,11.0,11.0,25.0,NaN,NaN
national_anchored,665,calibration,226.0,40.0,90.0,173.0,9.0,14.0,25.0,31.499614694879337,NaN
national_anchored,666,reference,218.0,39.0,116.0,159.0,10.0,13.0,22.0,NaN,NaN
national_anchored,667,calibration,169.0,31.0,171.0,164.0,8.0,13.0,21.0,32.24163634615354,NaN
national_anchored,668,reference,192.0,46.0,100.0,184.0,9.0,14.0,32.0,NaN,NaN
national_anchored,669,calibration,190.0,45.0,115.0,179.0,9.0,12.0,27.0,19.672766774344094,NaN
national_anchored,670,reference,214.0,39.0,93.0,180.0,10.0,12.0,29.0,NaN,NaN
national_anchored,671,calibration,226.0,44.0,82.0,173.0,10.0,14.0,28.0,37.61050422940902,NaN
national_anchored,672,reference,216.0,26.0,124.0,168.0,10.0,11.0,22.0,NaN,NaN
national_anchored,673,calibration,198.0,43.0,114.0,173.0,10.0,12.0,27.0,16.322156790115987,NaN
national_anchored,674,reference,170.0,34.0,153.0,168.0,10.0,13.0,29.0,NaN,NaN
national_anchored,675,calibration,170.0,28.0,171.0,158.0,9.0,14.0,27.0,32.06543284359657,NaN
national_anchored,676,reference,205.0,35.0,143.0,142.0,8.0,14.0,30.0,NaN,NaN
national_anchored,677,calibration,193.0,37.0,127.0,174.0,8.0,12.0,26.0,14.035876865977098,NaN
national_anchored,678,reference,243.0,36.0,91.0,163.0,11.0,13.0,20.0,NaN,NaN
national_anchored,679,calibration,213.0,34.0,141.0,136.0,9.0,14.0,30.0,23.223737284564248,NaN
national_anchored,680,reference,235.0,45.0,56.0,192.0,11.0,11.0,27.0,NaN,NaN
national_anchored,681,calibration,201.0,39.0,116.0,176.0,10.0,10.0,25.0,15.584814186303728,NaN
national_anchored,682,reference,215.0,39.0,97.0,174.0,10.0,12.0,30.0,NaN,NaN
national_anchored,683,calibration,243.0,39.0,86.0,164.0,10.0,11.0,24.0,42.47773759683358,NaN
national_anchored,684,reference,194.0,39.0,113.0,178.0,12.0,14.0,27.0,NaN,NaN
national_anchored,685,calibration,180.0,35.0,168.0,151.0,7.0,12.0,24.0,27.493854137657824,NaN
national_anchored,686,reference,152.0,37.0,172.0,165.0,12.0,13.0,26.0,NaN,NaN
national_anchored,687,calibration,224.0,34.0,113.0,165.0,7.0,11.0,23.0,19.694593174791255,NaN
national_anchored,688,reference,219.0,23.0,134.0,157.0,10.0,12.0,22.0,NaN,NaN
national_anchored,689,calibration,229.0,33.0,102.0,167.0,11.0,12.0,23.0,25.961965996071587,NaN
national_anchored,690,reference,210.0,35.0,120.0,166.0,11.0,13.0,22.0,NaN,NaN
national_anchored,691,calibration,217.0,21.0,179.0,118.0,9.0,12.0,21.0,48.80499741795501,NaN
national_anchored,692,reference,215.0,23.0,145.0,150.0,10.0,12.0,22.0,NaN,NaN
national_anchored,693,calibration,201.0,30.0,139.0,157.0,9.0,14.0,27.0,13.302433845481549,NaN
national_anchored,694,reference,216.0,36.0,134.0,147.0,10.0,10.0,24.0,NaN,NaN
national_anchored,695,calibration,211.0,38.0,117.0,165.0,10.0,12.0,24.0,14.289847688515056,NaN
national_anchored,696,reference,213.0,36.0,103.0,179.0,9.0,12.0,25.0,NaN,NaN
national_anchored,697,calibration,189.0,24.0,167.0,154.0,8.0,14.0,21.0,25.222781172897104,NaN
national_anchored,698,reference,207.0,41.0,115.0,170.0,12.0,12.0,20.0,NaN,NaN
national_anchored,699,calibration,160.0,21.0,217.0,132.0,9.0,13.0,25.0,73.8264614708829,NaN
national_anchored,700,reference,166.0,36.0,147.0,177.0,10.0,13.0,28.0,NaN,NaN
national_anchored,701,calibration,209.0,32.0,113.0,177.0,11.0,11.0,24.0,17.109349935586184,NaN
national_anchored,702,reference,238.0,41.0,84.0,167.0,12.0,13.0,22.0,NaN,NaN
national_anchored,703,calibration,213.0,39.0,125.0,152.0,10.0,13.0,25.0,15.708379668346698,NaN
national_anchored,704,reference,202.0,27.0,150.0,146.0,11.0,13.0,28.0,NaN,NaN
national_anchored,705,calibration,142.0,32.0,194.0,161.0,8.0,13.0,27.0,60.87859926015581,NaN
national_anchored,706,reference,203.0,19.0,153.0,158.0,9.0,13.0,22.0,NaN,NaN
national_anchored,707,calibration,201.0,37.0,126.0,167.0,10.0,14.0,22.0,12.169549377722905,NaN
national_anchored,708,reference,171.0,21.0,245.0,101.0,8.0,13.0,18.0,NaN,NaN
national_anchored,709,calibration,209.0,34.0,151.0,145.0,8.0,12.0,18.0,20.416369481627253,NaN
national_anchored,710,reference,185.0,37.0,146.0,164.0,10.0,12.0,23.0,NaN,NaN
national_anchored,711,calibration,158.0,37.0,157.0,177.0,9.0,13.0,26.0,34.26198915984327,NaN
national_anchored,712,reference,214.0,41.0,85.0,188.0,10.0,13.0,26.0,NaN,NaN
national_anchored,713,calibration,218.0,37.0,102.0,174.0,10.0,14.0,22.0,22.214186094035735,NaN
national_anchored,714,reference,225.0,37.0,122.0,146.0,11.0,13.0,23.0,NaN,NaN
national_anchored,715,calibration,192.0,39.0,105.0,189.0,8.0,13.0,31.0,26.50559217046857,NaN
national_anchored,716,reference,200.0,35.0,142.0,153.0,10.0,12.0,25.0,NaN,NaN
national_anchored,717,calibration,199.0,45.0,98.0,184.0,12.0,13.0,26.0,26.892451773284204,NaN
national_anchored,718,reference,175.0,33.0,138.0,183.0,6.0,14.0,28.0,NaN,NaN
national_anchored,719,calibration,174.0,21.0,217.0,124.0,9.0,13.0,19.0,72.4276627248904,NaN
national_anchored,720,reference,172.0,24.0,197.0,139.0,11.0,13.0,21.0,NaN,NaN
national_anchored,721,calibration,154.0,40.0,159.0,177.0,11.0,11.0,25.0,37.73794417605056,NaN
national_anchored,722,reference,212.0,29.0,147.0,147.0,11.0,12.0,19.0,NaN,NaN
national_anchored,723,calibration,211.0,35.0,127.0,163.0,8.0,13.0,20.0,13.199047910514285,NaN
national_anchored,724,reference,191.0,26.0,144.0,167.0,10.0,14.0,25.0,NaN,NaN
national_anchored,725,calibration,231.0,28.0,121.0,153.0,10.0,11.0,23.0,23.714870154209155,NaN
national_anchored,726,reference,232.0,40.0,76.0,174.0,11.0,12.0,32.0,NaN,NaN
national_anchored,727,calibration,223.0,40.0,107.0,163.0,9.0,14.0,21.0,21.524322258228796,NaN
national_anchored,728,reference,197.0,26.0,207.0,104.0,8.0,13.0,22.0,NaN,NaN
national_anchored,729,calibration,155.0,25.0,217.0,141.0,7.0,13.0,19.0,73.27900738713483,NaN
national_anchored,730,reference,232.0,28.0,116.0,158.0,9.0,12.0,22.0,NaN,NaN
national_anchored,731,calibration,158.0,39.0,158.0,178.0,6.0,13.0,25.0,35.07898514783794,NaN
national_anchored,732,reference,194.0,42.0,107.0,186.0,7.0,13.0,28.0,NaN,NaN
national_anchored,733,calibration,165.0,40.0,151.0,171.0,10.0,13.0,27.0,27.449418965113264,NaN
national_anchored,734,reference,159.0,25.0,198.0,152.0,6.0,11.0,26.0,NaN,NaN
national_anchored,735,calibration,231.0,47.0,72.0,178.0,12.0,12.0,25.0,48.28316296154695,NaN
national_anchored,736,reference,194.0,20.0,146.0,177.0,7.0,13.0,20.0,NaN,NaN
national_anchored,737,calibration,234.0,42.0,90.0,167.0,10.0,12.0,22.0,35.12913690284594,NaN
national_anchored,738,reference,222.0,43.0,94.0,173.0,9.0,13.0,23.0,NaN,NaN
national_anchored,739,calibration,217.0,36.0,119.0,160.0,6.0,13.0,26.0,15.932372781661268,NaN
national_anchored,740,reference,219.0,36.0,122.0,155.0,9.0,12.0,24.0,NaN,NaN
national_anchored,741,calibration,178.0,39.0,149.0,170.0,6.0,12.0,23.0,20.373693561102794,NaN
national_anchored,742,reference,155.0,46.0,149.0,177.0,11.0,13.0,26.0,NaN,NaN
national_anchored,743,calibration,217.0,38.0,111.0,167.0,9.0,10.0,25.0,17.557271997760065,NaN
national_anchored,744,reference,236.0,36.0,115.0,153.0,10.0,11.0,16.0,NaN,NaN
national_anchored,745,calibration,223.0,37.0,119.0,154.0,9.0,11.0,24.0,19.236322294879304,NaN
national_anchored,746,reference,224.0,24.0,109.0,176.0,7.0,13.0,24.0,NaN,NaN
national_anchored,747,calibration,207.0,41.0,112.0,167.0,11.0,12.0,27.0,15.710478623486008,NaN
national_anchored,748,reference,189.0,37.0,142.0,162.0,9.0,13.0,25.0,NaN,NaN
national_anchored,749,calibration,189.0,36.0,136.0,172.0,9.0,13.0,22.0,14.493346654644885,NaN
national_anchored,750,reference,148.0,25.0,201.0,160.0,5.0,12.0,26.0,NaN,NaN
national_anchored,751,calibration,158.0,28.0,177.0,171.0,10.0,14.0,19.0,42.12706156515719,NaN
national_anchored,752,reference,190.0,27.0,186.0,134.0,7.0,14.0,19.0,NaN,NaN
national_anchored,753,calibration,213.0,43.0,94.0,177.0,10.0,11.0,29.0,26.78549988545917,NaN
national_anchored,754,reference,161.0,31.0,168.0,172.0,9.0,13.0,23.0,NaN,NaN
national_anchored,755,calibration,142.0,29.0,194.0,170.0,10.0,13.0,19.0,61.567414911782905,NaN
national_anchored,756,reference,188.0,37.0,133.0,172.0,9.0,13.0,25.0,NaN,NaN
national_anchored,757,calibration,195.0,25.0,197.0,117.0,9.0,14.0,20.0,57.49166120488567,NaN
national_anchored,758,reference,221.0,25.0,147.0,143.0,11.0,12.0,18.0,NaN,NaN
national_anchored,759,calibration,209.0,27.0,165.0,132.0,9.0,12.0,23.0,31.487935828113958,NaN
national_anchored,760,reference,241.0,44.0,73.0,175.0,11.0,11.0,22.0,NaN,NaN
national_anchored,761,calibration,196.0,30.0,141.0,165.0,10.0,13.0,22.0,13.278637608549626,NaN
national_anchored,762,reference,229.0,34.0,111.0,159.0,8.0,12.0,24.0,NaN,NaN
national_anchored,763,calibration,195.0,31.0,179.0,132.0,9.0,14.0,17.0,38.145603754761964,NaN
national_anchored,764,reference,199.0,44.0,111.0,175.0,9.0,12.0,27.0,NaN,NaN
national_anchored,765,calibration,219.0,24.0,172.0,120.0,10.0,13.0,19.0,44.28220778552266,NaN
national_anchored,766,reference,187.0,17.0,192.0,136.0,9.0,13.0,23.0,NaN,NaN
national_anchored,767,calibration,179.0,21.0,161.0,170.0,10.0,13.0,23.0,25.684855440499017,NaN
national_anchored,768,reference,214.0,42.0,97.0,174.0,10.0,12.0,28.0,NaN,NaN
national_anchored,769,calibration,143.0,36.0,197.0,154.0,10.0,14.0,23.0,62.52181588303249,NaN
national_anchored,770,reference,227.0,34.0,101.0,169.0,12.0,14.0,20.0,NaN,NaN
national_anchored,771,calibration,200.0,35.0,138.0,161.0,9.0,14.0,20.0,12.611128240562198,NaN
national_anchored,772,reference,212.0,36.0,122.0,165.0,11.0,14.0,17.0,NaN,NaN
national_anchored,773,calibration,190.0,21.0,199.0,127.0,9.0,14.0,17.0,54.95977837856559,NaN
national_anchored,774,reference,204.0,38.0,126.0,160.0,11.0,12.0,26.0,NaN,NaN
national_anchored,775,calibration,219.0,32.0,118.0,162.0,9.0,13.0,24.0,16.538623447668474,NaN
national_anchored,776,reference,202.0,38.0,115.0,173.0,11.0,12.0,26.0,NaN,NaN
national_anchored,777,calibration,172.0,28.0,159.0,167.0,10.0,12.0,29.0,26.043109789140065,NaN
national_anchored,778,reference,205.0,33.0,150.0,144.0,9.0,13.0,23.0,NaN,NaN
national_anchored,779,calibration,221.0,28.0,124.0,158.0,10.0,12.0,24.0,17.41531513979353,NaN
national_anchored,780,reference,206.0,23.0,147.0,165.0,9.0,11.0,16.0,NaN,NaN
national_anchored,781,calibration,211.0,41.0,103.0,174.0,10.0,13.0,25.0,20.383169839259676,NaN
national_anchored,782,reference,170.0,27.0,174.0,155.0,10.0,14.0,27.0,NaN,NaN
national_anchored,783,calibration,199.0,33.0,144.0,156.0,10.0,10.0,25.0,14.123912433413881,NaN
national_anchored,784,reference,214.0,39.0,131.0,151.0,12.0,13.0,17.0,NaN,NaN
national_anchored,785,calibration,206.0,25.0,140.0,159.0,9.0,13.0,25.0,14.302076566740798,NaN
national_anchored,786,reference,222.0,40.0,87.0,184.0,9.0,11.0,24.0,NaN,NaN
national_anchored,787,calibration,244.0,24.0,104.0,162.0,12.0,11.0,20.0,36.02134891369229,NaN
national_anchored,788,reference,210.0,46.0,84.0,184.0,10.0,12.0,31.0,NaN,NaN
national_anchored,789,calibration,196.0,38.0,131.0,164.0,9.0,14.0,25.0,12.2268755259248,NaN
national_anchored,790,reference,187.0,45.0,109.0,185.0,11.0,14.0,26.0,NaN,NaN
national_anchored,791,calibration,246.0,45.0,67.0,170.0,10.0,12.0,27.0,57.964340371956766,NaN
national_anchored,792,reference,233.0,40.0,92.0,168.0,8.0,13.0,23.0,NaN,NaN
national_anchored,793,calibration,216.0,36.0,108.0,176.0,10.0,14.0,17.0,20.43717497690331,NaN
national_anchored,794,reference,187.0,35.0,148.0,163.0,8.0,13.0,23.0,NaN,NaN
national_anchored,795,calibration,209.0,20.0,126.0,166.0,10.0,14.0,32.0,16.697559353731098,NaN
national_anchored,796,reference,223.0,34.0,109.0,161.0,10.0,13.0,27.0,NaN,NaN
national_anchored,797,calibration,229.0,45.0,83.0,171.0,9.0,13.0,27.0,37.95300087276486,NaN
national_anchored,798,reference,205.0,20.0,151.0,157.0,9.0,12.0,23.0,NaN,NaN
national_anchored,799,calibration,213.0,32.0,126.0,162.0,10.0,12.0,22.0,13.650237750728518,NaN
national_anchored,800,reference,180.0,38.0,152.0,166.0,11.0,12.0,18.0,NaN,NaN
national_anchored,801,calibration,208.0,38.0,128.0,157.0,9.0,13.0,24.0,13.11206830628787,NaN
national_anchored,802,reference,157.0,43.0,153.0,170.0,10.0,12.0,32.0,NaN,NaN
national_anchored,803,calibration,208.0,42.0,99.0,176.0,9.0,11.0,32.0,23.509232770889835,NaN
national_anchored,804,reference,153.0,29.0,185.0,160.0,11.0,14.0,25.0,NaN,NaN
national_anchored,805,calibration,203.0,38.0,120.0,162.0,9.0,12.0,33.0,14.28314954879507,NaN
national_anchored,806,reference,205.0,30.0,166.0,140.0,6.0,12.0,18.0,NaN,NaN
national_anchored,807,calibration,225.0,25.0,140.0,140.0,9.0,12.0,26.0,25.522071140666238,NaN
national_anchored,808,reference,209.0,30.0,137.0,160.0,9.0,13.0,19.0,NaN,NaN
national_anchored,809,calibration,190.0,38.0,147.0,155.0,10.0,13.0,24.0,16.147995602478172,NaN
national_anchored,810,reference,199.0,35.0,128.0,173.0,9.0,14.0,19.0,NaN,NaN
national_anchored,811,calibration,176.0,40.0,145.0,168.0,10.0,14.0,24.0,20.038328168076294,NaN
national_anchored,812,reference,217.0,39.0,106.0,169.0,9.0,12.0,25.0,NaN,NaN
national_anchored,813,calibration,209.0,38.0,105.0,175.0,10.0,12.0,28.0,19.322808941442705,NaN
national_anchored,814,reference,167.0,38.0,156.0,167.0,11.0,12.0,26.0,NaN,NaN
national_anchored,815,calibration,162.0,22.0,215.0,137.0,9.0,13.0,19.0,70.08206863892586,NaN
national_anchored,816,reference,206.0,39.0,120.0,168.0,9.0,13.0,22.0,NaN,NaN
national_anchored,817,calibration,213.0,38.0,106.0,178.0,9.0,13.0,20.0,20.523984554027127,NaN
national_anchored,818,reference,233.0,45.0,74.0,178.0,9.0,11.0,27.0,NaN,NaN
national_anchored,819,calibration,225.0,36.0,136.0,136.0,9.0,10.0,25.0,26.429232346427245,NaN
national_anchored,820,reference,216.0,33.0,143.0,147.0,8.0,12.0,18.0,NaN,NaN
national_anchored,821,calibration,222.0,45.0,93.0,173.0,9.0,12.0,23.0,29.021072338706272,NaN
national_anchored,822,reference,232.0,43.0,83.0,169.0,8.0,13.0,29.0,NaN,NaN
national_anchored,823,calibration,199.0,27.0,134.0,174.0,7.0,12.0,24.0,14.330467707685894,NaN
national_anchored,824,reference,216.0,20.0,160.0,134.0,10.0,12.0,25.0,NaN,NaN
national_anchored,825,calibration,161.0,17.0,258.0,103.0,6.0,12.0,20.0,118.52566719821321,NaN
national_anchored,826,reference,185.0,43.0,115.0,186.0,10.0,12.0,26.0,NaN,NaN
national_anchored,827,calibration,238.0,31.0,85.0,170.0,10.0,13.0,30.0,40.63208163766086,NaN
national_anchored,828,reference,224.0,38.0,84.0,180.0,10.0,14.0,27.0,NaN,NaN
national_anchored,829,calibration,167.0,26.0,182.0,159.0,10.0,13.0,20.0,39.95011501149739,NaN
national_anchored,830,reference,190.0,38.0,136.0,165.0,9.0,12.0,27.0,NaN,NaN
national_anchored,831,calibration,194.0,38.0,142.0,158.0,8.0,13.0,24.0,13.930304331693687,NaN
national_anchored,832,reference,208.0,36.0,126.0,162.0,11.0,13.0,21.0,NaN,NaN
national_anchored,833,calibration,214.0,24.0,153.0,140.0,9.0,13.0,24.0,24.600765609803307,NaN
national_anchored,834,reference,215.0,38.0,90.0,184.0,10.0,13.0,27.0,NaN,NaN
national_anchored,835,calibration,238.0,35.0,96.0,164.0,10.0,11.0,23.0,33.769579585506406,NaN
national_anchored,836,reference,225.0,35.0,130.0,146.0,12.0,11.0,18.0,NaN,NaN
national_anchored,837,calibration,149.0,30.0,172.0,173.0,11.0,13.0,29.0,45.30145677063561,NaN
national_anchored,838,reference,197.0,16.0,154.0,162.0,9.0,13.0,26.0,NaN,NaN
national_anchored,839,calibration,224.0,40.0,100.0,163.0,11.0,13.0,26.0,24.826680622881458,NaN
national_anchored,840,reference,217.0,22.0,148.0,147.0,8.0,10.0,25.0,NaN,NaN
national_anchored,841,calibration,192.0,26.0,179.0,143.0,6.0,12.0,19.0,34.32077170907351,NaN
national_anchored,842,reference,174.0,43.0,130.0,178.0,10.0,12.0,30.0,NaN,NaN
national_anchored,843,calibration,217.0,38.0,95.0,174.0,11.0,12.0,30.0,25.9473670098936,NaN
national_anchored,844,reference,176.0,24.0,186.0,151.0,7.0,12.0,21.0,NaN,NaN
national_anchored,845,calibration,200.0,34.0,150.0,145.0,11.0,13.0,24.0,18.757775486249837,NaN
national_anchored,846,reference,167.0,21.0,214.0,134.0,8.0,12.0,21.0,NaN,NaN
national_anchored,847,calibration,229.0,25.0,155.0,129.0,7.0,11.0,21.0,36.09527207165307,NaN
national_anchored,848,reference,171.0,23.0,189.0,149.0,9.0,13.0,23.0,NaN,NaN
national_anchored,849,calibration,200.0,41.0,123.0,162.0,10.0,13.0,28.0,13.242529362054515,NaN
national_anchored,850,reference,170.0,32.0,133.0,187.0,10.0,14.0,31.0,NaN,NaN
national_anchored,851,calibration,152.0,36.0,164.0,172.0,10.0,13.0,30.0,39.80292183152969,NaN
national_anchored,852,reference,185.0,21.0,181.0,150.0,8.0,13.0,19.0,NaN,NaN
national_anchored,853,calibration,209.0,43.0,105.0,171.0,11.0,12.0,26.0,19.19238199100545,NaN
national_anchored,854,reference,231.0,37.0,94.0,165.0,11.0,13.0,26.0,NaN,NaN
national_anchored,855,calibration,156.0,23.0,219.0,139.0,10.0,13.0,17.0,75.17964985790563,NaN
national_anchored,856,reference,197.0,37.0,140.0,158.0,8.0,13.0,24.0,NaN,NaN
national_anchored,857,calibration,211.0,21.0,165.0,138.0,10.0,12.0,20.0,30.23853161472469,NaN
national_anchored,858,reference,225.0,44.0,78.0,179.0,8.0,14.0,29.0,NaN,NaN
national_anchored,859,calibration,224.0,38.0,88.0,181.0,11.0,13.0,22.0,33.81165409590842,NaN
national_anchored,860,reference,189.0,39.0,144.0,163.0,6.0,13.0,23.0,NaN,NaN
national_anchored,861,calibration,225.0,39.0,109.0,156.0,10.0,13.0,25.0,22.41929721590792,NaN
national_anchored,862,reference,179.0,22.0,173.0,160.0,9.0,12.0,22.0,NaN,NaN
national_anchored,863,calibration,199.0,38.0,134.0,153.0,11.0,14.0,28.0,13.96774591312467,NaN
national_anchored,864,reference,186.0,42.0,108.0,190.0,11.0,13.0,27.0,NaN,NaN
national_anchored,865,calibration,211.0,27.0,129.0,165.0,10.0,12.0,23.0,13.790625309354166,NaN
national_anchored,866,reference,231.0,45.0,75.0,178.0,10.0,12.0,26.0,NaN,NaN
national_anchored,867,calibration,186.0,38.0,127.0,181.0,8.0,12.0,25.0,18.18813956953913,NaN
national_anchored,868,reference,198.0,37.0,139.0,160.0,10.0,13.0,20.0,NaN,NaN
national_anchored,869,calibration,199.0,36.0,145.0,147.0,9.0,13.0,28.0,17.05563478643712,NaN
national_anchored,870,reference,199.0,34.0,138.0,160.0,12.0,13.0,21.0,NaN,NaN
national_anchored,871,calibration,210.0,22.0,160.0,146.0,8.0,11.0,20.0,24.784839980109194,NaN
national_anchored,872,reference,166.0,34.0,150.0,177.0,10.0,12.0,28.0,NaN,NaN
national_anchored,873,calibration,227.0,42.0,84.0,173.0,9.0,14.0,28.0,36.241704666336105,NaN
national_anchored,874,reference,193.0,23.0,178.0,142.0,10.0,12.0,19.0,NaN,NaN
national_anchored,875,calibration,205.0,27.0,160.0,145.0,8.0,12.0,20.0,23.301353024090385,NaN
national_anchored,876,reference,176.0,37.0,150.0,166.0,10.0,12.0,26.0,NaN,NaN
national_anchored,877,calibration,190.0,34.0,150.0,159.0,9.0,13.0,22.0,16.195880099962512,NaN
national_anchored,878,reference,214.0,38.0,107.0,170.0,9.0,14.0,25.0,NaN,NaN
national_anchored,879,calibration,215.0,28.0,108.0,177.0,4.0,13.0,32.0,21.672124602450626,NaN
national_anchored,880,reference,217.0,43.0,92.0,174.0,11.0,13.0,27.0,NaN,NaN
national_anchored,881,calibration,225.0,38.0,104.0,166.0,10.0,13.0,21.0,23.2512643653688,NaN
national_anchored,882,reference,166.0,33.0,157.0,174.0,9.0,14.0,24.0,NaN,NaN
national_anchored,883,calibration,191.0,34.0,138.0,173.0,7.0,13.0,21.0,14.666605880548335,NaN
national_anchored,884,reference,212.0,43.0,96.0,179.0,8.0,13.0,26.0,NaN,NaN
national_anchored,885,calibration,172.0,22.0,207.0,128.0,10.0,14.0,24.0,63.35272285700178,NaN
national_anchored,886,reference,180.0,16.0,211.0,132.0,4.0,12.0,22.0,NaN,NaN
national_anchored,887,calibration,212.0,41.0,98.0,174.0,11.0,13.0,28.0,23.290747829752807,NaN
national_anchored,888,reference,154.0,29.0,182.0,164.0,10.0,13.0,25.0,NaN,NaN
national_anchored,889,calibration,151.0,43.0,148.0,183.0,10.0,14.0,28.0,39.34162273853002,NaN
national_anchored,890,reference,187.0,44.0,116.0,179.0,10.0,11.0,30.0,NaN,NaN
national_anchored,891,calibration,211.0,38.0,119.0,161.0,9.0,12.0,27.0,14.235152600701706,NaN
national_anchored,892,reference,168.0,43.0,150.0,173.0,7.0,13.0,23.0,NaN,NaN
national_anchored,893,calibration,236.0,46.0,72.0,173.0,10.0,13.0,27.0,49.482413818674516,NaN
national_anchored,894,reference,139.0,46.0,155.0,191.0,7.0,12.0,27.0,NaN,NaN
national_anchored,895,calibration,148.0,27.0,216.0,140.0,10.0,14.0,22.0,75.67228942641198,NaN
national_anchored,896,reference,196.0,30.0,142.0,163.0,7.0,14.0,25.0,NaN,NaN
national_anchored,897,calibration,224.0,28.0,160.0,125.0,9.0,13.0,18.0,37.68350803543332,NaN
national_anchored,898,reference,190.0,39.0,130.0,173.0,6.0,12.0,27.0,NaN,NaN
national_anchored,899,calibration,204.0,25.0,177.0,129.0,10.0,13.0,19.0,38.88432961308689,NaN
national_anchored,900,reference,169.0,41.0,156.0,165.0,11.0,11.0,24.0,NaN,NaN
national_anchored,901,calibration,166.0,40.0,150.0,173.0,11.0,12.0,25.0,26.935846358289833,NaN
national_anchored,902,reference,184.0,40.0,130.0,171.0,11.0,14.0,27.0,NaN,NaN
national_anchored,903,calibration,209.0,33.0,154.0,139.0,10.0,14.0,18.0,23.831953070666817,NaN
national_anchored,904,reference,196.0,39.0,121.0,173.0,9.0,14.0,25.0,NaN,NaN
national_anchored,905,calibration,177.0,39.0,134.0,181.0,8.0,12.0,26.0,21.52138190590094,NaN
national_anchored,906,reference,209.0,41.0,118.0,170.0,7.0,11.0,21.0,NaN,NaN
national_anchored,907,calibration,213.0,23.0,150.0,147.0,9.0,10.0,25.0,21.1363233532638,NaN
national_anchored,908,reference,208.0,42.0,102.0,171.0,10.0,12.0,32.0,NaN,NaN
national_anchored,909,calibration,194.0,31.0,123.0,182.0,7.0,12.0,28.0,17.536042331696716,NaN
national_anchored,910,reference,217.0,36.0,118.0,157.0,10.0,14.0,25.0,NaN,NaN
national_anchored,911,calibration,168.0,38.0,163.0,158.0,8.0,13.0,29.0,29.429131485472237,NaN
national_anchored,912,reference,176.0,20.0,190.0,141.0,8.0,14.0,28.0,NaN,NaN
national_anchored,913,calibration,155.0,35.0,186.0,157.0,11.0,13.0,20.0,48.201330346115185,NaN
national_anchored,914,reference,203.0,36.0,122.0,164.0,10.0,14.0,28.0,NaN,NaN
national_anchored,915,calibration,210.0,41.0,108.0,172.0,8.0,12.0,26.0,17.80732971897852,NaN
national_anchored,916,reference,221.0,18.0,127.0,171.0,8.0,14.0,18.0,NaN,NaN
national_anchored,917,calibration,157.0,36.0,175.0,158.0,9.0,13.0,29.0,40.85497423435311,NaN
national_anchored,918,reference,179.0,38.0,161.0,157.0,11.0,13.0,18.0,NaN,NaN
national_anchored,919,calibration,177.0,22.0,199.0,138.0,9.0,13.0,19.0,52.70043546291869,NaN
national_anchored,920,reference,180.0,21.0,205.0,127.0,9.0,13.0,22.0,NaN,NaN
national_anchored,921,calibration,203.0,43.0,98.0,183.0,10.0,12.0,28.0,25.772807355908494,NaN
national_anchored,922,reference,177.0,38.0,149.0,164.0,9.0,12.0,28.0,NaN,NaN
national_anchored,923,calibration,214.0,26.0,143.0,143.0,10.0,13.0,28.0,20.69584939785965,NaN
national_anchored,924,reference,209.0,42.0,100.0,177.0,10.0,12.0,27.0,NaN,NaN
national_anchored,925,calibration,218.0,38.0,112.0,161.0,10.0,13.0,25.0,17.73146589956198,NaN
national_anchored,926,reference,202.0,42.0,104.0,181.0,7.0,13.0,28.0,NaN,NaN
national_anchored,927,calibration,201.0,37.0,147.0,155.0,9.0,12.0,16.0,16.073102381525533,NaN
national_anchored,928,reference,155.0,46.0,139.0,187.0,10.0,13.0,27.0,NaN,NaN
national_anchored,929,calibration,177.0,27.0,154.0,176.0,8.0,12.0,23.0,23.844394885593648,NaN
national_anchored,930,reference,200.0,46.0,93.0,188.0,8.0,13.0,29.0,NaN,NaN
national_anchored,931,calibration,187.0,43.0,116.0,182.0,9.0,12.0,28.0,20.991486074433436,NaN
national_anchored,932,reference,229.0,34.0,96.0,172.0,11.0,12.0,23.0,NaN,NaN
national_anchored,933,calibration,241.0,46.0,75.0,170.0,12.0,11.0,22.0,49.61061015752789,NaN
national_anchored,934,reference,234.0,38.0,98.0,158.0,10.0,13.0,26.0,NaN,NaN
national_anchored,935,calibration,199.0,44.0,109.0,175.0,10.0,12.0,28.0,18.67526122734594,NaN
national_anchored,936,reference,237.0,41.0,82.0,168.0,11.0,12.0,26.0,NaN,NaN
national_anchored,937,calibration,191.0,39.0,138.0,163.0,11.0,13.0,22.0,13.652735407546647,NaN
national_anchored,938,reference,203.0,39.0,137.0,153.0,10.0,12.0,23.0,NaN,NaN
national_anchored,939,calibration,208.0,36.0,111.0,173.0,10.0,12.0,27.0,16.33271744449873,NaN
national_anchored,940,reference,143.0,39.0,166.0,179.0,10.0,13.0,27.0,NaN,NaN
national_anchored,941,calibration,199.0,38.0,131.0,164.0,9.0,14.0,22.0,12.03664930522159,NaN
national_anchored,942,reference,226.0,24.0,166.0,117.0,9.0,13.0,22.0,NaN,NaN
national_anchored,943,calibration,201.0,38.0,128.0,162.0,11.0,12.0,25.0,12.052615452326148,NaN
national_anchored,944,reference,185.0,28.0,191.0,130.0,9.0,13.0,21.0,NaN,NaN
national_anchored,945,calibration,218.0,41.0,87.0,181.0,9.0,14.0,27.0,32.89616593300616,NaN
national_anchored,946,reference,176.0,31.0,195.0,133.0,9.0,12.0,21.0,NaN,NaN
national_anchored,947,calibration,209.0,41.0,102.0,180.0,10.0,12.0,23.0,22.330226564112873,NaN
national_anchored,948,reference,158.0,39.0,174.0,161.0,10.0,13.0,22.0,NaN,NaN
national_anchored,949,calibration,221.0,34.0,135.0,143.0,11.0,12.0,21.0,21.32760773396947,NaN
national_anchored,950,reference,187.0,28.0,148.0,167.0,12.0,14.0,21.0,NaN,NaN
national_anchored,951,calibration,170.0,18.0,253.0,96.0,7.0,13.0,20.0,115.32145257544259,NaN
national_anchored,952,reference,185.0,39.0,123.0,179.0,10.0,13.0,28.0,NaN,NaN
national_anchored,953,calibration,203.0,41.0,106.0,178.0,10.0,12.0,27.0,19.72637164304457,NaN
national_anchored,954,reference,162.0,19.0,179.0,173.0,10.0,12.0,22.0,NaN,NaN
national_anchored,955,calibration,153.0,39.0,160.0,175.0,10.0,12.0,28.0,38.26959616424642,NaN
national_anchored,956,reference,207.0,46.0,99.0,178.0,9.0,12.0,26.0,NaN,NaN
national_anchored,957,calibration,190.0,23.0,160.0,160.0,11.0,13.0,20.0,21.460473594160565,NaN
national_anchored,958,reference,178.0,33.0,167.0,156.0,10.0,12.0,21.0,NaN,NaN
national_anchored,959,calibration,213.0,41.0,108.0,166.0,10.0,13.0,26.0,17.86025135857962,NaN
national_anchored,960,reference,214.0,38.0,109.0,172.0,11.0,10.0,23.0,NaN,NaN
national_anchored,961,calibration,188.0,21.0,170.0,151.0,10.0,13.0,24.0,28.018607809650067,NaN
national_anchored,962,reference,236.0,45.0,75.0,177.0,10.0,10.0,24.0,NaN,NaN
national_anchored,963,calibration,224.0,42.0,93.0,167.0,10.0,11.0,30.0,29.09918907102443,NaN
national_anchored,964,reference,212.0,44.0,109.0,162.0,10.0,14.0,26.0,NaN,NaN
national_anchored,965,calibration,167.0,46.0,134.0,181.0,12.0,12.0,25.0,27.86308213366029,NaN
national_anchored,966,reference,172.0,40.0,148.0,169.0,10.0,12.0,26.0,NaN,NaN
national_anchored,967,calibration,206.0,32.0,128.0,163.0,9.0,11.0,28.0,12.438048412732389,NaN
national_anchored,968,reference,161.0,21.0,198.0,152.0,8.0,13.0,24.0,NaN,NaN
national_anchored,969,calibration,203.0,40.0,114.0,174.0,10.0,14.0,22.0,15.707466011291825,NaN
national_anchored,970,reference,180.0,45.0,125.0,173.0,10.0,12.0,32.0,NaN,NaN
national_anchored,971,calibration,208.0,29.0,147.0,143.0,10.0,14.0,26.0,19.696810902310833,NaN
national_anchored,972,reference,222.0,23.0,168.0,126.0,6.0,11.0,21.0,NaN,NaN
national_anchored,973,calibration,179.0,36.0,146.0,170.0,11.0,14.0,21.0,19.02079613427114,NaN
national_anchored,974,reference,221.0,26.0,151.0,134.0,7.0,13.0,25.0,NaN,NaN
national_anchored,975,calibration,198.0,43.0,111.0,175.0,9.0,13.0,28.0,17.82788005387898,NaN
national_anchored,976,reference,226.0,36.0,99.0,173.0,9.0,12.0,22.0,NaN,NaN
national_anchored,977,calibration,219.0,39.0,99.0,170.0,11.0,14.0,25.0,23.448444496671524,NaN
national_anchored,978,reference,184.0,37.0,151.0,162.0,9.0,14.0,20.0,NaN,NaN
national_anchored,979,calibration,182.0,20.0,166.0,166.0,9.0,12.0,22.0,26.876370761285894,NaN
national_anchored,980,reference,220.0,22.0,160.0,136.0,10.0,13.0,16.0,NaN,NaN
national_anchored,981,calibration,192.0,43.0,128.0,167.0,11.0,12.0,24.0,13.959065949818406,NaN
national_anchored,982,reference,142.0,30.0,209.0,153.0,5.0,13.0,25.0,NaN,NaN
national_anchored,983,calibration,211.0,39.0,129.0,151.0,10.0,13.0,24.0,15.30895343319786,NaN
national_anchored,984,reference,204.0,26.0,128.0,172.0,11.0,13.0,23.0,NaN,NaN
national_anchored,985,calibration,213.0,37.0,116.0,163.0,10.0,14.0,24.0,14.995371092442003,NaN
national_anchored,986,reference,173.0,38.0,150.0,169.0,11.0,14.0,22.0,NaN,NaN
national_anchored,987,calibration,236.0,36.0,106.0,155.0,9.0,13.0,22.0,29.43715842063715,NaN
national_anchored,988,reference,204.0,38.0,125.0,164.0,10.0,14.0,22.0,NaN,NaN
national_anchored,989,calibration,213.0,36.0,134.0,149.0,11.0,11.0,23.0,16.288368055905426,NaN
national_anchored,990,reference,211.0,30.0,137.0,155.0,11.0,12.0,21.0,NaN,NaN
national_anchored,991,calibration,207.0,39.0,130.0,154.0,10.0,12.0,25.0,13.75932932270052,NaN
national_anchored,992,reference,230.0,40.0,102.0,157.0,8.0,13.0,27.0,NaN,NaN
national_anchored,993,calibration,220.0,20.0,178.0,121.0,10.0,12.0,16.0,47.961512934858916,NaN
national_anchored,994,reference,239.0,39.0,99.0,159.0,11.0,13.0,17.0,NaN,NaN
national_anchored,995,calibration,241.0,26.0,123.0,143.0,10.0,12.0,22.0,32.94148285743205,NaN
national_anchored,996,reference,211.0,38.0,109.0,173.0,10.0,14.0,22.0,NaN,NaN
national_anchored,997,calibration,172.0,24.0,189.0,149.0,9.0,13.0,21.0,43.88322372550978,NaN
national_anchored,998,reference,224.0,17.0,117.0,168.0,11.0,13.0,27.0,NaN,NaN
national_anchored,999,calibration,208.0,41.0,109.0,172.0,11.0,13.0,23.0,17.24170322655542,NaN
national_anchored,1000,reference,198.0,41.0,121.0,166.0,12.0,13.0,26.0,NaN,NaN
national_anchored,1001,calibration,231.0,37.0,119.0,146.0,9.0,13.0,22.0,25.76298499463579,NaN
national_anchored,1002,reference,211.0,16.0,200.0,113.0,6.0,11.0,20.0,NaN,NaN
national_anchored,1003,calibration,189.0,42.0,124.0,172.0,11.0,12.0,27.0,15.591818833073962,NaN
national_anchored,1004,reference,196.0,38.0,123.0,176.0,10.0,12.0,22.0,NaN,NaN
national_anchored,1005,calibration,210.0,39.0,113.0,165.0,9.0,12.0,29.0,15.645173536434246,NaN
national_anchored,1006,reference,191.0,26.0,206.0,110.0,10.0,13.0,21.0,NaN,NaN
national_anchored,1007,calibration,215.0,38.0,114.0,163.0,9.0,13.0,25.0,16.052361913810845,NaN
national_anchored,1008,reference,171.0,46.0,131.0,177.0,11.0,12.0,29.0,NaN,NaN
national_anchored,1009,calibration,208.0,39.0,120.0,164.0,8.0,12.0,26.0,13.413576049421703,NaN
national_anchored,1010,reference,221.0,38.0,81.0,189.0,7.0,13.0,28.0,NaN,NaN
national_anchored,1011,calibration,186.0,38.0,146.0,162.0,9.0,13.0,23.0,16.072926126632847,NaN
national_anchored,1012,reference,167.0,37.0,152.0,171.0,10.0,13.0,27.0,NaN,NaN
national_anchored,1013,calibration,180.0,27.0,191.0,137.0,10.0,11.0,21.0,45.83868211669724,NaN
national_anchored,1014,reference,201.0,23.0,179.0,134.0,10.0,13.0,17.0,NaN,NaN
national_anchored,1015,calibration,234.0,43.0,87.0,164.0,8.0,12.0,29.0,37.34935364764404,NaN
national_anchored,1016,reference,178.0,43.0,124.0,180.0,10.0,12.0,30.0,NaN,NaN
national_anchored,1017,calibration,202.0,25.0,191.0,116.0,10.0,12.0,21.0,54.184897929863595,NaN
national_anchored,1018,reference,218.0,33.0,108.0,175.0,10.0,14.0,19.0,NaN,NaN
national_anchored,1019,calibration,204.0,39.0,109.0,176.0,11.0,13.0,25.0,17.648222012924993,NaN
national_anchored,1020,reference,163.0,33.0,182.0,159.0,7.0,14.0,19.0,NaN,NaN
national_anchored,1021,calibration,180.0,23.0,199.0,137.0,7.0,12.0,19.0,52.239281889722676,NaN
national_anchored,1022,reference,198.0,43.0,106.0,189.0,10.0,11.0,20.0,NaN,NaN
national_anchored,1023,calibration,188.0,35.0,160.0,154.0,8.0,12.0,20.0,21.23617830048857,NaN
national_anchored,1024,reference,195.0,37.0,143.0,161.0,10.0,12.0,19.0,NaN,NaN
national_anchored,1025,calibration,192.0,34.0,133.0,169.0,8.0,14.0,27.0,13.217441635808623,NaN
national_anchored,1026,reference,217.0,39.0,118.0,160.0,7.0,12.0,24.0,NaN,NaN
national_anchored,1027,calibration,202.0,24.0,150.0,156.0,12.0,11.0,22.0,17.062490860842683,NaN
national_anchored,1028,reference,190.0,38.0,149.0,151.0,9.0,13.0,27.0,NaN,NaN
national_anchored,1029,calibration,202.0,35.0,133.0,160.0,9.0,14.0,24.0,12.005113413051614,NaN
national_anchored,1030,reference,208.0,40.0,114.0,176.0,8.0,14.0,17.0,NaN,NaN
national_anchored,1031,calibration,179.0,39.0,157.0,159.0,9.0,12.0,22.0,22.05068448494009,NaN
national_anchored,1032,reference,209.0,25.0,144.0,158.0,9.0,13.0,19.0,NaN,NaN
national_anchored,1033,calibration,218.0,31.0,143.0,145.0,7.0,11.0,22.0,20.52629916296578,NaN
national_anchored,1034,reference,173.0,44.0,118.0,189.0,10.0,11.0,32.0,NaN,NaN
national_anchored,1035,calibration,187.0,38.0,128.0,176.0,9.0,13.0,26.0,16.059643389095815,NaN
national_anchored,1036,reference,208.0,26.0,148.0,153.0,7.0,13.0,22.0,NaN,NaN
national_anchored,1037,calibration,208.0,20.0,154.0,150.0,10.0,13.0,22.0,21.262451702009574,NaN
national_anchored,1038,reference,168.0,27.0,214.0,125.0,8.0,12.0,23.0,NaN,NaN
national_anchored,1039,calibration,175.0,41.0,143.0,170.0,11.0,13.0,24.0,20.565860540177457,NaN
national_anchored,1040,reference,200.0,25.0,136.0,168.0,11.0,13.0,24.0,NaN,NaN
national_anchored,1041,calibration,216.0,27.0,145.0,140.0,11.0,14.0,24.0,22.62592536056277,NaN
national_anchored,1042,reference,232.0,43.0,62.0,191.0,8.0,12.0,29.0,NaN,NaN
national_anchored,1043,calibration,152.0,33.0,194.0,160.0,7.0,12.0,19.0,55.012091525957715,NaN
national_anchored,1044,reference,230.0,37.0,87.0,169.0,10.0,14.0,30.0,NaN,NaN
national_anchored,1045,calibration,197.0,35.0,131.0,174.0,10.0,13.0,17.0,14.13338981827469,NaN
national_anchored,1046,reference,212.0,21.0,137.0,163.0,9.0,12.0,23.0,NaN,NaN
national_anchored,1047,calibration,225.0,23.0,127.0,161.0,6.0,10.0,25.0,20.208820325626046,NaN
national_anchored,1048,reference,215.0,40.0,96.0,175.0,9.0,14.0,28.0,NaN,NaN
national_anchored,1049,calibration,202.0,15.0,194.0,128.0,7.0,13.0,18.0,52.0871036486959,NaN
national_anchored,1050,reference,181.0,26.0,182.0,149.0,9.0,12.0,18.0,NaN,NaN
national_anchored,1051,calibration,198.0,40.0,133.0,155.0,12.0,13.0,26.0,13.614174829830556,NaN
national_anchored,1052,reference,225.0,25.0,117.0,170.0,12.0,9.0,19.0,NaN,NaN
national_anchored,1053,calibration,225.0,44.0,77.0,179.0,9.0,12.0,31.0,42.29465161814508,NaN
national_anchored,1054,reference,139.0,42.0,166.0,179.0,10.0,13.0,28.0,NaN,NaN
national_anchored,1055,calibration,250.0,43.0,71.0,167.0,10.0,11.0,25.0,56.9901471286358,NaN
national_anchored,1056,reference,176.0,41.0,134.0,178.0,11.0,14.0,23.0,NaN,NaN
national_anchored,1057,calibration,194.0,38.0,118.0,181.0,9.0,13.0,24.0,17.523943110576898,NaN
national_anchored,1058,reference,164.0,21.0,168.0,179.0,9.0,14.0,22.0,NaN,NaN
national_anchored,1059,calibration,210.0,44.0,93.0,180.0,8.0,12.0,30.0,28.171070945189573,NaN
national_anchored,1060,reference,226.0,18.0,161.0,132.0,6.0,13.0,21.0,NaN,NaN
national_anchored,1061,calibration,144.0,40.0,188.0,161.0,11.0,12.0,21.0,56.26332082854111,NaN
national_anchored,1062,reference,219.0,27.0,155.0,137.0,10.0,13.0,16.0,NaN,NaN
national_anchored,1063,calibration,212.0,38.0,117.0,165.0,9.0,10.0,26.0,14.643616925055039,NaN
national_anchored,1064,reference,219.0,27.0,129.0,156.0,8.0,12.0,26.0,NaN,NaN
national_anchored,1065,calibration,243.0,42.0,78.0,164.0,11.0,12.0,27.0,47.95044361819447,NaN
national_anchored,1066,reference,212.0,37.0,108.0,174.0,10.0,12.0,24.0,NaN,NaN
national_anchored,1067,calibration,232.0,25.0,126.0,150.0,8.0,13.0,23.0,25.074056366123134,NaN
national_anchored,1068,reference,202.0,20.0,172.0,143.0,8.0,14.0,18.0,NaN,NaN
national_anchored,1069,calibration,198.0,39.0,122.0,169.0,10.0,12.0,27.0,13.177061688642222,NaN
national_anchored,1070,reference,243.0,28.0,79.0,179.0,9.0,11.0,28.0,NaN,NaN
national_anchored,1071,calibration,179.0,26.0,166.0,162.0,12.0,12.0,20.0,26.36323880177022,NaN
national_anchored,1072,reference,182.0,29.0,162.0,155.0,10.0,13.0,26.0,NaN,NaN
national_anchored,1073,calibration,172.0,39.0,133.0,183.0,10.0,13.0,27.0,24.718484950700645,NaN
national_anchored,1074,reference,163.0,28.0,181.0,163.0,6.0,13.0,23.0,NaN,NaN
national_anchored,1075,calibration,190.0,44.0,119.0,174.0,7.0,13.0,30.0,17.470716692541888,NaN
national_anchored,1076,reference,216.0,26.0,130.0,160.0,8.0,13.0,24.0,NaN,NaN
national_anchored,1077,calibration,201.0,37.0,107.0,178.0,10.0,14.0,30.0,19.494918360008878,NaN
national_anchored,1078,reference,210.0,20.0,150.0,157.0,9.0,12.0,19.0,NaN,NaN
national_anchored,1079,calibration,197.0,45.0,102.0,181.0,11.0,14.0,27.0,24.01820248380542,NaN
national_anchored,1080,reference,176.0,45.0,128.0,179.0,10.0,12.0,27.0,NaN,NaN
national_anchored,1081,calibration,206.0,35.0,163.0,131.0,10.0,12.0,20.0,30.670145250335974,NaN
national_anchored,1082,reference,213.0,25.0,145.0,148.0,9.0,11.0,26.0,NaN,NaN
national_anchored,1083,calibration,163.0,43.0,144.0,182.0,8.0,13.0,24.0,30.490312834729384,NaN
national_anchored,1084,reference,204.0,19.0,141.0,163.0,10.0,14.0,26.0,NaN,NaN
national_anchored,1085,calibration,222.0,38.0,108.0,166.0,9.0,13.0,21.0,20.43086062246552,NaN
national_anchored,1086,reference,175.0,21.0,167.0,164.0,8.0,12.0,30.0,NaN,NaN
national_anchored,1087,calibration,162.0,27.0,164.0,177.0,10.0,12.0,25.0,34.82020692336944,NaN
national_anchored,1088,reference,216.0,36.0,129.0,152.0,12.0,11.0,21.0,NaN,NaN
national_anchored,1089,calibration,195.0,37.0,148.0,150.0,10.0,13.0,24.0,16.825799470008572,NaN
national_anchored,1090,reference,232.0,39.0,78.0,178.0,10.0,13.0,27.0,NaN,NaN
national_anchored,1091,calibration,187.0,45.0,118.0,181.0,7.0,14.0,25.0,20.498769615960722,NaN
national_anchored,1092,reference,212.0,36.0,127.0,161.0,6.0,12.0,23.0,NaN,NaN
national_anchored,1093,calibration,181.0,25.0,170.0,160.0,10.0,13.0,18.0,28.183532183621562,NaN
national_anchored,1094,reference,186.0,39.0,111.0,191.0,10.0,11.0,29.0,NaN,NaN
national_anchored,1095,calibration,240.0,29.0,125.0,144.0,9.0,11.0,19.0,31.6082559346772,NaN
national_anchored,1096,reference,194.0,23.0,168.0,144.0,9.0,14.0,25.0,NaN,NaN
national_anchored,1097,calibration,222.0,38.0,105.0,163.0,10.0,14.0,25.0,21.55178786178153,NaN
national_anchored,1098,reference,207.0,37.0,106.0,177.0,10.0,12.0,28.0,NaN,NaN
national_anchored,1099,calibration,194.0,28.0,177.0,140.0,7.0,13.0,18.0,33.763347802762326,NaN
national_anchored,1100,reference,205.0,39.0,118.0,173.0,10.0,10.0,22.0,NaN,NaN
national_anchored,1101,calibration,201.0,33.0,126.0,169.0,9.0,14.0,25.0,12.322399486121423,NaN
national_anchored,1102,reference,209.0,39.0,126.0,152.0,10.0,13.0,28.0,NaN,NaN
national_anchored,1103,calibration,212.0,42.0,103.0,169.0,10.0,13.0,28.0,20.241895943139678,NaN
national_anchored,1104,reference,245.0,36.0,114.0,144.0,8.0,9.0,21.0,NaN,NaN
national_anchored,1105,calibration,179.0,37.0,158.0,161.0,10.0,12.0,20.0,22.262585793170555,NaN
national_anchored,1106,reference,238.0,24.0,132.0,137.0,10.0,12.0,24.0,NaN,NaN
national_anchored,1107,calibration,241.0,46.0,52.0,188.0,9.0,12.0,29.0,70.71278148710512,NaN
national_anchored,1108,reference,193.0,38.0,127.0,173.0,10.0,13.0,23.0,NaN,NaN
national_anchored,1109,calibration,162.0,32.0,204.0,136.0,9.0,12.0,22.0,61.114029321589385,NaN
national_anchored,1110,reference,199.0,38.0,132.0,157.0,11.0,14.0,26.0,NaN,NaN
national_anchored,1111,calibration,208.0,36.0,118.0,165.0,9.0,13.0,28.0,13.74147689381402,NaN
national_anchored,1112,reference,232.0,25.0,108.0,167.0,11.0,12.0,22.0,NaN,NaN
national_anchored,1113,calibration,210.0,30.0,137.0,160.0,6.0,12.0,22.0,13.827040365320347,NaN
national_anchored,1114,reference,218.0,38.0,104.0,170.0,10.0,14.0,23.0,NaN,NaN
national_anchored,1115,calibration,207.0,38.0,88.0,194.0,10.0,13.0,27.0,36.25947022948658,NaN
national_anchored,1116,reference,210.0,26.0,168.0,126.0,10.0,12.0,25.0,NaN,NaN
national_anchored,1117,calibration,225.0,23.0,138.0,143.0,10.0,14.0,24.0,24.421121388722664,NaN
national_anchored,1118,reference,223.0,36.0,133.0,139.0,9.0,11.0,26.0,NaN,NaN
national_anchored,1119,calibration,192.0,42.0,123.0,171.0,9.0,13.0,27.0,14.756061591362776,NaN
national_anchored,1120,reference,191.0,36.0,134.0,165.0,11.0,12.0,28.0,NaN,NaN
national_anchored,1121,calibration,159.0,19.0,180.0,167.0,10.0,13.0,29.0,44.243905672025505,NaN
national_anchored,1122,reference,241.0,37.0,80.0,177.0,9.0,12.0,21.0,NaN,NaN
national_anchored,1123,calibration,207.0,44.0,99.0,178.0,10.0,14.0,25.0,23.617780338985487,NaN
national_anchored,1124,reference,204.0,39.0,123.0,172.0,7.0,11.0,21.0,NaN,NaN
national_anchored,1125,calibration,194.0,20.0,174.0,145.0,10.0,13.0,21.0,31.37412965866338,NaN
national_anchored,1126,reference,198.0,37.0,142.0,157.0,9.0,13.0,21.0,NaN,NaN
national_anchored,1127,calibration,191.0,39.0,133.0,169.0,5.0,11.0,29.0,14.191278125368807,NaN
national_anchored,1128,reference,210.0,40.0,123.0,157.0,8.0,11.0,28.0,NaN,NaN
national_anchored,1129,calibration,205.0,20.0,149.0,161.0,9.0,13.0,20.0,17.882908518754302,NaN
national_anchored,1130,reference,193.0,44.0,111.0,178.0,10.0,14.0,27.0,NaN,NaN
national_anchored,1131,calibration,229.0,38.0,110.0,159.0,9.0,13.0,19.0,23.786004346404244,NaN
national_anchored,1132,reference,195.0,41.0,118.0,176.0,10.0,11.0,26.0,NaN,NaN
national_anchored,1133,calibration,199.0,20.0,201.0,117.0,11.0,12.0,17.0,61.139171850928406,NaN
national_anchored,1134,reference,192.0,27.0,161.0,151.0,10.0,13.0,23.0,NaN,NaN
national_anchored,1135,calibration,218.0,41.0,87.0,183.0,11.0,12.0,25.0,33.50003750483046,NaN
national_anchored,1136,reference,170.0,28.0,172.0,159.0,8.0,13.0,27.0,NaN,NaN
national_anchored,1137,calibration,200.0,23.0,166.0,148.0,11.0,13.0,16.0,26.08430463360722,NaN
national_anchored,1138,reference,219.0,41.0,107.0,168.0,10.0,12.0,20.0,NaN,NaN
national_anchored,1139,calibration,207.0,23.0,129.0,169.0,9.0,14.0,26.0,14.647869517602917,NaN
national_anchored,1140,reference,203.0,37.0,111.0,174.0,10.0,13.0,29.0,NaN,NaN
national_anchored,1141,calibration,226.0,40.0,92.0,174.0,8.0,13.0,24.0,30.433755601284542,NaN
national_anchored,1142,reference,181.0,38.0,149.0,162.0,10.0,13.0,24.0,NaN,NaN
national_anchored,1143,calibration,169.0,40.0,149.0,170.0,9.0,13.0,27.0,24.611869181331567,NaN
national_anchored,1144,reference,206.0,47.0,88.0,185.0,10.0,13.0,28.0,NaN,NaN
national_anchored,1145,calibration,203.0,33.0,118.0,173.0,10.0,14.0,26.0,14.260409972411797,NaN
national_anchored,1146,reference,147.0,39.0,184.0,162.0,8.0,13.0,24.0,NaN,NaN
national_anchored,1147,calibration,251.0,39.0,76.0,165.0,10.0,12.0,24.0,53.87161572153218,NaN
national_anchored,1148,reference,181.0,20.0,191.0,143.0,8.0,14.0,20.0,NaN,NaN
national_anchored,1149,calibration,229.0,39.0,96.0,170.0,10.0,12.0,21.0,29.114433535435094,NaN
national_anchored,1150,reference,172.0,26.0,200.0,130.0,7.0,13.0,29.0,NaN,NaN
national_anchored,1151,calibration,159.0,40.0,161.0,168.0,8.0,13.0,28.0,33.82142499116789,NaN
national_anchored,1152,reference,189.0,41.0,128.0,168.0,10.0,13.0,28.0,NaN,NaN
national_anchored,1153,calibration,160.0,36.0,159.0,174.0,10.0,13.0,25.0,32.91197956714559,NaN
national_anchored,1154,reference,175.0,22.0,182.0,150.0,7.0,13.0,28.0,NaN,NaN
national_anchored,1155,calibration,204.0,27.0,140.0,159.0,10.0,13.0,24.0,13.625548727932522,NaN
national_anchored,1156,reference,193.0,25.0,158.0,159.0,9.0,13.0,20.0,NaN,NaN
national_anchored,1157,calibration,220.0,39.0,105.0,171.0,9.0,12.0,21.0,21.23185701300044,NaN
national_anchored,1158,reference,205.0,31.0,146.0,146.0,10.0,14.0,25.0,NaN,NaN
national_anchored,1159,calibration,223.0,40.0,112.0,161.0,9.0,11.0,21.0,20.04209538235479,NaN
national_anchored,1160,reference,195.0,25.0,169.0,147.0,8.0,14.0,19.0,NaN,NaN
national_anchored,1161,calibration,212.0,38.0,116.0,164.0,10.0,11.0,26.0,14.829873637797963,NaN
national_anchored,1162,reference,199.0,35.0,133.0,161.0,10.0,12.0,27.0,NaN,NaN
national_anchored,1163,calibration,203.0,39.0,109.0,179.0,11.0,12.0,24.0,18.595689527582213,NaN
national_anchored,1164,reference,210.0,41.0,102.0,173.0,10.0,13.0,28.0,NaN,NaN
national_anchored,1165,calibration,212.0,43.0,96.0,177.0,9.0,12.0,28.0,25.328279214048823,NaN
national_anchored,1166,reference,220.0,24.0,146.0,141.0,7.0,13.0,26.0,NaN,NaN
national_anchored,1167,calibration,154.0,36.0,170.0,163.0,10.0,13.0,31.0,40.35426415225719,NaN
national_anchored,1168,reference,242.0,40.0,71.0,177.0,10.0,12.0,25.0,NaN,NaN
national_anchored,1169,calibration,216.0,42.0,109.0,169.0,12.0,13.0,16.0,19.701078687900793,NaN
national_anchored,1170,reference,218.0,20.0,131.0,160.0,12.0,13.0,23.0,NaN,NaN
national_anchored,1171,calibration,200.0,31.0,121.0,186.0,8.0,13.0,18.0,19.46953767457453,NaN
national_anchored,1172,reference,204.0,26.0,152.0,152.0,10.0,12.0,21.0,NaN,NaN
national_anchored,1173,calibration,188.0,39.0,136.0,169.0,9.0,12.0,24.0,14.394018368654361,NaN
national_anchored,1174,reference,203.0,39.0,117.0,168.0,7.0,14.0,29.0,NaN,NaN
national_anchored,1175,calibration,199.0,39.0,111.0,177.0,10.0,14.0,27.0,17.5868730041793,NaN
national_anchored,1176,reference,163.0,43.0,149.0,172.0,10.0,13.0,27.0,NaN,NaN
national_anchored,1177,calibration,188.0,38.0,139.0,164.0,9.0,13.0,26.0,14.29602981920419,NaN
national_anchored,1178,reference,233.0,39.0,111.0,155.0,8.0,12.0,19.0,NaN,NaN
national_anchored,1179,calibration,231.0,43.0,65.0,188.0,10.0,12.0,28.0,55.844015442970075,NaN
national_anchored,1180,reference,208.0,43.0,103.0,174.0,10.0,13.0,26.0,NaN,NaN
national_anchored,1181,calibration,194.0,33.0,137.0,168.0,9.0,12.0,24.0,12.880513571192115,NaN
national_anchored,1182,reference,191.0,25.0,175.0,141.0,11.0,13.0,21.0,NaN,NaN
national_anchored,1183,calibration,199.0,28.0,192.0,114.0,9.0,13.0,22.0,55.61851189749426,NaN
national_anchored,1184,reference,234.0,26.0,120.0,156.0,10.0,14.0,17.0,NaN,NaN
national_anchored,1185,calibration,171.0,48.0,114.0,190.0,8.0,13.0,33.0,33.34947184121668,NaN
national_anchored,1186,reference,210.0,37.0,128.0,155.0,11.0,13.0,23.0,NaN,NaN
national_anchored,1187,calibration,212.0,29.0,157.0,135.0,10.0,12.0,22.0,27.169342694492922,NaN
national_anchored,1188,reference,221.0,40.0,111.0,160.0,10.0,12.0,23.0,NaN,NaN
national_anchored,1189,calibration,211.0,32.0,136.0,152.0,11.0,12.0,23.0,14.947144958330615,NaN
national_anchored,1190,reference,197.0,21.0,148.0,170.0,7.0,12.0,22.0,NaN,NaN
national_anchored,1191,calibration,238.0,30.0,109.0,157.0,9.0,12.0,22.0,29.629381291448848,NaN
national_anchored,1192,reference,212.0,26.0,127.0,160.0,9.0,13.0,30.0,NaN,NaN
national_anchored,1193,calibration,209.0,24.0,188.0,115.0,10.0,11.0,20.0,53.79808045424926,NaN
national_anchored,1194,reference,187.0,40.0,128.0,174.0,8.0,12.0,28.0,NaN,NaN
national_anchored,1195,calibration,211.0,40.0,111.0,172.0,9.0,11.0,23.0,16.777062698858312,NaN
national_anchored,1196,reference,183.0,23.0,166.0,160.0,10.0,13.0,22.0,NaN,NaN
national_anchored,1197,calibration,185.0,37.0,142.0,166.0,10.0,11.0,26.0,15.60859320224105,NaN
national_anchored,1198,reference,233.0,33.0,115.0,152.0,9.0,13.0,22.0,NaN,NaN
national_anchored,1199,calibration,190.0,27.0,143.0,177.0,13.0,12.0,15.0,18.681239721537832,NaN
national_anchored,1200,reference,190.0,21.0,200.0,125.0,11.0,12.0,18.0,NaN,NaN
national_anchored,1201,calibration,178.0,23.0,157.0,175.0,11.0,13.0,20.0,25.23701413976624,NaN
national_anchored,1202,reference,213.0,44.0,91.0,184.0,6.0,13.0,26.0,NaN,NaN
national_anchored,1203,calibration,187.0,38.0,114.0,187.0,10.0,11.0,30.0,23.405124151483047,NaN
national_anchored,1204,reference,184.0,39.0,150.0,156.0,10.0,13.0,25.0,NaN,NaN
national_anchored,1205,calibration,208.0,38.0,131.0,151.0,9.0,11.0,29.0,15.042428715938609,NaN
national_anchored,1206,reference,230.0,38.0,103.0,163.0,9.0,11.0,23.0,NaN,NaN
national_anchored,1207,calibration,206.0,39.0,98.0,184.0,10.0,11.0,29.0,25.76769100305901,NaN
national_anchored,1208,reference,220.0,39.0,111.0,162.0,12.0,12.0,21.0,NaN,NaN
national_anchored,1209,calibration,205.0,40.0,119.0,168.0,9.0,13.0,23.0,13.498195589740273,NaN
national_anchored,1210,reference,210.0,40.0,111.0,170.0,11.0,13.0,22.0,NaN,NaN
national_anchored,1211,calibration,216.0,17.0,152.0,150.0,9.0,12.0,21.0,23.64177161312075,NaN
national_anchored,1212,reference,160.0,44.0,139.0,181.0,10.0,13.0,30.0,NaN,NaN
national_anchored,1213,calibration,205.0,24.0,135.0,166.0,10.0,12.0,25.0,13.858467661177588,NaN
national_anchored,1214,reference,212.0,37.0,106.0,175.0,9.0,13.0,25.0,NaN,NaN
national_anchored,1215,calibration,225.0,44.0,89.0,172.0,8.0,9.0,30.0,32.68396506937626,NaN
national_anchored,1216,reference,247.0,26.0,130.0,131.0,11.0,12.0,20.0,NaN,NaN
national_anchored,1217,calibration,164.0,17.0,224.0,132.0,8.0,14.0,18.0,78.87130251751088,NaN
national_anchored,1218,reference,219.0,39.0,109.0,164.0,9.0,12.0,25.0,NaN,NaN
national_anchored,1219,calibration,228.0,35.0,118.0,154.0,9.0,13.0,20.0,21.973254348939722,NaN
national_anchored,1220,reference,145.0,40.0,166.0,173.0,9.0,13.0,31.0,NaN,NaN
national_anchored,1221,calibration,160.0,34.0,173.0,161.0,12.0,13.0,24.0,37.718800187319886,NaN
national_anchored,1222,reference,209.0,29.0,140.0,155.0,10.0,12.0,22.0,NaN,NaN
national_anchored,1223,calibration,210.0,39.0,107.0,174.0,12.0,14.0,21.0,18.647915430073073,NaN
national_anchored,1224,reference,218.0,39.0,95.0,171.0,10.0,12.0,32.0,NaN,NaN
national_anchored,1225,calibration,231.0,38.0,102.0,160.0,11.0,11.0,24.0,27.336934667414933,NaN
national_anchored,1226,reference,205.0,21.0,145.0,154.0,10.0,14.0,28.0,NaN,NaN
national_anchored,1227,calibration,142.0,26.0,210.0,152.0,7.0,14.0,26.0,72.58769426507124,NaN
national_anchored,1228,reference,192.0,23.0,151.0,172.0,10.0,12.0,17.0,NaN,NaN
national_anchored,1229,calibration,178.0,28.0,161.0,162.0,10.0,12.0,26.0,23.883387952499117,NaN
national_anchored,1230,reference,230.0,33.0,82.0,184.0,8.0,13.0,27.0,NaN,NaN
national_anchored,1231,calibration,218.0,27.0,106.0,175.0,10.0,13.0,28.0,21.930700684997223,NaN
national_anchored,1232,reference,226.0,39.0,92.0,173.0,8.0,13.0,26.0,NaN,NaN
national_anchored,1233,calibration,229.0,36.0,115.0,152.0,10.0,12.0,23.0,23.45483346395461,NaN
national_anchored,1234,reference,197.0,19.0,188.0,135.0,8.0,12.0,18.0,NaN,NaN
national_anchored,1235,calibration,170.0,36.0,164.0,159.0,10.0,14.0,24.0,28.355643175735747,NaN
national_anchored,1236,reference,206.0,35.0,137.0,153.0,9.0,12.0,25.0,NaN,NaN
national_anchored,1237,calibration,184.0,17.0,171.0,162.0,8.0,13.0,22.0,29.720991159570975,NaN
national_anchored,1238,reference,177.0,30.0,183.0,139.0,9.0,13.0,26.0,NaN,NaN
national_anchored,1239,calibration,162.0,36.0,169.0,163.0,9.0,12.0,26.0,34.6709700961359,NaN
national_anchored,1240,reference,215.0,43.0,95.0,175.0,10.0,12.0,27.0,NaN,NaN
national_anchored,1241,calibration,194.0,35.0,170.0,132.0,7.0,14.0,25.0,33.01698026390825,NaN
national_anchored,1242,reference,229.0,19.0,147.0,139.0,9.0,12.0,22.0,NaN,NaN
national_anchored,1243,calibration,226.0,39.0,98.0,168.0,10.0,10.0,26.0,26.489089646296296,NaN
national_anchored,1244,reference,227.0,39.0,100.0,165.0,11.0,9.0,26.0,NaN,NaN
national_anchored,1245,calibration,219.0,34.0,138.0,143.0,7.0,13.0,23.0,20.799806692684545,NaN
national_anchored,1246,reference,137.0,36.0,183.0,181.0,8.0,13.0,19.0,NaN,NaN
national_anchored,1247,calibration,205.0,31.0,111.0,179.0,10.0,13.0,28.0,18.319977509765796,NaN
national_anchored,1248,reference,221.0,37.0,125.0,147.0,11.0,13.0,23.0,NaN,NaN
national_anchored,1249,calibration,140.0,39.0,162.0,182.0,10.0,13.0,31.0,50.171719392885564,NaN
national_anchored,1250,reference,182.0,20.0,180.0,149.0,10.0,13.0,23.0,NaN,NaN
national_anchored,1251,calibration,217.0,38.0,109.0,167.0,10.0,11.0,25.0,18.156687914438077,NaN
national_anchored,1252,reference,214.0,27.0,159.0,135.0,9.0,12.0,21.0,NaN,NaN
national_anchored,1253,calibration,233.0,39.0,73.0,183.0,11.0,12.0,26.0,48.458965546309344,NaN
national_anchored,1254,reference,199.0,23.0,129.0,180.0,8.0,12.0,26.0,NaN,NaN
national_anchored,1255,calibration,231.0,40.0,96.0,161.0,10.0,13.0,26.0,30.23228287527166,NaN
national_anchored,1256,reference,200.0,37.0,123.0,166.0,11.0,13.0,27.0,NaN,NaN
national_anchored,1257,calibration,206.0,40.0,115.0,171.0,11.0,14.0,20.0,15.205107645906711,NaN
national_anchored,1258,reference,202.0,42.0,103.0,179.0,10.0,14.0,27.0,NaN,NaN
national_anchored,1259,calibration,224.0,39.0,81.0,186.0,10.0,13.0,24.0,40.1954079800678,NaN
national_anchored,1260,reference,202.0,38.0,109.0,179.0,11.0,13.0,25.0,NaN,NaN
national_anchored,1261,calibration,196.0,21.0,155.0,165.0,11.0,13.0,16.0,20.1078119213558,NaN
national_anchored,1262,reference,221.0,39.0,113.0,165.0,8.0,13.0,18.0,NaN,NaN
national_anchored,1263,calibration,208.0,28.0,125.0,169.0,10.0,10.0,27.0,13.780700423731087,NaN
national_anchored,1264,reference,173.0,37.0,145.0,174.0,9.0,14.0,25.0,NaN,NaN
national_anchored,1265,calibration,206.0,36.0,131.0,157.0,10.0,13.0,24.0,12.648857773936822,NaN
national_anchored,1266,reference,205.0,19.0,131.0,173.0,9.0,12.0,28.0,NaN,NaN
national_anchored,1267,calibration,192.0,36.0,145.0,160.0,10.0,12.0,22.0,14.48895412495592,NaN
national_anchored,1268,reference,165.0,39.0,151.0,169.0,10.0,13.0,30.0,NaN,NaN
national_anchored,1269,calibration,212.0,31.0,156.0,138.0,9.0,13.0,18.0,25.600404277938953,NaN
national_anchored,1270,reference,182.0,38.0,163.0,146.0,11.0,14.0,23.0,NaN,NaN
national_anchored,1271,calibration,194.0,40.0,114.0,180.0,11.0,13.0,25.0,18.40343509012089,NaN
national_anchored,1272,reference,169.0,38.0,133.0,182.0,10.0,14.0,31.0,NaN,NaN
national_anchored,1273,calibration,214.0,41.0,109.0,163.0,10.0,14.0,26.0,17.880546188884328,NaN
national_anchored,1274,reference,219.0,40.0,115.0,156.0,11.0,13.0,23.0,NaN,NaN
national_anchored,1275,calibration,220.0,41.0,95.0,166.0,8.0,13.0,34.0,27.25864357891039,NaN
national_anchored,1276,reference,183.0,41.0,136.0,172.0,10.0,12.0,23.0,NaN,NaN
national_anchored,1277,calibration,216.0,35.0,105.0,173.0,11.0,11.0,26.0,20.089081795448134,NaN
national_anchored,1278,reference,219.0,44.0,99.0,172.0,9.0,12.0,22.0,NaN,NaN
national_anchored,1279,calibration,212.0,18.0,158.0,142.0,8.0,11.0,28.0,26.881131269330243,NaN
national_anchored,1280,reference,158.0,34.0,174.0,167.0,12.0,12.0,20.0,NaN,NaN
national_anchored,1281,calibration,211.0,31.0,111.0,179.0,10.0,14.0,21.0,18.966903430129857,NaN
national_anchored,1282,reference,238.0,31.0,87.0,176.0,8.0,12.0,25.0,NaN,NaN
national_anchored,1283,calibration,206.0,23.0,131.0,171.0,8.0,14.0,24.0,14.840867642242952,NaN
national_anchored,1284,reference,212.0,35.0,117.0,167.0,9.0,14.0,23.0,NaN,NaN
national_anchored,1285,calibration,210.0,37.0,110.0,174.0,10.0,14.0,22.0,17.19332401652915,NaN
national_anchored,1286,reference,213.0,44.0,91.0,181.0,11.0,14.0,23.0,NaN,NaN
national_anchored,1287,calibration,177.0,28.0,194.0,141.0,7.0,13.0,17.0,47.73354492016658,NaN
national_anchored,1288,reference,230.0,33.0,121.0,151.0,8.0,12.0,22.0,NaN,NaN
national_anchored,1289,calibration,178.0,37.0,150.0,171.0,10.0,12.0,19.0,20.812937538572253,NaN
national_anchored,1290,reference,239.0,38.0,102.0,150.0,9.0,13.0,26.0,NaN,NaN
national_anchored,1291,calibration,170.0,43.0,135.0,183.0,10.0,11.0,25.0,26.245127836286198,NaN
national_anchored,1292,reference,166.0,17.0,178.0,171.0,9.0,13.0,23.0,NaN,NaN
national_anchored,1293,calibration,209.0,43.0,102.0,175.0,9.0,12.0,27.0,21.25932531724943,NaN
national_anchored,1294,reference,192.0,26.0,145.0,169.0,11.0,12.0,22.0,NaN,NaN
national_anchored,1295,calibration,211.0,45.0,86.0,185.0,11.0,13.0,26.0,34.43605141496883,NaN
national_anchored,1296,reference,139.0,19.0,216.0,157.0,7.0,13.0,26.0,NaN,NaN
national_anchored,1297,calibration,211.0,21.0,147.0,150.0,12.0,13.0,23.0,19.445831286606154,NaN
national_anchored,1298,reference,205.0,42.0,103.0,172.0,8.0,14.0,33.0,NaN,NaN
national_anchored,1299,calibration,163.0,39.0,174.0,155.0,11.0,12.0,23.0,37.348421506302444,NaN
national_anchored,1300,reference,194.0,20.0,181.0,142.0,9.0,13.0,18.0,NaN,NaN
national_anchored,1301,calibration,169.0,43.0,160.0,161.0,10.0,14.0,20.0,28.227259440994924,NaN
national_anchored,1302,reference,181.0,34.0,155.0,165.0,11.0,12.0,19.0,NaN,NaN
national_anchored,1303,calibration,171.0,38.0,171.0,152.0,10.0,11.0,24.0,32.33880772543701,NaN
national_anchored,1304,reference,195.0,43.0,111.0,181.0,9.0,13.0,25.0,NaN,NaN
national_anchored,1305,calibration,189.0,40.0,134.0,166.0,11.0,12.0,25.0,13.943216876860173,NaN
national_anchored,1306,reference,206.0,39.0,111.0,172.0,10.0,12.0,27.0,NaN,NaN
national_anchored,1307,calibration,228.0,36.0,104.0,162.0,10.0,12.0,25.0,24.60283135846365,NaN
national_anchored,1308,reference,191.0,32.0,137.0,170.0,8.0,14.0,25.0,NaN,NaN
national_anchored,1309,calibration,212.0,41.0,114.0,158.0,10.0,12.0,30.0,16.941849224747823,NaN
national_anchored,1310,reference,254.0,39.0,90.0,148.0,8.0,12.0,26.0,NaN,NaN
national_anchored,1311,calibration,209.0,24.0,175.0,131.0,12.0,12.0,14.0,38.316238796883425,NaN
national_anchored,1312,reference,138.0,38.0,192.0,167.0,10.0,14.0,18.0,NaN,NaN
national_anchored,1313,calibration,205.0,22.0,121.0,179.0,8.0,13.0,29.0,18.293993439095306,NaN
national_anchored,1314,reference,222.0,42.0,92.0,172.0,9.0,11.0,29.0,NaN,NaN
national_anchored,1315,calibration,220.0,41.0,90.0,172.0,8.0,12.0,34.0,30.558608381224087,NaN
national_anchored,1316,reference,182.0,29.0,159.0,160.0,10.0,14.0,23.0,NaN,NaN
national_anchored,1317,calibration,212.0,40.0,105.0,171.0,9.0,11.0,29.0,19.341760990800733,NaN
national_anchored,1318,reference,224.0,34.0,134.0,140.0,9.0,12.0,24.0,NaN,NaN
national_anchored,1319,calibration,209.0,18.0,168.0,141.0,11.0,13.0,17.0,31.29549791875583,NaN
national_anchored,1320,reference,210.0,16.0,159.0,153.0,9.0,12.0,18.0,NaN,NaN
national_anchored,1321,calibration,204.0,47.0,100.0,171.0,10.0,12.0,33.0,23.48483858364342,NaN
national_anchored,1322,reference,191.0,29.0,127.0,181.0,10.0,13.0,26.0,NaN,NaN
national_anchored,1323,calibration,150.0,21.0,213.0,147.0,11.0,14.0,21.0,71.72395387741513,NaN
national_anchored,1324,reference,220.0,29.0,130.0,152.0,9.0,12.0,25.0,NaN,NaN
national_anchored,1325,calibration,207.0,25.0,158.0,140.0,11.0,12.0,24.0,24.761995843469787,NaN
national_anchored,1326,reference,216.0,35.0,105.0,166.0,9.0,12.0,34.0,NaN,NaN
national_anchored,1327,calibration,179.0,35.0,153.0,161.0,10.0,13.0,26.0,20.178620725150378,NaN
national_anchored,1328,reference,163.0,39.0,162.0,167.0,10.0,13.0,23.0,NaN,NaN
national_anchored,1329,calibration,216.0,37.0,87.0,188.0,9.0,12.0,28.0,34.93682259085594,NaN
national_anchored,1330,reference,187.0,42.0,126.0,173.0,11.0,13.0,25.0,NaN,NaN
national_anchored,1331,calibration,184.0,37.0,135.0,170.0,10.0,13.0,28.0,15.757850355509557,NaN
national_anchored,1332,reference,201.0,40.0,104.0,181.0,12.0,13.0,26.0,NaN,NaN
national_anchored,1333,calibration,192.0,19.0,158.0,159.0,11.0,13.0,25.0,21.381095998924717,NaN
national_anchored,1334,reference,210.0,28.0,134.0,159.0,9.0,13.0,24.0,NaN,NaN
national_anchored,1335,calibration,222.0,40.0,76.0,190.0,10.0,12.0,27.0,44.95009850242728,NaN
national_anchored,1336,reference,238.0,42.0,67.0,182.0,8.0,12.0,28.0,NaN,NaN
national_anchored,1337,calibration,200.0,39.0,134.0,163.0,8.0,12.0,21.0,12.353377069088335,NaN
national_anchored,1338,reference,196.0,20.0,178.0,143.0,11.0,13.0,16.0,NaN,NaN
national_anchored,1339,calibration,205.0,39.0,113.0,172.0,10.0,14.0,24.0,15.400108515758316,NaN
national_anchored,1340,reference,202.0,36.0,141.0,150.0,10.0,12.0,26.0,NaN,NaN
national_anchored,1341,calibration,234.0,41.0,59.0,193.0,13.0,12.0,25.0,63.2817744991015,NaN
national_anchored,1342,reference,222.0,40.0,115.0,155.0,6.0,12.0,27.0,NaN,NaN
national_anchored,1343,calibration,193.0,16.0,210.0,122.0,6.0,13.0,17.0,66.2211935483131,NaN
national_anchored,1344,reference,217.0,44.0,100.0,171.0,8.0,13.0,24.0,NaN,NaN
national_anchored,1345,calibration,208.0,40.0,113.0,165.0,10.0,13.0,28.0,15.39464836155808,NaN
national_anchored,1346,reference,200.0,25.0,146.0,163.0,7.0,12.0,24.0,NaN,NaN
national_anchored,1347,calibration,198.0,39.0,133.0,162.0,9.0,13.0,23.0,12.239313440311154,NaN
national_anchored,1348,reference,203.0,31.0,142.0,162.0,8.0,12.0,19.0,NaN,NaN
national_anchored,1349,calibration,171.0,24.0,207.0,133.0,10.0,13.0,19.0,61.73669095169906,NaN
national_anchored,1350,reference,192.0,38.0,125.0,174.0,8.0,14.0,26.0,NaN,NaN
national_anchored,1351,calibration,198.0,24.0,159.0,154.0,9.0,14.0,19.0,20.821611781851555,NaN
national_anchored,1352,reference,193.0,30.0,149.0,167.0,9.0,13.0,16.0,NaN,NaN
national_anchored,1353,calibration,215.0,21.0,188.0,112.0,11.0,12.0,18.0,57.1791952740639,NaN
national_anchored,1354,reference,200.0,41.0,114.0,169.0,12.0,13.0,28.0,NaN,NaN
national_anchored,1355,calibration,205.0,35.0,128.0,161.0,10.0,14.0,24.0,12.073618254795857,NaN
national_anchored,1356,reference,211.0,34.0,140.0,141.0,9.0,13.0,29.0,NaN,NaN
national_anchored,1357,calibration,223.0,26.0,120.0,160.0,9.0,13.0,26.0,19.03008371295738,NaN
national_anchored,1358,reference,220.0,33.0,113.0,171.0,7.0,13.0,20.0,NaN,NaN
national_anchored,1359,calibration,185.0,20.0,196.0,136.0,10.0,13.0,17.0,50.04246772512643,NaN
national_anchored,1360,reference,214.0,20.0,160.0,136.0,9.0,13.0,25.0,NaN,NaN
national_anchored,1361,calibration,174.0,21.0,194.0,141.0,9.0,13.0,25.0,49.006398886491596,NaN
national_anchored,1362,reference,202.0,23.0,166.0,138.0,9.0,13.0,26.0,NaN,NaN
national_anchored,1363,calibration,206.0,24.0,194.0,114.0,9.0,13.0,17.0,57.96928871430762,NaN
national_anchored,1364,reference,175.0,38.0,149.0,166.0,10.0,13.0,26.0,NaN,NaN
national_anchored,1365,calibration,177.0,43.0,130.0,178.0,7.0,12.0,30.0,21.569335526066784,NaN
national_anchored,1366,reference,218.0,36.0,122.0,155.0,10.0,11.0,25.0,NaN,NaN
national_anchored,1367,calibration,200.0,39.0,111.0,175.0,9.0,14.0,29.0,17.159708777561374,NaN
national_anchored,1368,reference,155.0,36.0,172.0,167.0,10.0,13.0,24.0,NaN,NaN
national_anchored,1369,calibration,227.0,27.0,173.0,107.0,11.0,9.0,23.0,55.26811146225582,NaN
national_anchored,1370,reference,205.0,43.0,109.0,171.0,9.0,13.0,27.0,NaN,NaN
national_anchored,1371,calibration,184.0,30.0,152.0,167.0,11.0,14.0,19.0,18.920117019536047,NaN
national_anchored,1372,reference,196.0,38.0,134.0,165.0,9.0,13.0,22.0,NaN,NaN
national_anchored,1373,calibration,202.0,38.0,146.0,146.0,12.0,11.0,22.0,17.82041735941222,NaN
national_anchored,1374,reference,217.0,35.0,129.0,155.0,7.0,12.0,22.0,NaN,NaN
national_anchored,1375,calibration,241.0,35.0,97.0,160.0,12.0,11.0,21.0,35.66415124913,NaN
national_anchored,1376,reference,187.0,20.0,215.0,114.0,9.0,12.0,20.0,NaN,NaN
national_anchored,1377,calibration,217.0,32.0,126.0,156.0,12.0,14.0,20.0,15.907167463583075,NaN
national_anchored,1378,reference,197.0,42.0,116.0,168.0,9.0,13.0,32.0,NaN,NaN
national_anchored,1379,calibration,163.0,24.0,248.0,104.0,10.0,10.0,18.0,108.64598635303831,NaN
national_anchored,1380,reference,229.0,41.0,93.0,167.0,12.0,13.0,22.0,NaN,NaN
national_anchored,1381,calibration,212.0,45.0,85.0,186.0,10.0,12.0,27.0,35.60774061202679,NaN
national_anchored,1382,reference,168.0,18.0,192.0,155.0,11.0,14.0,19.0,NaN,NaN
national_anchored,1383,calibration,184.0,39.0,132.0,175.0,9.0,12.0,26.0,16.73074156402434,NaN
national_anchored,1384,reference,186.0,35.0,152.0,153.0,12.0,14.0,25.0,NaN,NaN
national_anchored,1385,calibration,220.0,46.0,81.0,178.0,9.0,12.0,31.0,38.04724696740125,NaN
national_anchored,1386,reference,182.0,28.0,161.0,163.0,5.0,11.0,27.0,NaN,NaN
national_anchored,1387,calibration,226.0,35.0,102.0,173.0,10.0,13.0,18.0,25.559808753644223,NaN
national_anchored,1388,reference,173.0,25.0,216.0,123.0,6.0,13.0,21.0,NaN,NaN
national_anchored,1389,calibration,168.0,40.0,159.0,164.0,10.0,11.0,25.0,27.621927429378662,NaN
national_anchored,1390,reference,196.0,40.0,129.0,163.0,10.0,13.0,26.0,NaN,NaN
national_anchored,1391,calibration,154.0,35.0,170.0,170.0,11.0,10.0,27.0,40.50027325284647,NaN
national_anchored,1392,reference,199.0,39.0,133.0,160.0,10.0,13.0,23.0,NaN,NaN
national_anchored,1393,calibration,226.0,31.0,159.0,123.0,10.0,11.0,17.0,39.266640962285024,NaN
national_anchored,1394,reference,211.0,37.0,102.0,176.0,10.0,12.0,29.0,NaN,NaN
national_anchored,1395,calibration,208.0,22.0,145.0,153.0,7.0,13.0,29.0,17.744438917798202,NaN
national_anchored,1396,reference,226.0,38.0,98.0,161.0,10.0,14.0,30.0,NaN,NaN
national_anchored,1397,calibration,216.0,18.0,165.0,142.0,6.0,13.0,17.0,31.30744561594052,NaN
national_anchored,1398,reference,162.0,41.0,150.0,173.0,10.0,13.0,28.0,NaN,NaN
national_anchored,1399,calibration,160.0,33.0,185.0,154.0,10.0,13.0,22.0,45.00150665231604,NaN
national_anchored,1400,reference,232.0,37.0,88.0,172.0,10.0,14.0,24.0,NaN,NaN
national_anchored,1401,calibration,205.0,19.0,167.0,147.0,7.0,13.0,19.0,27.910285397446703,NaN
national_anchored,1402,reference,245.0,38.0,94.0,154.0,8.0,11.0,27.0,NaN,NaN
national_anchored,1403,calibration,193.0,38.0,121.0,178.0,10.0,14.0,23.0,16.056206289334018,NaN
national_anchored,1404,reference,203.0,41.0,101.0,179.0,10.0,13.0,30.0,NaN,NaN
national_anchored,1405,calibration,211.0,26.0,152.0,148.0,7.0,11.0,22.0,20.412674369984156,NaN
national_anchored,1406,reference,215.0,45.0,94.0,168.0,10.0,13.0,32.0,NaN,NaN
national_anchored,1407,calibration,234.0,46.0,73.0,178.0,10.0,11.0,25.0,48.50208412611994,NaN
national_anchored,1408,reference,179.0,24.0,166.0,159.0,10.0,13.0,26.0,NaN,NaN
national_anchored,1409,calibration,209.0,20.0,189.0,120.0,7.0,14.0,18.0,52.335018940553056,NaN
national_anchored,1410,reference,235.0,34.0,88.0,169.0,10.0,14.0,27.0,NaN,NaN
national_anchored,1411,calibration,208.0,23.0,201.0,106.0,7.0,12.0,20.0,67.49081571037634,NaN
national_anchored,1412,reference,200.0,30.0,125.0,176.0,10.0,14.0,22.0,NaN,NaN
national_anchored,1413,calibration,209.0,39.0,112.0,173.0,10.0,12.0,22.0,16.27537360348501,NaN
national_anchored,1414,reference,170.0,35.0,182.0,143.0,7.0,13.0,27.0,NaN,NaN
national_anchored,1415,calibration,213.0,45.0,94.0,176.0,11.0,12.0,26.0,26.76932490080699,NaN
national_anchored,1416,reference,236.0,24.0,112.0,153.0,10.0,13.0,29.0,NaN,NaN
national_anchored,1417,calibration,171.0,25.0,183.0,153.0,9.0,13.0,23.0,39.42587091519874,NaN
national_anchored,1418,reference,204.0,39.0,128.0,164.0,10.0,11.0,21.0,NaN,NaN
national_anchored,1419,calibration,225.0,39.0,81.0,183.0,9.0,11.0,29.0,39.66605319770697,NaN
national_anchored,1420,reference,226.0,40.0,103.0,157.0,9.0,14.0,28.0,NaN,NaN
national_anchored,1421,calibration,196.0,35.0,126.0,173.0,8.0,12.0,27.0,13.42787294743842,NaN
national_anchored,1422,reference,230.0,40.0,83.0,178.0,9.0,13.0,24.0,NaN,NaN
national_anchored,1423,calibration,212.0,24.0,150.0,140.0,10.0,12.0,29.0,23.558523220563355,NaN
national_anchored,1424,reference,215.0,40.0,103.0,174.0,9.0,12.0,24.0,NaN,NaN
national_anchored,1425,calibration,226.0,24.0,164.0,118.0,11.0,12.0,22.0,44.291172703222045,NaN
national_anchored,1426,reference,184.0,23.0,172.0,152.0,9.0,12.0,25.0,NaN,NaN
national_anchored,1427,calibration,201.0,36.0,125.0,170.0,10.0,13.0,22.0,12.518853040014388,NaN
national_anchored,1428,reference,224.0,20.0,129.0,159.0,11.0,11.0,23.0,NaN,NaN
national_anchored,1429,calibration,216.0,26.0,157.0,139.0,7.0,13.0,19.0,26.97682079047632,NaN
national_anchored,1430,reference,191.0,37.0,150.0,153.0,9.0,12.0,25.0,NaN,NaN
national_anchored,1431,calibration,220.0,36.0,112.0,164.0,10.0,13.0,22.0,18.198988482687977,NaN
national_anchored,1432,reference,213.0,30.0,128.0,164.0,10.0,13.0,19.0,NaN,NaN
national_anchored,1433,calibration,212.0,37.0,121.0,168.0,10.0,11.0,18.0,14.549383427506807,NaN
national_anchored,1434,reference,229.0,44.0,85.0,168.0,10.0,14.0,27.0,NaN,NaN
national_anchored,1435,calibration,189.0,17.0,164.0,166.0,10.0,14.0,17.0,25.931676297441893,NaN
national_anchored,1436,reference,164.0,27.0,211.0,133.0,9.0,14.0,19.0,NaN,NaN
national_anchored,1437,calibration,231.0,20.0,112.0,169.0,10.0,11.0,24.0,26.499741082792763,NaN
national_anchored,1438,reference,217.0,40.0,98.0,172.0,11.0,13.0,26.0,NaN,NaN
national_anchored,1439,calibration,229.0,38.0,104.0,161.0,10.0,12.0,23.0,25.304585114264587,NaN
national_anchored,1440,reference,195.0,38.0,130.0,164.0,10.0,12.0,28.0,NaN,NaN
national_anchored,1441,calibration,178.0,21.0,152.0,177.0,10.0,12.0,27.0,24.567087758282856,NaN
national_anchored,1442,reference,200.0,39.0,145.0,156.0,7.0,12.0,18.0,NaN,NaN
national_anchored,1443,calibration,205.0,37.0,124.0,165.0,10.0,13.0,23.0,12.285823773867751,NaN
national_anchored,1444,reference,211.0,27.0,151.0,147.0,11.0,13.0,17.0,NaN,NaN
national_anchored,1445,calibration,203.0,30.0,176.0,127.0,11.0,13.0,17.0,39.11934401512403,NaN
national_anchored,1446,reference,203.0,43.0,102.0,174.0,10.0,13.0,32.0,NaN,NaN
national_anchored,1447,calibration,208.0,26.0,137.0,161.0,9.0,11.0,25.0,13.86137151040943,NaN
national_anchored,1448,reference,198.0,26.0,139.0,168.0,9.0,13.0,24.0,NaN,NaN
national_anchored,1449,calibration,213.0,41.0,98.0,177.0,10.0,13.0,25.0,23.911334360455246,NaN
national_anchored,1450,reference,196.0,38.0,131.0,169.0,9.0,13.0,21.0,NaN,NaN
national_anchored,1451,calibration,234.0,35.0,91.0,170.0,9.0,12.0,26.0,34.20342198848802,NaN
national_anchored,1452,reference,197.0,22.0,152.0,161.0,8.0,13.0,24.0,NaN,NaN
national_anchored,1453,calibration,176.0,27.0,155.0,177.0,7.0,10.0,25.0,24.977600954506205,NaN
national_anchored,1454,reference,253.0,26.0,133.0,122.0,9.0,11.0,23.0,NaN,NaN
national_anchored,1455,calibration,166.0,37.0,172.0,151.0,9.0,13.0,29.0,35.4699834872124,NaN
national_anchored,1456,reference,185.0,39.0,132.0,170.0,10.0,13.0,28.0,NaN,NaN
national_anchored,1457,calibration,212.0,45.0,84.0,191.0,10.0,13.0,22.0,38.486971627258995,NaN
national_anchored,1458,reference,222.0,42.0,89.0,174.0,9.0,13.0,28.0,NaN,NaN
national_anchored,1459,calibration,226.0,38.0,117.0,152.0,10.0,11.0,23.0,21.639162219975287,NaN
national_anchored,1460,reference,181.0,38.0,148.0,162.0,10.0,14.0,24.0,NaN,NaN
national_anchored,1461,calibration,190.0,39.0,123.0,173.0,11.0,14.0,27.0,15.238089872129603,NaN
national_anchored,1462,reference,215.0,34.0,131.0,156.0,8.0,11.0,22.0,NaN,NaN
national_anchored,1463,calibration,214.0,25.0,146.0,153.0,9.0,12.0,18.0,18.64008576203963,NaN
national_anchored,1464,reference,220.0,37.0,105.0,165.0,10.0,12.0,28.0,NaN,NaN
national_anchored,1465,calibration,175.0,38.0,147.0,167.0,10.0,13.0,27.0,20.63101735388013,NaN
national_anchored,1466,reference,201.0,26.0,116.0,184.0,9.0,13.0,28.0,NaN,NaN
national_anchored,1467,calibration,166.0,31.0,202.0,129.0,11.0,14.0,24.0,60.58062358808556,NaN
national_anchored,1468,reference,212.0,21.0,180.0,123.0,7.0,13.0,21.0,NaN,NaN
national_anchored,1469,calibration,153.0,37.0,183.0,158.0,8.0,13.0,25.0,47.473904297616144,NaN
national_anchored,1470,reference,204.0,41.0,107.0,173.0,10.0,12.0,30.0,NaN,NaN
national_anchored,1471,calibration,245.0,25.0,159.0,109.0,10.0,12.0,17.0,57.29813924698894,NaN
national_anchored,1472,reference,194.0,38.0,129.0,170.0,11.0,13.0,22.0,NaN,NaN
national_anchored,1473,calibration,158.0,24.0,200.0,157.0,7.0,13.0,18.0,56.896419033313265,NaN
national_anchored,1474,reference,196.0,36.0,143.0,154.0,8.0,13.0,27.0,NaN,NaN
national_anchored,1475,calibration,193.0,27.0,151.0,159.0,9.0,14.0,24.0,16.578301170230244,NaN
national_anchored,1476,reference,172.0,25.0,200.0,135.0,9.0,13.0,23.0,NaN,NaN
national_anchored,1477,calibration,169.0,20.0,181.0,160.0,11.0,10.0,26.0,39.5352759224961,NaN
national_anchored,1478,reference,219.0,39.0,121.0,151.0,9.0,14.0,24.0,NaN,NaN
national_anchored,1479,calibration,212.0,45.0,95.0,173.0,10.0,12.0,30.0,25.82859160850025,NaN
national_anchored,1480,reference,234.0,40.0,93.0,164.0,10.0,13.0,23.0,NaN,NaN
national_anchored,1481,calibration,236.0,18.0,114.0,166.0,9.0,12.0,22.0,29.39937455797602,NaN
national_anchored,1482,reference,211.0,40.0,107.0,164.0,10.0,14.0,31.0,NaN,NaN
national_anchored,1483,calibration,207.0,35.0,132.0,156.0,8.0,13.0,26.0,13.04470412478015,NaN
national_anchored,1484,reference,182.0,42.0,123.0,178.0,11.0,12.0,29.0,NaN,NaN
national_anchored,1485,calibration,189.0,23.0,161.0,157.0,10.0,14.0,23.0,22.049146833592378,NaN
national_anchored,1486,reference,179.0,16.0,172.0,162.0,7.0,14.0,27.0,NaN,NaN
national_anchored,1487,calibration,225.0,44.0,86.0,174.0,11.0,11.0,26.0,34.47669905184728,NaN
national_anchored,1488,reference,196.0,24.0,165.0,150.0,9.0,14.0,19.0,NaN,NaN
national_anchored,1489,calibration,199.0,38.0,135.0,159.0,11.0,12.0,23.0,12.485390944852828,NaN
national_anchored,1490,reference,190.0,44.0,118.0,172.0,9.0,12.0,32.0,NaN,NaN
national_anchored,1491,calibration,222.0,25.0,135.0,150.0,10.0,12.0,23.0,20.01125437263511,NaN
national_anchored,1492,reference,190.0,32.0,176.0,144.0,7.0,11.0,17.0,NaN,NaN
national_anchored,1493,calibration,235.0,28.0,146.0,121.0,10.0,13.0,24.0,40.998119409364946,NaN
national_anchored,1494,reference,202.0,19.0,134.0,177.0,9.0,10.0,26.0,NaN,NaN
national_anchored,1495,calibration,181.0,40.0,132.0,174.0,10.0,14.0,26.0,17.792682888082336,NaN
national_anchored,1496,reference,213.0,39.0,91.0,182.0,10.0,12.0,30.0,NaN,NaN
national_anchored,1497,calibration,211.0,24.0,158.0,138.0,11.0,14.0,21.0,26.610732898584526,NaN
national_anchored,1498,reference,211.0,39.0,105.0,171.0,10.0,12.0,29.0,NaN,NaN
national_anchored,1499,calibration,178.0,41.0,140.0,174.0,11.0,13.0,20.0,19.827441046214698,NaN
national_anchored,1500,reference,174.0,21.0,158.0,176.0,7.0,10.0,31.0,NaN,NaN
national_anchored,1501,calibration,199.0,22.0,158.0,161.0,8.0,12.0,17.0,20.677652177121363,NaN
national_anchored,1502,reference,242.0,32.0,93.0,165.0,9.0,13.0,23.0,NaN,NaN
national_anchored,1503,calibration,227.0,38.0,110.0,158.0,9.0,13.0,22.0,22.607512932396464,NaN
national_anchored,1504,reference,153.0,40.0,171.0,167.0,11.0,13.0,22.0,NaN,NaN
national_anchored,1505,calibration,202.0,28.0,165.0,141.0,9.0,12.0,20.0,26.613636314248442,NaN
national_anchored,1506,reference,197.0,32.0,162.0,138.0,11.0,13.0,24.0,NaN,NaN
national_anchored,1507,calibration,193.0,26.0,135.0,178.0,9.0,13.0,23.0,16.383733813962966,NaN
national_anchored,1508,reference,181.0,39.0,147.0,161.0,10.0,13.0,26.0,NaN,NaN
national_anchored,1509,calibration,152.0,30.0,188.0,165.0,8.0,11.0,23.0,51.060252659222925,NaN
national_anchored,1510,reference,170.0,35.0,183.0,148.0,10.0,13.0,18.0,NaN,NaN
national_anchored,1511,calibration,216.0,33.0,125.0,158.0,10.0,11.0,24.0,14.901315795958855,NaN
national_anchored,1512,reference,172.0,43.0,129.0,183.0,11.0,12.0,27.0,NaN,NaN
national_anchored,1513,calibration,138.0,37.0,189.0,165.0,8.0,13.0,27.0,60.71239699204415,NaN
national_anchored,1514,reference,217.0,38.0,90.0,181.0,10.0,13.0,28.0,NaN,NaN
national_anchored,1515,calibration,219.0,45.0,86.0,179.0,10.0,11.0,27.0,33.87787655820411,NaN
national_anchored,1516,reference,241.0,33.0,72.0,182.0,10.0,11.0,28.0,NaN,NaN
national_anchored,1517,calibration,214.0,32.0,134.0,150.0,10.0,13.0,24.0,16.116233417572882,NaN
national_anchored,1518,reference,250.0,44.0,66.0,167.0,9.0,13.0,28.0,NaN,NaN
national_anchored,1519,calibration,217.0,36.0,123.0,151.0,11.0,12.0,27.0,17.27054162608604,NaN
national_anchored,1520,reference,218.0,41.0,113.0,163.0,10.0,14.0,18.0,NaN,NaN
national_anchored,1521,calibration,171.0,33.0,168.0,155.0,10.0,13.0,27.0,30.145871307052484,NaN
national_anchored,1522,reference,215.0,40.0,103.0,173.0,6.0,13.0,27.0,NaN,NaN
national_anchored,1523,calibration,232.0,39.0,86.0,170.0,8.0,14.0,28.0,36.51360016169784,NaN
national_anchored,1524,reference,200.0,37.0,146.0,148.0,10.0,12.0,24.0,NaN,NaN
national_anchored,1525,calibration,217.0,24.0,140.0,149.0,10.0,13.0,24.0,19.130409074271316,NaN
national_anchored,1526,reference,151.0,18.0,177.0,185.0,8.0,12.0,26.0,NaN,NaN
national_anchored,1527,calibration,191.0,38.0,135.0,165.0,12.0,13.0,23.0,13.290984787764021,NaN
national_anchored,1528,reference,232.0,30.0,114.0,155.0,9.0,12.0,25.0,NaN,NaN
national_anchored,1529,calibration,189.0,34.0,144.0,162.0,9.0,14.0,25.0,14.665902757927707,NaN
national_anchored,1530,reference,174.0,40.0,140.0,175.0,6.0,13.0,29.0,NaN,NaN
national_anchored,1531,calibration,174.0,34.0,149.0,173.0,11.0,12.0,24.0,22.231850989919298,NaN
national_anchored,1532,reference,181.0,39.0,148.0,162.0,8.0,13.0,26.0,NaN,NaN
national_anchored,1533,calibration,205.0,21.0,195.0,117.0,11.0,12.0,16.0,57.341755794734624,NaN
national_anchored,1534,reference,202.0,44.0,107.0,178.0,10.0,12.0,24.0,NaN,NaN
national_anchored,1535,calibration,209.0,28.0,168.0,133.0,11.0,10.0,18.0,32.72170247232238,NaN
national_anchored,1536,reference,243.0,42.0,80.0,163.0,10.0,13.0,26.0,NaN,NaN
national_anchored,1537,calibration,200.0,38.0,118.0,170.0,9.0,14.0,28.0,13.964453940051367,NaN
national_anchored,1538,reference,209.0,39.0,102.0,177.0,10.0,13.0,27.0,NaN,NaN
national_anchored,1539,calibration,140.0,42.0,170.0,178.0,10.0,12.0,25.0,51.954680568819214,NaN
national_anchored,1540,reference,247.0,30.0,94.0,159.0,10.0,14.0,23.0,NaN,NaN
national_anchored,1541,calibration,219.0,35.0,113.0,164.0,10.0,13.0,23.0,17.486140479894036,NaN
national_anchored,1542,reference,202.0,29.0,148.0,155.0,8.0,13.0,22.0,NaN,NaN
national_anchored,1543,calibration,197.0,45.0,104.0,181.0,11.0,12.0,27.0,23.02157265404802,NaN
national_anchored,1544,reference,150.0,41.0,159.0,181.0,9.0,13.0,24.0,NaN,NaN
national_anchored,1545,calibration,220.0,41.0,106.0,164.0,10.0,13.0,23.0,20.659864594351976,NaN
national_anchored,1546,reference,211.0,37.0,123.0,156.0,10.0,13.0,27.0,NaN,NaN
national_anchored,1547,calibration,255.0,39.0,72.0,159.0,10.0,12.0,30.0,59.65928795741769,NaN
national_anchored,1548,reference,197.0,34.0,127.0,178.0,11.0,13.0,17.0,NaN,NaN
national_anchored,1549,calibration,202.0,34.0,157.0,146.0,11.0,11.0,16.0,21.702883625144043,NaN
national_anchored,1550,reference,205.0,35.0,116.0,178.0,9.0,11.0,23.0,NaN,NaN
national_anchored,1551,calibration,170.0,38.0,162.0,159.0,9.0,12.0,27.0,27.755078072532324,NaN
national_anchored,1552,reference,234.0,26.0,136.0,139.0,7.0,12.0,23.0,NaN,NaN
national_anchored,1553,calibration,210.0,26.0,153.0,149.0,7.0,13.0,19.0,20.46408285681613,NaN
national_anchored,1554,reference,185.0,38.0,127.0,177.0,10.0,14.0,26.0,NaN,NaN
national_anchored,1555,calibration,217.0,43.0,91.0,180.0,9.0,12.0,25.0,29.934420792493572,NaN
national_anchored,1556,reference,174.0,33.0,162.0,168.0,10.0,13.0,17.0,NaN,NaN
national_anchored,1557,calibration,175.0,44.0,135.0,173.0,10.0,13.0,27.0,21.04972483154634,NaN
national_anchored,1558,reference,192.0,27.0,150.0,163.0,10.0,13.0,22.0,NaN,NaN
national_anchored,1559,calibration,223.0,25.0,107.0,177.0,11.0,12.0,22.0,24.273398510056158,NaN
national_anchored,1560,reference,228.0,41.0,88.0,174.0,10.0,11.0,25.0,NaN,NaN
national_anchored,1561,calibration,169.0,37.0,163.0,161.0,11.0,13.0,23.0,28.39522007112181,NaN
national_anchored,1562,reference,148.0,38.0,199.0,151.0,9.0,11.0,21.0,NaN,NaN
national_anchored,1563,calibration,227.0,24.0,125.0,152.0,10.0,13.0,26.0,22.168487290530823,NaN
national_anchored,1564,reference,197.0,37.0,152.0,144.0,8.0,12.0,27.0,NaN,NaN
national_anchored,1565,calibration,180.0,18.0,184.0,156.0,7.0,14.0,18.0,38.825408839819374,NaN
national_anchored,1566,reference,221.0,39.0,105.0,166.0,11.0,13.0,22.0,NaN,NaN
national_anchored,1567,calibration,198.0,39.0,123.0,169.0,10.0,13.0,25.0,12.915617980710419,NaN
national_anchored,1568,reference,222.0,37.0,90.0,187.0,8.0,12.0,21.0,NaN,NaN
national_anchored,1569,calibration,202.0,24.0,124.0,182.0,12.0,10.0,23.0,18.22042530678686,NaN
national_anchored,1570,reference,162.0,36.0,178.0,155.0,5.0,14.0,27.0,NaN,NaN
national_anchored,1571,calibration,219.0,21.0,159.0,139.0,7.0,11.0,21.0,29.532246773266312,NaN
national_anchored,1572,reference,207.0,35.0,125.0,163.0,12.0,14.0,21.0,NaN,NaN
national_anchored,1573,calibration,187.0,47.0,104.0,184.0,10.0,14.0,31.0,27.425647839664396,NaN
national_anchored,1574,reference,231.0,38.0,114.0,148.0,8.0,11.0,27.0,NaN,NaN
national_anchored,1575,calibration,238.0,46.0,72.0,173.0,11.0,13.0,24.0,50.404491129091,NaN
national_anchored,1576,reference,156.0,26.0,190.0,164.0,9.0,13.0,19.0,NaN,NaN
national_anchored,1577,calibration,165.0,24.0,160.0,178.0,10.0,13.0,27.0,32.52763523536953,NaN
national_anchored,1578,reference,198.0,38.0,100.0,192.0,7.0,14.0,28.0,NaN,NaN
national_anchored,1579,calibration,209.0,39.0,99.0,178.0,8.0,12.0,32.0,23.739499423176508,NaN
national_anchored,1580,reference,167.0,37.0,178.0,145.0,9.0,12.0,29.0,NaN,NaN
national_anchored,1581,calibration,168.0,36.0,175.0,156.0,8.0,12.0,22.0,35.106441701138394,NaN
national_anchored,1582,reference,171.0,28.0,201.0,131.0,8.0,14.0,24.0,NaN,NaN
national_anchored,1583,calibration,219.0,40.0,112.0,156.0,10.0,14.0,26.0,19.263299514990873,NaN
national_anchored,1584,reference,216.0,35.0,123.0,156.0,9.0,14.0,24.0,NaN,NaN
national_anchored,1585,calibration,167.0,34.0,153.0,171.0,10.0,14.0,28.0,26.589274733187143,NaN
national_anchored,1586,reference,208.0,21.0,165.0,135.0,10.0,13.0,25.0,NaN,NaN
national_anchored,1587,calibration,197.0,32.0,177.0,130.0,8.0,13.0,20.0,37.61593773757535,NaN
national_anchored,1588,reference,177.0,15.0,203.0,140.0,11.0,11.0,20.0,NaN,NaN
national_anchored,1589,calibration,196.0,32.0,135.0,163.0,7.0,14.0,30.0,12.946988114454182,NaN
national_anchored,1590,reference,219.0,39.0,109.0,162.0,10.0,13.0,25.0,NaN,NaN
national_anchored,1591,calibration,201.0,19.0,199.0,117.0,10.0,13.0,18.0,59.883786711165925,NaN
national_anchored,1592,reference,196.0,24.0,156.0,160.0,9.0,12.0,20.0,NaN,NaN
national_anchored,1593,calibration,200.0,45.0,98.0,185.0,10.0,12.0,27.0,27.128339093711606,NaN
national_anchored,1594,reference,211.0,38.0,113.0,173.0,6.0,12.0,24.0,NaN,NaN
national_anchored,1595,calibration,227.0,39.0,93.0,172.0,11.0,13.0,22.0,30.00473478539094,NaN
national_anchored,1596,reference,198.0,35.0,154.0,148.0,6.0,12.0,24.0,NaN,NaN
national_anchored,1597,calibration,190.0,26.0,177.0,139.0,9.0,13.0,23.0,34.26802766210032,NaN
national_anchored,1598,reference,202.0,46.0,98.0,180.0,10.0,12.0,29.0,NaN,NaN
national_anchored,1599,calibration,180.0,35.0,137.0,182.0,10.0,12.0,21.0,20.728040686010626,NaN
national_anchored,1600,reference,193.0,41.0,120.0,172.0,11.0,13.0,27.0,NaN,NaN
national_anchored,1601,calibration,224.0,36.0,107.0,160.0,11.0,13.0,26.0,21.859744114498927,NaN
national_anchored,1602,reference,217.0,38.0,119.0,161.0,8.0,11.0,23.0,NaN,NaN
national_anchored,1603,calibration,168.0,46.0,131.0,180.0,9.0,10.0,33.0,27.84402808457126,NaN
national_anchored,1604,reference,210.0,36.0,117.0,163.0,11.0,12.0,28.0,NaN,NaN
national_anchored,1605,calibration,206.0,38.0,124.0,163.0,8.0,13.0,25.0,12.504577788537755,NaN
national_anchored,1606,reference,228.0,41.0,87.0,172.0,10.0,12.0,27.0,NaN,NaN
national_anchored,1607,calibration,170.0,20.0,178.0,163.0,10.0,14.0,22.0,37.272541870835894,NaN
national_anchored,1608,reference,166.0,27.0,179.0,161.0,11.0,13.0,20.0,NaN,NaN
national_anchored,1609,calibration,229.0,39.0,78.0,183.0,11.0,11.0,26.0,43.12660120622908,NaN
national_anchored,1610,reference,197.0,40.0,126.0,169.0,9.0,12.0,24.0,NaN,NaN
national_anchored,1611,calibration,205.0,28.0,142.0,161.0,10.0,12.0,19.0,14.173515869259031,NaN
national_anchored,1612,reference,224.0,44.0,79.0,180.0,10.0,14.0,26.0,NaN,NaN
national_anchored,1613,calibration,203.0,41.0,101.0,184.0,9.0,12.0,27.0,24.2458862094139,NaN
national_anchored,1614,reference,200.0,38.0,115.0,176.0,10.0,14.0,24.0,NaN,NaN
national_anchored,1615,calibration,197.0,39.0,136.0,164.0,12.0,12.0,17.0,13.377285563587858,NaN
national_anchored,1616,reference,229.0,18.0,137.0,145.0,11.0,12.0,25.0,NaN,NaN
national_anchored,1617,calibration,231.0,35.0,106.0,164.0,12.0,14.0,15.0,26.567820237018427,NaN
national_anchored,1618,reference,220.0,43.0,84.0,181.0,9.0,14.0,26.0,NaN,NaN
national_anchored,1619,calibration,237.0,40.0,85.0,169.0,11.0,12.0,23.0,39.66376422225936,NaN
national_anchored,1620,reference,209.0,38.0,110.0,177.0,8.0,11.0,24.0,NaN,NaN
national_anchored,1621,calibration,180.0,42.0,113.0,195.0,9.0,14.0,24.0,30.380967285933078,NaN
national_anchored,1622,reference,175.0,35.0,149.0,162.0,11.0,13.0,32.0,NaN,NaN
national_anchored,1623,calibration,194.0,22.0,188.0,127.0,9.0,13.0,24.0,46.59597853802619,NaN
national_anchored,1624,reference,197.0,41.0,133.0,162.0,11.0,13.0,20.0,NaN,NaN
national_anchored,1625,calibration,133.0,41.0,161.0,188.0,9.0,14.0,31.0,57.20444759185865,NaN
national_anchored,1626,reference,197.0,19.0,189.0,130.0,11.0,14.0,17.0,NaN,NaN
national_anchored,1627,calibration,238.0,25.0,134.0,133.0,10.0,13.0,24.0,35.05565837219159,NaN
national_anchored,1628,reference,169.0,42.0,154.0,160.0,9.0,13.0,30.0,NaN,NaN
national_anchored,1629,calibration,151.0,45.0,135.0,195.0,12.0,13.0,26.0,43.397430999716676,NaN
national_anchored,1630,reference,159.0,39.0,152.0,181.0,11.0,13.0,22.0,NaN,NaN
national_anchored,1631,calibration,234.0,28.0,109.0,161.0,10.0,13.0,22.0,26.951094344622756,NaN
national_anchored,1632,reference,202.0,28.0,149.0,161.0,6.0,12.0,19.0,NaN,NaN
national_anchored,1633,calibration,210.0,28.0,129.0,163.0,9.0,14.0,24.0,13.338080672811369,NaN
national_anchored,1634,reference,186.0,39.0,126.0,179.0,10.0,14.0,23.0,NaN,NaN
national_anchored,1635,calibration,240.0,40.0,72.0,175.0,10.0,13.0,27.0,50.933680571740425,NaN
national_anchored,1636,reference,175.0,18.0,215.0,129.0,11.0,13.0,16.0,NaN,NaN
national_anchored,1637,calibration,207.0,37.0,120.0,165.0,9.0,13.0,26.0,13.073813711866759,NaN
national_anchored,1638,reference,157.0,42.0,146.0,180.0,10.0,13.0,29.0,NaN,NaN
national_anchored,1639,calibration,228.0,30.0,90.0,183.0,11.0,9.0,26.0,35.27134789096624,NaN
national_anchored,1640,reference,225.0,35.0,90.0,178.0,10.0,13.0,26.0,NaN,NaN
national_anchored,1641,calibration,203.0,34.0,126.0,172.0,9.0,13.0,20.0,13.077705131774177,NaN
national_anchored,1642,reference,188.0,45.0,121.0,175.0,10.0,13.0,25.0,NaN,NaN
national_anchored,1643,calibration,192.0,40.0,117.0,173.0,8.0,14.0,33.0,17.12711280016784,NaN
national_anchored,1644,reference,216.0,40.0,124.0,161.0,10.0,10.0,16.0,NaN,NaN
national_anchored,1645,calibration,203.0,37.0,140.0,152.0,9.0,13.0,23.0,14.412008239840947,NaN
national_anchored,1646,reference,160.0,38.0,172.0,164.0,11.0,13.0,19.0,NaN,NaN
national_anchored,1647,calibration,214.0,38.0,127.0,152.0,10.0,13.0,23.0,15.679434095879504,NaN
national_anchored,1648,reference,226.0,29.0,138.0,145.0,9.0,13.0,17.0,NaN,NaN
national_anchored,1649,calibration,175.0,21.0,191.0,147.0,12.0,13.0,18.0,45.47432516259738,NaN
national_anchored,1650,reference,215.0,32.0,128.0,155.0,11.0,14.0,22.0,NaN,NaN
national_anchored,1651,calibration,198.0,33.0,121.0,181.0,10.0,14.0,20.0,16.77195062663527,NaN
national_anchored,1652,reference,193.0,31.0,162.0,143.0,10.0,13.0,25.0,NaN,NaN
national_anchored,1653,calibration,233.0,42.0,91.0,159.0,9.0,13.0,30.0,34.8789051290219,NaN
national_anchored,1654,reference,212.0,37.0,111.0,172.0,10.0,11.0,24.0,NaN,NaN
national_anchored,1655,calibration,175.0,30.0,193.0,141.0,9.0,12.0,17.0,47.42074542706855,NaN
national_anchored,1656,reference,233.0,45.0,78.0,169.0,11.0,14.0,27.0,NaN,NaN
national_anchored,1657,calibration,198.0,28.0,136.0,172.0,11.0,13.0,19.0,14.158885217221144,NaN
national_anchored,1658,reference,208.0,44.0,113.0,165.0,8.0,12.0,27.0,NaN,NaN
national_anchored,1659,calibration,179.0,35.0,146.0,172.0,11.0,11.0,23.0,19.24358888185265,NaN
national_anchored,1660,reference,206.0,44.0,99.0,183.0,8.0,11.0,26.0,NaN,NaN
national_anchored,1661,calibration,209.0,20.0,160.0,142.0,6.0,12.0,28.0,26.560731001992256,NaN
national_anchored,1662,reference,222.0,42.0,88.0,174.0,10.0,13.0,28.0,NaN,NaN
national_anchored,1663,calibration,197.0,42.0,113.0,178.0,11.0,11.0,25.0,17.82289587342265,NaN
national_anchored,1664,reference,213.0,37.0,114.0,167.0,9.0,11.0,26.0,NaN,NaN
national_anchored,1665,calibration,195.0,28.0,130.0,175.0,10.0,11.0,28.0,14.766152357912485,NaN
national_anchored,1666,reference,195.0,25.0,172.0,139.0,9.0,13.0,24.0,NaN,NaN
national_anchored,1667,calibration,191.0,44.0,109.0,181.0,10.0,13.0,29.0,22.08214953220762,NaN
national_anchored,1668,reference,213.0,38.0,129.0,155.0,9.0,12.0,21.0,NaN,NaN
national_anchored,1669,calibration,215.0,26.0,123.0,167.0,11.0,10.0,25.0,15.690740292378369,NaN
national_anchored,1670,reference,209.0,46.0,88.0,185.0,10.0,9.0,30.0,NaN,NaN
national_anchored,1671,calibration,202.0,42.0,110.0,174.0,9.0,12.0,28.0,17.395952247541,NaN
national_anchored,1672,reference,212.0,46.0,93.0,172.0,9.0,13.0,32.0,NaN,NaN
national_anchored,1673,calibration,196.0,39.0,126.0,165.0,11.0,14.0,26.0,12.689498890371542,NaN
national_anchored,1674,reference,214.0,32.0,107.0,178.0,10.0,10.0,26.0,NaN,NaN
national_anchored,1675,calibration,149.0,35.0,167.0,174.0,10.0,14.0,28.0,43.15235447182555,NaN
national_anchored,1676,reference,171.0,35.0,174.0,153.0,8.0,13.0,23.0,NaN,NaN
national_anchored,1677,calibration,151.0,18.0,220.0,148.0,10.0,13.0,17.0,77.25220451367585,NaN
national_anchored,1678,reference,222.0,31.0,102.0,177.0,11.0,13.0,21.0,NaN,NaN
national_anchored,1679,calibration,245.0,44.0,81.0,165.0,9.0,14.0,19.0,47.61052953579204,NaN
national_anchored,1680,reference,157.0,38.0,170.0,167.0,8.0,13.0,24.0,NaN,NaN
national_anchored,1681,calibration,231.0,36.0,116.0,152.0,9.0,13.0,20.0,24.514003354858676,NaN
national_anchored,1682,reference,140.0,41.0,174.0,169.0,10.0,13.0,30.0,NaN,NaN
national_anchored,1683,calibration,191.0,43.0,121.0,175.0,8.0,13.0,26.0,16.32428925274517,NaN
national_anchored,1684,reference,201.0,34.0,115.0,178.0,10.0,11.0,28.0,NaN,NaN
national_anchored,1685,calibration,205.0,40.0,99.0,188.0,11.0,11.0,23.0,26.99959966775619,NaN
national_anchored,1686,reference,212.0,37.0,105.0,178.0,9.0,13.0,23.0,NaN,NaN
national_anchored,1687,calibration,205.0,21.0,170.0,139.0,12.0,13.0,17.0,31.705523190709993,NaN
national_anchored,1688,reference,209.0,45.0,99.0,173.0,11.0,14.0,26.0,NaN,NaN
national_anchored,1689,calibration,191.0,38.0,133.0,169.0,11.0,14.0,21.0,13.619305488360428,NaN
national_anchored,1690,reference,198.0,37.0,135.0,168.0,8.0,12.0,19.0,NaN,NaN
national_anchored,1691,calibration,225.0,34.0,112.0,159.0,10.0,14.0,23.0,20.78071613621388,NaN
national_anchored,1692,reference,179.0,28.0,169.0,154.0,12.0,13.0,22.0,NaN,NaN
national_anchored,1693,calibration,223.0,41.0,93.0,170.0,8.0,13.0,29.0,28.56069310285245,NaN
national_anchored,1694,reference,234.0,33.0,146.0,120.0,9.0,13.0,22.0,NaN,NaN
national_anchored,1695,calibration,200.0,44.0,100.0,182.0,9.0,12.0,30.0,24.977379629755365,NaN
national_anchored,1696,reference,181.0,38.0,156.0,158.0,9.0,13.0,22.0,NaN,NaN
national_anchored,1697,calibration,149.0,33.0,195.0,156.0,11.0,13.0,20.0,57.45033624712127,NaN
national_anchored,1698,reference,203.0,39.0,103.0,184.0,9.0,13.0,26.0,NaN,NaN
national_anchored,1699,calibration,208.0,37.0,127.0,163.0,10.0,12.0,20.0,12.674704488604743,NaN
national_anchored,1700,reference,190.0,37.0,141.0,159.0,12.0,12.0,26.0,NaN,NaN
national_anchored,1701,calibration,228.0,46.0,74.0,181.0,11.0,12.0,25.0,46.045021206311375,NaN
national_anchored,1702,reference,233.0,39.0,87.0,167.0,10.0,14.0,27.0,NaN,NaN
national_anchored,1703,calibration,203.0,38.0,132.0,159.0,12.0,12.0,21.0,12.544209254162116,NaN
national_anchored,1704,reference,204.0,44.0,113.0,171.0,11.0,12.0,22.0,NaN,NaN
national_anchored,1705,calibration,211.0,38.0,98.0,177.0,10.0,14.0,29.0,23.669178090941127,NaN
national_anchored,1706,reference,241.0,40.0,58.0,187.0,12.0,14.0,25.0,NaN,NaN
national_anchored,1707,calibration,219.0,39.0,80.0,190.0,10.0,11.0,28.0,41.318329515520304,NaN
national_anchored,1708,reference,165.0,41.0,148.0,178.0,10.0,10.0,25.0,NaN,NaN
national_anchored,1709,calibration,232.0,38.0,94.0,167.0,9.0,12.0,25.0,31.311773467487964,NaN
national_anchored,1710,reference,168.0,39.0,149.0,169.0,10.0,14.0,28.0,NaN,NaN
national_anchored,1711,calibration,191.0,30.0,150.0,157.0,12.0,14.0,23.0,16.467560994963474,NaN
national_anchored,1712,reference,215.0,28.0,141.0,148.0,9.0,12.0,24.0,NaN,NaN
national_anchored,1713,calibration,188.0,35.0,124.0,186.0,8.0,12.0,24.0,20.0995865311415,NaN
national_anchored,1714,reference,162.0,23.0,223.0,128.0,9.0,12.0,20.0,NaN,NaN
national_anchored,1715,calibration,219.0,33.0,105.0,175.0,10.0,12.0,23.0,21.488044127107724,NaN
national_anchored,1716,reference,202.0,16.0,157.0,160.0,9.0,14.0,19.0,NaN,NaN
national_anchored,1717,calibration,227.0,36.0,75.0,186.0,9.0,14.0,30.0,45.79026146715539,NaN
national_anchored,1718,reference,204.0,37.0,118.0,165.0,10.0,13.0,30.0,NaN,NaN
national_anchored,1719,calibration,177.0,37.0,148.0,169.0,10.0,13.0,23.0,20.02297512293835,NaN
national_anchored,1720,reference,238.0,39.0,79.0,174.0,8.0,12.0,27.0,NaN,NaN
national_anchored,1721,calibration,193.0,28.0,164.0,150.0,11.0,12.0,19.0,23.516909114718874,NaN
national_anchored,1722,reference,193.0,26.0,143.0,174.0,8.0,13.0,20.0,NaN,NaN
national_anchored,1723,calibration,230.0,36.0,132.0,139.0,6.0,12.0,22.0,27.247462176413595,NaN
national_anchored,1724,reference,162.0,34.0,163.0,171.0,11.0,11.0,25.0,NaN,NaN
national_anchored,1725,calibration,195.0,23.0,153.0,162.0,6.0,13.0,25.0,18.036882108074533,NaN
national_anchored,1726,reference,200.0,33.0,133.0,164.0,10.0,12.0,25.0,NaN,NaN
national_anchored,1727,calibration,198.0,38.0,108.0,179.0,11.0,13.0,30.0,19.760335369838717,NaN
national_anchored,1728,reference,227.0,15.0,126.0,169.0,8.0,14.0,18.0,NaN,NaN
national_anchored,1729,calibration,215.0,43.0,96.0,183.0,7.0,14.0,19.0,28.214251836244646,NaN
national_anchored,1730,reference,209.0,21.0,158.0,147.0,10.0,14.0,18.0,NaN,NaN
national_anchored,1731,calibration,197.0,23.0,170.0,147.0,7.0,13.0,20.0,27.944248445778687,NaN
national_anchored,1732,reference,224.0,47.0,69.0,189.0,11.0,13.0,24.0,NaN,NaN
national_anchored,1733,calibration,225.0,23.0,177.0,115.0,7.0,11.0,19.0,51.817317711412414,NaN
national_anchored,1734,reference,172.0,39.0,161.0,162.0,10.0,13.0,20.0,NaN,NaN
national_anchored,1735,calibration,197.0,37.0,141.0,155.0,8.0,13.0,26.0,13.941687106890601,NaN
national_anchored,1736,reference,203.0,38.0,119.0,169.0,10.0,12.0,26.0,NaN,NaN
national_anchored,1737,calibration,202.0,41.0,97.0,185.0,10.0,14.0,28.0,26.944559399607638,NaN
national_anchored,1738,reference,241.0,38.0,73.0,179.0,9.0,11.0,26.0,NaN,NaN
national_anchored,1739,calibration,213.0,37.0,99.0,174.0,12.0,13.0,29.0,22.79082561602225,NaN
national_anchored,1740,reference,210.0,26.0,171.0,127.0,9.0,10.0,24.0,NaN,NaN
national_anchored,1741,calibration,205.0,35.0,110.0,177.0,10.0,12.0,28.0,17.62140255260069,NaN
national_anchored,1742,reference,207.0,38.0,112.0,173.0,10.0,13.0,24.0,NaN,NaN
national_anchored,1743,calibration,209.0,25.0,150.0,147.0,9.0,13.0,24.0,19.668599469617252,NaN
national_anchored,1744,reference,189.0,39.0,119.0,179.0,10.0,13.0,28.0,NaN,NaN
national_anchored,1745,calibration,233.0,38.0,99.0,167.0,9.0,12.0,19.0,29.74442247764672,NaN
national_anchored,1746,reference,162.0,38.0,154.0,173.0,10.0,14.0,26.0,NaN,NaN
national_anchored,1747,calibration,220.0,38.0,113.0,158.0,10.0,13.0,25.0,18.594021600251185,NaN
national_anchored,1748,reference,191.0,27.0,164.0,152.0,7.0,13.0,23.0,NaN,NaN
national_anchored,1749,calibration,213.0,43.0,97.0,172.0,11.0,13.0,28.0,24.03672598250537,NaN
national_anchored,1750,reference,252.0,40.0,74.0,165.0,10.0,10.0,26.0,NaN,NaN
national_anchored,1751,calibration,218.0,21.0,136.0,156.0,11.0,13.0,22.0,18.36351229385485,NaN
national_anchored,1752,reference,189.0,29.0,178.0,141.0,8.0,13.0,19.0,NaN,NaN
national_anchored,1753,calibration,225.0,36.0,96.0,168.0,10.0,14.0,28.0,27.11116706187399,NaN
national_anchored,1754,reference,192.0,37.0,121.0,175.0,10.0,12.0,30.0,NaN,NaN
national_anchored,1755,calibration,239.0,34.0,113.0,147.0,9.0,13.0,22.0,31.352684187968134,NaN
national_anchored,1756,reference,205.0,34.0,124.0,171.0,9.0,11.0,23.0,NaN,NaN
national_anchored,1757,calibration,200.0,23.0,201.0,119.0,6.0,11.0,17.0,59.83119803374451,NaN
national_anchored,1758,reference,217.0,40.0,99.0,169.0,10.0,14.0,28.0,NaN,NaN
national_anchored,1759,calibration,189.0,22.0,224.0,103.0,9.0,13.0,17.0,85.65205453957223,NaN
national_anchored,1760,reference,221.0,25.0,159.0,131.0,10.0,14.0,17.0,NaN,NaN
national_anchored,1761,calibration,230.0,40.0,89.0,172.0,12.0,10.0,24.0,33.86756390428887,NaN
national_anchored,1762,reference,190.0,41.0,130.0,172.0,10.0,12.0,22.0,NaN,NaN
national_anchored,1763,calibration,212.0,38.0,100.0,178.0,9.0,12.0,28.0,22.858873293535073,NaN
national_anchored,1764,reference,197.0,37.0,128.0,166.0,9.0,12.0,28.0,NaN,NaN
national_anchored,1765,calibration,213.0,35.0,126.0,167.0,4.0,12.0,20.0,14.344668834903128,NaN
national_anchored,1766,reference,224.0,38.0,101.0,163.0,11.0,13.0,27.0,NaN,NaN
national_anchored,1767,calibration,213.0,39.0,98.0,182.0,12.0,12.0,21.0,25.64343613275059,NaN
national_anchored,1768,reference,227.0,25.0,122.0,156.0,9.0,14.0,24.0,NaN,NaN
national_anchored,1769,calibration,184.0,36.0,143.0,172.0,10.0,11.0,21.0,16.986913302710608,NaN
national_anchored,1770,reference,188.0,34.0,164.0,143.0,10.0,12.0,26.0,NaN,NaN
national_anchored,1771,calibration,239.0,40.0,88.0,167.0,9.0,10.0,24.0,38.90317954873581,NaN
national_anchored,1772,reference,234.0,40.0,94.0,165.0,9.0,12.0,23.0,NaN,NaN
national_anchored,1773,calibration,212.0,20.0,160.0,132.0,12.0,13.0,28.0,31.472852037927513,NaN
national_anchored,1774,reference,246.0,43.0,72.0,163.0,9.0,14.0,30.0,NaN,NaN
national_anchored,1775,calibration,174.0,31.0,174.0,156.0,9.0,13.0,20.0,32.092577888571654,NaN
national_anchored,1776,reference,197.0,20.0,166.0,155.0,9.0,10.0,20.0,NaN,NaN
national_anchored,1777,calibration,201.0,24.0,155.0,148.0,10.0,13.0,26.0,20.380625456945825,NaN
national_anchored,1778,reference,223.0,39.0,83.0,183.0,7.0,14.0,28.0,NaN,NaN
national_anchored,1779,calibration,194.0,38.0,125.0,167.0,10.0,13.0,30.0,13.48759792667931,NaN
national_anchored,1780,reference,217.0,41.0,94.0,181.0,9.0,14.0,21.0,NaN,NaN
national_anchored,1781,calibration,229.0,40.0,98.0,165.0,7.0,13.0,25.0,27.955232581394018,NaN
national_anchored,1782,reference,144.0,39.0,170.0,179.0,11.0,13.0,21.0,NaN,NaN
national_anchored,1783,calibration,194.0,30.0,155.0,153.0,11.0,14.0,20.0,18.57761752423117,NaN
national_anchored,1784,reference,238.0,35.0,107.0,150.0,6.0,12.0,29.0,NaN,NaN
national_anchored,1785,calibration,188.0,21.0,165.0,158.0,10.0,13.0,22.0,24.57459674300623,NaN
national_anchored,1786,reference,227.0,42.0,86.0,173.0,11.0,14.0,24.0,NaN,NaN
national_anchored,1787,calibration,158.0,39.0,178.0,156.0,8.0,13.0,25.0,42.080409201873266,NaN
national_anchored,1788,reference,164.0,40.0,156.0,171.0,9.0,11.0,26.0,NaN,NaN
national_anchored,1789,calibration,173.0,36.0,147.0,169.0,10.0,14.0,28.0,21.765272347052882,NaN
national_anchored,1790,reference,236.0,39.0,90.0,162.0,7.0,13.0,30.0,NaN,NaN
national_anchored,1791,calibration,205.0,37.0,124.0,165.0,10.0,13.0,23.0,12.285823773867751,NaN
national_anchored,1792,reference,160.0,45.0,145.0,176.0,10.0,14.0,27.0,NaN,NaN
national_anchored,1793,calibration,204.0,20.0,124.0,181.0,8.0,13.0,27.0,19.12477679078658,NaN
national_anchored,1794,reference,198.0,38.0,125.0,168.0,11.0,13.0,24.0,NaN,NaN
national_anchored,1795,calibration,185.0,43.0,127.0,175.0,10.0,13.0,24.0,17.24249731825812,NaN
national_anchored,1796,reference,221.0,22.0,135.0,151.0,10.0,13.0,25.0,NaN,NaN
national_anchored,1797,calibration,212.0,43.0,103.0,165.0,10.0,13.0,31.0,20.886732555595916,NaN
national_anchored,1798,reference,194.0,28.0,157.0,154.0,9.0,12.0,23.0,NaN,NaN
national_anchored,1799,calibration,185.0,39.0,125.0,176.0,10.0,13.0,29.0,17.388972744207766,NaN
national_anchored,1800,reference,206.0,39.0,121.0,170.0,7.0,14.0,20.0,NaN,NaN
national_anchored,1801,calibration,221.0,47.0,74.0,183.0,11.0,14.0,27.0,44.81174459120207,NaN
national_anchored,1802,reference,190.0,39.0,125.0,177.0,9.0,11.0,26.0,NaN,NaN
national_anchored,1803,calibration,186.0,39.0,151.0,158.0,6.0,13.0,24.0,18.01606052805828,NaN
national_anchored,1804,reference,195.0,29.0,132.0,173.0,11.0,13.0,24.0,NaN,NaN
national_anchored,1805,calibration,207.0,27.0,165.0,136.0,10.0,14.0,18.0,29.56940565011762,NaN
national_anchored,1806,reference,226.0,26.0,121.0,160.0,10.0,13.0,21.0,NaN,NaN
national_anchored,1807,calibration,210.0,35.0,126.0,163.0,11.0,14.0,18.0,13.405134804486298,NaN
national_anchored,1808,reference,224.0,41.0,85.0,178.0,10.0,14.0,25.0,NaN,NaN
national_anchored,1809,calibration,213.0,39.0,116.0,155.0,11.0,14.0,29.0,16.91166254658184,NaN
national_anchored,1810,reference,216.0,38.0,122.0,156.0,11.0,11.0,23.0,NaN,NaN
national_anchored,1811,calibration,207.0,39.0,116.0,174.0,9.0,11.0,21.0,15.331035111270584,NaN
national_anchored,1812,reference,218.0,22.0,148.0,149.0,10.0,12.0,18.0,NaN,NaN
national_anchored,1813,calibration,163.0,20.0,222.0,129.0,9.0,12.0,22.0,77.83041024119353,NaN
national_anchored,1814,reference,181.0,43.0,124.0,180.0,8.0,12.0,29.0,NaN,NaN
national_anchored,1815,calibration,145.0,41.0,156.0,182.0,9.0,12.0,32.0,45.09310665291089,NaN
national_anchored,1816,reference,228.0,38.0,99.0,166.0,9.0,11.0,26.0,NaN,NaN
national_anchored,1817,calibration,215.0,19.0,140.0,157.0,10.0,12.0,24.0,18.356684596168837,NaN
national_anchored,1818,reference,184.0,36.0,153.0,157.0,8.0,13.0,26.0,NaN,NaN
national_anchored,1819,calibration,232.0,38.0,115.0,145.0,10.0,11.0,26.0,27.586860700383443,NaN
national_anchored,1820,reference,206.0,40.0,105.0,180.0,10.0,12.0,24.0,NaN,NaN
national_anchored,1821,calibration,164.0,41.0,146.0,176.0,9.0,14.0,27.0,28.170401462391833,NaN
national_anchored,1822,reference,212.0,42.0,101.0,179.0,11.0,13.0,19.0,NaN,NaN
national_anchored,1823,calibration,208.0,26.0,148.0,148.0,10.0,12.0,25.0,18.432334471986596,NaN
national_anchored,1824,reference,233.0,35.0,100.0,163.0,11.0,13.0,22.0,NaN,NaN
national_anchored,1825,calibration,215.0,32.0,148.0,138.0,8.0,10.0,26.0,23.709255244296326,NaN
national_anchored,1826,reference,209.0,34.0,131.0,158.0,11.0,13.0,21.0,NaN,NaN
national_anchored,1827,calibration,187.0,22.0,151.0,173.0,10.0,12.0,22.0,20.17502716308029,NaN
national_anchored,1828,reference,232.0,37.0,90.0,173.0,9.0,11.0,25.0,NaN,NaN
national_anchored,1829,calibration,204.0,28.0,145.0,156.0,10.0,13.0,21.0,14.965363742756924,NaN
national_anchored,1830,reference,217.0,33.0,151.0,136.0,9.0,13.0,18.0,NaN,NaN
national_anchored,1831,calibration,227.0,45.0,75.0,179.0,10.0,13.0,28.0,44.36606408030353,NaN
national_anchored,1832,reference,217.0,39.0,120.0,150.0,11.0,14.0,26.0,NaN,NaN
national_anchored,1833,calibration,173.0,36.0,157.0,170.0,7.0,13.0,21.0,24.794396926228327,NaN
national_anchored,1834,reference,208.0,28.0,134.0,162.0,10.0,12.0,23.0,NaN,NaN
national_anchored,1835,calibration,202.0,38.0,128.0,160.0,9.0,14.0,26.0,12.28958749664189,NaN
national_anchored,1836,reference,147.0,43.0,157.0,184.0,10.0,12.0,24.0,NaN,NaN
national_anchored,1837,calibration,154.0,39.0,171.0,171.0,9.0,13.0,20.0,41.34245450664797,NaN
national_anchored,1838,reference,211.0,27.0,161.0,135.0,9.0,13.0,21.0,NaN,NaN
national_anchored,1839,calibration,178.0,45.0,122.0,181.0,10.0,12.0,29.0,23.27120594272721,NaN
national_anchored,1840,reference,200.0,41.0,136.0,161.0,12.0,12.0,15.0,NaN,NaN
national_anchored,1841,calibration,231.0,41.0,104.0,160.0,11.0,12.0,18.0,27.318237933705714,NaN
national_anchored,1842,reference,181.0,39.0,138.0,170.0,9.0,12.0,28.0,NaN,NaN
national_anchored,1843,calibration,220.0,27.0,154.0,132.0,7.0,12.0,25.0,30.248853205155182,NaN
national_anchored,1844,reference,233.0,32.0,83.0,180.0,9.0,11.0,29.0,NaN,NaN
national_anchored,1845,calibration,208.0,38.0,114.0,174.0,11.0,11.0,21.0,15.890311081914685,NaN
national_anchored,1846,reference,199.0,41.0,126.0,165.0,11.0,13.0,22.0,NaN,NaN
national_anchored,1847,calibration,211.0,41.0,100.0,177.0,10.0,12.0,26.0,22.573634472769246,NaN
national_anchored,1848,reference,212.0,26.0,136.0,161.0,7.0,11.0,24.0,NaN,NaN
national_anchored,1849,calibration,229.0,28.0,146.0,135.0,8.0,14.0,17.0,30.75652325169033,NaN
national_anchored,1850,reference,203.0,35.0,113.0,183.0,7.0,12.0,24.0,NaN,NaN
national_anchored,1851,calibration,172.0,35.0,174.0,150.0,10.0,14.0,22.0,33.71153390989814,NaN
national_anchored,1852,reference,185.0,33.0,134.0,176.0,8.0,14.0,27.0,NaN,NaN
national_anchored,1853,calibration,166.0,38.0,150.0,172.0,10.0,13.0,28.0,26.67058976254121,NaN
national_anchored,1854,reference,207.0,37.0,117.0,172.0,10.0,14.0,20.0,NaN,NaN
national_anchored,1855,calibration,206.0,29.0,146.0,149.0,8.0,12.0,27.0,17.030375432749434,NaN
national_anchored,1856,reference,208.0,38.0,124.0,155.0,12.0,14.0,26.0,NaN,NaN
national_anchored,1857,calibration,203.0,24.0,150.0,160.0,10.0,13.0,17.0,17.285436591206338,NaN
national_anchored,1858,reference,211.0,23.0,140.0,159.0,11.0,12.0,21.0,NaN,NaN
national_anchored,1859,calibration,216.0,41.0,108.0,163.0,12.0,12.0,25.0,18.78148438514828,NaN
national_anchored,1860,reference,196.0,40.0,119.0,169.0,9.0,14.0,30.0,NaN,NaN
national_anchored,1861,calibration,226.0,38.0,82.0,183.0,9.0,13.0,26.0,39.0640871272758,NaN
national_anchored,1862,reference,238.0,37.0,101.0,158.0,11.0,12.0,20.0,NaN,NaN
national_anchored,1863,calibration,194.0,32.0,151.0,151.0,9.0,13.0,27.0,17.463120625730784,NaN
national_anchored,1864,reference,193.0,43.0,122.0,171.0,10.0,11.0,27.0,NaN,NaN
national_anchored,1865,calibration,227.0,28.0,167.0,109.0,9.0,14.0,23.0,51.304429577588905,NaN
national_anchored,1866,reference,169.0,44.0,135.0,173.0,10.0,13.0,33.0,NaN,NaN
national_anchored,1867,calibration,193.0,28.0,133.0,175.0,10.0,12.0,26.0,14.892110569538492,NaN
national_anchored,1868,reference,142.0,39.0,174.0,174.0,10.0,13.0,25.0,NaN,NaN
national_anchored,1869,calibration,175.0,18.0,214.0,128.0,10.0,14.0,18.0,68.82826771029944,NaN
national_anchored,1870,reference,208.0,20.0,146.0,156.0,10.0,13.0,24.0,NaN,NaN
national_anchored,1871,calibration,218.0,36.0,135.0,143.0,10.0,12.0,23.0,20.184695744140274,NaN
national_anchored,1872,reference,199.0,26.0,154.0,157.0,10.0,11.0,20.0,NaN,NaN
national_anchored,1873,calibration,234.0,37.0,114.0,147.0,11.0,11.0,23.0,28.133800841302328,NaN
national_anchored,1874,reference,164.0,39.0,160.0,163.0,9.0,14.0,28.0,NaN,NaN
national_anchored,1875,calibration,186.0,37.0,144.0,172.0,9.0,12.0,17.0,17.22658397012818,NaN
national_anchored,1876,reference,247.0,30.0,102.0,154.0,10.0,14.0,20.0,NaN,NaN
national_anchored,1877,calibration,194.0,40.0,111.0,183.0,7.0,12.0,30.0,20.98962936723022,NaN
national_anchored,1878,reference,199.0,37.0,108.0,178.0,11.0,14.0,30.0,NaN,NaN
national_anchored,1879,calibration,207.0,31.0,153.0,146.0,11.0,11.0,18.0,20.41734960268823,NaN
national_anchored,1880,reference,173.0,38.0,148.0,174.0,10.0,13.0,21.0,NaN,NaN
national_anchored,1881,calibration,201.0,37.0,126.0,168.0,10.0,12.0,23.0,12.157798820285318,NaN
national_anchored,1882,reference,233.0,42.0,65.0,188.0,9.0,12.0,28.0,NaN,NaN
national_anchored,1883,calibration,202.0,23.0,118.0,181.0,8.0,13.0,32.0,19.63957573533713,NaN
national_anchored,1884,reference,169.0,43.0,128.0,190.0,11.0,13.0,23.0,NaN,NaN
national_anchored,1885,calibration,232.0,34.0,118.0,149.0,9.0,12.0,23.0,25.345455681758136,NaN
national_anchored,1886,reference,237.0,38.0,78.0,180.0,11.0,11.0,22.0,NaN,NaN
national_anchored,1887,calibration,165.0,34.0,177.0,156.0,8.0,13.0,24.0,37.5080536092223,NaN
national_anchored,1888,reference,220.0,24.0,118.0,168.0,9.0,12.0,26.0,NaN,NaN
national_anchored,1889,calibration,230.0,40.0,87.0,175.0,13.0,11.0,21.0,35.76276014162262,NaN
national_anchored,1890,reference,238.0,45.0,68.0,178.0,10.0,12.0,26.0,NaN,NaN
national_anchored,1891,calibration,224.0,42.0,92.0,173.0,7.0,11.0,28.0,29.940114627723577,NaN
national_anchored,1892,reference,195.0,38.0,120.0,173.0,11.0,12.0,28.0,NaN,NaN
national_anchored,1893,calibration,225.0,35.0,123.0,147.0,10.0,13.0,24.0,21.64660899276633,NaN
national_anchored,1894,reference,232.0,30.0,82.0,189.0,11.0,12.0,21.0,NaN,NaN
national_anchored,1895,calibration,182.0,41.0,140.0,164.0,11.0,13.0,26.0,16.825003037326592,NaN
national_anchored,1896,reference,204.0,23.0,130.0,174.0,8.0,11.0,27.0,NaN,NaN
national_anchored,1897,calibration,215.0,33.0,120.0,163.0,9.0,13.0,24.0,14.70471071991727,NaN
national_anchored,1898,reference,214.0,36.0,126.0,157.0,9.0,13.0,22.0,NaN,NaN
national_anchored,1899,calibration,211.0,24.0,106.0,184.0,9.0,15.0,28.0,24.260005818480156,NaN
national_anchored,1900,reference,213.0,22.0,148.0,152.0,11.0,12.0,19.0,NaN,NaN
national_anchored,1901,calibration,224.0,31.0,122.0,149.0,10.0,12.0,29.0,21.067136769518616,NaN
national_anchored,1902,reference,205.0,44.0,91.0,185.0,8.0,13.0,31.0,NaN,NaN
national_anchored,1903,calibration,209.0,36.0,140.0,153.0,9.0,12.0,18.0,15.334613408886508,NaN
national_anchored,1904,reference,156.0,33.0,181.0,161.0,10.0,12.0,24.0,NaN,NaN
national_anchored,1905,calibration,148.0,38.0,189.0,159.0,9.0,11.0,23.0,54.140056908924265,NaN
national_anchored,1906,reference,226.0,40.0,97.0,170.0,12.0,12.0,20.0,NaN,NaN
national_anchored,1907,calibration,210.0,37.0,112.0,169.0,10.0,14.0,25.0,15.633798716790455,NaN
national_anchored,1908,reference,194.0,40.0,115.0,179.0,7.0,14.0,28.0,NaN,NaN
national_anchored,1909,calibration,192.0,37.0,139.0,164.0,10.0,14.0,21.0,13.433374995899538,NaN
national_anchored,1910,reference,194.0,39.0,141.0,158.0,12.0,12.0,21.0,NaN,NaN
national_anchored,1911,calibration,179.0,28.0,179.0,145.0,8.0,14.0,24.0,35.55819434763765,NaN
national_anchored,1912,reference,216.0,22.0,187.0,112.0,10.0,12.0,18.0,NaN,NaN
national_anchored,1913,calibration,202.0,42.0,98.0,179.0,12.0,14.0,30.0,24.689690622261015,NaN
national_anchored,1914,reference,228.0,24.0,153.0,127.0,8.0,14.0,23.0,NaN,NaN
national_anchored,1915,calibration,221.0,27.0,110.0,169.0,7.0,14.0,29.0,20.765255718368753,NaN
national_anchored,1916,reference,160.0,44.0,144.0,178.0,11.0,13.0,27.0,NaN,NaN
national_anchored,1917,calibration,212.0,41.0,95.0,171.0,10.0,14.0,34.0,25.73549445275449,NaN
national_anchored,1918,reference,241.0,37.0,102.0,149.0,11.0,11.0,26.0,NaN,NaN
national_anchored,1919,calibration,193.0,37.0,139.0,164.0,10.0,12.0,22.0,13.149943287518116,NaN
national_anchored,1920,reference,184.0,20.0,181.0,152.0,9.0,13.0,18.0,NaN,NaN
national_anchored,1921,calibration,195.0,37.0,132.0,169.0,12.0,14.0,18.0,13.330020333857586,NaN
national_anchored,1922,reference,217.0,40.0,88.0,186.0,9.0,12.0,25.0,NaN,NaN
national_anchored,1923,calibration,213.0,36.0,118.0,171.0,9.0,13.0,17.0,15.823706141449545,NaN
national_anchored,1924,reference,206.0,24.0,157.0,151.0,8.0,14.0,17.0,NaN,NaN
national_anchored,1925,calibration,163.0,43.0,148.0,174.0,9.0,13.0,27.0,28.976660904108858,NaN
national_anchored,1926,reference,189.0,40.0,126.0,170.0,9.0,14.0,29.0,NaN,NaN
national_anchored,1927,calibration,191.0,24.0,144.0,167.0,9.0,14.0,28.0,16.084396664748343,NaN
national_anchored,1928,reference,206.0,39.0,117.0,170.0,10.0,12.0,23.0,NaN,NaN
national_anchored,1929,calibration,212.0,21.0,141.0,159.0,12.0,13.0,19.0,17.194728898506572,NaN
national_anchored,1930,reference,197.0,37.0,131.0,165.0,11.0,14.0,22.0,NaN,NaN
national_anchored,1931,calibration,159.0,26.0,160.0,178.0,10.0,13.0,31.0,35.904670808037224,NaN
national_anchored,1932,reference,203.0,40.0,81.0,202.0,9.0,14.0,28.0,NaN,NaN
national_anchored,1933,calibration,219.0,42.0,88.0,179.0,10.0,12.0,27.0,31.976619688162746,NaN
national_anchored,1934,reference,182.0,39.0,143.0,164.0,9.0,14.0,26.0,NaN,NaN
national_anchored,1935,calibration,188.0,32.0,146.0,165.0,10.0,13.0,23.0,15.426887981987665,NaN
national_anchored,1936,reference,211.0,24.0,141.0,157.0,10.0,13.0,21.0,NaN,NaN
national_anchored,1937,calibration,229.0,38.0,92.0,173.0,8.0,12.0,25.0,31.44777971505881,NaN
national_anchored,1938,reference,213.0,28.0,160.0,131.0,9.0,13.0,23.0,NaN,NaN
national_anchored,1939,calibration,215.0,36.0,95.0,181.0,9.0,12.0,29.0,27.13716577022387,NaN
national_anchored,1940,reference,192.0,39.0,129.0,171.0,9.0,14.0,23.0,NaN,NaN
national_anchored,1941,calibration,258.0,46.0,58.0,167.0,12.0,11.0,25.0,71.67031565440595,NaN
national_anchored,1942,reference,191.0,28.0,148.0,165.0,10.0,12.0,23.0,NaN,NaN
national_anchored,1943,calibration,240.0,40.0,92.0,159.0,8.0,14.0,24.0,37.7126362481968,NaN
national_anchored,1944,reference,209.0,43.0,110.0,166.0,10.0,13.0,26.0,NaN,NaN
national_anchored,1945,calibration,188.0,41.0,138.0,161.0,10.0,12.0,27.0,14.836603898558746,NaN
national_anchored,1946,reference,186.0,37.0,130.0,171.0,12.0,12.0,29.0,NaN,NaN
national_anchored,1947,calibration,211.0,34.0,150.0,142.0,10.0,13.0,17.0,21.81550224307365,NaN
national_anchored,1948,reference,183.0,34.0,138.0,178.0,9.0,12.0,23.0,NaN,NaN
national_anchored,1949,calibration,193.0,37.0,142.0,158.0,10.0,13.0,24.0,13.934458611586376,NaN
national_anchored,1950,reference,191.0,23.0,153.0,167.0,8.0,13.0,22.0,NaN,NaN
national_anchored,1951,calibration,190.0,44.0,112.0,181.0,8.0,14.0,28.0,21.20454167895024,NaN
national_anchored,1952,reference,154.0,37.0,185.0,155.0,11.0,13.0,22.0,NaN,NaN
national_anchored,1953,calibration,202.0,36.0,122.0,172.0,10.0,12.0,23.0,13.156969806201364,NaN
national_anchored,1954,reference,186.0,23.0,193.0,137.0,6.0,14.0,18.0,NaN,NaN
national_anchored,1955,calibration,228.0,39.0,96.0,165.0,12.0,13.0,24.0,28.43769645166945,NaN
national_anchored,1956,reference,195.0,37.0,134.0,164.0,12.0,13.0,22.0,NaN,NaN
national_anchored,1957,calibration,226.0,46.0,70.0,184.0,10.0,14.0,27.0,49.396723561798936,NaN
national_anchored,1958,reference,230.0,43.0,75.0,179.0,12.0,14.0,24.0,NaN,NaN
national_anchored,1959,calibration,181.0,41.0,131.0,173.0,10.0,13.0,28.0,17.868822871753178,NaN
national_anchored,1960,reference,231.0,37.0,117.0,154.0,8.0,12.0,18.0,NaN,NaN
national_anchored,1961,calibration,197.0,33.0,150.0,146.0,8.0,14.0,29.0,18.80665746208931,NaN
national_anchored,1962,reference,220.0,38.0,111.0,163.0,10.0,12.0,23.0,NaN,NaN
national_anchored,1963,calibration,218.0,38.0,90.0,187.0,9.0,9.0,26.0,33.079452282614355,NaN
national_anchored,1964,reference,191.0,29.0,179.0,140.0,6.0,13.0,19.0,NaN,NaN
national_anchored,1965,calibration,188.0,41.0,140.0,158.0,11.0,13.0,26.0,15.361509789164256,NaN
national_anchored,1966,reference,215.0,44.0,84.0,183.0,11.0,11.0,29.0,NaN,NaN
national_anchored,1967,calibration,227.0,41.0,81.0,178.0,12.0,11.0,27.0,39.11473617756624,NaN
national_anchored,1968,reference,172.0,40.0,140.0,183.0,10.0,13.0,19.0,NaN,NaN
national_anchored,1969,calibration,161.0,19.0,234.0,122.0,9.0,14.0,18.0,90.94332857631164,NaN
national_anchored,1970,reference,146.0,38.0,159.0,184.0,9.0,12.0,29.0,NaN,NaN
national_anchored,1971,calibration,191.0,20.0,199.0,128.0,9.0,13.0,17.0,54.61943409036708,NaN
national_anchored,1972,reference,167.0,25.0,170.0,171.0,11.0,11.0,22.0,NaN,NaN
national_anchored,1973,calibration,220.0,38.0,105.0,165.0,11.0,11.0,27.0,20.819449057734946,NaN
national_anchored,1974,reference,196.0,41.0,114.0,175.0,11.0,14.0,26.0,NaN,NaN
national_anchored,1975,calibration,201.0,43.0,112.0,171.0,11.0,13.0,26.0,16.344030849755317,NaN
national_anchored,1976,reference,219.0,37.0,102.0,170.0,8.0,11.0,30.0,NaN,NaN
national_anchored,1977,calibration,177.0,38.0,150.0,169.0,10.0,14.0,19.0,20.995461400401243,NaN
national_anchored,1978,reference,185.0,19.0,206.0,125.0,9.0,13.0,20.0,NaN,NaN
national_anchored,1979,calibration,227.0,43.0,86.0,173.0,9.0,10.0,29.0,35.13684120308449,NaN
national_anchored,1980,reference,201.0,40.0,111.0,172.0,10.0,12.0,31.0,NaN,NaN
national_anchored,1981,calibration,217.0,35.0,132.0,147.0,9.0,14.0,23.0,18.040794223225152,NaN
national_anchored,1982,reference,216.0,37.0,91.0,179.0,10.0,13.0,31.0,NaN,NaN
national_anchored,1983,calibration,248.0,20.0,100.0,166.0,8.0,11.0,24.0,40.9962871587813,NaN
national_anchored,1984,reference,222.0,31.0,102.0,175.0,10.0,12.0,25.0,NaN,NaN
national_anchored,1985,calibration,205.0,25.0,153.0,149.0,10.0,13.0,22.0,19.453055347486146,NaN
national_anchored,1986,reference,181.0,36.0,171.0,143.0,12.0,13.0,21.0,NaN,NaN
national_anchored,1987,calibration,210.0,36.0,123.0,167.0,8.0,13.0,20.0,13.408921045970626,NaN
national_anchored,1988,reference,210.0,44.0,124.0,155.0,9.0,12.0,23.0,NaN,NaN
national_anchored,1989,calibration,207.0,22.0,173.0,134.0,9.0,13.0,19.0,35.13512244165469,NaN
national_anchored,1990,reference,136.0,41.0,182.0,171.0,11.0,13.0,23.0,NaN,NaN
national_anchored,1991,calibration,183.0,32.0,150.0,163.0,10.0,12.0,27.0,17.937690187084154,NaN
national_anchored,1992,reference,217.0,38.0,115.0,161.0,9.0,14.0,23.0,NaN,NaN
national_anchored,1993,calibration,224.0,42.0,81.0,175.0,8.0,13.0,34.0,38.484459027815376,NaN
national_anchored,1994,reference,228.0,29.0,104.0,178.0,5.0,12.0,21.0,NaN,NaN
national_anchored,1995,calibration,143.0,42.0,167.0,172.0,12.0,13.0,28.0,47.68940100108402,NaN
national_anchored,1996,reference,191.0,37.0,119.0,175.0,10.0,14.0,31.0,NaN,NaN
national_anchored,1997,calibration,200.0,37.0,129.0,166.0,11.0,12.0,22.0,11.976987018867131,NaN
national_anchored,1998,reference,208.0,22.0,155.0,149.0,8.0,12.0,23.0,NaN,NaN
national_anchored,1999,calibration,198.0,36.0,124.0,175.0,9.0,12.0,23.0,13.82203125924821,NaN
national_anchored,2000,reference,193.0,44.0,115.0,172.0,10.0,13.0,30.0,NaN,NaN
national_anchored,2001,calibration,210.0,38.0,118.0,166.0,6.0,13.0,26.0,14.15798624256266,NaN
national_anchored,2002,reference,210.0,35.0,126.0,160.0,8.0,13.0,25.0,NaN,NaN
national_anchored,2003,calibration,215.0,43.0,94.0,178.0,7.0,12.0,28.0,27.325876657504278,NaN
national_anchored,2004,reference,185.0,43.0,124.0,178.0,11.0,14.0,22.0,NaN,NaN
national_anchored,2005,calibration,193.0,33.0,113.0,192.0,12.0,13.0,21.0,24.800012549529978,NaN
national_anchored,2006,reference,221.0,39.0,75.0,193.0,10.0,12.0,27.0,NaN,NaN
national_anchored,2007,calibration,230.0,40.0,77.0,181.0,10.0,11.0,28.0,43.81992791856686,NaN
national_anchored,2008,reference,159.0,41.0,147.0,180.0,9.0,13.0,28.0,NaN,NaN
national_anchored,2009,calibration,149.0,41.0,161.0,171.0,10.0,13.0,32.0,41.352933176377064,NaN
national_anchored,2010,reference,184.0,40.0,133.0,174.0,12.0,12.0,22.0,NaN,NaN
national_anchored,2011,calibration,154.0,25.0,209.0,144.0,10.0,13.0,22.0,66.73836633292522,NaN
national_anchored,2012,reference,202.0,36.0,137.0,156.0,10.0,12.0,24.0,NaN,NaN
national_anchored,2013,calibration,225.0,25.0,166.0,122.0,9.0,12.0,18.0,42.39505445157499,NaN
national_anchored,2014,reference,202.0,45.0,92.0,191.0,10.0,13.0,24.0,NaN,NaN
national_anchored,2015,calibration,219.0,37.0,101.0,174.0,11.0,13.0,22.0,22.989391686176067,NaN
national_anchored,2016,reference,219.0,20.0,139.0,150.0,9.0,13.0,27.0,NaN,NaN
national_anchored,2017,calibration,215.0,38.0,116.0,164.0,9.0,11.0,24.0,15.519204557887125,NaN
national_anchored,2018,reference,181.0,39.0,158.0,152.0,9.0,12.0,26.0,NaN,NaN
national_anchored,2019,calibration,209.0,34.0,135.0,158.0,9.0,12.0,20.0,13.352387173724832,NaN
national_anchored,2020,reference,203.0,40.0,126.0,163.0,9.0,13.0,23.0,NaN,NaN
national_anchored,2021,calibration,144.0,41.0,166.0,172.0,9.0,14.0,31.0,46.684614600389494,NaN
national_anchored,2022,reference,182.0,28.0,171.0,153.0,10.0,10.0,23.0,NaN,NaN
national_anchored,2023,calibration,168.0,28.0,213.0,122.0,8.0,14.0,24.0,71.00757078531102,NaN
national_anchored,2024,reference,203.0,39.0,117.0,175.0,10.0,12.0,21.0,NaN,NaN
national_anchored,2025,calibration,208.0,35.0,146.0,139.0,10.0,13.0,26.0,21.172322829368998,NaN
national_anchored,2026,reference,156.0,34.0,185.0,161.0,8.0,13.0,20.0,NaN,NaN
national_anchored,2027,calibration,206.0,32.0,121.0,171.0,11.0,13.0,23.0,13.522414166795844,NaN
national_anchored,2028,reference,206.0,34.0,109.0,174.0,9.0,13.0,32.0,NaN,NaN
national_anchored,2029,calibration,160.0,45.0,125.0,196.0,5.0,12.0,34.0,39.6548389495658,NaN
national_anchored,2030,reference,204.0,41.0,123.0,167.0,11.0,13.0,18.0,NaN,NaN
national_anchored,2031,calibration,177.0,34.0,158.0,158.0,9.0,13.0,28.0,23.04092109575647,NaN
national_anchored,2032,reference,213.0,32.0,149.0,142.0,9.0,11.0,21.0,NaN,NaN
national_anchored,2033,calibration,199.0,39.0,120.0,174.0,9.0,12.0,24.0,14.204647877450714,NaN
national_anchored,2034,reference,164.0,32.0,185.0,155.0,10.0,13.0,18.0,NaN,NaN
national_anchored,2035,calibration,185.0,26.0,142.0,178.0,9.0,14.0,23.0,18.993113491740647,NaN
national_anchored,2036,reference,192.0,38.0,147.0,157.0,9.0,12.0,22.0,NaN,NaN
national_anchored,2037,calibration,212.0,38.0,104.0,172.0,10.0,13.0,28.0,19.603543657222612,NaN
national_anchored,2038,reference,213.0,37.0,120.0,168.0,8.0,12.0,19.0,NaN,NaN
national_anchored,2039,calibration,202.0,43.0,110.0,177.0,10.0,13.0,22.0,18.296253582194037,NaN
national_anchored,2040,reference,223.0,44.0,97.0,163.0,11.0,12.0,27.0,NaN,NaN
national_anchored,2041,calibration,176.0,44.0,122.0,189.0,9.0,12.0,25.0,27.06769106318669,NaN
national_anchored,2042,reference,196.0,23.0,184.0,133.0,7.0,12.0,22.0,NaN,NaN
national_anchored,2043,calibration,220.0,37.0,124.0,148.0,9.0,13.0,26.0,19.20382688355763,NaN
national_anchored,2044,reference,206.0,38.0,103.0,182.0,10.0,14.0,24.0,NaN,NaN
national_anchored,2045,calibration,214.0,38.0,109.0,171.0,10.0,12.0,23.0,17.685706023142547,NaN
national_anchored,2046,reference,193.0,36.0,123.0,171.0,10.0,13.0,31.0,NaN,NaN
national_anchored,2047,calibration,239.0,46.0,67.0,175.0,9.0,12.0,29.0,55.08078874801549,NaN
national_anchored,2048,reference,206.0,39.0,121.0,166.0,7.0,12.0,26.0,NaN,NaN
national_anchored,2049,calibration,238.0,40.0,96.0,156.0,10.0,12.0,25.0,34.87683595406321,NaN
national_anchored,2050,reference,178.0,36.0,150.0,164.0,9.0,13.0,27.0,NaN,NaN
national_anchored,2051,calibration,216.0,31.0,117.0,167.0,11.0,13.0,22.0,15.946072783338241,NaN
national_anchored,2052,reference,199.0,40.0,109.0,173.0,8.0,13.0,35.0,NaN,NaN
national_anchored,2053,calibration,216.0,27.0,133.0,148.0,12.0,13.0,28.0,18.229177234779083,NaN
national_anchored,2054,reference,198.0,29.0,138.0,164.0,10.0,14.0,24.0,NaN,NaN
national_anchored,2055,calibration,197.0,32.0,135.0,165.0,10.0,14.0,24.0,12.204667770566633,NaN
national_anchored,2056,reference,205.0,42.0,103.0,178.0,10.0,13.0,26.0,NaN,NaN
national_anchored,2057,calibration,163.0,35.0,154.0,177.0,11.0,13.0,24.0,30.28783796843641,NaN
national_anchored,2058,reference,192.0,26.0,145.0,170.0,8.0,14.0,22.0,NaN,NaN
national_anchored,2059,calibration,194.0,31.0,126.0,176.0,11.0,13.0,26.0,14.770524335555674,NaN
national_anchored,2060,reference,166.0,24.0,168.0,168.0,10.0,14.0,27.0,NaN,NaN
national_anchored,2061,calibration,229.0,29.0,92.0,185.0,5.0,12.0,25.0,35.48925203199087,NaN
national_anchored,2062,reference,184.0,16.0,188.0,145.0,9.0,13.0,22.0,NaN,NaN
national_anchored,2063,calibration,217.0,29.0,159.0,132.0,8.0,14.0,18.0,31.084119893919667,NaN
national_anchored,2064,reference,182.0,37.0,164.0,150.0,8.0,14.0,22.0,NaN,NaN
national_anchored,2065,calibration,233.0,34.0,131.0,134.0,8.0,12.0,25.0,31.079884737584234,NaN
national_anchored,2066,reference,220.0,39.0,108.0,161.0,9.0,12.0,28.0,NaN,NaN
national_anchored,2067,calibration,196.0,18.0,195.0,130.0,9.0,12.0,17.0,51.1100221154213,NaN
national_anchored,2068,reference,172.0,38.0,142.0,176.0,10.0,13.0,26.0,NaN,NaN
national_anchored,2069,calibration,174.0,28.0,190.0,145.0,9.0,12.0,19.0,44.46349942865713,NaN
national_anchored,2070,reference,197.0,40.0,123.0,172.0,9.0,10.0,26.0,NaN,NaN
national_anchored,2071,calibration,186.0,41.0,120.0,180.0,10.0,12.0,28.0,19.28502603275283,NaN
national_anchored,2072,reference,211.0,36.0,131.0,154.0,10.0,13.0,22.0,NaN,NaN
national_anchored,2073,calibration,222.0,45.0,90.0,178.0,5.0,9.0,28.0,32.28901452258698,NaN
national_anchored,2074,reference,151.0,24.0,195.0,159.0,10.0,13.0,25.0,NaN,NaN
national_anchored,2075,calibration,203.0,46.0,93.0,183.0,11.0,14.0,27.0,29.290621759674732,NaN
national_anchored,2076,reference,196.0,41.0,125.0,162.0,10.0,13.0,30.0,NaN,NaN
national_anchored,2077,calibration,231.0,16.0,124.0,166.0,11.0,12.0,17.0,26.29812159906059,NaN
national_anchored,2078,reference,206.0,38.0,131.0,160.0,10.0,13.0,19.0,NaN,NaN
national_anchored,2079,calibration,180.0,38.0,140.0,169.0,10.0,14.0,26.0,17.48661849772191,NaN
national_anchored,2080,reference,160.0,43.0,131.0,190.0,9.0,12.0,32.0,NaN,NaN
national_anchored,2081,calibration,202.0,44.0,102.0,179.0,10.0,13.0,27.0,22.485238344719466,NaN
national_anchored,2082,reference,207.0,36.0,131.0,156.0,11.0,13.0,23.0,NaN,NaN
national_anchored,2083,calibration,147.0,35.0,172.0,172.0,10.0,14.0,27.0,46.25824071054427,NaN
national_anchored,2084,reference,198.0,40.0,136.0,150.0,10.0,14.0,29.0,NaN,NaN
national_anchored,2085,calibration,179.0,40.0,128.0,179.0,10.0,13.0,28.0,20.360081562093416,NaN
national_anchored,2086,reference,202.0,27.0,151.0,161.0,9.0,11.0,16.0,NaN,NaN
national_anchored,2087,calibration,217.0,32.0,96.0,180.0,9.0,13.0,30.0,27.094860260698777,NaN
national_anchored,2088,reference,198.0,34.0,136.0,167.0,9.0,13.0,20.0,NaN,NaN
national_anchored,2089,calibration,189.0,25.0,160.0,162.0,9.0,12.0,20.0,21.15764388694326,NaN
national_anchored,2090,reference,216.0,41.0,91.0,179.0,10.0,14.0,26.0,NaN,NaN
national_anchored,2091,calibration,234.0,39.0,102.0,158.0,9.0,11.0,24.0,29.345484304419696,NaN
national_anchored,2092,reference,239.0,37.0,93.0,162.0,10.0,12.0,24.0,NaN,NaN
national_anchored,2093,calibration,186.0,39.0,127.0,173.0,10.0,14.0,28.0,16.00581511603458,NaN
national_anchored,2094,reference,153.0,38.0,164.0,174.0,9.0,13.0,26.0,NaN,NaN
national_anchored,2095,calibration,226.0,44.0,89.0,171.0,12.0,11.0,24.0,32.577206498308215,NaN
national_anchored,2096,reference,188.0,26.0,166.0,152.0,11.0,11.0,23.0,NaN,NaN
national_anchored,2097,calibration,228.0,41.0,100.0,166.0,8.0,11.0,23.0,26.609006658376206,NaN
national_anchored,2098,reference,219.0,36.0,104.0,172.0,9.0,12.0,25.0,NaN,NaN
national_anchored,2099,calibration,221.0,40.0,80.0,189.0,7.0,14.0,26.0,41.400243891862246,NaN
national_anchored,2100,reference,227.0,43.0,81.0,174.0,10.0,13.0,29.0,NaN,NaN
national_anchored,2101,calibration,220.0,25.0,144.0,148.0,11.0,10.0,19.0,21.45650116914104,NaN
national_anchored,2102,reference,209.0,44.0,104.0,166.0,10.0,14.0,30.0,NaN,NaN
national_anchored,2103,calibration,186.0,39.0,132.0,181.0,9.0,14.0,16.0,19.080124780697584,NaN
national_anchored,2104,reference,202.0,20.0,188.0,126.0,8.0,13.0,20.0,NaN,NaN
national_anchored,2105,calibration,178.0,39.0,152.0,160.0,9.0,13.0,26.0,20.649750915422725,NaN
national_anchored,2106,reference,204.0,42.0,100.0,178.0,10.0,13.0,30.0,NaN,NaN
national_anchored,2107,calibration,195.0,44.0,117.0,169.0,11.0,14.0,27.0,15.72300404108265,NaN
national_anchored,2108,reference,228.0,37.0,107.0,160.0,10.0,14.0,21.0,NaN,NaN
national_anchored,2109,calibration,192.0,23.0,147.0,169.0,11.0,13.0,22.0,17.00136875802755,NaN
national_anchored,2110,reference,169.0,38.0,190.0,134.0,9.0,13.0,24.0,NaN,NaN
national_anchored,2111,calibration,159.0,43.0,145.0,182.0,8.0,13.0,27.0,33.141252503069566,NaN
national_anchored,2112,reference,220.0,34.0,89.0,186.0,10.0,13.0,25.0,NaN,NaN
national_anchored,2113,calibration,201.0,42.0,124.0,158.0,9.0,14.0,29.0,13.985434499611603,NaN
national_anchored,2114,reference,144.0,42.0,166.0,175.0,10.0,12.0,28.0,NaN,NaN
national_anchored,2115,calibration,202.0,26.0,142.0,164.0,9.0,12.0,22.0,14.011310664253859,NaN
national_anchored,2116,reference,187.0,41.0,135.0,169.0,10.0,12.0,23.0,NaN,NaN
national_anchored,2117,calibration,184.0,47.0,110.0,185.0,12.0,13.0,26.0,25.990476804841297,NaN
national_anchored,2118,reference,212.0,40.0,105.0,169.0,11.0,14.0,26.0,NaN,NaN
national_anchored,2119,calibration,200.0,39.0,126.0,168.0,9.0,13.0,22.0,12.430014884907177,NaN
national_anchored,2120,reference,214.0,36.0,126.0,156.0,12.0,13.0,20.0,NaN,NaN
national_anchored,2121,calibration,213.0,45.0,88.0,176.0,10.0,13.0,32.0,31.294263416094285,NaN
national_anchored,2122,reference,194.0,41.0,122.0,171.0,9.0,14.0,26.0,NaN,NaN
national_anchored,2123,calibration,201.0,40.0,145.0,148.0,11.0,11.0,21.0,17.13933407884308,NaN
national_anchored,2124,reference,154.0,39.0,161.0,178.0,6.0,13.0,26.0,NaN,NaN
national_anchored,2125,calibration,217.0,44.0,93.0,166.0,10.0,13.0,34.0,28.153667093729855,NaN
national_anchored,2126,reference,232.0,26.0,95.0,173.0,11.0,13.0,27.0,NaN,NaN
national_anchored,2127,calibration,198.0,17.0,159.0,162.0,9.0,13.0,19.0,22.399478615466347,NaN
national_anchored,2128,reference,213.0,23.0,181.0,121.0,9.0,12.0,18.0,NaN,NaN
national_anchored,2129,calibration,235.0,33.0,119.0,144.0,10.0,14.0,22.0,28.751146822331076,NaN
national_anchored,2130,reference,223.0,46.0,80.0,176.0,11.0,13.0,28.0,NaN,NaN
national_anchored,2131,calibration,150.0,17.0,257.0,115.0,7.0,13.0,18.0,116.4948242384322,NaN
national_anchored,2132,reference,232.0,40.0,91.0,170.0,10.0,11.0,23.0,NaN,NaN
national_anchored,2133,calibration,161.0,38.0,168.0,155.0,9.0,14.0,32.0,36.05178578500252,NaN
national_anchored,2134,reference,168.0,43.0,143.0,174.0,11.0,13.0,25.0,NaN,NaN
national_anchored,2135,calibration,197.0,40.0,114.0,179.0,7.0,12.0,28.0,17.741187186290734,NaN
national_anchored,2136,reference,231.0,23.0,100.0,176.0,11.0,12.0,24.0,NaN,NaN
national_anchored,2137,calibration,164.0,39.0,152.0,174.0,11.0,13.0,24.0,28.65572974668778,NaN
national_anchored,2138,reference,191.0,33.0,143.0,165.0,9.0,14.0,22.0,NaN,NaN
national_anchored,2139,calibration,190.0,44.0,120.0,174.0,11.0,12.0,26.0,16.798953947290787,NaN
national_anchored,2140,reference,216.0,19.0,178.0,123.0,10.0,13.0,18.0,NaN,NaN
national_anchored,2141,calibration,216.0,25.0,123.0,162.0,9.0,14.0,28.0,16.274666705109684,NaN
national_anchored,2142,reference,219.0,40.0,96.0,170.0,8.0,14.0,30.0,NaN,NaN
national_anchored,2143,calibration,205.0,37.0,108.0,178.0,10.0,13.0,26.0,18.509922422551167,NaN
national_anchored,2144,reference,151.0,37.0,197.0,153.0,7.0,13.0,19.0,NaN,NaN
national_anchored,2145,calibration,178.0,43.0,135.0,169.0,11.0,12.0,29.0,19.061774553990173,NaN
national_anchored,2146,reference,226.0,38.0,79.0,187.0,9.0,13.0,25.0,NaN,NaN
national_anchored,2147,calibration,213.0,38.0,106.0,173.0,11.0,14.0,22.0,19.097988060395497,NaN
national_anchored,2148,reference,228.0,27.0,158.0,127.0,8.0,12.0,17.0,NaN,NaN
national_anchored,2149,calibration,220.0,39.0,113.0,157.0,8.0,12.0,28.0,19.113932180484174,NaN
national_anchored,2150,reference,190.0,25.0,205.0,115.0,10.0,12.0,20.0,NaN,NaN
national_anchored,2151,calibration,210.0,37.0,111.0,169.0,12.0,14.0,24.0,16.07983396431249,NaN
national_anchored,2152,reference,221.0,38.0,116.0,162.0,9.0,13.0,18.0,NaN,NaN
national_anchored,2153,calibration,197.0,33.0,154.0,152.0,10.0,12.0,19.0,18.205875567123496,NaN
national_anchored,2154,reference,192.0,39.0,129.0,172.0,9.0,12.0,24.0,NaN,NaN
national_anchored,2155,calibration,204.0,40.0,107.0,177.0,8.0,12.0,29.0,19.088866010301277,NaN
national_anchored,2156,reference,222.0,41.0,91.0,176.0,8.0,11.0,28.0,NaN,NaN
national_anchored,2157,calibration,172.0,36.0,165.0,151.0,10.0,13.0,30.0,29.438471781947545,NaN
national_anchored,2158,reference,197.0,33.0,175.0,135.0,7.0,12.0,18.0,NaN,NaN
national_anchored,2159,calibration,166.0,39.0,145.0,177.0,8.0,13.0,29.0,27.029071229373752,NaN
national_anchored,2160,reference,212.0,38.0,108.0,169.0,10.0,13.0,27.0,NaN,NaN
national_anchored,2161,calibration,191.0,24.0,138.0,177.0,11.0,12.0,24.0,17.161487794353885,NaN
national_anchored,2162,reference,207.0,39.0,131.0,158.0,10.0,12.0,20.0,NaN,NaN
national_anchored,2163,calibration,198.0,33.0,143.0,161.0,11.0,12.0,19.0,13.677588179484477,NaN
national_anchored,2164,reference,194.0,23.0,167.0,152.0,6.0,13.0,22.0,NaN,NaN
national_anchored,2165,calibration,207.0,36.0,115.0,168.0,10.0,14.0,27.0,14.403375940167333,NaN
national_anchored,2166,reference,232.0,38.0,77.0,183.0,10.0,11.0,26.0,NaN,NaN
national_anchored,2167,calibration,216.0,46.0,77.0,185.0,10.0,14.0,29.0,42.01017341244271,NaN
national_anchored,2168,reference,140.0,24.0,205.0,167.0,11.0,13.0,17.0,NaN,NaN
national_anchored,2169,calibration,181.0,40.0,138.0,171.0,9.0,13.0,25.0,17.344705717366995,NaN
national_anchored,2170,reference,218.0,37.0,127.0,153.0,11.0,14.0,17.0,NaN,NaN
national_anchored,2171,calibration,254.0,28.0,109.0,140.0,9.0,13.0,24.0,45.46424855563508,NaN
national_anchored,2172,reference,176.0,43.0,117.0,190.0,10.0,13.0,28.0,NaN,NaN
national_anchored,2173,calibration,227.0,24.0,137.0,151.0,7.0,13.0,18.0,23.03209752602284,NaN
national_anchored,2174,reference,207.0,22.0,155.0,149.0,9.0,13.0,22.0,NaN,NaN
national_anchored,2175,calibration,202.0,42.0,90.0,194.0,8.0,12.0,29.0,35.532654982703306,NaN
national_anchored,2176,reference,193.0,44.0,112.0,177.0,10.0,11.0,30.0,NaN,NaN
national_anchored,2177,calibration,205.0,35.0,131.0,159.0,10.0,13.0,24.0,12.201292230146255,NaN
national_anchored,2178,reference,183.0,36.0,156.0,152.0,10.0,13.0,27.0,NaN,NaN
national_anchored,2179,calibration,220.0,33.0,125.0,154.0,10.0,11.0,24.0,17.143494158468453,NaN
national_anchored,2180,reference,224.0,33.0,108.0,167.0,10.0,12.0,23.0,NaN,NaN
national_anchored,2181,calibration,204.0,36.0,131.0,162.0,8.0,13.0,23.0,11.937054684093152,NaN
national_anchored,2182,reference,213.0,38.0,115.0,166.0,10.0,13.0,22.0,NaN,NaN
national_anchored,2183,calibration,210.0,41.0,105.0,171.0,10.0,13.0,27.0,18.951684675201367,NaN
national_anchored,2184,reference,236.0,24.0,139.0,137.0,11.0,12.0,18.0,NaN,NaN
national_anchored,2185,calibration,184.0,44.0,114.0,186.0,9.0,12.0,28.0,24.43454356052018,NaN
national_anchored,2186,reference,217.0,39.0,96.0,175.0,11.0,14.0,25.0,NaN,NaN
national_anchored,2187,calibration,196.0,44.0,103.0,180.0,11.0,12.0,31.0,23.569951303223124,NaN
national_anchored,2188,reference,185.0,21.0,215.0,115.0,9.0,14.0,18.0,NaN,NaN
national_anchored,2189,calibration,231.0,38.0,113.0,153.0,8.0,11.0,23.0,24.920545509672753,NaN
national_anchored,2190,reference,205.0,26.0,169.0,140.0,6.0,13.0,18.0,NaN,NaN
national_anchored,2191,calibration,224.0,34.0,104.0,167.0,10.0,14.0,24.0,22.671737838077018,NaN
national_anchored,2192,reference,161.0,43.0,156.0,175.0,10.0,14.0,18.0,NaN,NaN
national_anchored,2193,calibration,206.0,40.0,106.0,174.0,10.0,14.0,27.0,18.604577585989144,NaN
national_anchored,2194,reference,214.0,42.0,96.0,175.0,9.0,10.0,31.0,NaN,NaN
national_anchored,2195,calibration,215.0,38.0,93.0,180.0,11.0,13.0,27.0,27.870795136630644,NaN
national_anchored,2196,reference,208.0,45.0,90.0,185.0,12.0,13.0,24.0,NaN,NaN
national_anchored,2197,calibration,206.0,33.0,142.0,154.0,8.0,13.0,21.0,14.531406795518212,NaN
national_anchored,2198,reference,216.0,37.0,103.0,174.0,8.0,11.0,28.0,NaN,NaN
national_anchored,2199,calibration,178.0,38.0,133.0,177.0,8.0,13.0,30.0,20.022334308947617,NaN
national_anchored,2200,reference,215.0,45.0,84.0,183.0,11.0,12.0,27.0,NaN,NaN
national_anchored,2201,calibration,209.0,40.0,114.0,170.0,10.0,11.0,23.0,15.285674037075811,NaN
national_anchored,2202,reference,170.0,36.0,191.0,138.0,11.0,12.0,19.0,NaN,NaN
national_anchored,2203,calibration,243.0,45.0,60.0,179.0,11.0,13.0,26.0,62.884712310527576,NaN
national_anchored,2204,reference,163.0,18.0,248.0,110.0,6.0,14.0,18.0,NaN,NaN
national_anchored,2205,calibration,152.0,38.0,168.0,167.0,11.0,13.0,28.0,40.78067762089698,NaN
national_anchored,2206,reference,213.0,21.0,136.0,158.0,10.0,13.0,26.0,NaN,NaN
national_anchored,2207,calibration,215.0,35.0,115.0,172.0,7.0,14.0,19.0,16.884789041745133,NaN
national_anchored,2208,reference,214.0,29.0,125.0,155.0,9.0,14.0,31.0,NaN,NaN
national_anchored,2209,calibration,193.0,32.0,137.0,167.0,10.0,14.0,24.0,13.014521303012199,NaN
national_anchored,2210,reference,154.0,35.0,179.0,161.0,8.0,12.0,28.0,NaN,NaN
national_anchored,2211,calibration,199.0,42.0,113.0,178.0,7.0,13.0,25.0,17.599690984810177,NaN
national_anchored,2212,reference,162.0,36.0,157.0,172.0,10.0,13.0,27.0,NaN,NaN
national_anchored,2213,calibration,213.0,30.0,114.0,172.0,12.0,13.0,23.0,16.658097700474595,NaN
national_anchored,2214,reference,193.0,36.0,125.0,170.0,9.0,13.0,31.0,NaN,NaN
national_anchored,2215,calibration,234.0,40.0,80.0,175.0,10.0,11.0,27.0,42.10330175668145,NaN
national_anchored,2216,reference,205.0,20.0,133.0,179.0,10.0,14.0,16.0,NaN,NaN
national_anchored,2217,calibration,223.0,38.0,106.0,161.0,12.0,11.0,26.0,21.86226935281555,NaN
national_anchored,2218,reference,211.0,39.0,123.0,157.0,10.0,12.0,25.0,NaN,NaN
national_anchored,2219,calibration,195.0,41.0,119.0,171.0,10.0,11.0,30.0,15.14108113118731,NaN
national_anchored,2220,reference,218.0,37.0,108.0,165.0,10.0,14.0,25.0,NaN,NaN
national_anchored,2221,calibration,167.0,40.0,145.0,175.0,10.0,13.0,27.0,25.879985973405216,NaN
national_anchored,2222,reference,211.0,41.0,105.0,173.0,9.0,13.0,25.0,NaN,NaN
national_anchored,2223,calibration,206.0,47.0,96.0,178.0,8.0,13.0,29.0,26.25028274020028,NaN
national_anchored,2224,reference,193.0,39.0,141.0,157.0,10.0,13.0,24.0,NaN,NaN
national_anchored,2225,calibration,145.0,20.0,188.0,177.0,10.0,14.0,23.0,58.07497240195258,NaN
national_anchored,2226,reference,225.0,45.0,62.0,194.0,8.0,13.0,30.0,NaN,NaN
national_anchored,2227,calibration,170.0,37.0,152.0,170.0,11.0,13.0,24.0,24.48589209962113,NaN
national_anchored,2228,reference,217.0,27.0,141.0,153.0,11.0,11.0,17.0,NaN,NaN
national_anchored,2229,calibration,194.0,21.0,191.0,126.0,10.0,13.0,22.0,49.240745244019834,NaN
national_anchored,2230,reference,157.0,30.0,171.0,167.0,8.0,13.0,31.0,NaN,NaN
national_anchored,2231,calibration,214.0,22.0,142.0,147.0,10.0,13.0,29.0,20.031929410699863,NaN
national_anchored,2232,reference,230.0,22.0,136.0,154.0,6.0,9.0,20.0,NaN,NaN
national_anchored,2233,calibration,224.0,30.0,107.0,168.0,10.0,14.0,24.0,21.96882490644565,NaN
national_anchored,2234,reference,211.0,33.0,111.0,172.0,10.0,12.0,28.0,NaN,NaN
national_anchored,2235,calibration,190.0,46.0,108.0,177.0,10.0,14.0,32.0,22.526158511750932,NaN
national_anchored,2236,reference,218.0,41.0,94.0,177.0,9.0,11.0,27.0,NaN,NaN
national_anchored,2237,calibration,207.0,22.0,150.0,151.0,10.0,13.0,24.0,18.898972620253932,NaN
national_anchored,2238,reference,215.0,45.0,87.0,181.0,10.0,12.0,27.0,NaN,NaN
national_anchored,2239,calibration,141.0,27.0,198.0,167.0,11.0,13.0,20.0,64.58071930371197,NaN
national_anchored,2240,reference,192.0,36.0,133.0,171.0,11.0,11.0,23.0,NaN,NaN
national_anchored,2241,calibration,221.0,40.0,99.0,172.0,10.0,13.0,22.0,24.455688971506948,NaN
national_anchored,2242,reference,205.0,36.0,103.0,186.0,9.0,14.0,24.0,NaN,NaN
national_anchored,2243,calibration,185.0,28.0,167.0,152.0,10.0,12.0,23.0,25.56230521496816,NaN
national_anchored,2244,reference,165.0,24.0,235.0,107.0,10.0,13.0,23.0,NaN,NaN
national_anchored,2245,calibration,205.0,35.0,146.0,145.0,9.0,12.0,25.0,18.02956319369734,NaN
national_anchored,2246,reference,183.0,39.0,132.0,177.0,10.0,11.0,25.0,NaN,NaN
national_anchored,2247,calibration,200.0,37.0,125.0,167.0,10.0,13.0,25.0,12.177126531201278,NaN
national_anchored,2248,reference,219.0,41.0,95.0,173.0,11.0,14.0,24.0,NaN,NaN
national_anchored,2249,calibration,195.0,36.0,144.0,156.0,9.0,13.0,24.0,14.309492171495766,NaN
national_anchored,2250,reference,227.0,38.0,103.0,163.0,10.0,12.0,24.0,NaN,NaN
national_anchored,2251,calibration,221.0,39.0,108.0,167.0,9.0,12.0,21.0,20.135952310961816,NaN
national_anchored,2252,reference,191.0,28.0,140.0,168.0,8.0,13.0,29.0,NaN,NaN
national_anchored,2253,calibration,230.0,45.0,68.0,184.0,9.0,12.0,29.0,52.21686088782943,NaN
national_anchored,2254,reference,202.0,17.0,149.0,163.0,10.0,14.0,22.0,NaN,NaN
national_anchored,2255,calibration,171.0,16.0,195.0,151.0,10.0,13.0,21.0,49.80850195938069,NaN
national_anchored,2256,reference,139.0,37.0,190.0,168.0,10.0,14.0,19.0,NaN,NaN
national_anchored,2257,calibration,157.0,33.0,192.0,153.0,7.0,14.0,21.0,51.314555936725895,NaN
national_anchored,2258,reference,165.0,25.0,223.0,122.0,11.0,12.0,19.0,NaN,NaN
national_anchored,2259,calibration,190.0,43.0,123.0,168.0,11.0,13.0,29.0,15.433140329318068,NaN
national_anchored,2260,reference,199.0,29.0,142.0,161.0,10.0,13.0,23.0,NaN,NaN
national_anchored,2261,calibration,225.0,36.0,112.0,161.0,9.0,12.0,22.0,20.535510486591686,NaN
national_anchored,2262,reference,174.0,24.0,190.0,149.0,9.0,13.0,18.0,NaN,NaN
national_anchored,2263,calibration,211.0,32.0,125.0,162.0,10.0,14.0,23.0,13.226214454532762,NaN
national_anchored,2264,reference,200.0,38.0,132.0,158.0,10.0,13.0,26.0,NaN,NaN
national_anchored,2265,calibration,198.0,37.0,135.0,163.0,11.0,12.0,21.0,12.273763393236113,NaN
national_anchored,2266,reference,194.0,39.0,140.0,157.0,10.0,13.0,24.0,NaN,NaN
national_anchored,2267,calibration,207.0,38.0,130.0,165.0,7.0,11.0,19.0,12.889459407675556,NaN
national_anchored,2268,reference,214.0,21.0,156.0,139.0,9.0,14.0,24.0,NaN,NaN
national_anchored,2269,calibration,214.0,40.0,111.0,170.0,8.0,9.0,25.0,17.283410876121106,NaN
national_anchored,2270,reference,224.0,31.0,130.0,146.0,11.0,13.0,22.0,NaN,NaN
national_anchored,2271,calibration,204.0,43.0,105.0,174.0,12.0,14.0,25.0,19.571891179042606,NaN
national_anchored,2272,reference,176.0,36.0,149.0,166.0,10.0,13.0,27.0,NaN,NaN
national_anchored,2273,calibration,225.0,39.0,111.0,154.0,10.0,13.0,25.0,22.251349183240176,NaN
national_anchored,2274,reference,214.0,38.0,114.0,163.0,10.0,11.0,27.0,NaN,NaN
national_anchored,2275,calibration,205.0,24.0,144.0,162.0,12.0,13.0,17.0,15.867560396964752,NaN
national_anchored,2276,reference,194.0,43.0,122.0,168.0,10.0,14.0,26.0,NaN,NaN
national_anchored,2277,calibration,197.0,28.0,146.0,159.0,12.0,13.0,22.0,14.739732024020636,NaN
national_anchored,2278,reference,216.0,40.0,106.0,172.0,10.0,12.0,21.0,NaN,NaN
national_anchored,2279,calibration,196.0,37.0,146.0,160.0,6.0,14.0,18.0,15.062485676646123,NaN
national_anchored,2280,reference,176.0,38.0,140.0,174.0,9.0,13.0,27.0,NaN,NaN
national_anchored,2281,calibration,243.0,15.0,111.0,163.0,11.0,13.0,21.0,35.67579847988256,NaN
national_anchored,2282,reference,220.0,31.0,163.0,124.0,10.0,12.0,17.0,NaN,NaN
national_anchored,2283,calibration,174.0,45.0,129.0,177.0,10.0,13.0,29.0,23.050687540045484,NaN
national_anchored,2284,reference,194.0,43.0,121.0,173.0,11.0,12.0,23.0,NaN,NaN
national_anchored,2285,calibration,232.0,41.0,96.0,170.0,9.0,11.0,18.0,31.260549059772988,NaN
national_anchored,2286,reference,204.0,38.0,118.0,166.0,9.0,14.0,28.0,NaN,NaN
national_anchored,2287,calibration,202.0,33.0,128.0,169.0,8.0,14.0,23.0,12.25891206853014,NaN
national_anchored,2288,reference,145.0,19.0,258.0,109.0,9.0,13.0,24.0,NaN,NaN
national_anchored,2289,calibration,181.0,43.0,124.0,181.0,11.0,13.0,24.0,21.021138848383483,NaN
national_anchored,2290,reference,199.0,36.0,123.0,168.0,10.0,14.0,27.0,NaN,NaN
national_anchored,2291,calibration,189.0,28.0,193.0,130.0,8.0,12.0,17.0,48.712285096168955,NaN
national_anchored,2292,reference,198.0,38.0,133.0,166.0,7.0,13.0,22.0,NaN,NaN
national_anchored,2293,calibration,158.0,39.0,161.0,169.0,10.0,14.0,26.0,34.31593478434628,NaN
national_anchored,2294,reference,206.0,25.0,146.0,156.0,10.0,12.0,22.0,NaN,NaN
national_anchored,2295,calibration,205.0,34.0,148.0,147.0,9.0,13.0,21.0,17.827919848195886,NaN
national_anchored,2296,reference,216.0,26.0,105.0,182.0,11.0,13.0,24.0,NaN,NaN
national_anchored,2297,calibration,241.0,37.0,89.0,161.0,11.0,13.0,25.0,39.581373541934994,NaN
national_anchored,2298,reference,168.0,18.0,236.0,118.0,9.0,11.0,17.0,NaN,NaN
national_anchored,2299,calibration,198.0,42.0,113.0,173.0,10.0,14.0,27.0,16.478866267224813,NaN
national_anchored,2300,reference,210.0,42.0,97.0,180.0,11.0,14.0,23.0,NaN,NaN
national_anchored,2301,calibration,194.0,40.0,108.0,184.0,10.0,13.0,28.0,22.224390990818623,NaN
national_anchored,2302,reference,209.0,25.0,141.0,156.0,9.0,13.0,24.0,NaN,NaN
national_anchored,2303,calibration,212.0,19.0,135.0,166.0,10.0,13.0,22.0,16.857753249215765,NaN
national_anchored,2304,reference,217.0,44.0,73.0,190.0,10.0,9.0,34.0,NaN,NaN
national_anchored,2305,calibration,220.0,39.0,99.0,171.0,11.0,13.0,24.0,23.82851681067091,NaN
national_anchored,2306,reference,203.0,30.0,138.0,159.0,8.0,13.0,26.0,NaN,NaN
national_anchored,2307,calibration,194.0,37.0,125.0,171.0,10.0,13.0,27.0,13.43829806264878,NaN
national_anchored,2308,reference,186.0,30.0,159.0,160.0,7.0,14.0,21.0,NaN,NaN
national_anchored,2309,calibration,209.0,39.0,111.0,170.0,10.0,13.0,25.0,16.021187465519606,NaN
national_anchored,2310,reference,143.0,41.0,161.0,182.0,10.0,13.0,27.0,NaN,NaN
national_anchored,2311,calibration,220.0,39.0,93.0,180.0,8.0,12.0,25.0,29.063124481891894,NaN
national_anchored,2312,reference,199.0,41.0,114.0,173.0,11.0,12.0,27.0,NaN,NaN
national_anchored,2313,calibration,192.0,39.0,132.0,170.0,8.0,12.0,24.0,13.422247289926442,NaN
national_anchored,2314,reference,210.0,42.0,93.0,182.0,10.0,13.0,27.0,NaN,NaN
national_anchored,2315,calibration,198.0,38.0,122.0,169.0,9.0,14.0,27.0,13.116120569644405,NaN
national_anchored,2316,reference,210.0,36.0,111.0,175.0,10.0,13.0,22.0,NaN,NaN
national_anchored,2317,calibration,245.0,23.0,121.0,147.0,11.0,12.0,18.0,35.47534935415105,NaN
national_anchored,2318,reference,142.0,23.0,179.0,182.0,9.0,13.0,29.0,NaN,NaN
national_anchored,2319,calibration,220.0,19.0,143.0,148.0,11.0,14.0,22.0,22.524481403752315,NaN
national_anchored,2320,reference,185.0,44.0,135.0,170.0,6.0,13.0,24.0,NaN,NaN
national_anchored,2321,calibration,197.0,24.0,144.0,174.0,8.0,12.0,18.0,17.096522978611976,NaN
national_anchored,2322,reference,180.0,38.0,145.0,163.0,9.0,13.0,29.0,NaN,NaN
national_anchored,2323,calibration,177.0,41.0,135.0,176.0,10.0,12.0,26.0,20.156215723987966,NaN
national_anchored,2324,reference,167.0,35.0,152.0,179.0,9.0,13.0,22.0,NaN,NaN
national_anchored,2325,calibration,197.0,20.0,192.0,125.0,9.0,12.0,22.0,50.52853015966626,NaN
national_anchored,2326,reference,198.0,36.0,142.0,151.0,8.0,14.0,28.0,NaN,NaN
national_anchored,2327,calibration,229.0,39.0,84.0,176.0,10.0,12.0,27.0,37.123940835032755,NaN
national_anchored,2328,reference,240.0,45.0,66.0,175.0,10.0,13.0,28.0,NaN,NaN
national_anchored,2329,calibration,180.0,22.0,179.0,156.0,7.0,13.0,20.0,34.40658307726578,NaN
national_anchored,2330,reference,193.0,39.0,135.0,167.0,9.0,12.0,22.0,NaN,NaN
national_anchored,2331,calibration,183.0,17.0,171.0,159.0,11.0,12.0,24.0,29.904121821931408,NaN
national_anchored,2332,reference,206.0,34.0,131.0,166.0,11.0,13.0,16.0,NaN,NaN
national_anchored,2333,calibration,223.0,38.0,114.0,158.0,11.0,13.0,20.0,19.81449254277229,NaN
national_anchored,2334,reference,221.0,39.0,115.0,157.0,9.0,12.0,24.0,NaN,NaN
national_anchored,2335,calibration,219.0,38.0,82.0,188.0,10.0,13.0,27.0,38.93346400852268,NaN
national_anchored,2336,reference,214.0,30.0,141.0,152.0,9.0,12.0,19.0,NaN,NaN
national_anchored,2337,calibration,246.0,24.0,113.0,150.0,9.0,11.0,24.0,36.286061050615004,NaN
national_anchored,2338,reference,189.0,44.0,113.0,177.0,12.0,14.0,28.0,NaN,NaN
national_anchored,2339,calibration,185.0,39.0,131.0,176.0,10.0,12.0,24.0,16.64284695836759,NaN
national_anchored,2340,reference,192.0,26.0,202.0,116.0,10.0,13.0,18.0,NaN,NaN
national_anchored,2341,calibration,192.0,40.0,128.0,172.0,10.0,12.0,23.0,13.98040403258872,NaN
national_anchored,2342,reference,227.0,24.0,105.0,173.0,10.0,13.0,25.0,NaN,NaN
national_anchored,2343,calibration,224.0,32.0,127.0,152.0,8.0,10.0,24.0,19.405168334285737,NaN
national_anchored,2344,reference,208.0,42.0,110.0,172.0,8.0,12.0,25.0,NaN,NaN
national_anchored,2345,calibration,190.0,36.0,136.0,174.0,11.0,12.0,18.0,15.304094651572452,NaN
national_anchored,2346,reference,195.0,28.0,181.0,133.0,12.0,11.0,17.0,NaN,NaN
national_anchored,2347,calibration,162.0,40.0,150.0,176.0,7.0,13.0,29.0,30.206340523068402,NaN
national_anchored,2348,reference,214.0,19.0,168.0,136.0,9.0,11.0,20.0,NaN,NaN
national_anchored,2349,calibration,202.0,24.0,122.0,175.0,10.0,13.0,31.0,16.438315266918746,NaN
national_anchored,2350,reference,215.0,25.0,145.0,151.0,10.0,12.0,19.0,NaN,NaN
national_anchored,2351,calibration,214.0,34.0,127.0,155.0,12.0,13.0,22.0,14.82182075316086,NaN
national_anchored,2352,reference,155.0,18.0,242.0,123.0,9.0,13.0,17.0,NaN,NaN
national_anchored,2353,calibration,170.0,24.0,158.0,179.0,10.0,12.0,24.0,29.594264565516387,NaN
national_anchored,2354,reference,212.0,42.0,104.0,170.0,10.0,13.0,26.0,NaN,NaN
national_anchored,2355,calibration,211.0,31.0,158.0,134.0,10.0,12.0,21.0,27.777767173375015,NaN
national_anchored,2356,reference,234.0,41.0,90.0,165.0,11.0,14.0,22.0,NaN,NaN
national_anchored,2357,calibration,204.0,39.0,116.0,172.0,10.0,13.0,23.0,14.52904851090491,NaN
national_anchored,2358,reference,241.0,22.0,131.0,138.0,6.0,11.0,28.0,NaN,NaN
national_anchored,2359,calibration,180.0,18.0,211.0,129.0,9.0,14.0,16.0,65.23954253835022,NaN
national_anchored,2360,reference,206.0,22.0,154.0,155.0,8.0,14.0,18.0,NaN,NaN
national_anchored,2361,calibration,214.0,26.0,126.0,164.0,9.0,11.0,27.0,15.014729154552956,NaN
national_anchored,2362,reference,191.0,39.0,127.0,171.0,11.0,13.0,25.0,NaN,NaN
national_anchored,2363,calibration,199.0,43.0,108.0,176.0,7.0,13.0,31.0,19.605048575381215,NaN
national_anchored,2364,reference,181.0,27.0,146.0,173.0,10.0,13.0,27.0,NaN,NaN
national_anchored,2365,calibration,206.0,41.0,111.0,171.0,10.0,11.0,27.0,16.284598212621123,NaN
national_anchored,2366,reference,229.0,40.0,87.0,170.0,8.0,13.0,30.0,NaN,NaN
national_anchored,2367,calibration,235.0,33.0,126.0,142.0,7.0,13.0,21.0,28.809037716697812,NaN
national_anchored,2368,reference,157.0,38.0,159.0,169.0,11.0,13.0,30.0,NaN,NaN
national_anchored,2369,calibration,225.0,19.0,130.0,157.0,8.0,12.0,26.0,21.596906135448467,NaN
national_anchored,2370,reference,199.0,19.0,185.0,129.0,9.0,12.0,24.0,NaN,NaN
national_anchored,2371,calibration,196.0,36.0,174.0,124.0,9.0,13.0,25.0,39.323272053215945,NaN
national_anchored,2372,reference,194.0,38.0,148.0,149.0,10.0,13.0,25.0,NaN,NaN
national_anchored,2373,calibration,190.0,20.0,155.0,162.0,9.0,11.0,30.0,20.59258176593298,NaN
national_anchored,2374,reference,166.0,38.0,155.0,172.0,10.0,11.0,25.0,NaN,NaN
national_anchored,2375,calibration,223.0,21.0,183.0,111.0,9.0,12.0,18.0,57.009849744226074,NaN
national_anchored,2376,reference,218.0,39.0,103.0,168.0,12.0,13.0,24.0,NaN,NaN
national_anchored,2377,calibration,208.0,24.0,179.0,126.0,8.0,13.0,19.0,42.20609891244955,NaN
national_anchored,2378,reference,190.0,46.0,103.0,188.0,8.0,13.0,29.0,NaN,NaN
national_anchored,2379,calibration,206.0,38.0,95.0,188.0,10.0,12.0,28.0,29.0539918668342,NaN
national_anchored,2380,reference,182.0,37.0,144.0,171.0,9.0,12.0,22.0,NaN,NaN
national_anchored,2381,calibration,228.0,37.0,119.0,148.0,7.0,12.0,26.0,23.52859263993535,NaN
national_anchored,2382,reference,206.0,39.0,108.0,179.0,10.0,14.0,21.0,NaN,NaN
national_anchored,2383,calibration,233.0,43.0,81.0,181.0,10.0,12.0,17.0,43.0929346064343,NaN
national_anchored,2384,reference,194.0,37.0,131.0,167.0,11.0,14.0,23.0,NaN,NaN
national_anchored,2385,calibration,225.0,37.0,85.0,182.0,12.0,13.0,23.0,36.41625166805197,NaN
national_anchored,2386,reference,209.0,33.0,122.0,167.0,11.0,13.0,22.0,NaN,NaN
national_anchored,2387,calibration,224.0,40.0,105.0,165.0,8.0,13.0,22.0,22.53572507352649,NaN
national_anchored,2388,reference,198.0,36.0,159.0,139.0,9.0,12.0,24.0,NaN,NaN
national_anchored,2389,calibration,216.0,20.0,192.0,110.0,7.0,13.0,19.0,61.10560275161764,NaN
national_anchored,2390,reference,209.0,32.0,136.0,154.0,9.0,13.0,24.0,NaN,NaN
national_anchored,2391,calibration,154.0,40.0,173.0,169.0,10.0,13.0,18.0,42.342545270548385,NaN
national_anchored,2392,reference,187.0,40.0,131.0,168.0,9.0,14.0,28.0,NaN,NaN
national_anchored,2393,calibration,207.0,39.0,104.0,178.0,12.0,14.0,23.0,20.537398267794853,NaN
national_anchored,2394,reference,157.0,43.0,155.0,175.0,10.0,14.0,23.0,NaN,NaN
national_anchored,2395,calibration,217.0,38.0,128.0,147.0,8.0,13.0,26.0,18.34855335477145,NaN
national_anchored,2396,reference,155.0,31.0,189.0,157.0,7.0,14.0,24.0,NaN,NaN
national_anchored,2397,calibration,197.0,22.0,194.0,117.0,9.0,13.0,25.0,55.72657331024351,NaN
national_anchored,2398,reference,149.0,25.0,205.0,152.0,8.0,13.0,25.0,NaN,NaN
national_anchored,2399,calibration,197.0,36.0,126.0,173.0,11.0,13.0,21.0,13.399852267593591,NaN
national_anchored,2400,reference,201.0,17.0,131.0,179.0,11.0,13.0,25.0,NaN,NaN
national_anchored,2401,calibration,195.0,41.0,123.0,172.0,9.0,13.0,24.0,14.044862207651814,NaN
national_anchored,2402,reference,177.0,36.0,127.0,187.0,10.0,13.0,27.0,NaN,NaN
national_anchored,2403,calibration,227.0,39.0,92.0,172.0,11.0,13.0,23.0,30.52907458837907,NaN
national_anchored,2404,reference,201.0,39.0,129.0,161.0,10.0,12.0,25.0,NaN,NaN
national_anchored,2405,calibration,208.0,36.0,117.0,170.0,12.0,13.0,21.0,14.356252633756423,NaN
national_anchored,2406,reference,210.0,38.0,107.0,169.0,10.0,12.0,31.0,NaN,NaN
national_anchored,2407,calibration,182.0,22.0,178.0,149.0,8.0,13.0,25.0,34.07144825997645,NaN
national_anchored,2408,reference,208.0,20.0,146.0,160.0,9.0,11.0,23.0,NaN,NaN
national_anchored,2409,calibration,163.0,44.0,148.0,177.0,5.0,11.0,29.0,30.24658511249631,NaN
national_anchored,2410,reference,198.0,37.0,137.0,157.0,11.0,13.0,24.0,NaN,NaN
national_anchored,2411,calibration,199.0,48.0,104.0,177.0,7.0,12.0,30.0,22.716807542522407,NaN
national_anchored,2412,reference,205.0,37.0,110.0,171.0,11.0,13.0,30.0,NaN,NaN
national_anchored,2413,calibration,182.0,36.0,136.0,175.0,11.0,14.0,23.0,17.430827449426527,NaN
national_anchored,2414,reference,181.0,24.0,155.0,169.0,9.0,14.0,25.0,NaN,NaN
national_anchored,2415,calibration,226.0,33.0,116.0,157.0,10.0,12.0,23.0,20.571930211939257,NaN
national_anchored,2416,reference,188.0,33.0,154.0,156.0,12.0,12.0,22.0,NaN,NaN
national_anchored,2417,calibration,162.0,25.0,168.0,175.0,10.0,14.0,23.0,36.358694955941246,NaN
national_anchored,2418,reference,164.0,39.0,153.0,175.0,10.0,13.0,23.0,NaN,NaN
national_anchored,2419,calibration,234.0,41.0,81.0,175.0,10.0,13.0,23.0,41.46117433904699,NaN
national_anchored,2420,reference,234.0,36.0,94.0,173.0,10.0,11.0,19.0,NaN,NaN
national_anchored,2421,calibration,178.0,34.0,168.0,153.0,11.0,11.0,22.0,27.72885252976913,NaN
national_anchored,2422,reference,243.0,38.0,94.0,157.0,9.0,10.0,26.0,NaN,NaN
national_anchored,2423,calibration,247.0,30.0,80.0,175.0,11.0,11.0,23.0,49.58508038490406,NaN
national_anchored,2424,reference,218.0,24.0,173.0,119.0,8.0,11.0,24.0,NaN,NaN
national_anchored,2425,calibration,205.0,39.0,106.0,173.0,9.0,14.0,31.0,18.853667895877148,NaN
national_anchored,2426,reference,168.0,43.0,135.0,184.0,10.0,14.0,23.0,NaN,NaN
national_anchored,2427,calibration,194.0,21.0,193.0,128.0,9.0,14.0,18.0,49.92083305822899,NaN
national_anchored,2428,reference,225.0,39.0,96.0,171.0,7.0,13.0,26.0,NaN,NaN
national_anchored,2429,calibration,193.0,38.0,133.0,167.0,7.0,12.0,27.0,12.992323660637258,NaN
national_anchored,2430,reference,218.0,39.0,99.0,169.0,10.0,14.0,28.0,NaN,NaN
national_anchored,2431,calibration,201.0,43.0,108.0,178.0,8.0,12.0,27.0,19.3849711985003,NaN
national_anchored,2432,reference,190.0,39.0,123.0,176.0,8.0,14.0,27.0,NaN,NaN
national_anchored,2433,calibration,190.0,39.0,129.0,169.0,10.0,13.0,27.0,13.88035790861915,NaN
national_anchored,2434,reference,179.0,36.0,154.0,165.0,10.0,14.0,19.0,NaN,NaN
national_anchored,2435,calibration,202.0,38.0,97.0,184.0,9.0,14.0,33.0,27.03171713928136,NaN
national_anchored,2436,reference,208.0,36.0,115.0,174.0,7.0,13.0,24.0,NaN,NaN
national_anchored,2437,calibration,224.0,38.0,97.0,171.0,11.0,13.0,23.0,26.297701754004915,NaN
national_anchored,2438,reference,191.0,17.0,192.0,141.0,7.0,11.0,18.0,NaN,NaN
national_anchored,2439,calibration,197.0,38.0,135.0,165.0,8.0,12.0,22.0,12.369150033015647,NaN
national_anchored,2440,reference,166.0,23.0,172.0,165.0,9.0,14.0,28.0,NaN,NaN
national_anchored,2441,calibration,163.0,25.0,177.0,168.0,9.0,12.0,23.0,39.20720042421742,NaN
national_anchored,2442,reference,212.0,33.0,128.0,155.0,9.0,13.0,27.0,NaN,NaN
national_anchored,2443,calibration,204.0,38.0,113.0,175.0,9.0,13.0,25.0,15.901793918885321,NaN
national_anchored,2444,reference,218.0,40.0,96.0,174.0,10.0,13.0,26.0,NaN,NaN
national_anchored,2445,calibration,206.0,44.0,110.0,171.0,12.0,13.0,21.0,17.46841093649363,NaN
national_anchored,2446,reference,182.0,42.0,130.0,176.0,9.0,13.0,25.0,NaN,NaN
national_anchored,2447,calibration,184.0,24.0,194.0,134.0,9.0,13.0,19.0,48.64628271097506,NaN
national_anchored,2448,reference,234.0,37.0,93.0,170.0,9.0,11.0,23.0,NaN,NaN
national_anchored,2449,calibration,195.0,33.0,153.0,149.0,8.0,13.0,26.0,18.529256878170795,NaN
national_anchored,2450,reference,195.0,39.0,122.0,167.0,10.0,13.0,31.0,NaN,NaN
national_anchored,2451,calibration,220.0,40.0,96.0,175.0,10.0,11.0,25.0,26.130629084335457,NaN
national_anchored,2452,reference,207.0,38.0,126.0,159.0,8.0,13.0,26.0,NaN,NaN
national_anchored,2453,calibration,207.0,31.0,144.0,149.0,12.0,13.0,21.0,16.553419655907557,NaN
national_anchored,2454,reference,198.0,38.0,129.0,166.0,9.0,12.0,25.0,NaN,NaN
national_anchored,2455,calibration,224.0,45.0,80.0,182.0,9.0,11.0,26.0,40.30387173052705,NaN
national_anchored,2456,reference,210.0,25.0,146.0,151.0,9.0,12.0,24.0,NaN,NaN
national_anchored,2457,calibration,217.0,34.0,102.0,178.0,10.0,12.0,24.0,22.87406863969539,NaN
national_anchored,2458,reference,220.0,41.0,92.0,173.0,11.0,12.0,28.0,NaN,NaN
national_anchored,2459,calibration,233.0,41.0,104.0,146.0,9.0,13.0,31.0,31.95783683966822,NaN
national_anchored,2460,reference,212.0,37.0,141.0,147.0,10.0,13.0,17.0,NaN,NaN
national_anchored,2461,calibration,190.0,34.0,159.0,150.0,10.0,11.0,23.0,21.095574550114865,NaN
national_anchored,2462,reference,184.0,40.0,131.0,178.0,7.0,12.0,25.0,NaN,NaN
national_anchored,2463,calibration,204.0,38.0,121.0,168.0,11.0,13.0,22.0,12.960889156604669,NaN
national_anchored,2464,reference,214.0,40.0,113.0,162.0,11.0,13.0,24.0,NaN,NaN
national_anchored,2465,calibration,203.0,38.0,123.0,168.0,9.0,13.0,23.0,12.539272805897074,NaN
national_anchored,2466,reference,195.0,23.0,164.0,155.0,8.0,13.0,19.0,NaN,NaN
national_anchored,2467,calibration,230.0,38.0,101.0,161.0,11.0,14.0,22.0,27.221019424789862,NaN
national_anchored,2468,reference,219.0,22.0,173.0,126.0,8.0,12.0,17.0,NaN,NaN
national_anchored,2469,calibration,240.0,33.0,123.0,143.0,8.0,12.0,18.0,32.01544452279187,NaN
national_anchored,2470,reference,166.0,27.0,199.0,142.0,11.0,13.0,19.0,NaN,NaN
national_anchored,2471,calibration,183.0,40.0,139.0,165.0,9.0,13.0,28.0,16.313656427423478,NaN
national_anchored,2472,reference,241.0,23.0,151.0,126.0,8.0,10.0,18.0,NaN,NaN
national_anchored,2473,calibration,201.0,42.0,111.0,174.0,12.0,12.0,25.0,17.03537333185987,NaN
national_anchored,2474,reference,214.0,41.0,106.0,168.0,9.0,13.0,26.0,NaN,NaN
national_anchored,2475,calibration,165.0,45.0,134.0,183.0,9.0,12.0,29.0,29.613626694176173,NaN
national_anchored,2476,reference,232.0,45.0,65.0,186.0,10.0,13.0,26.0,NaN,NaN
national_anchored,2477,calibration,223.0,32.0,144.0,133.0,9.0,13.0,23.0,28.014676794330004,NaN
national_anchored,2478,reference,239.0,23.0,139.0,139.0,10.0,11.0,16.0,NaN,NaN
national_anchored,2479,calibration,208.0,38.0,114.0,169.0,9.0,13.0,26.0,14.81933462858915,NaN
national_anchored,2480,reference,145.0,40.0,175.0,168.0,9.0,14.0,26.0,NaN,NaN
national_anchored,2481,calibration,221.0,31.0,137.0,148.0,9.0,12.0,19.0,19.85420577738081,NaN
national_anchored,2482,reference,227.0,28.0,111.0,167.0,9.0,13.0,22.0,NaN,NaN
national_anchored,2483,calibration,218.0,46.0,75.0,186.0,10.0,14.0,28.0,44.16416064773273,NaN
national_anchored,2484,reference,201.0,25.0,180.0,134.0,7.0,12.0,18.0,NaN,NaN
national_anchored,2485,calibration,164.0,38.0,165.0,155.0,11.0,14.0,30.0,32.84935020696935,NaN
national_anchored,2486,reference,213.0,19.0,146.0,158.0,10.0,13.0,18.0,NaN,NaN
national_anchored,2487,calibration,216.0,20.0,166.0,134.0,9.0,11.0,21.0,33.859021263134494,NaN
national_anchored,2488,reference,199.0,21.0,142.0,169.0,10.0,12.0,24.0,NaN,NaN
national_anchored,2489,calibration,199.0,42.0,123.0,166.0,9.0,12.0,26.0,13.17903499184241,NaN
national_anchored,2490,reference,173.0,40.0,146.0,171.0,10.0,13.0,24.0,NaN,NaN
national_anchored,2491,calibration,203.0,28.0,127.0,170.0,12.0,14.0,23.0,13.259734068361386,NaN
national_anchored,2492,reference,213.0,24.0,142.0,159.0,8.0,13.0,18.0,NaN,NaN
national_anchored,2493,calibration,163.0,34.0,168.0,164.0,10.0,13.0,25.0,33.576614600648,NaN
national_anchored,2494,reference,189.0,45.0,113.0,177.0,10.0,13.0,30.0,NaN,NaN
national_anchored,2495,calibration,238.0,40.0,77.0,173.0,11.0,13.0,25.0,45.9533450154327,NaN
national_anchored,2496,reference,227.0,35.0,102.0,167.0,10.0,11.0,25.0,NaN,NaN
national_anchored,2497,calibration,196.0,43.0,117.0,172.0,11.0,13.0,25.0,15.541941933887028,NaN
national_anchored,2498,reference,231.0,39.0,99.0,158.0,10.0,13.0,27.0,NaN,NaN
national_anchored,2499,calibration,185.0,21.0,167.0,158.0,11.0,14.0,21.0,26.267434589892478,NaN
national_anchored,2500,reference,156.0,46.0,128.0,192.0,10.0,13.0,32.0,NaN,NaN
national_anchored,2501,calibration,177.0,37.0,142.0,177.0,8.0,13.0,23.0,20.65578197612818,NaN
national_anchored,2502,reference,176.0,33.0,167.0,156.0,9.0,12.0,24.0,NaN,NaN
national_anchored,2503,calibration,206.0,46.0,88.0,186.0,11.0,13.0,27.0,33.49488308057491,NaN
national_anchored,2504,reference,220.0,21.0,172.0,122.0,7.0,13.0,22.0,NaN,NaN
national_anchored,2505,calibration,166.0,26.0,171.0,170.0,10.0,13.0,21.0,34.71113799503023,NaN
national_anchored,2506,reference,199.0,46.0,109.0,173.0,11.0,12.0,27.0,NaN,NaN
national_anchored,2507,calibration,213.0,35.0,159.0,126.0,9.0,11.0,24.0,33.08141358282687,NaN
national_anchored,2508,reference,219.0,27.0,121.0,162.0,8.0,14.0,26.0,NaN,NaN
national_anchored,2509,calibration,216.0,25.0,161.0,137.0,12.0,11.0,15.0,30.137786816393206,NaN
national_anchored,2510,reference,186.0,34.0,157.0,152.0,9.0,14.0,25.0,NaN,NaN
national_anchored,2511,calibration,215.0,39.0,111.0,166.0,9.0,13.0,24.0,16.945647134517056,NaN
national_anchored,2512,reference,186.0,41.0,124.0,181.0,12.0,11.0,22.0,NaN,NaN
national_anchored,2513,calibration,211.0,39.0,110.0,171.0,9.0,14.0,23.0,16.84886423706053,NaN
national_anchored,2514,reference,209.0,29.0,155.0,146.0,10.0,12.0,16.0,NaN,NaN
national_anchored,2515,calibration,207.0,42.0,110.0,170.0,10.0,13.0,25.0,16.634467979253042,NaN
national_anchored,2516,reference,172.0,39.0,144.0,171.0,11.0,13.0,27.0,NaN,NaN
national_anchored,2517,calibration,185.0,27.0,181.0,142.0,9.0,13.0,20.0,36.483195246517354,NaN
national_anchored,2518,reference,219.0,39.0,88.0,176.0,10.0,12.0,33.0,NaN,NaN
national_anchored,2519,calibration,214.0,26.0,115.0,178.0,9.0,11.0,24.0,18.99749951911569,NaN
national_anchored,2520,reference,213.0,30.0,116.0,175.0,5.0,11.0,27.0,NaN,NaN
national_anchored,2521,calibration,148.0,38.0,171.0,173.0,11.0,14.0,22.0,45.414090290326115,NaN
national_anchored,2522,reference,209.0,37.0,114.0,167.0,10.0,13.0,27.0,NaN,NaN
national_anchored,2523,calibration,171.0,33.0,143.0,177.0,10.0,14.0,29.0,23.863725605193633,NaN
national_anchored,2524,reference,207.0,39.0,124.0,161.0,11.0,13.0,22.0,NaN,NaN
national_anchored,2525,calibration,217.0,42.0,86.0,184.0,10.0,14.0,24.0,34.45269384113658,NaN
national_anchored,2526,reference,188.0,22.0,172.0,150.0,11.0,13.0,21.0,NaN,NaN
national_anchored,2527,calibration,219.0,42.0,79.0,190.0,11.0,10.0,26.0,42.256248238445494,NaN
national_anchored,2528,reference,172.0,33.0,169.0,157.0,7.0,13.0,26.0,NaN,NaN
national_anchored,2529,calibration,157.0,23.0,198.0,153.0,9.0,12.0,25.0,56.04980310114546,NaN
national_anchored,2530,reference,232.0,40.0,101.0,160.0,11.0,12.0,21.0,NaN,NaN
national_anchored,2531,calibration,224.0,38.0,107.0,164.0,10.0,11.0,23.0,21.549930238233163,NaN
national_anchored,2532,reference,170.0,25.0,168.0,166.0,8.0,13.0,27.0,NaN,NaN
national_anchored,2533,calibration,214.0,23.0,150.0,152.0,10.0,12.0,16.0,20.786907782964025,NaN
national_anchored,2534,reference,229.0,23.0,143.0,138.0,10.0,12.0,22.0,NaN,NaN
national_anchored,2535,calibration,207.0,37.0,115.0,169.0,11.0,13.0,25.0,14.39550642600901,NaN
national_anchored,2536,reference,139.0,39.0,179.0,168.0,10.0,13.0,29.0,NaN,NaN
national_anchored,2537,calibration,147.0,23.0,200.0,166.0,9.0,10.0,22.0,62.638402026667706,NaN
national_anchored,2538,reference,187.0,31.0,159.0,157.0,10.0,11.0,22.0,NaN,NaN
national_anchored,2539,calibration,212.0,47.0,76.0,192.0,11.0,13.0,26.0,44.98042419967767,NaN
national_anchored,2540,reference,215.0,38.0,125.0,153.0,4.0,13.0,29.0,NaN,NaN
national_anchored,2541,calibration,196.0,29.0,157.0,144.0,10.0,13.0,28.0,21.9228788734321,NaN
national_anchored,2542,reference,193.0,40.0,129.0,165.0,10.0,13.0,27.0,NaN,NaN
national_anchored,2543,calibration,200.0,33.0,108.0,185.0,10.0,14.0,27.0,21.71217956484462,NaN
national_anchored,2544,reference,199.0,22.0,159.0,157.0,9.0,12.0,19.0,NaN,NaN
national_anchored,2545,calibration,181.0,35.0,151.0,162.0,11.0,13.0,24.0,18.777497166164128,NaN
national_anchored,2546,reference,227.0,33.0,128.0,147.0,10.0,13.0,19.0,NaN,NaN
national_anchored,2547,calibration,227.0,36.0,129.0,138.0,10.0,13.0,24.0,26.11050139205135,NaN
national_anchored,2548,reference,153.0,20.0,202.0,160.0,10.0,13.0,19.0,NaN,NaN
national_anchored,2549,calibration,176.0,18.0,178.0,164.0,8.0,14.0,19.0,35.936564803852974,NaN
national_anchored,2550,reference,210.0,38.0,109.0,176.0,10.0,10.0,24.0,NaN,NaN
national_anchored,2551,calibration,210.0,31.0,109.0,178.0,9.0,13.0,27.0,18.996198469915665,NaN
national_anchored,2552,reference,186.0,44.0,108.0,189.0,10.0,12.0,28.0,NaN,NaN
national_anchored,2553,calibration,195.0,43.0,119.0,170.0,8.0,10.0,32.0,15.892158952496434,NaN
national_anchored,2554,reference,225.0,36.0,87.0,178.0,10.0,12.0,29.0,NaN,NaN
national_anchored,2555,calibration,140.0,43.0,157.0,183.0,10.0,13.0,31.0,49.48079679937618,NaN
national_anchored,2556,reference,155.0,45.0,148.0,178.0,10.0,13.0,28.0,NaN,NaN
national_anchored,2557,calibration,231.0,41.0,69.0,190.0,10.0,11.0,25.0,53.12154985508151,NaN
national_anchored,2558,reference,201.0,25.0,179.0,130.0,10.0,14.0,18.0,NaN,NaN
national_anchored,2559,calibration,214.0,33.0,128.0,155.0,9.0,13.0,25.0,14.657566125150833,NaN
national_anchored,2560,reference,215.0,24.0,139.0,158.0,11.0,12.0,18.0,NaN,NaN
national_anchored,2561,calibration,221.0,33.0,104.0,172.0,10.0,11.0,26.0,22.024815877321455,NaN
national_anchored,2562,reference,219.0,39.0,107.0,162.0,8.0,13.0,29.0,NaN,NaN
national_anchored,2563,calibration,159.0,44.0,144.0,181.0,9.0,14.0,26.0,32.82574012426892,NaN
national_anchored,2564,reference,169.0,25.0,175.0,159.0,8.0,12.0,29.0,NaN,NaN
national_anchored,2565,calibration,211.0,34.0,114.0,176.0,9.0,13.0,20.0,16.923217356763107,NaN
national_anchored,2566,reference,210.0,43.0,98.0,175.0,10.0,14.0,27.0,NaN,NaN
national_anchored,2567,calibration,222.0,38.0,101.0,169.0,11.0,12.0,24.0,23.292743114197055,NaN
national_anchored,2568,reference,232.0,32.0,117.0,151.0,8.0,13.0,24.0,NaN,NaN
national_anchored,2569,calibration,225.0,43.0,101.0,167.0,10.0,13.0,18.0,25.644529955246195,NaN
national_anchored,2570,reference,202.0,42.0,115.0,169.0,10.0,13.0,26.0,NaN,NaN
national_anchored,2571,calibration,168.0,47.0,132.0,183.0,10.0,9.0,28.0,28.450236675487314,NaN
national_anchored,2572,reference,187.0,43.0,110.0,183.0,11.0,13.0,30.0,NaN,NaN
national_anchored,2573,calibration,193.0,44.0,110.0,180.0,11.0,13.0,26.0,20.66979575055633,NaN
national_anchored,2574,reference,217.0,21.0,138.0,155.0,8.0,14.0,24.0,NaN,NaN
national_anchored,2575,calibration,139.0,39.0,177.0,176.0,9.0,14.0,23.0,55.037421063409795,NaN
national_anchored,2576,reference,192.0,40.0,129.0,163.0,10.0,11.0,32.0,NaN,NaN
national_anchored,2577,calibration,207.0,31.0,134.0,158.0,8.0,13.0,26.0,12.93075767489832,NaN
national_anchored,2578,reference,198.0,32.0,123.0,175.0,10.0,12.0,27.0,NaN,NaN
national_anchored,2579,calibration,226.0,42.0,80.0,178.0,9.0,12.0,30.0,39.7503305855286,NaN
national_anchored,2580,reference,208.0,25.0,158.0,146.0,11.0,13.0,16.0,NaN,NaN
national_anchored,2581,calibration,206.0,36.0,140.0,149.0,8.0,12.0,26.0,15.624144720831605,NaN
national_anchored,2582,reference,204.0,23.0,169.0,138.0,10.0,13.0,20.0,NaN,NaN
national_anchored,2583,calibration,220.0,22.0,137.0,155.0,11.0,14.0,18.0,19.512032855944835,NaN
national_anchored,2584,reference,206.0,34.0,133.0,159.0,10.0,13.0,22.0,NaN,NaN
national_anchored,2585,calibration,227.0,43.0,79.0,178.0,10.0,12.0,28.0,40.79042336231562,NaN
national_anchored,2586,reference,232.0,21.0,164.0,123.0,9.0,12.0,16.0,NaN,NaN
national_anchored,2587,calibration,202.0,36.0,113.0,178.0,11.0,13.0,24.0,16.813021935542647,NaN
national_anchored,2588,reference,175.0,37.0,136.0,176.0,10.0,13.0,30.0,NaN,NaN
national_anchored,2589,calibration,235.0,25.0,124.0,149.0,7.0,13.0,24.0,27.313651092643877,NaN
national_anchored,2590,reference,176.0,38.0,126.0,185.0,10.0,12.0,30.0,NaN,NaN
national_anchored,2591,calibration,151.0,26.0,181.0,177.0,12.0,14.0,16.0,50.1001519140154,NaN
national_anchored,2592,reference,151.0,45.0,146.0,180.0,10.0,13.0,32.0,NaN,NaN
national_anchored,2593,calibration,218.0,33.0,126.0,157.0,9.0,11.0,23.0,15.70329332527827,NaN
national_anchored,2594,reference,210.0,38.0,97.0,182.0,9.0,12.0,29.0,NaN,NaN
national_anchored,2595,calibration,152.0,28.0,185.0,164.0,7.0,14.0,27.0,49.384183398123014,NaN
national_anchored,2596,reference,207.0,26.0,169.0,130.0,11.0,13.0,21.0,NaN,NaN
national_anchored,2597,calibration,186.0,38.0,121.0,183.0,9.0,13.0,27.0,19.88196743877302,NaN
national_anchored,2598,reference,189.0,17.0,171.0,159.0,10.0,12.0,19.0,NaN,NaN
national_anchored,2599,calibration,144.0,25.0,198.0,162.0,8.0,14.0,26.0,62.616765965315125,NaN
national_anchored,2600,reference,184.0,39.0,143.0,170.0,7.0,11.0,23.0,NaN,NaN
national_anchored,2601,calibration,160.0,39.0,177.0,156.0,11.0,12.0,22.0,40.46393848333051,NaN
national_anchored,2602,reference,210.0,37.0,95.0,184.0,8.0,13.0,30.0,NaN,NaN
national_anchored,2603,calibration,167.0,39.0,158.0,165.0,9.0,14.0,25.0,27.67667584116717,NaN
national_anchored,2604,reference,207.0,26.0,141.0,158.0,9.0,14.0,22.0,NaN,NaN
national_anchored,2605,calibration,201.0,38.0,123.0,171.0,9.0,11.0,24.0,12.946519821735134,NaN
national_anchored,2606,reference,197.0,30.0,160.0,146.0,9.0,11.0,24.0,NaN,NaN
national_anchored,2607,calibration,185.0,40.0,141.0,163.0,11.0,13.0,24.0,15.703706434945023,NaN
national_anchored,2608,reference,200.0,35.0,147.0,148.0,11.0,14.0,22.0,NaN,NaN
national_anchored,2609,calibration,202.0,41.0,122.0,160.0,10.0,13.0,29.0,13.704464719663402,NaN
national_anchored,2610,reference,218.0,35.0,129.0,153.0,11.0,11.0,20.0,NaN,NaN
national_anchored,2611,calibration,206.0,39.0,95.0,192.0,9.0,13.0,23.0,31.068559602696826,NaN
national_anchored,2612,reference,166.0,24.0,195.0,149.0,7.0,13.0,23.0,NaN,NaN
national_anchored,2613,calibration,193.0,34.0,146.0,155.0,10.0,13.0,26.0,15.186621460924517,NaN
national_anchored,2614,reference,216.0,38.0,84.0,186.0,8.0,13.0,32.0,NaN,NaN
national_anchored,2615,calibration,172.0,36.0,143.0,177.0,9.0,13.0,27.0,23.123870115044216,NaN
national_anchored,2616,reference,161.0,30.0,187.0,155.0,8.0,13.0,23.0,NaN,NaN
national_anchored,2617,calibration,144.0,39.0,181.0,166.0,10.0,13.0,24.0,52.265067485707135,NaN
national_anchored,2618,reference,145.0,26.0,193.0,159.0,10.0,14.0,30.0,NaN,NaN
national_anchored,2619,calibration,178.0,26.0,179.0,146.0,10.0,13.0,25.0,35.76396445480496,NaN
national_anchored,2620,reference,153.0,45.0,151.0,178.0,10.0,12.0,28.0,NaN,NaN
national_anchored,2621,calibration,166.0,47.0,128.0,184.0,10.0,13.0,29.0,30.17363166181541,NaN
national_anchored,2622,reference,215.0,30.0,163.0,132.0,9.0,11.0,17.0,NaN,NaN
national_anchored,2623,calibration,199.0,35.0,144.0,156.0,10.0,13.0,20.0,14.25835572467339,NaN
national_anchored,2624,reference,177.0,44.0,117.0,189.0,10.0,14.0,26.0,NaN,NaN
national_anchored,2625,calibration,191.0,36.0,113.0,180.0,11.0,13.0,33.0,20.181951104117932,NaN
national_anchored,2626,reference,159.0,40.0,155.0,176.0,9.0,12.0,26.0,NaN,NaN
national_anchored,2627,calibration,225.0,37.0,105.0,160.0,9.0,13.0,28.0,23.223304892256255,NaN
national_anchored,2628,reference,190.0,27.0,155.0,160.0,9.0,14.0,22.0,NaN,NaN
national_anchored,2629,calibration,212.0,35.0,126.0,152.0,8.0,13.0,31.0,15.831668732720392,NaN
national_anchored,2630,reference,213.0,26.0,105.0,184.0,11.0,12.0,26.0,NaN,NaN
national_anchored,2631,calibration,186.0,40.0,114.0,184.0,10.0,14.0,29.0,22.415487267002685,NaN
national_anchored,2632,reference,212.0,44.0,89.0,181.0,11.0,13.0,27.0,NaN,NaN
national_anchored,2633,calibration,244.0,33.0,87.0,166.0,10.0,12.0,25.0,42.43699868712875,NaN
national_anchored,2634,reference,230.0,41.0,77.0,183.0,9.0,10.0,27.0,NaN,NaN
national_anchored,2635,calibration,154.0,37.0,191.0,151.0,9.0,12.0,23.0,52.54941420767517,NaN
national_anchored,2636,reference,216.0,16.0,121.0,173.0,10.0,12.0,29.0,NaN,NaN
national_anchored,2637,calibration,171.0,37.0,157.0,164.0,9.0,13.0,26.0,25.075553369612752,NaN
national_anchored,2638,reference,190.0,33.0,134.0,167.0,10.0,14.0,29.0,NaN,NaN
national_anchored,2639,calibration,167.0,37.0,154.0,167.0,9.0,14.0,29.0,26.585696092931503,NaN
national_anchored,2640,reference,217.0,21.0,133.0,154.0,11.0,13.0,28.0,NaN,NaN
national_anchored,2641,calibration,214.0,24.0,168.0,127.0,12.0,11.0,21.0,37.04403738650937,NaN
national_anchored,2642,reference,202.0,34.0,128.0,170.0,10.0,14.0,19.0,NaN,NaN
national_anchored,2643,calibration,166.0,28.0,188.0,148.0,8.0,13.0,26.0,45.26684164725516,NaN
national_anchored,2644,reference,213.0,38.0,117.0,162.0,10.0,12.0,25.0,NaN,NaN
national_anchored,2645,calibration,188.0,40.0,126.0,170.0,10.0,13.0,30.0,15.3390223965697,NaN
national_anchored,2646,reference,229.0,41.0,93.0,175.0,12.0,12.0,15.0,NaN,NaN
national_anchored,2647,calibration,224.0,32.0,101.0,171.0,11.0,12.0,26.0,24.49364023415338,NaN
national_anchored,2648,reference,162.0,19.0,190.0,163.0,9.0,14.0,20.0,NaN,NaN
national_anchored,2649,calibration,212.0,32.0,110.0,168.0,10.0,14.0,31.0,17.493652986284726,NaN
national_anchored,2650,reference,242.0,47.0,59.0,171.0,11.0,14.0,33.0,NaN,NaN
national_anchored,2651,calibration,202.0,39.0,126.0,162.0,11.0,14.0,23.0,12.351037069883208,NaN
national_anchored,2652,reference,216.0,38.0,126.0,151.0,11.0,11.0,24.0,NaN,NaN
national_anchored,2653,calibration,182.0,40.0,130.0,178.0,12.0,13.0,22.0,18.673698863996027,NaN
national_anchored,2654,reference,218.0,24.0,169.0,124.0,9.0,12.0,21.0,NaN,NaN
national_anchored,2655,calibration,186.0,39.0,137.0,165.0,10.0,13.0,27.0,14.884441110390714,NaN
national_anchored,2656,reference,205.0,27.0,138.0,162.0,8.0,12.0,25.0,NaN,NaN
national_anchored,2657,calibration,211.0,18.0,138.0,169.0,10.0,11.0,20.0,17.91749721632789,NaN
national_anchored,2658,reference,228.0,40.0,79.0,182.0,10.0,11.0,27.0,NaN,NaN
national_anchored,2659,calibration,238.0,43.0,64.0,185.0,7.0,11.0,29.0,58.625223793390546,NaN
national_anchored,2660,reference,200.0,31.0,178.0,130.0,9.0,12.0,17.0,NaN,NaN
national_anchored,2661,calibration,209.0,28.0,140.0,155.0,10.0,12.0,23.0,14.717510798423813,NaN
national_anchored,2662,reference,228.0,38.0,117.0,148.0,7.0,12.0,27.0,NaN,NaN
national_anchored,2663,calibration,226.0,39.0,95.0,170.0,10.0,13.0,24.0,28.108968375304958,NaN
national_anchored,2664,reference,214.0,39.0,110.0,167.0,10.0,13.0,24.0,NaN,NaN
national_anchored,2665,calibration,206.0,42.0,115.0,175.0,7.0,12.0,20.0,16.385319608456737,NaN
national_anchored,2666,reference,212.0,39.0,115.0,167.0,10.0,12.0,22.0,NaN,NaN
national_anchored,2667,calibration,211.0,37.0,123.0,164.0,9.0,13.0,20.0,13.519558144450901,NaN
national_anchored,2668,reference,161.0,21.0,191.0,157.0,9.0,14.0,24.0,NaN,NaN
national_anchored,2669,calibration,207.0,28.0,174.0,122.0,7.0,13.0,26.0,41.11034233916567,NaN
national_anchored,2670,reference,200.0,28.0,152.0,151.0,10.0,13.0,23.0,NaN,NaN
national_anchored,2671,calibration,168.0,38.0,133.0,188.0,11.0,13.0,26.0,28.879315835358963,NaN
national_anchored,2672,reference,168.0,36.0,172.0,160.0,8.0,14.0,19.0,NaN,NaN
national_anchored,2673,calibration,142.0,39.0,193.0,163.0,9.0,13.0,18.0,60.68348936989132,NaN
national_anchored,2674,reference,227.0,21.0,118.0,170.0,11.0,12.0,18.0,NaN,NaN
national_anchored,2675,calibration,239.0,23.0,155.0,119.0,6.0,13.0,22.0,46.909052201570915,NaN
national_anchored,2676,reference,229.0,37.0,102.0,160.0,11.0,12.0,26.0,NaN,NaN
national_anchored,2677,calibration,199.0,38.0,121.0,168.0,9.0,14.0,28.0,13.215136851969564,NaN
national_anchored,2678,reference,215.0,24.0,148.0,149.0,11.0,11.0,19.0,NaN,NaN
national_anchored,2679,calibration,189.0,36.0,145.0,165.0,9.0,13.0,20.0,15.195602394476307,NaN
national_anchored,2680,reference,215.0,39.0,94.0,179.0,11.0,12.0,27.0,NaN,NaN
national_anchored,2681,calibration,219.0,41.0,102.0,163.0,9.0,13.0,30.0,22.5835793102919,NaN
national_anchored,2682,reference,221.0,45.0,82.0,180.0,12.0,12.0,25.0,NaN,NaN
national_anchored,2683,calibration,228.0,17.0,145.0,141.0,9.0,13.0,24.0,29.29652547822467,NaN
national_anchored,2684,reference,230.0,42.0,74.0,176.0,10.0,14.0,31.0,NaN,NaN
national_anchored,2685,calibration,185.0,36.0,145.0,164.0,9.0,13.0,25.0,15.955517146195174,NaN
national_anchored,2686,reference,210.0,39.0,98.0,177.0,9.0,13.0,31.0,NaN,NaN
national_anchored,2687,calibration,179.0,17.0,205.0,135.0,8.0,14.0,19.0,58.673866123171365,NaN
national_anchored,2688,reference,185.0,40.0,130.0,178.0,10.0,12.0,22.0,NaN,NaN
national_anchored,2689,calibration,220.0,24.0,129.0,157.0,11.0,13.0,23.0,17.796851462000216,NaN
national_anchored,2690,reference,153.0,38.0,165.0,175.0,10.0,14.0,22.0,NaN,NaN
national_anchored,2691,calibration,220.0,45.0,81.0,183.0,10.0,12.0,26.0,38.76202625150185,NaN
national_anchored,2692,reference,174.0,43.0,141.0,170.0,10.0,13.0,26.0,NaN,NaN
national_anchored,2693,calibration,198.0,38.0,124.0,174.0,9.0,12.0,22.0,13.707326993550407,NaN
national_anchored,2694,reference,221.0,23.0,147.0,141.0,9.0,13.0,23.0,NaN,NaN
national_anchored,2695,calibration,231.0,22.0,120.0,158.0,9.0,13.0,24.0,24.286969822593274,NaN
national_anchored,2696,reference,215.0,46.0,82.0,183.0,12.0,13.0,26.0,NaN,NaN
national_anchored,2697,calibration,216.0,43.0,85.0,180.0,10.0,12.0,31.0,34.234085915932226,NaN
national_anchored,2698,reference,189.0,21.0,166.0,161.0,8.0,12.0,20.0,NaN,NaN
national_anchored,2699,calibration,198.0,38.0,133.0,166.0,9.0,14.0,19.0,12.572553220085222,NaN
national_anchored,2700,reference,239.0,36.0,112.0,143.0,12.0,12.0,23.0,NaN,NaN
national_anchored,2701,calibration,208.0,26.0,135.0,166.0,9.0,12.0,21.0,13.86457785485501,NaN
national_anchored,2702,reference,211.0,32.0,120.0,166.0,6.0,14.0,28.0,NaN,NaN
national_anchored,2703,calibration,188.0,25.0,181.0,134.0,9.0,14.0,26.0,39.146771985901566,NaN
national_anchored,2704,reference,225.0,37.0,99.0,169.0,11.0,14.0,22.0,NaN,NaN
national_anchored,2705,calibration,220.0,28.0,114.0,168.0,10.0,13.0,24.0,18.502072106654058,NaN
national_anchored,2706,reference,219.0,30.0,150.0,131.0,10.0,13.0,24.0,NaN,NaN
national_anchored,2707,calibration,225.0,23.0,109.0,172.0,12.0,13.0,23.0,23.92012444020079,NaN
national_anchored,2708,reference,210.0,39.0,116.0,167.0,9.0,14.0,22.0,NaN,NaN
national_anchored,2709,calibration,202.0,43.0,103.0,177.0,9.0,14.0,29.0,21.439496846335356,NaN
national_anchored,2710,reference,224.0,25.0,161.0,122.0,9.0,13.0,23.0,NaN,NaN
national_anchored,2711,calibration,203.0,41.0,103.0,179.0,10.0,13.0,28.0,21.48779541703225,NaN
national_anchored,2712,reference,196.0,40.0,127.0,170.0,7.0,10.0,27.0,NaN,NaN
national_anchored,2713,calibration,166.0,40.0,146.0,175.0,10.0,13.0,27.0,26.61183634352386,NaN
national_anchored,2714,reference,220.0,39.0,87.0,179.0,9.0,13.0,30.0,NaN,NaN
national_anchored,2715,calibration,207.0,33.0,138.0,154.0,9.0,12.0,24.0,13.847702892737228,NaN
national_anchored,2716,reference,207.0,26.0,141.0,164.0,8.0,12.0,19.0,NaN,NaN
national_anchored,2717,calibration,232.0,43.0,72.0,181.0,11.0,11.0,27.0,48.68930746015704,NaN
national_anchored,2718,reference,155.0,37.0,158.0,177.0,10.0,14.0,26.0,NaN,NaN
national_anchored,2719,calibration,222.0,42.0,87.0,179.0,10.0,13.0,24.0,33.44792386678638,NaN
national_anchored,2720,reference,231.0,38.0,90.0,168.0,9.0,12.0,29.0,NaN,NaN
national_anchored,2721,calibration,187.0,36.0,155.0,150.0,10.0,13.0,26.0,20.250424899772536,NaN
national_anchored,2722,reference,221.0,25.0,134.0,148.0,8.0,13.0,28.0,NaN,NaN
national_anchored,2723,calibration,194.0,38.0,136.0,162.0,10.0,12.0,25.0,12.73377017396341,NaN
national_anchored,2724,reference,195.0,46.0,92.0,198.0,8.0,12.0,26.0,NaN,NaN
national_anchored,2725,calibration,139.0,17.0,221.0,155.0,10.0,14.0,21.0,83.37442719002422,NaN
national_anchored,2726,reference,157.0,17.0,207.0,150.0,8.0,12.0,26.0,NaN,NaN
national_anchored,2727,calibration,196.0,43.0,105.0,184.0,11.0,12.0,26.0,23.430350330942186,NaN
national_anchored,2728,reference,211.0,38.0,104.0,182.0,11.0,12.0,19.0,NaN,NaN
national_anchored,2729,calibration,215.0,39.0,83.0,187.0,9.0,14.0,30.0,37.35578392679096,NaN
national_anchored,2730,reference,175.0,38.0,156.0,166.0,9.0,13.0,20.0,NaN,NaN
national_anchored,2731,calibration,214.0,32.0,175.0,109.0,9.0,13.0,25.0,50.96684717446655,NaN
national_anchored,2732,reference,213.0,39.0,117.0,158.0,11.0,12.0,27.0,NaN,NaN
national_anchored,2733,calibration,137.0,37.0,180.0,175.0,10.0,14.0,24.0,57.61326685342679,NaN
national_anchored,2734,reference,199.0,35.0,141.0,157.0,9.0,13.0,23.0,NaN,NaN
national_anchored,2735,calibration,155.0,25.0,213.0,141.0,10.0,13.0,20.0,70.04055009556056,NaN
national_anchored,2736,reference,228.0,34.0,89.0,180.0,10.0,13.0,23.0,NaN,NaN
national_anchored,2737,calibration,236.0,45.0,78.0,168.0,10.0,12.0,28.0,44.60356194417281,NaN
national_anchored,2738,reference,213.0,39.0,133.0,148.0,9.0,8.0,27.0,NaN,NaN
national_anchored,2739,calibration,195.0,26.0,153.0,160.0,8.0,13.0,22.0,17.252989657283752,NaN
national_anchored,2740,reference,209.0,37.0,107.0,175.0,10.0,14.0,25.0,NaN,NaN
national_anchored,2741,calibration,173.0,25.0,188.0,145.0,10.0,12.0,24.0,43.49840248478097,NaN
national_anchored,2742,reference,196.0,39.0,120.0,171.0,9.0,14.0,28.0,NaN,NaN
national_anchored,2743,calibration,219.0,30.0,144.0,135.0,8.0,14.0,27.0,25.707939452623993,NaN
national_anchored,2744,reference,198.0,26.0,137.0,168.0,10.0,13.0,25.0,NaN,NaN
national_anchored,2745,calibration,223.0,27.0,100.0,182.0,8.0,11.0,26.0,28.164682974893513,NaN
national_anchored,2746,reference,177.0,35.0,169.0,144.0,10.0,14.0,28.0,NaN,NaN
national_anchored,2747,calibration,144.0,31.0,212.0,147.0,10.0,13.0,20.0,73.34203806792306,NaN
national_anchored,2748,reference,237.0,20.0,120.0,158.0,7.0,12.0,23.0,NaN,NaN
national_anchored,2749,calibration,210.0,26.0,171.0,129.0,8.0,12.0,21.0,36.273045392895085,NaN
national_anchored,2750,reference,196.0,34.0,166.0,136.0,10.0,13.0,22.0,NaN,NaN
national_anchored,2751,calibration,209.0,40.0,112.0,170.0,10.0,13.0,23.0,15.847257051271708,NaN
national_anchored,2752,reference,219.0,32.0,110.0,168.0,9.0,14.0,25.0,NaN,NaN
national_anchored,2753,calibration,196.0,39.0,136.0,159.0,11.0,12.0,24.0,12.901249164250327,NaN
national_anchored,2754,reference,201.0,46.0,90.0,189.0,11.0,14.0,26.0,NaN,NaN
national_anchored,2755,calibration,210.0,36.0,132.0,158.0,10.0,13.0,18.0,13.714429649009599,NaN
national_anchored,2756,reference,202.0,31.0,126.0,169.0,10.0,11.0,28.0,NaN,NaN
national_anchored,2757,calibration,192.0,20.0,209.0,112.0,10.0,14.0,20.0,69.41394607260139,NaN
national_anchored,2758,reference,176.0,34.0,164.0,163.0,10.0,12.0,18.0,NaN,NaN
national_anchored,2759,calibration,225.0,41.0,87.0,175.0,11.0,12.0,26.0,33.48630653644979,NaN
national_anchored,2760,reference,208.0,23.0,167.0,139.0,10.0,13.0,17.0,NaN,NaN
national_anchored,2761,calibration,177.0,25.0,142.0,184.0,10.0,12.0,27.0,24.349011185374874,NaN
national_anchored,2762,reference,186.0,31.0,168.0,149.0,8.0,12.0,23.0,NaN,NaN
national_anchored,2763,calibration,230.0,43.0,76.0,175.0,10.0,12.0,31.0,43.9562656373984,NaN
national_anchored,2764,reference,215.0,42.0,96.0,174.0,9.0,13.0,28.0,NaN,NaN
national_anchored,2765,calibration,241.0,19.0,101.0,170.0,10.0,13.0,23.0,36.43936368983957,NaN
national_anchored,2766,reference,222.0,42.0,93.0,170.0,9.0,11.0,30.0,NaN,NaN
national_anchored,2767,calibration,215.0,20.0,141.0,152.0,10.0,11.0,28.0,19.272847619569266,NaN
national_anchored,2768,reference,262.0,40.0,66.0,166.0,11.0,10.0,22.0,NaN,NaN
national_anchored,2769,calibration,155.0,19.0,210.0,152.0,10.0,13.0,18.0,66.88143706204569,NaN
national_anchored,2770,reference,216.0,39.0,119.0,155.0,10.0,12.0,26.0,NaN,NaN
national_anchored,2771,calibration,230.0,46.0,73.0,178.0,8.0,11.0,31.0,47.26411742278809,NaN
national_anchored,2772,reference,230.0,25.0,167.0,109.0,8.0,12.0,26.0,NaN,NaN
national_anchored,2773,calibration,174.0,45.0,134.0,170.0,10.0,13.0,31.0,21.795689551402884,NaN
national_anchored,2774,reference,187.0,24.0,200.0,121.0,8.0,14.0,23.0,NaN,NaN
national_anchored,2775,calibration,216.0,43.0,96.0,170.0,12.0,12.0,28.0,25.055919643727993,NaN
national_anchored,2776,reference,199.0,44.0,114.0,172.0,10.0,12.0,26.0,NaN,NaN
national_anchored,2777,calibration,178.0,23.0,181.0,152.0,10.0,13.0,20.0,36.398313981618585,NaN
national_anchored,2778,reference,223.0,37.0,98.0,167.0,9.0,13.0,30.0,NaN,NaN
national_anchored,2779,calibration,190.0,42.0,121.0,181.0,10.0,12.0,21.0,18.466660980553844,NaN
national_anchored,2780,reference,196.0,37.0,138.0,163.0,10.0,12.0,21.0,NaN,NaN
national_anchored,2781,calibration,197.0,21.0,172.0,136.0,9.0,13.0,29.0,33.351206110869654,NaN
national_anchored,2782,reference,194.0,39.0,124.0,173.0,10.0,12.0,25.0,NaN,NaN
national_anchored,2783,calibration,239.0,38.0,85.0,166.0,10.0,11.0,28.0,40.70052320903176,NaN
national_anchored,2784,reference,159.0,24.0,189.0,163.0,9.0,12.0,21.0,NaN,NaN
national_anchored,2785,calibration,191.0,42.0,128.0,168.0,10.0,12.0,26.0,14.026242357845394,NaN
national_anchored,2786,reference,202.0,21.0,148.0,165.0,10.0,13.0,18.0,NaN,NaN
national_anchored,2787,calibration,159.0,42.0,154.0,175.0,10.0,13.0,24.0,32.788860901111306,NaN
national_anchored,2788,reference,228.0,43.0,80.0,174.0,12.0,12.0,28.0,NaN,NaN
national_anchored,2789,calibration,234.0,39.0,108.0,153.0,6.0,14.0,23.0,28.309141598063082,NaN
national_anchored,2790,reference,156.0,39.0,172.0,164.0,11.0,13.0,22.0,NaN,NaN
national_anchored,2791,calibration,219.0,32.0,105.0,171.0,11.0,14.0,25.0,20.888178854911597,NaN
national_anchored,2792,reference,207.0,34.0,135.0,151.0,9.0,14.0,27.0,NaN,NaN
national_anchored,2793,calibration,183.0,32.0,166.0,154.0,10.0,11.0,21.0,25.07581714222626,NaN
national_anchored,2794,reference,153.0,33.0,207.0,137.0,9.0,13.0,25.0,NaN,NaN
national_anchored,2795,calibration,221.0,42.0,96.0,167.0,9.0,13.0,29.0,26.157344657108712,NaN
national_anchored,2796,reference,199.0,25.0,168.0,138.0,11.0,12.0,24.0,NaN,NaN
national_anchored,2797,calibration,192.0,41.0,104.0,188.0,9.0,15.0,28.0,26.356589180983303,NaN
national_anchored,2798,reference,245.0,32.0,77.0,177.0,10.0,11.0,25.0,NaN,NaN
national_anchored,2799,calibration,210.0,39.0,125.0,162.0,9.0,14.0,18.0,13.7617658739203,NaN
national_anchored,2800,reference,220.0,45.0,98.0,171.0,8.0,10.0,25.0,NaN,NaN
national_anchored,2801,calibration,144.0,30.0,183.0,167.0,10.0,14.0,29.0,53.44720526082233,NaN
national_anchored,2802,reference,198.0,29.0,161.0,151.0,8.0,12.0,18.0,NaN,NaN
national_anchored,2803,calibration,215.0,24.0,177.0,120.0,10.0,12.0,19.0,45.75541434698819,NaN
national_anchored,2804,reference,238.0,46.0,69.0,178.0,11.0,10.0,25.0,NaN,NaN
national_anchored,2805,calibration,231.0,26.0,131.0,145.0,8.0,13.0,23.0,25.739330255221798,NaN
national_anchored,2806,reference,188.0,27.0,170.0,151.0,9.0,10.0,22.0,NaN,NaN
national_anchored,2807,calibration,207.0,22.0,158.0,151.0,8.0,13.0,18.0,22.287895049061884,NaN
national_anchored,2808,reference,211.0,27.0,136.0,154.0,11.0,12.0,26.0,NaN,NaN
national_anchored,2809,calibration,183.0,23.0,145.0,177.0,10.0,13.0,26.0,20.535328445658923,NaN
national_anchored,2810,reference,217.0,39.0,114.0,162.0,9.0,13.0,23.0,NaN,NaN
national_anchored,2811,calibration,196.0,23.0,126.0,182.0,10.0,14.0,26.0,18.49500936936398,NaN
national_anchored,2812,reference,195.0,47.0,115.0,170.0,8.0,13.0,29.0,NaN,NaN
national_anchored,2813,calibration,219.0,40.0,87.0,181.0,11.0,14.0,25.0,33.02137983954022,NaN
national_anchored,2814,reference,234.0,35.0,133.0,132.0,8.0,13.0,22.0,NaN,NaN
national_anchored,2815,calibration,164.0,33.0,143.0,186.0,10.0,14.0,27.0,30.75078947778997,NaN
national_anchored,2816,reference,199.0,37.0,127.0,168.0,10.0,12.0,24.0,NaN,NaN
national_anchored,2817,calibration,194.0,42.0,125.0,168.0,10.0,12.0,26.0,13.666298303035827,NaN
national_anchored,2818,reference,189.0,24.0,147.0,170.0,10.0,14.0,23.0,NaN,NaN
national_anchored,2819,calibration,163.0,18.0,214.0,141.0,10.0,12.0,19.0,68.5806609137749,NaN
national_anchored,2820,reference,212.0,45.0,83.0,190.0,9.0,11.0,27.0,NaN,NaN
national_anchored,2821,calibration,214.0,40.0,118.0,157.0,10.0,13.0,25.0,15.891024356735354,NaN
national_anchored,2822,reference,208.0,47.0,79.0,194.0,10.0,11.0,28.0,NaN,NaN
national_anchored,2823,calibration,229.0,26.0,125.0,152.0,10.0,13.0,22.0,22.771119695135422,NaN
national_anchored,2824,reference,203.0,41.0,109.0,176.0,10.0,14.0,24.0,NaN,NaN
national_anchored,2825,calibration,175.0,38.0,167.0,151.0,12.0,13.0,21.0,29.053483314467524,NaN
national_anchored,2826,reference,216.0,28.0,141.0,149.0,9.0,13.0,21.0,NaN,NaN
national_anchored,2827,calibration,160.0,27.0,201.0,144.0,8.0,13.0,24.0,57.837513838352095,NaN
national_anchored,2828,reference,220.0,28.0,123.0,160.0,9.0,13.0,24.0,NaN,NaN
national_anchored,2829,calibration,199.0,40.0,106.0,181.0,12.0,14.0,25.0,21.018220545874772,NaN
national_anchored,2830,reference,212.0,23.0,143.0,156.0,6.0,13.0,24.0,NaN,NaN
national_anchored,2831,calibration,223.0,45.0,70.0,185.0,11.0,14.0,29.0,48.83610649443112,NaN
national_anchored,2832,reference,211.0,22.0,143.0,160.0,7.0,10.0,24.0,NaN,NaN
national_anchored,2833,calibration,246.0,38.0,102.0,141.0,11.0,14.0,25.0,41.598402769494626,NaN
national_anchored,2834,reference,232.0,38.0,95.0,163.0,11.0,12.0,26.0,NaN,NaN
national_anchored,2835,calibration,214.0,28.0,132.0,159.0,9.0,13.0,22.0,14.60377747566454,NaN
national_anchored,2836,reference,163.0,46.0,130.0,189.0,8.0,12.0,29.0,NaN,NaN
national_anchored,2837,calibration,237.0,25.0,133.0,136.0,9.0,12.0,25.0,33.0262276945184,NaN
national_anchored,2838,reference,237.0,36.0,95.0,162.0,9.0,11.0,27.0,NaN,NaN
national_anchored,2839,calibration,228.0,47.0,69.0,181.0,12.0,14.0,26.0,50.26874493941874,NaN
national_anchored,2840,reference,161.0,40.0,167.0,166.0,10.0,13.0,20.0,NaN,NaN
national_anchored,2841,calibration,229.0,39.0,92.0,173.0,10.0,12.0,22.0,31.582676644171595,NaN
national_anchored,2842,reference,178.0,38.0,157.0,157.0,12.0,12.0,23.0,NaN,NaN
national_anchored,2843,calibration,167.0,40.0,128.0,190.0,9.0,14.0,29.0,30.96669057236929,NaN
national_anchored,2844,reference,190.0,38.0,137.0,169.0,9.0,13.0,21.0,NaN,NaN
national_anchored,2845,calibration,228.0,45.0,69.0,184.0,11.0,13.0,27.0,50.657937891966824,NaN
national_anchored,2846,reference,197.0,38.0,135.0,160.0,10.0,13.0,24.0,NaN,NaN
national_anchored,2847,calibration,153.0,29.0,205.0,152.0,7.0,14.0,17.0,63.070190318111386,NaN
national_anchored,2848,reference,154.0,45.0,147.0,180.0,6.0,12.0,33.0,NaN,NaN
national_anchored,2849,calibration,211.0,37.0,129.0,154.0,8.0,13.0,25.0,14.246809112448457,NaN
national_anchored,2850,reference,212.0,34.0,128.0,154.0,11.0,12.0,26.0,NaN,NaN
national_anchored,2851,calibration,191.0,31.0,143.0,169.0,8.0,13.0,22.0,14.705500234714652,NaN
national_anchored,2852,reference,202.0,41.0,128.0,165.0,8.0,13.0,20.0,NaN,NaN
national_anchored,2853,calibration,235.0,30.0,112.0,156.0,10.0,13.0,21.0,27.108631270179846,NaN
national_anchored,2854,reference,144.0,32.0,195.0,162.0,9.0,12.0,23.0,NaN,NaN
national_anchored,2855,calibration,189.0,38.0,126.0,178.0,8.0,13.0,25.0,16.275982383670605,NaN
national_anchored,2856,reference,223.0,40.0,95.0,171.0,10.0,12.0,26.0,NaN,NaN
national_anchored,2857,calibration,207.0,42.0,98.0,176.0,10.0,14.0,30.0,23.67939617426246,NaN
national_anchored,2858,reference,197.0,26.0,140.0,167.0,10.0,13.0,24.0,NaN,NaN
national_anchored,2859,calibration,200.0,29.0,145.0,157.0,9.0,13.0,24.0,14.358070809747364,NaN
national_anchored,2860,reference,201.0,29.0,189.0,113.0,11.0,14.0,20.0,NaN,NaN
national_anchored,2861,calibration,215.0,37.0,113.0,164.0,8.0,12.0,28.0,16.46682385733686,NaN
national_anchored,2862,reference,227.0,34.0,135.0,140.0,10.0,12.0,19.0,NaN,NaN
national_anchored,2863,calibration,210.0,37.0,136.0,154.0,8.0,13.0,19.0,14.696728319295989,NaN
national_anchored,2864,reference,187.0,44.0,116.0,178.0,10.0,12.0,30.0,NaN,NaN
national_anchored,2865,calibration,196.0,24.0,200.0,116.0,9.0,13.0,19.0,60.241445956771145,NaN
national_anchored,2866,reference,221.0,39.0,105.0,171.0,8.0,13.0,20.0,NaN,NaN
national_anchored,2867,calibration,194.0,31.0,137.0,169.0,11.0,14.0,21.0,13.391009640152529,NaN
national_anchored,2868,reference,212.0,45.0,94.0,179.0,9.0,12.0,26.0,NaN,NaN
national_anchored,2869,calibration,236.0,25.0,151.0,127.0,11.0,11.0,16.0,39.95179567972579,NaN
national_anchored,2870,reference,232.0,24.0,118.0,160.0,10.0,14.0,19.0,NaN,NaN
national_anchored,2871,calibration,168.0,20.0,194.0,144.0,9.0,14.0,28.0,50.60392956103975,NaN
national_anchored,2872,reference,205.0,39.0,137.0,145.0,11.0,13.0,27.0,NaN,NaN
national_anchored,2873,calibration,233.0,42.0,71.0,183.0,9.0,12.0,27.0,50.227673636037736,NaN
national_anchored,2874,reference,230.0,37.0,86.0,175.0,10.0,11.0,28.0,NaN,NaN
national_anchored,2875,calibration,179.0,44.0,128.0,177.0,10.0,13.0,26.0,20.308565919670652,NaN
national_anchored,2876,reference,219.0,42.0,90.0,177.0,10.0,13.0,26.0,NaN,NaN
national_anchored,2877,calibration,151.0,38.0,175.0,163.0,10.0,12.0,28.0,44.4703070632394,NaN
national_anchored,2878,reference,157.0,25.0,220.0,127.0,12.0,13.0,23.0,NaN,NaN
national_anchored,2879,calibration,161.0,35.0,175.0,155.0,9.0,14.0,28.0,38.76640798364599,NaN
national_anchored,2880,reference,166.0,33.0,205.0,133.0,7.0,14.0,19.0,NaN,NaN
national_anchored,2881,calibration,206.0,38.0,120.0,168.0,10.0,12.0,23.0,13.146651920272536,NaN
national_anchored,2882,reference,142.0,42.0,168.0,176.0,10.0,13.0,26.0,NaN,NaN
national_anchored,2883,calibration,217.0,41.0,111.0,164.0,11.0,11.0,22.0,17.989747974676266,NaN
national_anchored,2884,reference,212.0,44.0,88.0,181.0,10.0,12.0,30.0,NaN,NaN
national_anchored,2885,calibration,180.0,38.0,152.0,158.0,7.0,12.0,30.0,20.45596543825089,NaN
national_anchored,2886,reference,174.0,22.0,230.0,114.0,8.0,11.0,18.0,NaN,NaN
national_anchored,2887,calibration,184.0,38.0,134.0,174.0,10.0,13.0,24.0,16.377161859889913,NaN
national_anchored,2888,reference,229.0,19.0,151.0,137.0,7.0,11.0,23.0,NaN,NaN
national_anchored,2889,calibration,219.0,19.0,146.0,154.0,10.0,11.0,18.0,21.836965037020594,NaN
national_anchored,2890,reference,196.0,24.0,159.0,150.0,8.0,11.0,29.0,NaN,NaN
national_anchored,2891,calibration,210.0,31.0,139.0,158.0,9.0,13.0,17.0,14.681937559688759,NaN
national_anchored,2892,reference,239.0,29.0,125.0,135.0,11.0,13.0,25.0,NaN,NaN
national_anchored,2893,calibration,202.0,21.0,126.0,179.0,9.0,10.0,30.0,18.141276442124013,NaN
national_anchored,2894,reference,212.0,38.0,116.0,168.0,11.0,12.0,20.0,NaN,NaN
national_anchored,2895,calibration,237.0,37.0,114.0,145.0,11.0,11.0,22.0,30.66161006194965,NaN
national_anchored,2896,reference,175.0,42.0,125.0,190.0,9.0,12.0,24.0,NaN,NaN
national_anchored,2897,calibration,231.0,46.0,58.0,192.0,10.0,13.0,27.0,63.19936639695176,NaN
national_anchored,2898,reference,185.0,26.0,159.0,161.0,9.0,13.0,24.0,NaN,NaN
national_anchored,2899,calibration,213.0,35.0,107.0,170.0,8.0,14.0,30.0,18.578886611765174,NaN
national_anchored,2900,reference,233.0,37.0,101.0,159.0,10.0,12.0,25.0,NaN,NaN
national_anchored,2901,calibration,154.0,22.0,199.0,163.0,9.0,12.0,18.0,58.32790322173945,NaN
national_anchored,2902,reference,180.0,28.0,164.0,154.0,9.0,13.0,29.0,NaN,NaN
national_anchored,2903,calibration,185.0,23.0,180.0,148.0,11.0,13.0,17.0,35.1565710985513,NaN
national_anchored,2904,reference,202.0,21.0,180.0,126.0,10.0,12.0,26.0,NaN,NaN
national_anchored,2905,calibration,159.0,43.0,140.0,184.0,10.0,13.0,28.0,33.38287464802204,NaN
national_anchored,2906,reference,160.0,43.0,148.0,176.0,10.0,13.0,27.0,NaN,NaN
national_anchored,2907,calibration,222.0,39.0,105.0,167.0,10.0,13.0,21.0,21.670858541718847,NaN
national_anchored,2908,reference,194.0,25.0,154.0,156.0,10.0,13.0,25.0,NaN,NaN
national_anchored,2909,calibration,211.0,37.0,118.0,162.0,10.0,13.0,26.0,14.199320069845637,NaN
national_anchored,2910,reference,186.0,37.0,149.0,159.0,10.0,11.0,25.0,NaN,NaN
national_anchored,2911,calibration,195.0,39.0,120.0,173.0,11.0,13.0,26.0,14.562131239123612,NaN
national_anchored,2912,reference,157.0,36.0,184.0,153.0,10.0,14.0,23.0,NaN,NaN
national_anchored,2913,calibration,228.0,43.0,82.0,174.0,12.0,13.0,25.0,38.252435719063556,NaN
national_anchored,2914,reference,178.0,37.0,162.0,154.0,11.0,12.0,23.0,NaN,NaN
national_anchored,2915,calibration,247.0,45.0,63.0,169.0,12.0,14.0,27.0,61.587741384290055,NaN
national_anchored,2916,reference,230.0,42.0,80.0,177.0,11.0,13.0,24.0,NaN,NaN
national_anchored,2917,calibration,182.0,39.0,143.0,164.0,8.0,12.0,29.0,17.2082914930788,NaN
national_anchored,2918,reference,212.0,30.0,130.0,161.0,11.0,12.0,21.0,NaN,NaN
national_anchored,2919,calibration,244.0,40.0,81.0,165.0,12.0,10.0,25.0,46.36085459335689,NaN
national_anchored,2920,reference,231.0,33.0,95.0,170.0,8.0,10.0,30.0,NaN,NaN
national_anchored,2921,calibration,192.0,21.0,189.0,138.0,11.0,11.0,15.0,43.747347220500075,NaN
national_anchored,2922,reference,159.0,32.0,198.0,147.0,12.0,13.0,16.0,NaN,NaN
national_anchored,2923,calibration,208.0,42.0,110.0,169.0,11.0,13.0,24.0,16.667050493968386,NaN
national_anchored,2924,reference,230.0,38.0,115.0,151.0,10.0,13.0,20.0,NaN,NaN
national_anchored,2925,calibration,176.0,31.0,146.0,173.0,10.0,14.0,27.0,20.902738709431578,NaN
national_anchored,2926,reference,221.0,32.0,117.0,172.0,6.0,11.0,18.0,NaN,NaN
national_anchored,2927,calibration,191.0,29.0,141.0,168.0,12.0,13.0,23.0,14.44632699273885,NaN
national_anchored,2928,reference,161.0,30.0,186.0,154.0,11.0,10.0,25.0,NaN,NaN
national_anchored,2929,calibration,214.0,37.0,102.0,172.0,9.0,11.0,32.0,21.56666777596796,NaN
national_anchored,2930,reference,203.0,20.0,193.0,120.0,10.0,13.0,18.0,NaN,NaN
national_anchored,2931,calibration,242.0,40.0,95.0,155.0,8.0,11.0,26.0,38.090243415365094,NaN
national_anchored,2932,reference,204.0,20.0,167.0,143.0,10.0,12.0,21.0,NaN,NaN
national_anchored,2933,calibration,156.0,39.0,169.0,164.0,8.0,12.0,29.0,38.674321176122035,NaN
national_anchored,2934,reference,213.0,38.0,127.0,154.0,11.0,11.0,23.0,NaN,NaN
national_anchored,2935,calibration,177.0,39.0,139.0,175.0,8.0,12.0,27.0,19.953920949445145,NaN
national_anchored,2936,reference,206.0,25.0,133.0,170.0,11.0,13.0,19.0,NaN,NaN
national_anchored,2937,calibration,215.0,44.0,96.0,178.0,12.0,12.0,20.0,26.60628173492412,NaN
national_anchored,2938,reference,225.0,19.0,136.0,156.0,9.0,12.0,20.0,NaN,NaN
national_anchored,2939,calibration,191.0,32.0,186.0,127.0,10.0,13.0,18.0,44.99030154762856,NaN
national_anchored,2940,reference,172.0,20.0,225.0,115.0,11.0,14.0,20.0,NaN,NaN
national_anchored,2941,calibration,186.0,37.0,162.0,149.0,10.0,14.0,19.0,23.88998189778408,NaN
national_anchored,2942,reference,211.0,27.0,139.0,156.0,8.0,9.0,27.0,NaN,NaN
national_anchored,2943,calibration,194.0,39.0,131.0,165.0,9.0,13.0,26.0,12.642447186360972,NaN
national_anchored,2944,reference,237.0,23.0,154.0,120.0,8.0,12.0,23.0,NaN,NaN
national_anchored,2945,calibration,230.0,40.0,89.0,173.0,10.0,12.0,23.0,33.87119516517231,NaN
national_anchored,2946,reference,198.0,38.0,130.0,167.0,9.0,13.0,22.0,NaN,NaN
national_anchored,2947,calibration,235.0,42.0,80.0,169.0,11.0,13.0,27.0,42.24019695009129,NaN
national_anchored,2948,reference,159.0,18.0,177.0,176.0,10.0,13.0,24.0,NaN,NaN
national_anchored,2949,calibration,247.0,39.0,81.0,166.0,10.0,10.0,24.0,48.100186514096166,NaN
national_anchored,2950,reference,164.0,32.0,184.0,156.0,10.0,11.0,20.0,NaN,NaN
national_anchored,2951,calibration,199.0,38.0,103.0,181.0,10.0,13.0,33.0,23.063398469634596,NaN
national_anchored,2952,reference,185.0,44.0,124.0,176.0,9.0,13.0,26.0,NaN,NaN
national_anchored,2953,calibration,218.0,45.0,85.0,180.0,10.0,12.0,27.0,34.58424934121986,NaN
national_anchored,2954,reference,190.0,18.0,182.0,143.0,10.0,12.0,22.0,NaN,NaN
national_anchored,2955,calibration,218.0,40.0,121.0,155.0,10.0,11.0,22.0,17.07375696574393,NaN
national_anchored,2956,reference,226.0,44.0,101.0,163.0,8.0,12.0,23.0,NaN,NaN
national_anchored,2957,calibration,208.0,37.0,119.0,172.0,9.0,12.0,20.0,14.340550587370192,NaN
national_anchored,2958,reference,216.0,39.0,101.0,174.0,11.0,14.0,22.0,NaN,NaN
national_anchored,2959,calibration,190.0,39.0,100.0,193.0,11.0,14.0,30.0,31.226830352227292,NaN
national_anchored,2960,reference,189.0,20.0,171.0,150.0,7.0,13.0,27.0,NaN,NaN
national_anchored,2961,calibration,216.0,17.0,188.0,115.0,12.0,11.0,18.0,56.39134028176322,NaN
national_anchored,2962,reference,202.0,19.0,180.0,132.0,7.0,14.0,23.0,NaN,NaN
national_anchored,2963,calibration,172.0,22.0,237.0,101.0,9.0,14.0,22.0,99.04942651528422,NaN
national_anchored,2964,reference,211.0,24.0,170.0,128.0,10.0,13.0,21.0,NaN,NaN
national_anchored,2965,calibration,220.0,25.0,177.0,117.0,9.0,11.0,18.0,48.82796954561702,NaN
national_anchored,2966,reference,193.0,39.0,147.0,156.0,6.0,12.0,24.0,NaN,NaN
national_anchored,2967,calibration,176.0,23.0,192.0,143.0,7.0,13.0,23.0,46.18263961396643,NaN
national_anchored,2968,reference,212.0,24.0,151.0,142.0,12.0,12.0,24.0,NaN,NaN
national_anchored,2969,calibration,214.0,42.0,108.0,166.0,9.0,14.0,24.0,18.254450103299373,NaN
national_anchored,2970,reference,184.0,33.0,179.0,143.0,10.0,11.0,17.0,NaN,NaN
national_anchored,2971,calibration,200.0,21.0,175.0,139.0,8.0,12.0,22.0,33.62064763401756,NaN
national_anchored,2972,reference,143.0,36.0,153.0,193.0,11.0,13.0,28.0,NaN,NaN
national_anchored,2973,calibration,161.0,31.0,177.0,164.0,9.0,12.0,23.0,39.340422357406325,NaN
national_anchored,2974,reference,158.0,43.0,147.0,178.0,10.0,13.0,28.0,NaN,NaN
national_anchored,2975,calibration,207.0,35.0,142.0,153.0,10.0,11.0,19.0,15.17586304824042,NaN
national_anchored,2976,reference,203.0,22.0,144.0,164.0,9.0,11.0,24.0,NaN,NaN
national_anchored,2977,calibration,156.0,34.0,179.0,160.0,9.0,14.0,25.0,43.20043179753979,NaN
national_anchored,2978,reference,201.0,22.0,182.0,132.0,7.0,13.0,20.0,NaN,NaN
national_anchored,2979,calibration,206.0,39.0,106.0,177.0,9.0,13.0,27.0,19.192939834487635,NaN
national_anchored,2980,reference,216.0,29.0,143.0,152.0,10.0,13.0,14.0,NaN,NaN
national_anchored,2981,calibration,199.0,31.0,120.0,181.0,9.0,14.0,23.0,16.80393848182681,NaN
national_anchored,2982,reference,234.0,24.0,141.0,137.0,10.0,14.0,17.0,NaN,NaN
national_anchored,2983,calibration,167.0,27.0,178.0,154.0,9.0,13.0,29.0,37.91056558743031,NaN
national_anchored,2984,reference,230.0,47.0,55.0,190.0,10.0,14.0,31.0,NaN,NaN
national_anchored,2985,calibration,168.0,33.0,160.0,169.0,11.0,14.0,22.0,28.025261879450827,NaN
national_anchored,2986,reference,198.0,40.0,136.0,155.0,11.0,14.0,23.0,NaN,NaN
national_anchored,2987,calibration,186.0,36.0,153.0,160.0,8.0,11.0,23.0,18.093356807734057,NaN
national_anchored,2988,reference,185.0,44.0,126.0,171.0,8.0,11.0,32.0,NaN,NaN
national_anchored,2989,calibration,236.0,30.0,92.0,173.0,11.0,12.0,23.0,35.53257492846882,NaN
national_anchored,2990,reference,198.0,38.0,131.0,162.0,10.0,12.0,26.0,NaN,NaN
national_anchored,2991,calibration,195.0,40.0,120.0,173.0,11.0,12.0,26.0,14.678648580047447,NaN
national_anchored,2992,reference,199.0,43.0,107.0,179.0,8.0,12.0,29.0,NaN,NaN
national_anchored,2993,calibration,222.0,33.0,122.0,155.0,10.0,11.0,24.0,18.067897817354872,NaN
national_anchored,2994,reference,214.0,39.0,109.0,172.0,8.0,12.0,23.0,NaN,NaN
national_anchored,2995,calibration,186.0,37.0,148.0,157.0,10.0,13.0,26.0,16.948292985542277,NaN
national_anchored,2996,reference,216.0,35.0,131.0,151.0,9.0,13.0,22.0,NaN,NaN
national_anchored,2997,calibration,226.0,37.0,126.0,141.0,8.0,14.0,25.0,24.492713555729065,NaN
national_anchored,2998,reference,165.0,44.0,133.0,179.0,10.0,14.0,32.0,NaN,NaN
national_anchored,2999,calibration,235.0,36.0,98.0,153.0,8.0,14.0,33.0,33.4836384916819,NaN
national_anchored,-1,observed,181.0,39.0,143.0,165.0,10.0,12.0,27.0,17.35347094284614,0.2598267821452365
